0.00000000,0.00234928,0.00000000,0.11705172,0.00000000,0.00000000,0.00000000,0.00000000,0.00000000,0.00000000,0.00000000,0.00000000,0.00000000,0.00000000,0.01063776,0.75017534,0.00000000,0.16726759,0.00178035,0.00000000,0.00000000,0.00000000,0.00000000,0.00000000,0.00000000,0.25617566,0.03955621,0.00000000,0.00000000,34.96962877,0.01837327,6.12072415,0.00000000,2.19666325,0.00000000,0.00000000,0.00000000,0.00107358,0.00000000,3.25126609,1.60157251,0.00000000,0.00000000,0.00399703,0.00084116,0.00000000,0.00000000,0.06510893,0.21883729,0.00000000,0.00000000,0.00000000,0.01128436,0.00000000,0.00000000,0.31196835,0.00594422,22.83216919,0.00000000,0.00000000,0.00000000,0.00000000,0.00000000,0.00000000,0.00000000,0.21213457,0.00000000,0.30500165,0.00816401,0.00000000,0.02112286,0.00000000,0.00000000,0.00000000,0.00358142,0.00000000,0.00000000,0.31986561,0.00000000,0.00000000,5.52816997,0.00000000,0.00000000,0.00781956,0.00000000,0.00000000,0.01189470,0.00000000,0.00000000,0.00000000,0.00477478,0.00000000,0.03926089,0.00000000,0.00000000,0.00192725,0.05598830,1.77634102,0.00000000,0.00088981,0.00000000,0.00000000,0.00000000,0.00000000,0.00000000,0.00000000,0.00975532,0.01160987,0.02596077,0.00000000,0.00000000,0.00000000,0.04530986,0.00000000,0.00000000,0.03925964,0.00000000,0.00000000,0.07975921,0.01149366,0.11083342,0.00000000
0.00234928,0.00000000,0.00000000,0.00000000,1.25679593,0.00000000,0.12451173,0.00000000,0.00000000,0.08839279,0.00000000,0.00000000,0.34412250,0.01851486,0.24806253,5.26376059,0.00000000,0.17086113,0.00000000,0.01910385,0.00000000,0.00455557,0.00000000,0.00000000,0.00000000,0.00000000,0.00000000,0.00000000,0.00000000,0.00000000,0.00000000,0.03455146,0.00000000,0.00000000,0.00000000,0.00000000,0.51596272,0.00000000,0.00000000,0.00000000,0.00000000,0.00551532,0.00000000,0.00000000,0.00000000,0.00000000,0.06125942,0.00000000,0.00000000,0.04416065,0.00414112,0.00000000,0.00000000,0.00000000,0.00000000,0.00000000,0.23187414,0.08997858,0.00000000,0.42200273,0.00000000,0.00000000,0.01357205,0.00000000,3.85695932,0.00000000,0.00000000,0.00000000,0.00000000,0.02694379,4.64208212,0.00000000,0.37031310,0.00000000,0.00000000,27.26624073,3.42623564,0.00000000,0.00000000,0.00000000,0.00000000,0.00000000,0.05785422,0.01843465,0.00000000,0.00000000,0.00000000,0.04247298,0.00000000,0.00000000,0.00000000,0.00000000,0.00000000,0.00000000,0.00887309,0.00000000,0.03087312,0.26492642,0.00658984,0.06232475,0.00000000,0.00564311,2.82319302,0.00125760,0.00000000,0.00000000,0.01774916,0.00000000,0.00000000,0.00000000,0.00000000,0.00145810,0.00000000,0.00000000,0.00441831,0.17067164,0.00000000,0.00000000,0.00000000,0.00000000,0.00000000,0.00000000
0.00000000,0.00000000,0.00000000,0.02862480,0.00000000,0.14073676,0.00000000,0.01129489,0.00000000,0.02123413,0.00000000,0.00000000,0.09165200,2.71415579,0.00000000,0.24769991,0.10063267,0.00000000,0.00000000,0.00000000,0.00000000,0.00000000,0.00000000,0.00000000,0.00000000,0.10155455,0.00000000,0.00000000,0.02637692,0.22707123,0.00252426,0.00000000,0.00000000,0.00000000,0.00393650,0.00081949,0.04280662,0.00000000,0.00000000,0.05873708,0.00000000,0.00000000,0.02279488,0.00000000,0.00000000,0.01793216,0.23484106,0.00000000,0.00601558,0.26319037,0.00000000,1.72072381,0.00000000,0.48539325,0.48798659,0.00000000,0.00000000,0.00000000,0.00000000,0.00000000,0.00277908,0.00000000,0.00000000,0.00000000,0.00000000,0.00000000,0.00000000,0.00000000,0.00000000,0.00000000,0.00000000,0.06903819,0.06055456,0.06774003,0.00567396,0.24809740,0.00000000,0.00000000,0.00000000,0.00000000,0.10513877,0.00000000,0.00000000,0.22057556,0.18177154,0.00000000,0.00000000,0.00000000,0.00000000,0.00000000,0.22444591,0.00000000,0.02586336,0.00000000,0.00000000,0.00000000,0.00000000,0.17194057,0.00000000,0.00000000,0.00000000,0.00000000,0.05554520,0.06891157,0.29853422,0.00000000,0.00000000,0.03883794,0.13901896,0.00000000,0.23822248,1.86378249,0.00000000,0.00000000,0.00000000,0.16665770,0.00000000,0.00000000,0.33609940,0.00000000,0.02282123,0.47196077
0.11705172,0.00000000,0.02862480,0.00000000,0.13847559,0.02850707,0.21400317,0.00378490,0.00000000,0.00000000,0.00000000,0.08357800,0.00000000,0.00000000,0.09271106,0.00000000,0.15595691,3.66996328,2.36414108,0.00000000,0.00000000,0.00000000,0.00000000,0.46216357,0.00000000,0.00000000,0.00000000,0.00000000,0.00000000,0.00325788,0.00000000,0.06396352,0.00000000,0.00000000,0.00294573,0.00000000,0.00088199,0.39076719,0.01475781,0.00000000,0.00000000,0.00920760,0.00000000,0.00000000,0.00000000,0.00000000,0.00000000,0.00000000,0.12994781,0.00000000,0.00000000,0.15120587,0.00000000,0.19509512,0.04086330,0.00000000,0.00000000,0.08078530,0.07663130,0.01500086,0.14186356,0.00000000,1.72770563,0.00000000,0.00000000,0.00501605,0.00000000,0.00000000,0.00000000,0.00000000,0.00000000,0.08148490,0.00000000,0.00000000,0.00000000,0.00000000,0.00000000,0.11309569,0.00000000,0.00000000,0.00000000,0.00000000,0.00000000,0.00267977,0.00000000,0.00000000,0.00000000,0.00000000,0.00000000,0.00000000,0.00000000,0.59798005,0.00000000,0.00000000,7.96306879,0.00000000,0.01342343,0.00000000,0.05718792,0.00000000,0.00000000,0.01419306,3.38077272,0.00000000,0.00000000,1.63748062,0.00000000,0.00000000,0.00000000,0.00000000,0.00000000,0.07061541,0.00000000,0.00000000,0.00000000,0.00000000,0.00000000,0.00000000,0.00682386,0.00719826,0.00387957,0.00000000
0.00000000,1.25679593,0.00000000,0.13847559,0.00000000,0.00000000,0.14930352,0.00067471,0.00000000,0.00000000,0.19627753,0.00000000,0.54362831,0.00000000,0.00000000,0.10114875,0.00000000,0.00000000,0.00190384,3.85863767,0.17399367,0.00000000,0.00000000,0.00000000,0.00000000,0.00000000,0.00000000,0.00000000,0.00000000,0.00000000,0.00000000,0.18406220,0.00000000,0.00000000,0.00000000,0.02276060,0.00000000,0.00000000,0.00000000,0.20954456,0.08962647,0.00000000,0.00000000,0.00000000,0.14322272,0.00000000,0.00000000,0.00000000,0.00000000,0.00000000,0.00000000,0.00000000,0.00000000,3.59015910,0.00602930,0.00000000,0.06954871,0.00160326,0.00000000,5.18279373,0.00000000,0.02801988,0.00000000,0.00000000,0.82246969,0.00000000,0.00000000,0.20756448,0.14850276,0.38449902,0.00627612,22.01687981,0.47804228,0.00000000,0.02139126,0.00000000,0.00000000,0.22018715,0.00000000,0.03310280,0.00000000,0.00000000,0.00000000,0.00000000,0.00000000,0.00000000,0.00000000,0.00000000,0.00000000,0.00000000,0.00000000,0.00000000,0.00000000,0.03249230,0.00000000,0.00000000,0.03614424,0.00000000,0.00000000,0.00000000,0.03990402,0.00000000,0.00000000,0.00147112,0.00127504,0.02198407,0.00255841,0.00000000,0.00416230,0.00000000,0.00133762,0.00000000,0.00000000,0.00000000,0.00000000,0.22365458,0.11326943,0.00000000,0.05090804,0.00000000,2.98513221,0.00000000
0.00000000,0.00000000,0.14073676,0.02850707,0.00000000,0.00000000,0.00000000,0.25268440,0.00000000,0.00000000,0.00000000,0.00000000,0.00000000,0.01806444,0.25155034,0.00000000,0.00000000,0.00000000,0.00000000,3.97749980,0.03034630,0.00000000,0.33245767,0.00000000,0.00000000,0.00000000,0.00000000,0.00274384,4.64000115,0.00544241,0.00161952,0.00000000,0.00000000,0.07201307,0.00000000,0.00000000,0.00000000,0.04765015,0.00000000,0.00000000,5.77884972,0.00741916,0.05115809,0.00000000,0.00000000,0.00552927,0.00000000,0.00377271,0.23965761,0.00179305,0.00000000,0.00261413,0.00000000,0.00552233,0.04187282,0.00000000,0.00000000,0.00000000,0.00000000,8.54128477,0.20313793,0.00000000,0.00000000,0.00000000,0.00000000,0.08004729,0.00573648,0.02190662,1.45002027,0.00000000,0.25427038,0.00000000,0.00162933,0.00000000,0.00000000,0.02765660,0.00000000,0.00000000,0.35845701,0.02014688,0.00000000,0.00000000,0.00000000,0.00000000,0.00000000,0.24536281,0.00000000,0.00000000,0.00000000,0.01313722,0.00000000,0.00000000,0.00487123,0.00000000,0.00000000,0.00000000,0.00000000,0.08709426,0.00000000,0.00000000,0.00000000,0.02411445,0.00523144,0.15452108,0.20311873,0.00000000,0.03646908,0.00000000,0.28418977,0.00000000,0.01299324,3.70717634,0.33750180,0.00000000,0.00381615,0.00000000,0.01308846,0.14647747,0.00000000,0.00000000,0.00000000,0.00000000
0.00000000,0.12451173,0.00000000,0.21400317,0.14930352,0.00000000,0.00000000,0.01682566,0.01821758,2.29155942,0.00000000,0.00000000,0.00000000,0.00000000,0.42101173,0.00186496,0.00000000,0.00000000,0.02927886,0.00000000,0.00000000,0.00000000,0.00000000,0.00000000,0.00000000,0.01865154,0.03196353,0.01509302,1.38221430,0.00000000,0.00732878,0.00000000,0.02952428,0.00000000,0.00119284,0.08494218,0.00364591,0.00000000,0.19802888,0.21495463,0.00492507,0.03014401,0.00000000,0.00000000,0.00000000,0.00000000,0.01062280,0.00000000,0.02212716,0.00000000,0.00635104,0.00000000,0.00000000,0.00000000,0.00000000,0.00000000,0.00000000,0.00824036,0.00000000,0.00000000,0.00594173,0.03468588,1.17752599,0.00000000,0.00000000,0.06221455,0.00000000,0.00000000,0.00518990,0.00000000,0.00000000,0.15885986,0.00000000,0.00000000,0.00000000,0.00000000,0.21053209,0.00000000,0.01765611,0.00000000,0.00000000,0.00000000,0.00000000,0.00000000,0.00000000,0.00000000,0.00000000,0.00094057,0.36442852,0.09908494,0.14009863,0.00000000,0.00000000,0.12844628,0.00224582,0.23151827,0.00000000,0.00000000,0.14250582,0.00000000,0.00000000,0.00000000,0.01836751,0.00135982,0.00000000,0.00000000,0.06403788,0.00000000,0.00177363,0.00000000,0.27080884,0.15481064,0.00000000,0.43021387,3.67076676,0.00000000,0.37573451,0.00000000,0.00000000,0.00000000,0.00760644,0.00345521
0.00000000,0.00000000,0.01129489,0.00378490,0.00067471,0.25268440,0.01682566,0.00000000,0.00000000,0.00000000,0.00000000,0.00000000,0.13889067,0.00000000,0.08637401,0.00000000,0.00000000,0.00000000,0.00000000,0.03243015,0.05997855,0.00000000,0.00000000,0.21823570,0.00000000,0.00000000,0.00000000,0.00000000,0.00000000,0.00000000,0.00000000,0.00000000,0.00000000,0.00000000,0.00000000,0.00000000,0.00000000,0.01578472,0.00000000,0.00286102,0.00000000,0.00000000,0.00000000,0.00000000,0.00000000,0.00000000,0.08326769,0.00000000,0.17874731,0.01886761,1.61655363,0.01848274,0.00000000,0.00000000,0.00271164,0.00000000,0.00000000,0.00000000,0.00774026,0.00162454,0.00000000,0.00000000,0.07536070,0.00000000,0.00000000,0.00000000,0.14126737,0.62611397,0.09632515,0.00000000,0.00000000,0.00000000,0.00000000,0.00385556,0.00000000,0.00000000,0.00000000,0.00000000,0.00000000,0.27752040,0.00000000,0.12227041,0.00000000,0.00000000,0.00000000,0.00464198,0.01501320,0.00336550,0.00000000,0.06620359,0.00000000,0.00000000,0.00000000,0.00000000,0.00000000,0.00000000,0.84393107,0.00000000,0.00000000,0.00000000,0.00000000,0.37375785,0.01631750,0.00000000,0.00000000,0.00000000,4.17924980,0.00000000,0.00000000,0.00000000,0.00000000,0.00000000,0.00319047,0.00000000,0.01500909,0.00000000,0.00000000,0.00734232,0.00000000,0.00000000,0.00000000,0.00000000
0.00000000,0.00000000,0.00000000,0.00000000,0.00000000,0.00000000,0.01821758,0.00000000,0.00000000,0.00000000,0.00717079,0.00000000,0.00771972,0.00000000,0.00000000,0.00000000,0.12141302,0.00000000,0.00000000,0.03867069,0.00000000,0.00000000,0.00000000,0.22429247,0.00000000,0.00000000,1.00365656,5.08765464,0.00000000,0.35055072,0.00000000,0.10798566,0.00000000,0.00000000,0.00000000,0.13369029,0.00000000,0.00000000,0.00000000,2.38458426,0.00000000,0.00000000,0.02591866,0.00000000,0.11409871,0.00000000,0.00000000,0.00000000,8.99486144,0.00000000,0.00000000,0.00000000,3.16085647,0.00000000,0.00000000,0.04238498,0.00000000,0.00177813,0.00000000,0.00000000,0.00000000,0.00662560,0.35668695,0.00000000,0.00000000,0.01787167,0.00000000,0.23613478,0.00700303,0.00000000,0.02772145,0.31877746,0.00000000,0.00000000,0.00000000,0.00000000,0.00250353,0.00000000,0.00000000,0.02867129,0.00000000,0.00000000,0.00000000,0.00000000,0.00399690,0.00000000,0.00000000,0.00000000,0.00000000,0.00000000,0.00000000,0.00000000,0.00000000,0.00000000,0.00000000,0.73344202,0.00000000,0.42014439,0.00000000,0.00000000,0.00000000,0.00000000,0.51391218,0.00000000,0.00000000,0.00000000,0.00000000,0.00000000,0.21054331,0.00000000,0.00000000,0.00000000,1.58328109,0.00629534,0.00000000,0.10106800,0.25776152,0.00715318,1.09695748,0.00000000,1.75097423,0.03098489
0.00000000,0.08839279,0.02123413,0.00000000,0.00000000,0.00000000,2.29155942,0.00000000,0.00000000,0.00000000,0.03488267,0.00113768,0.00000000,0.00000000,0.00000000,0.00000000,0.00000000,0.00000000,0.68266804,0.00000000,0.06568798,0.02034239,0.00941265,0.10902672,0.00000000,0.00000000,0.00000000,0.00000000,0.00000000,0.00000000,0.00000000,0.04683208,0.02039955,0.03415730,1.33228838,0.00000000,0.00000000,0.00000000,0.00000000,0.00000000,0.00000000,0.00000000,0.08604136,0.00322594,2.05928010,0.19856374,0.02656147,0.00000000,0.05797981,0.00000000,0.20929216,0.05566105,0.00660033,0.00000000,0.00888914,0.00000000,0.03603655,0.00000000,0.00000000,0.00000000,0.00000000,0.00000000,0.00000000,0.00000000,0.00158805,0.00000000,0.00944040,0.00000000,0.08726600,0.00000000,3.45771274,0.00000000,1.12605633,0.00000000,0.00837067,0.00000000,0.13410801,0.03030811,0.00000000,0.15581595,0.00000000,0.03052637,0.00000000,0.83325049,0.00000000,0.00000000,0.00000000,0.00000000,0.00000000,0.00000000,0.00000000,0.00000000,0.00000000,0.00708384,0.00000000,0.00000000,0.00000000,0.06405230,0.00000000,0.00000000,0.00000000,7.69663979,2.99230978,0.00000000,0.00000000,0.00105974,0.00000000,0.00000000,0.00000000,0.57982654,0.00000000,0.00000000,0.03386114,0.03347209,0.00000000,0.00087092,0.00000000,0.00000000,0.00000000,0.00000000,0.00000000,0.01007411
0.00000000,0.00000000,0.00000000,0.00000000,0.19627753,0.00000000,0.00000000,0.00000000,0.00717079,0.03488267,0.00000000,0.00331796,1.51921992,0.00000000,0.25091320,0.07950191,0.00000000,0.28876465,0.00000000,0.00000000,0.00497562,0.01217610,0.05990708,0.27798691,0.00000000,0.00000000,0.31447887,0.01555278,0.03492245,0.00000000,0.00000000,8.69915148,0.06378903,0.00000000,0.00000000,0.05696166,0.00000000,0.00000000,0.04583879,0.00000000,0.00000000,0.23268365,0.03046857,0.00000000,0.00000000,0.00173224,0.00000000,0.16824073,0.00000000,0.00000000,0.00000000,0.00000000,0.02901177,0.00000000,0.00511103,0.00000000,0.00248815,0.00000000,0.00000000,0.00000000,0.00000000,0.00000000,0.00000000,0.00000000,0.00000000,0.00000000,4.64484148,0.00000000,0.00472884,0.00000000,0.00000000,0.00000000,0.00000000,0.00124489,0.00000000,0.00000000,0.00000000,0.00000000,0.00000000,0.05757515,0.00000000,0.00000000,0.00000000,0.00000000,0.53747024,0.00000000,0.00000000,0.00000000,0.00000000,0.00000000,0.00000000,0.00000000,0.02027554,0.00000000,0.00000000,0.00869124,0.00000000,0.00000000,0.01063433,0.09428209,0.04773124,0.00000000,0.00000000,0.00000000,4.32578926,0.00000000,0.00000000,0.00000000,0.31549315,0.05132384,0.03664671,0.00000000,0.00000000,0.00000000,0.00000000,0.00000000,0.16546254,0.00000000,0.02875579,0.03006679,0.16526678,0.27481261
0.00000000,0.00000000,0.00000000,0.08357800,0.00000000,0.00000000,0.00000000,0.00000000,0.00000000,0.00113768,0.00331796,0.00000000,0.00000000,0.00000000,0.00682642,0.00000000,0.03676297,0.00000000,0.17137143,0.00000000,0.00454844,0.00000000,3.61405004,0.00000000,0.00000000,0.00000000,0.24832826,1.40795229,0.00000000,0.00836321,0.01004365,0.00000000,0.00000000,0.00000000,0.00000000,0.00000000,0.00000000,0.00000000,0.00000000,0.00000000,0.00000000,0.00000000,0.00000000,0.00000000,0.00000000,0.31288734,0.00000000,0.00000000,0.00000000,0.00000000,0.00000000,0.00219655,0.17490853,0.00000000,0.12046016,0.00000000,0.00000000,0.00000000,0.00000000,0.66208165,0.00000000,0.00000000,0.02883260,0.00000000,0.00000000,0.00000000,0.01024743,0.00000000,0.02577005,0.00000000,0.20432812,0.00000000,0.00000000,0.00000000,0.00000000,0.11298964,0.70207045,3.35381625,0.00000000,0.00000000,0.26237318,0.00000000,0.00000000,0.00000000,0.00000000,0.01418265,0.00000000,0.00000000,0.02921489,0.00000000,0.00000000,0.54750720,0.00362485,0.00000000,0.00000000,0.21431296,0.11753539,0.00000000,0.00000000,0.00000000,0.23208204,0.00000000,0.00000000,0.00000000,0.00000000,0.01557392,0.00000000,0.00000000,0.00000000,0.00827619,0.00144648,0.00000000,0.00000000,0.00073985,0.00000000,0.00000000,0.00000000,5.52092548,0.00000000,0.17855490,0.00000000,0.00000000
0.00000000,0.34412250,0.09165200,0.00000000,0.54362831,0.00000000,0.00000000,0.13889067,0.00771972,0.00000000,1.51921992,0.00000000,0.00000000,0.09975104,0.01084792,0.69182787,0.08270366,0.00000000,0.00000000,3.54220235,0.00000000,0.00000000,0.00000000,0.11915304,0.03789018,0.00000000,0.00000000,0.00000000,5.60844236,0.43998952,0.00000000,0.00000000,0.00518928,0.01457565,0.00000000,0.69599167,0.00000000,0.00000000,0.00000000,0.00000000,0.00000000,0.00000000,0.25399359,0.00000000,0.00000000,0.00000000,1.54428085,0.43717893,0.00000000,0.00000000,0.00000000,7.76011394,0.00000000,0.00000000,0.00000000,0.01979411,0.00000000,0.00333862,0.00519022,0.00000000,0.00000000,0.12920797,0.02837163,0.46124956,0.00000000,0.00000000,0.00000000,0.02108086,0.00000000,0.00000000,0.00000000,0.00000000,0.31004528,0.00000000,0.00000000,0.00000000,0.00000000,0.00000000,1.26228506,0.04381473,0.00000000,0.00000000,0.00000000,0.60331882,1.95824280,0.02539678,0.00000000,0.00000000,0.00000000,0.00000000,0.01334236,0.00000000,0.00000000,0.42271171,0.05340587,0.00000000,0.00000000,0.00000000,0.00000000,0.00000000,0.00000000,0.00000000,0.05585296,0.00000000,0.00000000,0.01229181,0.13834948,0.00716822,0.00000000,0.00000000,0.26988583,0.00843483,0.00000000,0.54075233,0.00000000,0.00000000,0.00000000,0.00000000,0.00000000,0.00000000,0.00000000,0.00000000
0.00000000,0.01851486,2.71415579,0.00000000,0.00000000,0.01806444,0.00000000,0.00000000,0.00000000,0.00000000,0.00000000,0.00000000,0.09975104,0.00000000,0.00000000,0.00000000,0.13078185,0.00000000,0.00706270,0.00410678,0.00000000,0.00000000,0.00000000,0.01416694,0.00000000,0.00000000,0.00000000,0.00674849,0.00000000,0.00000000,0.00000000,0.17379648,0.53922269,0.02614270,0.00483145,0.00863565,0.00000000,0.07347599,0.00000000,0.00000000,0.00000000,0.00000000,0.00000000,0.13568590,0.01580881,1.18901953,0.00000000,0.01588857,0.00818786,0.00000000,0.00000000,0.00000000,0.00000000,0.00000000,0.02149079,0.00000000,0.00000000,0.00000000,0.41747968,0.00000000,0.00000000,0.00660430,0.00000000,9.50701917,0.00000000,0.07679177,0.00000000,0.13002201,0.00000000,3.02460112,0.00000000,0.00000000,0.00974510,0.00000000,0.59780767,0.00000000,0.00000000,0.00000000,0.00540889,0.00000000,0.00474970,0.00000000,0.00000000,0.00000000,0.00000000,0.00000000,0.01190040,0.01955353,0.00065106,0.01075382,0.00000000,0.01983482,0.00000000,0.00000000,0.00000000,0.00000000,0.00000000,0.00000000,0.00000000,0.00000000,0.00000000,0.00000000,0.00000000,0.00000000,0.00000000,0.00000000,0.00000000,0.12528635,0.00000000,0.00000000,0.00075105,0.00000000,0.00000000,0.00000000,2.15470275,1.36717663,0.00000000,0.00000000,0.00000000,0.00000000,0.00000000,0.27847016
0.01063776,0.24806253,0.00000000,0.09271106,0.00000000,0.25155034,0.42101173,0.08637401,0.00000000,0.00000000,0.25091320,0.00682642,0.01084792,0.00000000,0.00000000,0.00000000,0.00000000,0.03678663,0.00000000,0.26971823,0.00000000,0.26288649,0.21658319,0.00000000,2.27801076,0.00000000,0.28731278,0.00000000,0.00000000,0.02027624,0.00000000,0.00650990,0.00000000,0.04906130,0.00000000,0.00000000,0.14430490,0.00000000,0.00000000,0.00000000,0.00000000,0.00000000,0.00519279,0.00000000,0.00000000,0.00000000,0.00000000,4.32235373,0.00000000,0.08187125,0.00000000,0.00000000,0.00000000,0.00000000,0.00000000,0.00000000,0.00000000,0.05054430,0.00000000,0.15021176,0.30623196,0.00533254,0.35750258,0.00000000,0.00000000,0.00000000,0.00000000,0.01248493,0.39174499,0.22695666,0.00000000,0.00000000,0.00000000,0.00000000,0.10625308,0.25556733,0.00964474,0.00240034,0.00000000,0.01202135,0.00000000,0.00176650,0.00957403,0.00000000,0.00000000,0.00000000,0.00000000,0.00000000,0.00742474,0.00000000,0.02518882,0.00000000,0.27947866,0.01068996,0.11475065,0.13095031,0.04146628,2.23192853,0.00057780,0.00000000,0.00000000,0.00000000,0.00000000,0.00000000,0.00000000,0.00000000,0.00000000,0.00000000,0.00000000,0.00107136,0.00000000,0.00000000,0.00000000,0.00000000,0.00000000,0.00000000,0.00000000,0.00000000,0.76580135,0.00000000,0.00000000,0.00000000
0.75017534,5.26376059,0.24769991,0.00000000,0.10114875,0.00000000,0.00186496,0.00000000,0.00000000,0.00000000,0.07950191,0.00000000,0.69182787,0.00000000,0.00000000,0.00000000,0.00000000,0.02928779,0.00000000,0.01224938,0.02102122,0.00000000,0.70014516,0.00000000,0.00000000,0.00000000,0.00000000,0.02325411,0.00000000,0.00000000,0.11166715,0.00000000,0.00000000,1.00946661,0.00000000,0.00000000,0.00195573,0.00000000,0.00000000,0.00000000,0.03719430,0.00000000,0.00000000,0.00000000,0.00000000,0.00000000,0.00000000,0.00439519,0.02995353,0.00000000,0.01241931,0.00000000,0.19671316,0.00000000,0.00000000,0.00000000,0.01056516,0.00000000,0.06724343,0.97845483,0.00000000,0.00000000,0.00000000,0.08833750,0.00000000,0.00000000,0.00000000,0.27777092,0.00000000,0.00000000,0.00000000,0.00000000,0.00914703,0.00000000,4.81500958,0.01051394,0.00000000,0.00162334,0.00000000,8.87394457,0.83922285,0.00000000,0.00114848,0.00000000,0.00000000,0.00000000,0.00000000,0.15636922,0.02724509,0.00000000,0.00000000,0.00000000,0.00000000,0.00000000,0.00000000,2.17108600,0.00000000,0.03858398,0.00000000,0.00000000,2.65784049,0.00983499,0.00000000,0.00387843,2.94028123,0.00780332,0.16098696,0.00000000,0.00000000,0.00000000,0.19144712,0.00000000,0.00000000,0.00000000,0.00000000,0.00000000,0.00000000,0.00000000,0.01063552,0.00000000,0.00000000,3.81045945
0.00000000,0.00000000,0.10063267,0.15595691,0.00000000,0.00000000,0.00000000,0.00000000,0.12141302,0.00000000,0.00000000,0.03676297,0.08270366,0.13078185,0.00000000,0.00000000,0.00000000,0.00000000,0.00000000,0.42795696,0.00000000,0.00000000,0.52969019,0.39513970,0.00771871,0.05037269,0.00000000,0.00481214,0.00000000,0.00000000,0.00000000,0.24824124,0.00204512,0.00000000,0.00000000,0.00000000,0.00000000,0.03079991,0.00000000,0.00000000,0.03408725,0.00000000,0.03974124,0.00000000,0.07260906,0.00000000,0.00182875,1.21706752,0.00000000,0.00000000,0.00000000,0.00000000,0.01456389,0.00000000,1.84433188,0.50443121,0.47264291,0.00000000,0.00000000,0.00544452,0.41799493,0.05107767,0.00000000,0.00000000,0.00000000,0.00000000,0.00000000,2.53770809,0.29425662,0.03354548,0.00000000,0.00000000,0.00000000,0.00432315,0.04658529,0.00000000,0.00000000,3.83770565,0.01895412,0.01370448,0.08067351,0.00000000,0.00331997,0.00000000,0.16356608,0.00000000,0.16994883,0.00000000,0.00283092,0.04171165,0.02021368,0.00000000,0.00962807,0.03365991,0.02634984,0.00000000,0.00000000,0.00000000,0.00000000,0.00000000,0.02768208,0.00000000,0.00000000,0.30058663,0.00585058,0.00000000,0.00372399,0.00000000,0.00000000,0.00000000,0.00000000,0.00000000,0.00424034,0.09359764,0.00421841,0.00000000,0.00000000,0.00000000,0.00000000,0.00000000,0.00000000,0.00000000
0.16726759,0.17086113,0.00000000,3.66996328,0.00000000,0.00000000,0.00000000,0.00000000,0.00000000,0.00000000,0.28876465,0.00000000,0.00000000,0.00000000,0.03678663,0.02928779,0.00000000,0.00000000,0.00000000,0.00000000,0.03181064,0.00210753,0.00243840,0.00602523,0.00000000,0.00000000,0.00000000,0.00000000,0.00225258,0.00000000,0.00000000,0.00000000,0.00000000,0.00000000,0.00000000,0.00000000,0.20916195,0.00000000,0.00000000,0.02206125,0.00000000,0.01314098,0.10261064,0.10126605,0.00000000,0.16636144,0.07517134,0.25838545,0.14947660,0.00000000,0.00000000,0.55911345,0.00000000,0.00000000,0.00000000,0.00671904,0.00000000,0.01144661,0.00000000,0.12267163,0.00000000,0.01134977,0.02978202,0.00000000,0.00000000,0.00000000,0.00000000,0.04886887,0.00000000,0.00000000,0.07727297,0.00000000,0.59401584,0.06664376,0.20145612,0.00000000,0.00000000,0.20871922,0.02138889,0.00250284,0.01274082,0.00000000,0.00000000,0.00000000,0.16136350,0.00000000,0.38264985,0.00000000,0.00427515,0.00000000,0.00000000,0.00000000,0.00000000,0.00791456,0.00000000,0.04338534,0.04958662,0.78751453,0.00000000,0.00000000,0.00343576,0.00000000,1.86930720,0.00000000,0.00000000,0.00000000,0.00000000,0.01729474,0.00000000,0.00000000,0.00000000,0.01298470,0.00059959,0.00000000,0.00000000,0.02317019,0.03507838,0.00000000,0.00000000,0.00000000,0.00316334,0.00000000
0.00178035,0.00000000,0.00000000,2.36414108,0.00190384,0.00000000,0.02927886,0.00000000,0.00000000,0.68266804,0.00000000,0.17137143,0.00000000,0.00706270,0.00000000,0.00000000,0.00000000,0.00000000,0.00000000,0.00000000,0.00000000,3.69735716,0.00000000,0.00000000,0.00000000,0.00000000,0.00000000,0.00312372,0.03997255,0.02164002,0.00000000,0.01041779,0.00000000,0.00000000,0.00000000,0.00000000,0.00000000,0.06520294,0.07253603,0.01210070,0.00000000,0.00000000,0.00000000,0.14169115,0.00000000,4.33182033,0.00000000,0.00000000,0.00000000,0.01444968,0.00000000,0.00000000,0.00000000,0.00000000,0.00000000,0.53086547,0.00000000,0.01254057,0.00000000,0.00000000,0.00000000,0.00000000,0.00000000,0.01569855,0.00000000,0.00644670,0.00000000,0.00000000,0.00000000,0.00000000,0.00000000,0.00000000,0.10236082,0.42137903,0.00000000,0.00000000,0.01488387,0.00000000,0.01087858,1.97895408,0.00317143,2.89411749,0.00000000,0.00199781,0.00000000,0.00000000,0.00000000,0.00000000,0.00000000,0.00000000,0.00000000,0.00000000,0.00000000,0.00000000,0.00000000,0.00938221,3.63168170,0.00000000,0.00000000,0.00000000,0.17117590,0.22389535,0.00000000,0.00000000,1.18632189,0.10696008,0.00000000,2.51307988,0.03500852,0.09181398,0.00000000,0.00000000,0.00000000,0.00000000,0.00000000,0.00000000,0.00000000,0.05266596,0.06378886,0.30930923,0.00000000,0.00000000
0.00000000,0.01910385,0.00000000,0.00000000,3.85863767,3.97749980,0.00000000,0.03243015,0.03867069,0.00000000,0.00000000,0.00000000,3.54220235,0.00410678,0.26971823,0.01224938,0.42795696,0.00000000,0.00000000,0.00000000,0.21155856,0.00000000,0.00000000,0.00000000,0.00063198,0.03475590,0.00000000,0.00000000,0.00000000,0.00000000,0.00000000,0.00000000,0.00000000,0.00000000,1.28161592,0.00000000,0.00000000,11.01409757,0.02817752,0.00320636,0.00000000,0.00000000,0.00146861,0.00496311,0.00000000,0.18654046,0.00000000,0.04210345,0.08486339,0.00000000,0.00000000,0.00000000,0.00720834,0.00000000,0.00789044,0.00000000,0.00000000,0.09330941,0.54822933,1.06056834,0.00298708,0.13227684,0.00000000,0.08160087,0.01416759,0.00000000,0.00000000,0.31489136,0.00000000,0.00000000,0.00000000,0.00000000,0.00000000,0.00000000,0.00000000,0.00245579,0.00000000,0.00000000,2.47301683,0.00443644,0.00000000,0.00000000,0.10247215,0.00000000,0.00227732,0.30778180,0.00000000,0.00000000,0.00000000,0.00000000,0.00000000,0.00000000,0.00000000,0.16038568,0.00000000,0.00000000,0.00000000,0.00000000,0.00355804,0.00000000,4.68932553,0.00000000,0.00000000,0.00000000,0.00000000,0.00000000,0.00000000,0.00000000,0.00000000,0.00352009,0.00755319,0.00000000,0.00000000,0.00000000,0.00000000,0.00000000,0.00000000,0.00000000,0.00000000,0.01423690,0.00514403,0.00000000
0.00000000,0.00000000,0.00000000,0.00000000,0.17399367,0.03034630,0.00000000,0.05997855,0.00000000,0.06568798,0.00497562,0.00454844,0.00000000,0.00000000,0.00000000,0.02102122,0.00000000,0.03181064,0.00000000,0.21155856,0.00000000,0.00000000,2.18945086,0.00000000,0.00000000,0.00000000,0.00000000,0.00000000,0.00000000,0.00000000,0.00000000,0.00000000,0.00000000,0.00000000,0.00000000,0.00000000,0.00000000,7.41146954,0.00000000,0.00000000,0.00000000,0.00000000,0.19955795,0.12678152,0.00000000,0.43848008,0.00000000,0.01276476,0.00422338,0.12710685,0.00000000,0.00000000,0.26921012,0.00000000,0.00000000,0.26124933,0.00000000,0.00000000,0.00000000,3.13302282,0.00000000,0.00000000,0.05235354,5.47265876,0.00000000,0.00000000,0.00000000,0.00000000,0.12500567,0.00000000,0.00000000,0.00396897,4.19160034,0.00000000,0.00000000,0.00000000,1.23749265,0.04577761,0.00000000,0.05333132,0.00068067,0.00255019,0.00000000,0.00000000,0.00000000,0.00000000,0.00000000,0.00000000,0.00000000,0.00000000,0.09072535,0.02878626,0.06993338,0.00529998,0.00000000,0.00000000,0.00000000,0.00000000,0.00424616,0.00000000,0.00830798,0.08805472,0.00183191,0.01317022,0.00000000,0.59385382,0.45950873,0.00000000,0.00000000,0.01577543,0.00465380,0.00574845,0.00000000,0.00000000,0.13575462,3.49541790,0.00000000,0.00000000,0.00000000,0.00000000,0.01109052,0.00000000
0.00000000,0.00455557,0.00000000,0.00000000,0.00000000,0.00000000,0.00000000,0.00000000,0.00000000,0.02034239,0.01217610,0.00000000,0.00000000,0.00000000,0.26288649,0.00000000,0.00000000,0.00210753,3.69735716,0.00000000,0.00000000,0.00000000,0.00000000,0.00000000,0.00000000,0.00000000,0.02566375,0.00000000,0.09620264,0.00088479,0.00000000,0.00000000,0.00493626,1.05589702,0.00000000,2.78421790,0.00000000,0.00000000,0.03589285,0.00318366,0.00000000,0.00262921,0.00454734,0.44707546,0.00000000,0.00000000,0.00000000,0.00000000,0.00000000,0.00000000,0.00000000,0.00000000,0.00000000,0.00000000,0.07888150,0.02222456,0.00000000,0.00000000,0.00000000,0.15168647,0.03692612,0.37605104,0.01461054,0.04372216,0.00000000,0.01110389,0.00139747,0.00000000,0.00471161,0.01542756,0.00000000,0.00000000,0.89263271,0.00000000,0.17285002,0.00000000,0.05166710,0.19676645,0.00000000,0.00000000,1.26483982,0.00000000,0.13900933,0.00000000,0.00000000,0.00000000,0.57827696,0.00000000,0.00000000,0.00162813,0.00000000,0.00000000,0.00000000,0.00000000,0.00000000,0.00000000,0.00000000,0.01325227,0.00000000,0.00000000,0.00000000,0.00000000,5.30160114,0.00000000,0.00000000,0.00000000,0.10801068,0.00000000,0.05992291,0.00000000,0.00000000,0.00105725,0.02321775,0.00000000,0.00000000,0.00000000,0.00000000,0.00738418,0.04623636,0.00000000,0.00000000,0.00000000
0.00000000,0.00000000,0.00000000,0.00000000,0.00000000,0.33245767,0.00000000,0.00000000,0.00000000,0.00941265,0.05990708,3.61405004,0.00000000,0.00000000,0.21658319,0.70014516,0.52969019,0.00243840,0.00000000,0.00000000,2.18945086,0.00000000,0.00000000,0.00000000,0.00000000,0.00000000,0.00000000,0.00000000,0.00000000,0.00341969,1.61913744,0.09908740,0.00000000,0.04712500,0.00000000,0.00000000,1.30414978,6.32711730,0.00000000,0.00000000,0.00000000,0.00000000,0.00000000,0.00521500,0.00000000,0.00000000,0.01287393,0.00000000,0.00000000,0.00185334,0.11062061,0.00000000,0.00000000,0.00000000,5.21979622,0.00000000,0.00000000,0.00000000,0.00000000,0.00000000,0.07369013,0.06164269,0.00000000,0.01854680,0.07152203,0.00431206,2.61207883,0.00000000,0.55459159,0.00000000,0.36665902,0.19560784,0.00000000,0.05274890,0.00000000,0.05314818,0.00000000,0.02622369,0.00000000,0.10049551,0.00000000,0.00000000,0.00000000,0.00000000,0.00121127,0.00000000,0.00000000,0.00000000,0.00000000,0.00000000,0.00000000,0.00000000,0.02953301,0.00361986,0.00000000,0.66462136,0.00000000,0.00000000,0.00000000,0.00000000,0.13772040,0.14198427,5.11189349,0.01396150,0.24384623,0.00000000,0.00000000,0.00000000,0.00000000,0.00917751,0.00000000,0.01764132,0.00000000,0.08354416,0.00000000,0.08774985,0.00000000,0.07320896,0.00000000,0.00000000,0.00000000,0.00000000
0.00000000,0.00000000,0.00000000,0.46216357,0.00000000,0.00000000,0.00000000,0.21823570,0.22429247,0.10902672,0.27798691,0.00000000,0.11915304,0.01416694,0.00000000,0.00000000,0.39513970,0.00602523,0.00000000,0.00000000,0.00000000,0.00000000,0.00000000,0.00000000,0.00987512,0.00000000,0.00000000,0.00000000,0.00000000,0.00000000,0.04225550,0.00000000,0.00000000,0.00000000,0.08164839,0.03943007,0.00000000,0.00323854,0.00000000,0.00000000,0.00000000,0.00000000,0.00504001,0.00000000,0.00000000,0.00000000,0.00000000,0.05194481,0.00000000,0.00000000,0.05917489,0.00000000,0.00000000,0.00000000,0.00354176,1.14678478,0.00000000,0.00000000,0.00000000,0.06320889,0.00000000,0.00000000,0.00000000,0.00000000,0.00000000,0.00000000,0.00000000,0.00000000,0.00000000,0.00000000,0.00445304,0.00000000,0.00000000,0.09060420,0.00000000,0.00000000,0.00000000,0.00000000,0.00000000,0.01072878,0.00000000,0.14700189,0.67485051,4.35025095,0.00000000,0.00000000,0.00000000,0.13317923,0.00000000,1.05478332,0.00000000,0.00452561,0.00000000,0.00000000,0.00000000,0.00000000,0.43915198,0.00000000,0.01019896,0.00000000,0.01475680,0.00000000,0.00000000,0.00000000,0.59936126,0.04475530,0.00000000,0.75464692,0.01640788,0.00000000,0.00000000,0.00000000,0.00000000,0.00000000,0.00000000,0.00000000,0.00000000,0.00000000,0.00200835,0.00000000,0.00165684,0.00000000
0.00000000,0.00000000,0.00000000,0.00000000,0.00000000,0.00000000,0.00000000,0.00000000,0.00000000,0.00000000,0.00000000,0.00000000,0.03789018,0.00000000,2.27801076,0.00000000,0.00771871,0.00000000,0.00000000,0.00063198,0.00000000,0.00000000,0.00000000,0.00987512,0.00000000,0.00000000,0.00000000,0.00000000,0.02380193,0.04528918,0.00582882,0.02083620,0.00000000,0.00000000,0.00000000,0.00000000,0.00000000,0.00000000,0.00000000,0.51427918,0.00000000,0.21823553,0.00000000,0.00000000,0.00000000,0.00000000,0.00000000,0.00000000,0.11787724,0.00000000,0.01372940,0.00000000,0.46909984,0.10123299,0.00000000,0.00000000,0.00000000,0.00519395,4.36510511,0.00000000,0.00000000,0.00000000,0.01454064,0.00000000,0.03062019,0.87111252,0.00000000,0.00000000,0.00000000,0.00000000,1.40907208,0.02751816,0.00000000,0.00000000,0.00000000,0.00000000,0.00000000,0.50329179,0.00000000,0.00000000,0.00000000,0.02675206,0.00000000,0.01458958,11.78534778,0.00000000,0.00000000,0.00000000,0.00000000,0.01666338,0.00198610,0.00000000,0.01804931,0.00000000,0.00095114,0.43303532,0.00000000,0.00000000,0.03027971,0.00000000,0.00000000,0.00000000,0.00000000,0.20537089,0.00000000,0.26949224,0.00000000,0.00000000,0.00000000,0.00000000,0.01272384,0.00000000,0.39370443,0.02285361,0.00447028,0.00000000,0.00000000,0.00000000,0.00105183,0.00000000,0.31377767,0.19785080
0.25617566,0.00000000,0.10155455,0.00000000,0.00000000,0.00000000,0.01865154,0.00000000,0.00000000,0.00000000,0.00000000,0.00000000,0.00000000,0.00000000,0.00000000,0.00000000,0.05037269,0.00000000,0.00000000,0.03475590,0.00000000,0.00000000,0.00000000,0.00000000,0.00000000,0.00000000,0.00000000,0.02887954,0.00000000,0.00000000,0.00000000,0.00000000,0.00000000,0.00000000,0.00000000,0.02107459,0.00000000,0.00000000,0.00000000,0.00000000,0.48463749,0.00000000,0.00000000,0.00000000,0.20398455,0.02788228,0.00000000,0.00000000,0.00000000,0.00000000,0.00000000,0.16188282,0.00000000,0.00352173,0.00000000,0.00217329,0.02030092,0.13771482,0.00000000,0.00000000,0.00000000,0.00000000,0.96836859,0.05338871,0.05322205,0.61636291,0.01281714,0.01081542,0.00492550,0.00000000,0.00000000,0.00000000,0.00208323,0.00000000,0.00000000,0.00000000,0.00000000,0.00000000,0.00000000,0.00000000,0.00000000,0.00000000,0.00000000,0.00000000,0.00000000,0.00000000,0.00000000,0.00000000,0.01059357,0.00000000,0.00000000,0.00000000,0.00169818,0.00000000,0.00000000,0.20125548,0.00000000,0.00000000,0.00000000,0.00000000,0.00000000,0.04081779,0.21003285,0.01792659,0.00000000,0.00000000,2.03178331,0.00000000,0.00000000,0.00000000,0.05193106,0.11715524,0.00000000,0.00287562,0.34220084,0.00000000,0.00000000,7.00905728,0.01482142,0.00000000,0.00503565,0.00000000
0.03955621,0.00000000,0.00000000,0.00000000,0.00000000,0.00000000,0.03196353,0.00000000,1.00365656,0.00000000,0.31447887,0.24832826,0.00000000,0.00000000,0.28731278,0.00000000,0.00000000,0.00000000,0.00000000,0.00000000,0.00000000,0.02566375,0.00000000,0.00000000,0.00000000,0.00000000,0.00000000,0.00000000,0.00000000,0.02914673,0.00000000,0.00000000,0.00000000,0.00000000,0.00000000,0.00000000,1.41874550,0.00000000,0.00000000,0.00000000,0.00000000,0.00000000,0.00000000,0.00000000,0.00000000,0.00000000,0.00000000,0.00000000,0.00000000,0.00000000,0.00000000,0.09977099,0.00000000,0.00000000,0.00000000,0.00000000,0.00000000,0.00000000,0.00000000,0.00000000,0.00000000,0.00000000,0.00000000,0.00000000,0.00000000,0.20511952,0.00000000,0.00000000,0.00000000,0.00000000,0.00733541,0.00000000,0.00240592,0.00000000,0.00000000,1.13028092,0.00000000,0.00000000,0.00000000,0.00281095,0.00000000,0.00000000,0.01620154,0.00000000,0.00000000,0.00000000,0.04357901,0.00000000,0.00000000,0.02905478,0.00000000,0.00000000,0.00800901,0.00000000,0.00000000,0.00000000,0.00248579,0.00000000,0.00000000,0.90026065,0.26459195,0.00000000,0.00000000,0.00000000,0.00000000,0.00307118,0.00000000,0.00000000,0.00000000,0.00000000,0.00559038,0.00000000,0.00000000,0.00000000,0.00000000,0.00000000,0.01224814,0.00105067,0.00000000,0.00000000,0.00072681,0.00000000
0.00000000,0.00000000,0.00000000,0.00000000,0.00000000,0.00274384,0.01509302,0.00000000,5.08765464,0.00000000,0.01555278,1.40795229,0.00000000,0.00674849,0.00000000,0.02325411,0.00481214,0.00000000,0.00312372,0.00000000,0.00000000,0.00000000,0.00000000,0.00000000,0.00000000,0.02887954,0.00000000,0.00000000,0.00000000,0.03531171,0.00000000,0.00000000,0.01304458,0.00000000,0.00000000,0.00000000,0.00000000,0.00000000,0.00000000,0.00000000,0.00000000,0.68681921,0.19593922,0.12265994,0.21966716,0.00000000,0.00000000,0.00000000,0.00000000,0.00000000,0.00000000,0.00000000,0.00000000,0.00000000,0.03118640,0.32293968,0.01720002,0.00449561,0.00000000,0.10670789,0.99946873,0.04779232,0.32564595,0.01536333,0.00000000,0.00246375,0.00000000,0.00000000,0.00000000,0.64367508,0.00000000,0.00000000,0.00000000,1.73608603,0.01138251,0.52707551,0.00000000,0.00975311,0.00000000,0.07373051,0.01029192,0.00000000,0.03672732,0.15309180,0.34766859,0.00000000,0.00572778,0.00000000,0.00555144,0.00000000,0.00000000,0.00000000,0.00000000,0.00000000,0.00000000,0.00000000,0.00000000,0.00000000,0.00537203,0.00000000,0.11916616,3.58412465,4.05349829,0.00000000,0.12583296,0.00000000,0.01759798,0.04690380,0.00451186,0.47651148,0.00000000,0.00000000,0.45555936,0.00000000,0.00000000,0.00000000,0.00000000,0.00000000,0.19358129,0.00000000,0.08546873,0.00000000
0.00000000,0.00000000,0.02637692,0.00000000,0.00000000,4.64000115,1.38221430,0.00000000,0.00000000,0.00000000,0.03492245,0.00000000,5.60844236,0.00000000,0.00000000,0.00000000,0.00000000,0.00225258,0.03997255,0.00000000,0.00000000,0.09620264,0.00000000,0.00000000,0.02380193,0.00000000,0.00000000,0.00000000,0.00000000,0.04340185,0.16835704,0.00000000,0.00674484,0.00000000,0.00000000,0.00000000,0.18937637,0.00419748,0.00000000,0.15235572,0.86179702,0.03957323,0.00000000,0.07481214,0.00261364,0.00000000,0.00000000,0.00000000,0.00379674,0.00000000,0.00000000,0.00000000,0.00000000,0.22477443,0.00000000,0.01757277,0.00400209,0.00000000,0.00000000,1.56130930,0.00000000,0.00000000,0.00000000,0.00000000,0.02928657,0.00000000,0.02900274,0.00000000,0.00000000,0.00000000,0.00426544,0.13255437,0.00000000,0.00000000,0.00000000,0.00157253,0.00000000,0.13024315,0.00000000,0.00000000,0.00000000,0.00000000,0.00000000,0.01423594,0.00000000,0.00000000,0.00000000,0.00000000,0.07030862,0.00000000,0.00000000,0.00000000,0.01297331,0.00000000,0.74144544,0.00000000,0.00000000,0.00000000,0.03806315,0.00000000,0.13129907,0.00207874,0.00000000,0.00000000,0.00000000,0.00000000,0.02752801,0.00000000,3.53243885,0.00286278,0.00000000,0.00000000,0.00000000,0.00000000,0.00000000,0.00000000,0.92300493,0.00000000,1.42796107,0.00315402,0.00000000,0.00000000
34.96962877,0.00000000,0.22707123,0.00325788,0.00000000,0.00544241,0.00000000,0.00000000,0.35055072,0.00000000,0.00000000,0.00836321,0.43998952,0.00000000,0.02027624,0.00000000,0.00000000,0.00000000,0.02164002,0.00000000,0.00000000,0.00088479,0.00341969,0.00000000,0.04528918,0.00000000,0.02914673,0.03531171,0.04340185,0.00000000,0.08574692,0.00000000,0.00000000,0.00000000,0.01400312,0.00000000,0.00000000,0.07662906,0.00000000,0.00000000,0.00000000,0.00000000,0.00000000,0.00000000,0.05002951,0.01174017,0.00000000,0.00000000,0.01935571,2.33876364,0.02079105,0.00000000,0.00000000,0.00000000,0.00000000,0.00000000,0.00000000,0.00000000,0.00000000,0.00744830,0.00000000,0.00000000,0.00000000,0.00000000,0.00000000,0.00263729,0.00000000,0.00000000,0.00310998,0.00000000,0.07148920,0.98522155,0.29397648,0.00000000,1.17470707,0.00000000,0.00000000,0.00000000,0.00000000,0.00000000,0.23745324,0.00000000,0.00000000,0.00000000,0.00380934,0.10262759,0.00000000,0.00000000,0.00000000,0.00000000,0.00000000,0.00000000,0.00000000,0.00000000,0.00000000,0.00419607,0.00297507,0.00000000,0.00000000,0.05350220,0.00000000,0.02286402,0.00000000,0.00000000,0.00000000,0.00000000,0.00000000,0.03760752,0.02618378,0.00000000,0.00000000,0.00000000,0.13241935,0.00000000,0.00000000,0.00000000,0.05782803,0.00601301,0.00000000,0.00000000,0.00000000,0.09927689
0.01837327,0.00000000,0.00252426,0.00000000,0.00000000,0.00161952,0.00732878,0.00000000,0.00000000,0.00000000,0.00000000,0.01004365,0.00000000,0.00000000,0.00000000,0.11166715,0.00000000,0.00000000,0.00000000,0.00000000,0.00000000,0.00000000,1.61913744,0.04225550,0.00582882,0.00000000,0.00000000,0.00000000,0.16835704,0.08574692,0.00000000,0.08166092,0.00000000,0.00999783,0.04044619,0.00000000,0.07794645,0.00000000,0.00000000,0.10017777,0.00490429,0.00000000,0.01736808,0.00000000,0.00408569,0.00000000,0.00000000,0.00000000,0.00000000,0.00000000,1.42062846,0.00000000,0.00258050,0.00000000,0.00000000,0.00000000,0.00000000,0.00000000,0.00084032,0.82630210,0.00000000,0.00000000,0.00000000,0.00000000,0.00000000,0.04100969,0.00806321,0.00155987,0.02189373,0.00856125,0.00000000,0.00000000,0.00000000,0.01959316,0.00000000,0.00000000,0.44357513,0.00000000,0.01610037,0.00000000,0.00000000,0.00000000,0.07573012,0.00000000,0.00000000,0.26195504,0.00000000,0.00874235,0.00000000,0.00000000,0.00000000,0.00000000,1.73873683,0.00000000,0.00000000,0.47523883,0.19222820,0.00000000,0.00000000,0.02677980,0.00000000,0.00000000,0.00000000,0.00000000,0.00000000,0.01594932,0.00174550,0.07277748,0.00000000,0.00000000,0.00000000,6.41694828,0.00000000,0.12313367,1.79915909,0.00000000,0.00969971,0.00000000,0.00000000,0.01796341,0.00000000,0.00000000
6.12072415,0.03455146,0.00000000,0.06396352,0.18406220,0.00000000,0.00000000,0.00000000,0.10798566,0.04683208,8.69915148,0.00000000,0.00000000,0.17379648,0.00650990,0.00000000,0.24824124,0.00000000,0.01041779,0.00000000,0.00000000,0.00000000,0.09908740,0.00000000,0.02083620,0.00000000,0.00000000,0.00000000,0.00000000,0.00000000,0.08166092,0.00000000,0.03632693,0.19652196,0.00000000,0.02326866,0.00000000,0.00417773,3.55573424,0.00000000,0.00000000,0.01328155,0.00000000,0.01988718,0.00000000,0.01538086,0.10133228,0.00000000,0.00000000,0.00191169,0.01916426,0.00000000,0.00000000,0.07287510,0.00000000,0.00000000,0.00000000,0.04265560,0.00000000,0.04455931,0.00000000,0.00000000,0.24331897,0.00000000,0.00000000,0.00961036,0.18005338,0.00000000,0.00000000,0.01653247,0.00000000,0.00000000,0.16848489,0.00000000,0.00000000,0.00000000,0.00000000,0.00000000,0.87597814,0.00000000,0.00000000,0.00000000,0.00000000,0.05338560,0.00346812,0.00000000,0.00000000,0.00000000,0.00000000,0.18566214,0.00000000,0.23381213,0.00000000,0.00000000,0.00000000,1.42015637,2.44305228,0.00000000,0.00000000,0.00000000,0.00000000,0.15550390,0.04864518,0.02120870,6.38350730,0.00000000,0.00000000,0.00000000,0.00000000,0.59753309,0.00000000,0.00000000,0.03316316,0.00000000,0.00000000,0.00000000,0.00101984,0.00000000,1.84031378,2.46217957,0.00000000,0.83349684
0.00000000,0.00000000,0.00000000,0.00000000,0.00000000,0.00000000,0.02952428,0.00000000,0.00000000,0.02039955,0.06378903,0.00000000,0.00518928,0.53922269,0.00000000,0.00000000,0.00204512,0.00000000,0.00000000,0.00000000,0.00000000,0.00493626,0.00000000,0.00000000,0.00000000,0.00000000,0.00000000,0.01304458,0.00674484,0.00000000,0.00000000,0.03632693,0.00000000,0.01003329,0.49254768,0.00000000,0.00442804,0.01861423,0.00000000,0.00000000,0.00000000,0.31144690,0.00263191,0.12979297,0.00000000,0.00000000,0.42039358,0.00000000,0.00000000,0.00000000,0.00000000,0.00000000,0.00000000,0.00245180,0.05757855,0.15453178,0.00000000,0.07129701,0.00000000,0.00000000,0.00176195,0.00000000,0.00000000,0.00000000,0.00000000,0.00000000,0.00000000,0.00000000,0.11520103,0.00000000,0.00000000,0.00000000,0.00000000,1.61218761,0.00000000,0.26238786,0.00000000,0.00000000,0.00000000,0.00000000,0.00000000,0.00000000,0.16794108,0.00000000,0.29105692,0.00000000,0.04784964,0.10554458,0.00000000,0.00000000,0.00000000,0.00000000,0.02356038,0.00000000,0.00000000,0.00073769,0.00000000,0.00000000,0.00000000,0.00000000,0.00000000,0.00000000,0.00000000,0.04290845,0.00000000,0.00000000,0.00000000,0.00000000,0.32699905,0.00000000,0.12682822,0.00000000,0.00000000,0.00000000,0.00000000,0.00000000,0.03788928,0.03899981,0.09329709,0.00934366,0.00000000,0.00000000
2.19666325,0.00000000,0.00000000,0.00000000,0.00000000,0.07201307,0.00000000,0.00000000,0.00000000,0.03415730,0.00000000,0.00000000,0.01457565,0.02614270,0.04906130,1.00946661,0.00000000,0.00000000,0.00000000,0.00000000,0.00000000,1.05589702,0.04712500,0.00000000,0.00000000,0.00000000,0.00000000,0.00000000,0.00000000,0.00000000,0.00999783,0.19652196,0.01003329,0.00000000,0.00000000,0.00751994,0.00810478,0.00603920,0.07610360,0.00000000,0.00000000,1.62037269,0.00000000,0.21852515,0.00000000,0.00000000,0.01596469,0.00655511,0.01688646,0.00000000,0.00425809,0.00000000,0.00000000,0.00216966,0.00000000,0.00000000,0.00000000,0.00000000,0.00000000,0.07321216,0.09114911,0.00000000,0.00000000,0.03283772,0.03010381,0.00405207,1.81491745,0.05731174,0.10974759,0.13341024,0.00000000,0.00000000,0.00668117,0.00330410,0.00000000,0.13286042,0.00525284,0.00000000,0.03056588,0.35259920,0.00000000,0.00000000,0.09060939,0.00000000,0.00000000,0.00000000,0.02322901,0.00000000,0.00094581,0.00000000,0.00000000,0.10045263,0.00000000,0.00000000,0.00000000,0.00000000,0.00378833,0.00000000,0.58449698,0.00000000,0.00000000,0.00000000,0.00000000,0.02158668,0.00000000,0.00000000,0.00000000,0.00000000,0.02101183,0.00000000,0.65412928,0.00166384,0.00000000,0.00000000,0.03359618,0.00000000,0.00000000,0.00000000,8.52395431,0.00000000,0.01870431,0.07013979
0.00000000,0.00000000,0.00393650,0.00294573,0.00000000,0.00000000,0.00119284,0.00000000,0.00000000,1.33228838,0.00000000,0.00000000,0.00000000,0.00483145,0.00000000,0.00000000,0.00000000,0.00000000,0.00000000,1.28161592,0.00000000,0.00000000,0.00000000,0.08164839,0.00000000,0.00000000,0.00000000,0.00000000,0.00000000,0.01400312,0.04044619,0.00000000,0.49254768,0.00000000,0.00000000,0.00000000,0.00000000,0.08887773,0.00000000,0.00680590,0.00000000,0.00000000,0.03767349,0.01057431,0.00000000,0.00000000,0.00000000,0.00000000,0.00000000,0.00787095,0.02477734,6.13856575,0.00000000,0.34085698,0.00000000,0.00000000,0.10089276,0.03037099,0.00000000,0.00000000,0.00000000,0.00000000,0.00000000,0.00000000,0.05063708,0.00000000,0.00000000,0.00000000,0.00000000,0.00000000,0.35139014,0.00000000,0.00000000,0.05814401,0.00000000,0.00000000,0.00000000,9.61343009,0.00000000,0.00000000,0.00000000,0.00000000,0.00955317,0.00000000,0.54031866,0.03935969,0.00000000,0.00000000,0.00000000,0.00113258,0.02145136,0.00000000,0.00000000,0.02615993,0.01417190,0.00000000,0.00000000,0.00000000,0.01532661,0.00000000,0.11837387,0.10787016,0.00000000,0.00000000,0.00000000,0.14365913,0.01194284,0.00204275,0.00618354,0.00434629,0.00000000,0.00000000,0.00000000,0.06451988,2.34175298,0.00000000,4.78563287,0.00000000,0.00000000,0.00000000,1.33200208,0.00666319
0.00000000,0.00000000,0.00081949,0.00000000,0.02276060,0.00000000,0.08494218,0.00000000,0.13369029,0.00000000,0.05696166,0.00000000,0.69599167,0.00863565,0.00000000,0.00000000,0.00000000,0.00000000,0.00000000,0.00000000,0.00000000,2.78421790,0.00000000,0.03943007,0.00000000,0.02107459,0.00000000,0.00000000,0.00000000,0.00000000,0.00000000,0.02326866,0.00000000,0.00751994,0.00000000,0.00000000,0.00000000,0.00000000,0.00000000,0.00000000,0.00000000,0.00000000,0.00591623,0.00000000,0.00000000,0.62549852,0.00000000,0.00608242,0.00000000,0.00000000,0.00000000,0.00000000,0.00966372,0.56364271,0.00000000,0.00000000,0.00000000,0.00000000,0.00000000,0.00000000,0.00000000,0.00000000,0.01385333,0.00000000,0.00000000,0.30561541,0.00000000,0.78227703,0.00000000,0.00000000,0.02086233,0.00000000,0.00000000,0.00000000,0.00000000,0.08582317,0.00000000,0.08175241,0.00000000,0.00000000,0.00000000,0.00000000,0.20664847,0.00000000,0.00000000,0.00000000,0.00000000,0.00000000,0.00000000,0.00000000,0.03482607,0.01141888,3.39433504,0.00000000,0.09256853,0.00000000,0.12849952,0.00000000,0.00000000,0.00000000,0.01012297,0.00000000,0.00000000,0.14923865,0.00000000,0.00000000,1.88138081,0.00000000,0.00638088,0.26235809,0.00000000,0.00466385,0.00000000,0.09559138,0.00000000,0.00191984,0.00208434,1.46674549,3.90425235,0.00000000,0.00000000,0.00000000
0.00000000,0.51596272,0.04280662,0.00088199,0.00000000,0.00000000,0.00364591,0.00000000,0.00000000,0.00000000,0.00000000,0.00000000,0.00000000,0.00000000,0.14430490,0.00195573,0.00000000,0.20916195,0.00000000,0.00000000,0.00000000,0.00000000,1.30414978,0.00000000,0.00000000,0.00000000,1.41874550,0.00000000,0.18937637,0.00000000,0.07794645,0.00000000,0.00442804,0.00810478,0.00000000,0.00000000,0.00000000,0.00231331,0.00578033,0.00096978,0.00000000,0.00000000,1.80526846,0.00082498,4.77302645,0.00000000,0.00000000,0.03226556,0.00000000,0.01511655,0.00484039,0.00000000,0.00000000,0.00000000,0.00000000,0.02867332,0.00000000,0.00000000,0.00404785,0.00000000,0.00000000,0.00000000,0.00889802,0.00000000,0.00000000,0.00000000,0.23705535,0.00000000,0.00000000,0.00000000,0.20545304,0.13623962,0.03206960,0.00000000,0.00000000,0.04133554,0.00000000,0.59059336,0.00000000,0.04064409,0.06454552,0.08488968,0.15154911,0.13758584,0.00000000,0.00000000,0.00000000,0.00000000,0.17858576,0.00000000,0.00000000,0.00000000,0.00000000,0.00000000,0.06309752,0.50472053,0.00000000,0.00000000,0.00344947,0.20264736,0.07189569,0.02559494,0.00000000,0.00000000,0.00000000,0.00211461,0.00000000,0.00000000,0.00000000,0.00000000,0.00909847,3.22992417,0.06060042,0.08077927,0.03257824,0.00000000,0.00961426,0.12961575,0.00000000,0.01813739,0.00000000,0.00789800
0.00107358,0.00000000,0.00000000,0.39076719,0.00000000,0.04765015,0.00000000,0.01578472,0.00000000,0.00000000,0.00000000,0.00000000,0.00000000,0.07347599,0.00000000,0.00000000,0.03079991,0.00000000,0.06520294,11.01409757,7.41146954,0.00000000,6.32711730,0.00323854,0.00000000,0.00000000,0.00000000,0.00000000,0.00419748,0.07662906,0.00000000,0.00417773,0.01861423,0.00603920,0.08887773,0.00000000,0.00231331,0.00000000,0.06060808,0.00000000,0.00000000,0.00000000,0.00000000,0.00000000,0.38026247,0.00809266,0.00000000,0.00000000,0.01219665,0.00000000,0.39968246,0.00000000,0.00000000,0.00000000,0.00000000,0.00000000,0.00759750,0.00000000,0.00000000,0.03925751,0.00325015,0.00000000,0.00000000,0.00000000,0.00000000,0.23395873,0.00000000,0.00000000,0.04760164,0.00000000,0.01903869,0.00000000,0.33069599,0.00000000,0.00000000,0.00000000,0.00000000,0.00000000,0.00000000,0.00000000,0.00000000,0.00000000,0.00000000,0.00000000,0.00000000,0.24396741,0.02194372,0.21732138,0.25465404,0.00000000,0.04385111,0.00000000,0.00000000,0.56414600,0.00000000,0.01118948,0.57468725,0.00000000,0.00000000,0.00000000,0.00000000,0.00000000,0.00000000,0.00000000,0.03522306,0.00000000,0.00000000,0.01670219,0.29188449,0.00000000,0.00000000,0.00000000,14.40499996,0.02045296,0.00000000,1.51491371,0.01120416,0.00664724,1.24301573,0.01139762,0.01507170,0.00000000
0.00000000,0.00000000,0.00000000,0.01475781,0.00000000,0.00000000,0.19802888,0.00000000,0.00000000,0.00000000,0.04583879,0.00000000,0.00000000,0.00000000,0.00000000,0.00000000,0.00000000,0.00000000,0.07253603,0.02817752,0.00000000,0.03589285,0.00000000,0.00000000,0.00000000,0.00000000,0.00000000,0.00000000,0.00000000,0.00000000,0.00000000,3.55573424,0.00000000,0.07610360,0.00000000,0.00000000,0.00578033,0.06060808,0.00000000,0.01527633,0.00000000,0.02418767,0.34513295,0.00000000,0.15561291,0.00000000,0.00802458,0.00000000,1.44743942,0.00000000,0.00000000,0.00000000,0.00000000,0.00000000,0.00000000,0.00641469,0.00000000,0.00000000,0.00000000,0.02470154,0.00000000,0.00000000,0.00114181,0.24968225,0.00000000,0.00000000,0.00000000,0.00000000,0.32767905,0.00000000,0.00767082,0.35034465,0.02064637,0.00000000,0.00000000,0.00846695,0.00252050,0.00000000,0.04095545,0.00000000,0.00962769,0.00000000,0.00000000,0.00000000,0.12490104,0.13296609,0.20768831,0.00000000,0.00000000,0.00000000,0.00000000,0.00596305,0.00000000,5.04005346,0.00000000,0.00000000,0.00000000,0.00000000,0.00000000,0.17374744,0.00000000,0.00000000,0.00000000,0.00497387,0.06844152,0.00000000,0.00000000,0.00000000,0.00000000,0.00000000,0.00000000,0.00000000,0.00000000,0.00000000,0.00000000,0.00000000,0.14276914,0.16540378,0.00000000,0.00000000,0.00000000,0.00000000
3.25126609,0.00000000,0.05873708,0.00000000,0.20954456,0.00000000,0.21495463,0.00286102,2.38458426,0.00000000,0.00000000,0.00000000,0.00000000,0.00000000,0.00000000,0.00000000,0.00000000,0.02206125,0.01210070,0.00320636,0.00000000,0.00318366,0.00000000,0.00000000,0.51427918,0.00000000,0.00000000,0.00000000,0.15235572,0.00000000,0.10017777,0.00000000,0.00000000,0.00000000,0.00680590,0.00000000,0.00096978,0.00000000,0.01527633,0.00000000,0.00000000,0.18926224,0.00000000,0.00000000,0.00000000,0.00000000,0.06561511,0.00000000,0.67780482,0.01396213,0.00000000,0.00000000,0.00000000,0.00000000,0.00000000,1.83570509,0.00000000,0.01146366,0.00000000,0.00000000,0.08654413,0.00000000,0.00000000,0.00711612,0.00000000,0.00095128,0.00000000,0.00000000,0.00000000,0.10703771,0.00000000,2.13686237,0.00000000,0.00556235,0.19667901,0.01799690,0.00000000,0.00000000,0.03110812,0.00000000,0.09859517,0.00000000,0.00285345,0.00000000,0.00942827,0.49816577,0.00000000,0.15028419,0.00000000,0.00000000,0.00000000,0.00000000,0.00000000,0.01031438,0.00000000,0.00000000,0.00000000,0.00000000,0.00000000,0.00000000,0.00000000,0.00000000,0.00000000,0.04923880,0.00000000,0.04058423,0.29036435,0.00000000,0.00000000,0.00082824,0.00000000,0.94642997,0.00000000,0.00000000,0.20697717,0.00000000,0.00000000,0.00000000,0.12638628,1.93262978,0.00000000,0.00000000
1.60157251,0.00000000,0.00000000,0.00000000,0.08962647,5.77884972,0.00492507,0.00000000,0.00000000,0.00000000,0.00000000,0.00000000,0.00000000,0.00000000,0.00000000,0.03719430,0.03408725,0.00000000,0.00000000,0.00000000,0.00000000,0.00000000,0.00000000,0.00000000,0.00000000,0.48463749,0.00000000,0.00000000,0.86179702,0.00000000,0.00490429,0.00000000,0.00000000,0.00000000,0.00000000,0.00000000,0.00000000,0.00000000,0.00000000,0.00000000,0.00000000,0.00000000,0.00757597,0.06141729,0.02227361,4.86272201,0.00000000,0.00000000,0.07901800,0.00000000,0.00382204,0.00000000,0.11568005,0.04633464,0.22661842,0.00000000,0.00000000,0.00000000,0.00278541,0.11285187,0.00000000,0.24504226,2.34725230,0.00000000,0.00000000,0.00789252,0.00736100,0.17070073,0.00000000,0.00000000,0.00000000,0.00000000,0.00000000,0.00000000,0.00000000,0.00000000,0.25282029,0.00000000,0.00000000,0.00052197,0.06181364,0.00000000,0.07600776,0.10603808,0.00000000,0.00000000,0.00000000,0.31014388,0.41014878,0.00000000,0.00000000,0.06203564,0.00000000,0.00000000,0.00000000,0.00000000,0.10530904,0.00000000,0.00000000,0.00946553,0.00000000,0.00384739,0.41323220,0.00000000,0.00000000,0.00000000,0.00000000,0.00000000,0.00000000,0.00309233,0.00000000,0.00000000,0.09879972,0.00000000,0.04215835,0.00000000,0.00000000,0.08404178,0.12488700,0.00000000,0.01064955,0.06733820
0.00000000,0.00551532,0.00000000,0.00920760,0.00000000,0.00741916,0.03014401,0.00000000,0.00000000,0.00000000,0.23268365,0.00000000,0.00000000,0.00000000,0.00000000,0.00000000,0.00000000,0.01314098,0.00000000,0.00000000,0.00000000,0.00262921,0.00000000,0.00000000,0.21823553,0.00000000,0.00000000,0.68681921,0.03957323,0.00000000,0.00000000,0.01328155,0.31144690,1.62037269,0.00000000,0.00000000,0.00000000,0.00000000,0.02418767,0.18926224,0.00000000,0.00000000,0.00000000,0.00000000,0.19280871,0.00000000,0.00000000,0.00610952,0.00000000,0.01551669,0.00000000,0.00000000,0.00000000,0.00886105,0.00000000,0.00000000,0.13076938,0.00000000,12.65732925,0.00000000,0.01278416,0.00000000,0.35901909,0.00000000,0.00000000,0.00000000,0.00000000,0.00000000,0.00000000,3.41605535,0.00000000,0.00000000,0.00000000,0.18037552,0.00000000,0.00000000,0.00000000,0.03222553,0.00000000,0.00000000,0.00000000,0.09021275,0.14729748,0.00000000,0.00000000,0.00000000,0.61307472,0.00000000,0.00000000,0.00000000,0.09899075,0.00000000,0.00000000,0.25194970,0.00902635,0.00000000,0.00000000,6.80482149,0.00000000,0.22821989,0.14072018,0.00000000,0.68310644,0.02397433,0.00000000,0.00000000,0.00000000,0.00000000,0.00662430,0.00000000,0.00366650,0.00000000,0.12067043,0.00000000,1.61324585,0.06579595,0.00000000,0.00000000,0.00000000,1.12168247,0.00000000,0.37729525
0.00000000,0.00000000,0.02279488,0.00000000,0.00000000,0.05115809,0.00000000,0.00000000,0.02591866,0.08604136,0.03046857,0.00000000,0.25399359,0.00000000,0.00519279,0.00000000,0.03974124,0.10261064,0.00000000,0.00146861,0.19955795,0.00454734,0.00000000,0.00504001,0.00000000,0.00000000,0.00000000,0.19593922,0.00000000,0.00000000,0.01736808,0.00000000,0.00263191,0.00000000,0.03767349,0.00591623,1.80526846,0.00000000,0.34513295,0.00000000,0.00757597,0.00000000,0.00000000,0.00000000,0.00000000,0.00000000,0.00000000,0.00000000,0.00000000,0.00000000,0.00000000,0.00000000,0.00000000,0.00000000,0.00000000,0.07230227,0.22887697,0.00000000,0.00000000,0.00000000,0.00000000,0.00000000,4.20712826,0.00000000,0.00000000,0.00000000,0.00000000,0.00000000,0.00000000,0.00000000,0.00000000,0.00000000,0.00000000,0.00000000,0.00178314,0.00647874,0.13958594,7.24471172,0.00376737,0.00144414,0.00000000,0.00197310,0.00000000,0.00000000,0.00621739,0.15464280,0.00000000,0.00000000,0.00000000,0.00000000,0.00215012,0.00000000,0.00000000,0.00000000,0.00000000,0.01392690,0.00000000,0.00000000,0.00000000,0.00000000,0.00000000,0.00000000,0.09087877,0.03691673,0.00000000,0.01417156,0.00285136,0.00000000,0.00000000,0.97747675,0.03612448,0.00000000,0.10907426,0.00000000,0.00664894,0.51950797,0.00000000,0.00000000,0.00000000,0.00000000,0.38775130,0.00000000
0.00399703,0.00000000,0.00000000,0.00000000,0.00000000,0.00000000,0.00000000,0.00000000,0.00000000,0.00322594,0.00000000,0.00000000,0.00000000,0.13568590,0.00000000,0.00000000,0.00000000,0.10126605,0.14169115,0.00496311,0.12678152,0.44707546,0.00521500,0.00000000,0.00000000,0.00000000,0.00000000,0.12265994,0.07481214,0.00000000,0.00000000,0.01988718,0.12979297,0.21852515,0.01057431,0.00000000,0.00082498,0.00000000,0.00000000,0.00000000,0.06141729,0.00000000,0.00000000,0.00000000,0.00000000,0.00000000,0.00000000,0.00201638,0.02095203,0.00000000,0.00000000,0.03665282,0.00000000,0.00000000,0.00000000,0.13953649,0.00000000,0.00000000,0.00000000,1.42789935,0.00000000,0.00000000,0.00000000,0.00000000,0.00000000,0.03030919,0.00000000,0.00000000,0.00000000,0.00000000,0.03443180,0.00000000,0.00000000,0.00000000,0.00000000,0.00000000,0.08711009,0.00000000,0.00000000,0.00000000,0.00000000,0.00000000,0.62272631,0.17363982,0.15713450,0.23256103,0.00000000,0.13858696,0.73539626,0.00000000,0.00000000,0.00000000,0.13604328,0.00000000,0.00000000,0.00000000,0.00000000,0.00162579,0.00000000,0.17249509,0.00000000,0.10555524,0.01907639,0.06204146,0.00000000,0.00000000,0.00000000,0.00000000,4.48176640,0.00000000,0.50219115,0.00000000,0.00000000,0.00000000,0.00000000,0.35704385,0.00000000,0.00000000,0.00000000,0.00000000,0.44644984,0.00000000
0.00084116,0.00000000,0.00000000,0.00000000,0.14322272,0.00000000,0.00000000,0.00000000,0.11409871,2.05928010,0.00000000,0.00000000,0.00000000,0.01580881,0.00000000,0.00000000,0.07260906,0.00000000,0.00000000,0.00000000,0.00000000,0.00000000,0.00000000,0.00000000,0.00000000,0.20398455,0.00000000,0.21966716,0.00261364,0.05002951,0.00408569,0.00000000,0.00000000,0.00000000,0.00000000,0.00000000,4.77302645,0.38026247,0.15561291,0.00000000,0.02227361,0.19280871,0.00000000,0.00000000,0.00000000,0.00000000,0.00000000,0.00000000,0.00061780,0.00000000,0.00000000,0.00000000,0.00000000,0.00000000,0.00000000,0.00232171,0.00000000,0.00000000,0.00000000,0.00000000,0.00000000,0.04574597,0.00526514,0.00000000,0.34724490,0.02873045,0.00000000,0.00171407,0.00000000,0.00000000,0.01866431,0.00677689,0.00000000,0.00000000,0.00000000,0.20849874,0.00000000,0.00000000,0.00000000,0.00000000,0.11130965,0.00000000,0.00561128,0.00000000,0.00176223,0.03853751,0.00000000,0.00000000,0.00000000,0.00000000,0.06490385,0.00000000,0.10457019,0.00000000,0.00000000,0.00000000,0.77237490,0.00000000,0.18006753,0.05366097,0.00000000,0.06520125,0.28436718,0.00000000,0.00000000,0.00000000,0.02572262,0.00000000,0.05733754,0.00000000,0.00000000,6.39205920,0.00000000,0.00000000,0.00000000,0.00247380,0.00000000,0.00000000,0.00000000,0.00000000,0.08077416,5.21276808
0.00000000,0.00000000,0.01793216,0.00000000,0.00000000,0.00552927,0.00000000,0.00000000,0.00000000,0.19856374,0.00173224,0.31288734,0.00000000,1.18901953,0.00000000,0.00000000,0.00000000,0.16636144,4.33182033,0.18654046,0.43848008,0.00000000,0.00000000,0.00000000,0.00000000,0.02788228,0.00000000,0.00000000,0.00000000,0.01174017,0.00000000,0.01538086,0.00000000,0.00000000,0.00000000,0.62549852,0.00000000,0.00809266,0.00000000,0.00000000,4.86272201,0.00000000,0.00000000,0.00000000,0.00000000,0.00000000,0.00000000,0.00000000,2.15962871,0.00621941,0.00000000,0.12667666,0.00000000,0.00000000,0.00000000,0.00000000,0.09271092,0.02530527,0.00000000,5.29217307,0.00000000,1.82456568,0.00000000,0.00000000,0.00000000,0.07355981,0.00000000,0.00000000,0.00000000,0.00000000,0.06100432,0.00000000,0.00000000,0.00000000,0.00000000,0.00000000,0.00000000,0.00000000,0.03484600,0.00000000,0.00000000,0.24859586,0.24771090,0.01433257,0.00000000,0.00000000,0.00832731,0.03764593,0.05611189,0.00000000,0.06515335,0.00000000,0.00368325,0.06023778,0.00923312,0.00000000,0.00000000,0.00000000,0.34270459,0.00000000,0.12623830,0.11993225,0.00000000,0.00368969,0.00000000,0.00000000,1.36651347,0.00000000,0.00387222,0.00000000,0.00332166,0.01203169,0.00000000,0.01143163,0.00000000,0.10183228,0.01138208,1.02818639,0.00000000,0.00000000,0.00000000,0.00000000
0.00000000,0.06125942,0.23484106,0.00000000,0.00000000,0.00000000,0.01062280,0.08326769,0.00000000,0.02656147,0.00000000,0.00000000,1.54428085,0.00000000,0.00000000,0.00000000,0.00182875,0.07517134,0.00000000,0.00000000,0.00000000,0.00000000,0.01287393,0.00000000,0.00000000,0.00000000,0.00000000,0.00000000,0.00000000,0.00000000,0.00000000,0.10133228,0.42039358,0.01596469,0.00000000,0.00000000,0.00000000,0.00000000,0.00802458,0.06561511,0.00000000,0.00000000,0.00000000,0.00000000,0.00000000,0.00000000,0.00000000,0.00000000,0.00000000,6.91230372,0.00000000,0.00000000,0.00433121,0.00449527,0.00000000,0.00000000,0.28737519,4.90260592,0.00000000,0.00000000,0.00000000,0.00000000,0.24817869,0.00000000,0.00000000,0.00000000,0.00000000,0.00000000,0.00000000,0.00000000,0.00000000,0.00000000,0.00000000,0.00000000,0.00000000,2.28168678,0.00000000,0.00000000,0.00000000,0.00731792,0.03425965,0.00000000,0.05012322,0.00000000,0.00000000,0.00000000,0.05853558,4.90851570,0.00000000,0.00000000,0.00000000,0.00000000,0.00000000,0.00000000,0.00000000,0.00000000,0.00000000,0.00000000,0.00000000,0.00000000,0.00000000,0.00000000,0.01496525,0.00000000,0.00000000,0.00573507,0.01640090,0.00000000,0.00000000,0.00000000,0.32273919,0.00000000,0.00000000,0.00000000,0.00000000,0.00000000,0.00000000,0.00000000,0.00000000,0.12430135,0.00244353,0.06343293
0.06510893,0.00000000,0.00000000,0.00000000,0.00000000,0.00377271,0.00000000,0.00000000,0.00000000,0.00000000,0.16824073,0.00000000,0.43717893,0.01588857,4.32235373,0.00439519,1.21706752,0.25838545,0.00000000,0.04210345,0.01276476,0.00000000,0.00000000,0.05194481,0.00000000,0.00000000,0.00000000,0.00000000,0.00000000,0.00000000,0.00000000,0.00000000,0.00000000,0.00655511,0.00000000,0.00608242,0.03226556,0.00000000,0.00000000,0.00000000,0.00000000,0.00610952,0.00000000,0.00201638,0.00000000,0.00000000,0.00000000,0.00000000,0.00000000,0.00000000,0.00000000,0.00000000,0.00000000,0.43844349,0.00000000,0.00000000,0.15396481,0.03754425,0.00000000,0.03011502,2.53626782,0.00000000,0.00000000,0.00000000,0.00000000,0.00000000,0.00000000,0.00000000,0.00000000,0.10866968,0.00000000,0.05339262,0.03759711,0.00000000,0.01261997,0.01032563,0.39361454,0.00000000,3.88073314,0.00728982,0.00000000,0.03868909,0.06226369,0.05882568,0.00000000,0.04041653,0.00000000,0.00000000,0.00000000,0.00000000,0.00000000,0.00254003,0.00000000,0.04324418,0.00000000,0.00000000,0.00000000,0.02128068,0.00000000,0.02104713,0.26365392,0.00000000,0.00000000,0.58138521,0.14878584,0.00000000,4.89715225,0.00000000,0.02515312,0.03257167,0.00323012,0.61418071,0.00598684,0.00000000,0.00000000,0.00000000,0.04485067,0.00000000,0.00000000,0.00000000,0.00000000,0.00000000
0.21883729,0.00000000,0.00601558,0.12994781,0.00000000,0.23965761,0.02212716,0.17874731,8.99486144,0.05797981,0.00000000,0.00000000,0.00000000,0.00818786,0.00000000,0.02995353,0.00000000,0.14947660,0.00000000,0.08486339,0.00422338,0.00000000,0.00000000,0.00000000,0.11787724,0.00000000,0.00000000,0.00000000,0.00379674,0.01935571,0.00000000,0.00000000,0.00000000,0.01688646,0.00000000,0.00000000,0.00000000,0.01219665,1.44743942,0.67780482,0.07901800,0.00000000,0.00000000,0.02095203,0.00061780,2.15962871,0.00000000,0.00000000,0.00000000,0.00000000,0.00000000,0.07836218,0.00000000,0.00000000,0.00000000,0.00000000,0.56019540,0.00000000,0.00000000,0.00000000,0.00000000,0.00535752,0.00000000,0.00000000,0.00000000,0.00000000,0.18417748,0.00000000,0.16694105,0.00197021,0.56649171,2.86730273,0.00000000,0.00000000,0.13249202,2.40480460,0.00000000,0.00000000,0.00000000,0.00000000,0.02978997,0.86910886,0.00000000,0.00000000,0.00939859,0.05793566,0.00000000,0.00000000,0.00000000,0.00000000,0.00508787,0.00000000,0.00000000,0.00000000,0.00000000,0.04928867,0.00000000,0.00000000,0.00401822,0.00187466,0.00000000,0.00000000,0.02997414,0.00000000,0.00000000,0.02157565,0.00000000,0.00000000,1.38321439,0.06721520,0.00000000,0.00000000,0.00468623,15.03551021,0.00000000,0.00000000,0.02434081,0.00000000,0.00000000,0.00000000,0.06496291,0.01185778
0.00000000,0.04416065,0.26319037,0.00000000,0.00000000,0.00179305,0.00000000,0.01886761,0.00000000,0.00000000,0.00000000,0.00000000,0.00000000,0.00000000,0.08187125,0.00000000,0.00000000,0.00000000,0.01444968,0.00000000,0.12710685,0.00000000,0.00185334,0.00000000,0.00000000,0.00000000,0.00000000,0.00000000,0.00000000,2.33876364,0.00000000,0.00191169,0.00000000,0.00000000,0.00787095,0.00000000,0.01511655,0.00000000,0.00000000,0.01396213,0.00000000,0.01551669,0.00000000,0.00000000,0.00000000,0.00621941,6.91230372,0.00000000,0.00000000,0.00000000,0.00000000,0.01237532,0.00000000,0.00000000,0.00000000,0.00000000,0.03110815,0.00000000,0.00000000,0.00000000,0.00000000,0.00000000,0.00000000,0.00000000,0.07416926,0.00000000,0.00000000,0.00000000,0.02157414,0.00000000,0.00000000,2.43787113,0.00000000,0.00000000,0.00000000,0.00603836,0.00000000,0.00000000,0.00000000,0.01023586,0.00000000,0.18688071,0.00000000,0.00569231,0.83955178,0.00000000,0.00000000,0.00774851,0.00000000,0.00000000,0.02798731,0.22517379,0.53525770,0.00000000,0.00000000,0.00000000,4.40351768,0.00000000,0.00366294,0.06535895,0.03134014,0.00000000,0.00000000,0.00000000,0.00000000,0.15808988,0.00000000,0.01701825,0.05731036,0.03261437,0.03224348,0.00000000,0.06552898,0.00917320,0.00000000,0.29675935,0.00000000,0.00000000,0.04306851,0.00000000,0.00000000,0.00000000
0.00000000,0.00414112,0.00000000,0.00000000,0.00000000,0.00000000,0.00635104,1.61655363,0.00000000,0.20929216,0.00000000,0.00000000,0.00000000,0.00000000,0.00000000,0.01241931,0.00000000,0.00000000,0.00000000,0.00000000,0.00000000,0.00000000,0.11062061,0.05917489,0.01372940,0.00000000,0.00000000,0.00000000,0.00000000,0.02079105,1.42062846,0.01916426,0.00000000,0.00425809,0.02477734,0.00000000,0.00484039,0.39968246,0.00000000,0.00000000,0.00382204,0.00000000,0.00000000,0.00000000,0.00000000,0.00000000,0.00000000,0.00000000,0.00000000,0.00000000,0.00000000,0.00000000,0.00000000,0.00000000,0.00000000,0.00000000,0.00000000,0.00000000,0.00000000,0.00000000,0.00000000,0.00000000,0.00567138,0.11705241,1.07679671,0.00000000,0.00000000,0.00000000,0.15213814,0.00110598,0.12328041,0.00000000,0.00000000,0.00000000,0.00000000,0.00000000,0.81698128,0.00000000,0.00000000,0.17764902,0.01875353,0.00000000,0.00000000,0.00324360,0.32133393,0.00000000,0.00000000,0.90899528,0.28855813,0.00000000,0.10682705,0.06714515,0.00000000,0.00000000,0.04402858,0.00000000,0.01320246,0.50330540,0.00000000,0.00000000,0.02140796,0.03082852,0.02047356,0.00881848,0.10436055,0.00000000,0.03213673,0.40460517,0.00000000,0.00000000,0.00000000,0.00000000,0.00593328,0.00000000,0.00000000,0.00000000,0.00171624,0.00067957,0.00000000,0.06134255,0.74943257,0.00652352
0.00000000,0.00000000,1.72072381,0.15120587,0.00000000,0.00261413,0.00000000,0.01848274,0.00000000,0.05566105,0.00000000,0.00219655,7.76011394,0.00000000,0.00000000,0.00000000,0.00000000,0.55911345,0.00000000,0.00000000,0.00000000,0.00000000,0.00000000,0.00000000,0.00000000,0.16188282,0.09977099,0.00000000,0.00000000,0.00000000,0.00000000,0.00000000,0.00000000,0.00000000,6.13856575,0.00000000,0.00000000,0.00000000,0.00000000,0.00000000,0.00000000,0.00000000,0.00000000,0.03665282,0.00000000,0.12667666,0.00000000,0.00000000,0.07836218,0.01237532,0.00000000,0.00000000,0.86622725,0.03919398,0.00496944,0.00000000,0.36139607,0.00000000,0.00000000,0.00000000,0.00000000,0.00000000,0.00000000,0.00000000,0.00000000,0.02434876,0.00000000,0.00000000,0.00000000,0.00000000,0.00000000,0.00000000,0.00000000,0.00000000,0.00341605,0.10232348,0.00000000,6.91286613,0.00000000,0.00000000,0.59076908,0.00000000,0.07202558,0.15116926,0.00000000,0.27390686,0.00000000,0.00000000,0.05734759,0.21646461,0.00000000,0.00000000,0.36890267,0.00000000,0.00000000,0.00000000,0.00000000,0.00000000,0.06532680,0.00000000,0.00000000,0.04534257,0.00000000,2.14456647,0.00925034,0.01947648,0.00000000,0.00432217,0.00000000,0.00159000,0.07371732,0.03486134,0.00000000,0.08092816,0.00000000,0.00634904,0.01278401,3.32433862,0.00000000,0.00736457,0.00000000,42.41739863
0.01128436,0.00000000,0.00000000,0.00000000,0.00000000,0.00000000,0.00000000,0.00000000,3.16085647,0.00660033,0.02901177,0.17490853,0.00000000,0.00000000,0.00000000,0.19671316,0.01456389,0.00000000,0.00000000,0.00720834,0.26921012,0.00000000,0.00000000,0.00000000,0.46909984,0.00000000,0.00000000,0.00000000,0.00000000,0.00000000,0.00258050,0.00000000,0.00000000,0.00000000,0.00000000,0.00966372,0.00000000,0.00000000,0.00000000,0.00000000,0.11568005,0.00000000,0.00000000,0.00000000,0.00000000,0.00000000,0.00433121,0.00000000,0.00000000,0.00000000,0.00000000,0.86622725,0.00000000,0.00000000,0.00000000,0.00503518,0.00000000,0.00000000,0.00000000,0.00782158,0.00000000,0.00000000,0.00000000,0.00000000,0.00000000,0.00000000,0.00000000,0.00151845,0.00000000,0.00000000,0.41871424,0.00000000,0.00000000,0.00000000,0.04170464,0.00000000,0.00000000,0.00000000,0.00000000,0.00000000,0.00000000,0.68523081,0.00000000,0.00000000,0.00000000,0.00000000,0.00000000,0.87577865,0.00000000,0.01047906,0.00000000,0.00000000,0.00603572,0.00000000,0.61547207,0.00000000,0.58745036,0.19966383,0.09589668,0.00000000,0.00000000,0.07811056,0.00000000,0.00133542,0.00000000,0.04570194,0.00000000,0.00000000,0.00000000,0.00000000,0.00000000,0.09647590,0.00000000,0.01120981,0.00143661,0.03300499,0.00000000,0.00698261,0.02768252,0.05444944,0.00000000,0.00000000
0.00000000,0.00000000,0.48539325,0.19509512,3.59015910,0.00552233,0.00000000,0.00000000,0.00000000,0.00000000,0.00000000,0.00000000,0.00000000,0.00000000,0.00000000,0.00000000,0.00000000,0.00000000,0.00000000,0.00000000,0.00000000,0.00000000,0.00000000,0.00000000,0.10123299,0.00352173,0.00000000,0.00000000,0.22477443,0.00000000,0.00000000,0.07287510,0.00245180,0.00216966,0.34085698,0.56364271,0.00000000,0.00000000,0.00000000,0.00000000,0.04633464,0.00886105,0.00000000,0.00000000,0.00000000,0.00000000,0.00449527,0.43844349,0.00000000,0.00000000,0.00000000,0.03919398,0.00000000,0.00000000,0.46704928,0.00000000,0.00000000,0.00000000,0.00000000,0.00000000,0.02268415,0.00000000,0.00000000,0.00000000,0.00000000,0.25515303,0.05613124,0.00874642,0.00000000,0.00000000,0.00000000,0.00000000,0.00000000,0.00000000,0.00000000,0.00000000,0.00000000,0.00000000,0.00000000,0.00000000,0.00000000,0.00314468,0.00000000,0.00000000,0.00000000,0.00000000,1.36956878,0.00000000,0.11811194,3.14916031,0.18543725,1.57273383,0.09085902,0.00000000,4.06935798,0.00000000,0.00000000,0.00684058,0.00000000,0.00000000,0.17221365,0.00000000,0.01268505,0.00000000,0.00000000,0.00747541,0.00000000,0.00000000,0.04173706,0.00198700,0.00000000,22.23358109,0.00619082,0.00000000,0.00654170,0.01494650,0.35975569,0.00000000,0.00000000,0.13001767,0.10407290,0.00000000
0.00000000,0.00000000,0.48798659,0.04086330,0.00602930,0.04187282,0.00000000,0.00271164,0.00000000,0.00888914,0.00511103,0.12046016,0.00000000,0.02149079,0.00000000,0.00000000,1.84433188,0.00000000,0.00000000,0.00789044,0.00000000,0.07888150,5.21979622,0.00354176,0.00000000,0.00000000,0.00000000,0.03118640,0.00000000,0.00000000,0.00000000,0.00000000,0.05757855,0.00000000,0.00000000,0.00000000,0.00000000,0.00000000,0.00000000,0.00000000,0.22661842,0.00000000,0.00000000,0.00000000,0.00000000,0.00000000,0.00000000,0.00000000,0.00000000,0.00000000,0.00000000,0.00496944,0.00000000,0.46704928,0.00000000,0.01837327,0.00000000,0.00000000,0.39307273,0.02596077,22.83216919,0.06510893,0.03926089,0.00000000,0.00000000,0.21633275,0.00000000,0.03925964,1.60157251,0.00000000,0.00000000,0.21883729,0.00000000,0.06749812,0.00000000,0.00000000,0.25617566,3.89921184,0.00088981,6.12072415,0.00000000,0.30500165,0.00000000,0.00000000,0.00000000,0.00000000,0.00000000,0.00000000,0.18288258,0.00536222,0.00000000,0.00000000,0.00000000,1.77634102,0.00000000,0.00358142,0.00000000,0.00000000,0.00000000,0.00000000,0.00000000,0.18814628,0.00000000,0.00810723,0.75017534,3.21680049,0.00000000,0.00000000,0.00000000,0.00000000,0.00000000,0.01160987,0.00084116,0.00477478,0.00000000,0.00000000,0.25393054,0.04530986,1.52760759,0.00000000,0.05598830,0.00000000
0.31196835,0.00000000,0.00000000,0.00000000,0.00000000,0.00000000,0.00000000,0.00000000,0.04238498,0.00000000,0.00000000,0.00000000,0.01979411,0.00000000,0.00000000,0.00000000,0.50443121,0.00671904,0.53086547,0.00000000,0.26124933,0.02222456,0.00000000,1.14678478,0.00000000,0.00217329,0.00000000,0.32293968,0.01757277,0.00000000,0.00000000,0.00000000,0.15453178,0.00000000,0.00000000,0.00000000,0.02867332,0.00000000,0.00641469,1.83570509,0.00000000,0.00000000,0.07230227,0.13953649,0.00232171,0.00000000,0.00000000,0.00000000,0.00000000,0.00000000,0.00000000,0.00000000,0.00503518,0.00000000,0.01837327,0.00000000,0.07975921,0.00000000,0.00178035,0.00000000,0.02112286,0.00000000,0.00000000,0.00000000,0.00000000,0.00192725,0.00000000,0.00781956,0.11705172,0.31196835,0.00000000,0.00000000,0.00000000,0.00816401,0.00000000,0.00000000,0.00000000,0.01149366,0.00000000,0.16726759,0.00000000,0.01128436,0.00000000,0.00000000,0.31986561,0.00000000,0.00000000,2.19666325,0.00000000,0.00399703,0.00000000,0.00000000,0.00000000,0.00000000,0.01063776,0.00000000,0.00000000,0.00107358,0.00000000,0.00000000,0.00000000,0.00000000,0.21213457,0.00000000,5.52816997,3.25126609,0.11083342,0.00000000,0.00000000,0.00000000,0.00000000,0.00000000,0.00000000,34.96962877,0.00000000,0.00000000,0.00000000,0.00000000,0.00000000,0.00594422,0.01189470,0.00000000
0.00594422,0.23187414,0.00000000,0.00000000,0.06954871,0.00000000,0.00000000,0.00000000,0.00000000,0.03603655,0.00248815,0.00000000,0.00000000,0.00000000,0.00000000,0.01056516,0.47264291,0.00000000,0.00000000,0.00000000,0.00000000,0.00000000,0.00000000,0.00000000,0.00000000,0.02030092,0.00000000,0.01720002,0.00400209,0.00000000,0.00000000,0.00000000,0.00000000,0.00000000,0.10089276,0.00000000,0.00000000,0.00759750,0.00000000,0.00000000,0.00000000,0.13076938,0.22887697,0.00000000,0.00000000,0.09271092,0.28737519,0.15396481,0.56019540,0.03110815,0.00000000,0.36139607,0.00000000,0.00000000,0.00000000,0.07975921,0.00000000,0.00000000,0.00000000,0.00000000,3.42623564,0.00000000,0.00000000,0.37031310,0.00000000,0.06125942,0.03455146,0.00000000,0.00000000,0.00887309,0.00125760,0.00000000,5.26376059,0.01357205,0.00455557,0.00000000,2.82319302,0.00000000,0.12451173,0.00000000,0.00000000,0.00000000,0.00000000,0.00000000,0.00000000,0.00145810,0.00000000,0.00975532,0.00000000,0.00000000,1.25679593,0.00000000,0.00000000,0.00000000,0.00000000,0.34412250,0.00000000,0.00000000,0.00000000,0.00000000,0.06232475,0.08997858,3.85695932,0.00000000,0.00000000,0.00234928,0.00000000,0.02694379,0.51596272,0.00000000,0.00441831,0.00000000,0.00000000,0.00000000,0.00414112,0.03955621,0.17086113,0.00000000,0.00000000,0.00000000,0.00551532,0.00000000
22.83216919,0.08997858,0.00000000,0.08078530,0.00160326,0.00000000,0.00824036,0.00000000,0.00177813,0.00000000,0.00000000,0.00000000,0.00333862,0.00000000,0.05054430,0.00000000,0.00000000,0.01144661,0.01254057,0.09330941,0.00000000,0.00000000,0.00000000,0.00000000,0.00519395,0.13771482,0.00000000,0.00449561,0.00000000,0.00000000,0.00000000,0.04265560,0.07129701,0.00000000,0.03037099,0.00000000,0.00000000,0.00000000,0.00000000,0.01146366,0.00000000,0.00000000,0.00000000,0.00000000,0.00000000,0.02530527,4.90260592,0.03754425,0.00000000,0.00000000,0.00000000,0.00000000,0.00000000,0.00000000,0.00000000,0.00000000,0.00000000,0.00000000,0.06055456,0.00000000,0.00000000,0.23187414,0.00000000,0.00000000,0.02279488,27.26624073,0.02282123,0.00000000,0.00000000,0.00000000,0.22057556,0.00000000,0.01774916,0.00000000,0.00000000,0.05785422,0.01843465,0.04416065,0.24806253,0.00000000,0.00000000,0.00000000,0.00000000,0.00000000,0.00658984,0.00000000,0.00000000,0.00000000,0.18177154,0.03087312,0.00000000,0.00000000,0.00000000,0.02862480,0.00000000,0.17067164,0.00000000,0.00000000,0.00000000,0.00000000,0.00000000,0.00000000,0.00000000,0.00564311,4.64208212,0.01851486,0.42200273,0.08839279,0.00000000,0.00000000,0.00000000,0.04247298,0.00000000,0.26492642,2.71415579,0.00000000,0.00567396,0.00000000,0.00000000,0.01910385,0.00000000,0.00000000
0.00000000,0.00000000,0.00000000,0.07663130,0.00000000,0.00000000,0.00000000,0.00774026,0.00000000,0.00000000,0.00000000,0.00000000,0.00519022,0.41747968,0.00000000,0.06724343,0.00000000,0.00000000,0.00000000,0.54822933,0.00000000,0.00000000,0.00000000,0.00000000,4.36510511,0.00000000,0.00000000,0.00000000,0.00000000,0.00000000,0.00084032,0.00000000,0.00000000,0.00000000,0.00000000,0.00000000,0.00404785,0.00000000,0.00000000,0.00000000,0.00278541,12.65732925,0.00000000,0.00000000,0.00000000,0.00000000,0.00000000,0.00000000,0.00000000,0.00000000,0.00000000,0.00000000,0.00000000,0.00000000,0.39307273,0.00178035,0.00000000,0.06055456,0.00000000,0.03883794,0.00000000,0.00000000,0.00000000,0.00000000,0.00000000,0.00000000,0.00000000,0.48539325,0.00000000,0.23822248,0.48798659,0.00000000,0.00000000,0.00000000,0.00000000,0.02586336,0.00000000,0.00000000,0.00393650,0.00000000,0.00000000,0.06891157,0.00000000,0.00000000,0.00000000,0.06774003,0.00000000,0.00000000,0.00000000,0.00000000,0.33609940,0.00000000,0.00000000,0.00252426,0.00000000,0.00000000,0.00000000,0.09165200,0.00000000,0.04280662,0.00000000,0.00000000,0.00000000,0.00000000,0.00000000,0.00000000,0.05554520,0.00000000,0.13901896,0.00000000,0.00000000,0.47196077,0.00000000,0.29853422,0.02123413,0.00000000,0.00000000,0.00000000,0.10513877,0.06903819,0.00000000,0.00000000
0.00000000,0.42200273,0.00000000,0.01500086,5.18279373,8.54128477,0.00000000,0.00162454,0.00000000,0.00000000,0.00000000,0.66208165,0.00000000,0.00000000,0.15021176,0.97845483,0.00544452,0.12267163,0.00000000,1.06056834,3.13302282,0.15168647,0.00000000,0.06320889,0.00000000,0.00000000,0.00000000,0.10670789,1.56130930,0.00744830,0.82630210,0.04455931,0.00000000,0.07321216,0.00000000,0.00000000,0.00000000,0.03925751,0.02470154,0.00000000,0.11285187,0.00000000,0.00000000,1.42789935,0.00000000,5.29217307,0.00000000,0.03011502,0.00000000,0.00000000,0.00000000,0.00000000,0.00782158,0.00000000,0.02596077,0.00000000,0.00000000,0.00000000,0.03883794,0.00000000,0.00378490,0.00000000,0.00000000,0.00000000,0.16665770,0.23484106,0.14073676,0.00000000,0.00000000,1.63748062,0.00000000,0.00000000,0.22707123,0.00000000,0.09271106,0.00000000,0.00081949,1.72770563,0.26319037,0.00000000,0.00000000,0.00000000,0.17194057,0.02850707,0.07663130,1.86378249,0.24769991,0.00000000,0.00000000,0.22444591,0.00000000,0.01129489,0.00000000,0.00000000,0.00000000,0.00000000,0.10063267,0.00000000,0.24809740,0.00000000,0.00000000,0.02637692,0.00000000,0.00601558,0.00325788,0.00000000,0.00000000,0.15120587,0.00000000,0.00000000,0.00000000,0.10155455,0.00000000,0.00000000,0.01793216,0.00000000,0.05873708,0.00277908,0.00000000,1.72072381,0.00000000,0.00000000
0.00000000,0.00000000,0.00277908,0.14186356,0.00000000,0.20313793,0.00594173,0.00000000,0.00000000,0.00000000,0.00000000,0.00000000,0.00000000,0.00000000,0.30623196,0.00000000,0.41799493,0.00000000,0.00000000,0.00298708,0.00000000,0.03692612,0.07369013,0.00000000,0.00000000,0.00000000,0.00000000,0.99946873,0.00000000,0.00000000,0.00000000,0.00000000,0.00176195,0.09114911,0.00000000,0.00000000,0.00000000,0.00325015,0.00000000,0.08654413,0.00000000,0.01278416,0.00000000,0.00000000,0.00000000,0.00000000,0.00000000,2.53626782,0.00000000,0.00000000,0.00000000,0.00000000,0.00000000,0.02268415,22.83216919,0.02112286,3.42623564,0.00000000,0.00000000,0.00378490,0.00000000,0.00000000,0.00000000,0.00000000,0.00000000,0.00000000,0.00000000,0.01475781,0.00000000,0.00000000,0.00000000,0.00294573,0.07061541,0.39076719,0.00000000,0.00719826,0.06396352,0.00000000,0.00000000,0.00000000,0.00000000,0.00000000,0.05718792,0.00000000,0.00682386,0.00000000,0.00000000,0.00000000,0.14186356,0.00000000,0.12994781,0.00000000,0.00000000,0.00000000,2.36414108,0.01419306,0.00501605,0.00000000,0.00000000,0.00000000,0.01342343,0.00000000,0.15595691,0.00000000,0.00000000,0.00000000,0.00920760,0.00000000,0.13847559,7.96306879,0.00000000,0.08148490,0.00000000,0.00000000,0.00000000,0.00000000,0.00000000,0.00000000,0.00000000,0.00000000,0.00000000,3.38077272
0.00000000,0.00000000,0.00000000,0.00000000,0.02801988,0.00000000,0.03468588,0.00000000,0.00662560,0.00000000,0.00000000,0.00000000,0.12920797,0.00660430,0.00533254,0.00000000,0.05107767,0.01134977,0.00000000,0.13227684,0.00000000,0.37605104,0.06164269,0.00000000,0.00000000,0.00000000,0.00000000,0.04779232,0.00000000,0.00000000,0.00000000,0.00000000,0.00000000,0.00000000,0.00000000,0.00000000,0.00000000,0.00000000,0.00000000,0.00000000,0.24504226,0.00000000,0.00000000,0.00000000,0.04574597,1.82456568,0.00000000,0.00000000,0.00535752,0.00000000,0.00000000,0.00000000,0.00000000,0.00000000,0.06510893,0.00000000,0.00000000,0.23187414,0.00000000,0.00000000,0.00000000,0.00000000,0.00000000,0.03990402,0.00088199,0.22018715,0.00000000,0.00000000,0.11309569,0.00000000,0.00160326,0.00000000,0.00000000,0.00000000,0.00000000,0.54362831,0.00000000,0.03310280,0.00000000,0.00267977,0.00000000,0.08078530,0.00000000,0.00000000,0.00000000,0.00000000,0.00000000,0.00000000,0.00000000,0.00000000,0.00000000,0.00000000,0.00000000,0.00000000,0.00000000,0.08357800,0.00000000,0.00387957,0.00000000,0.00000000,0.00000000,0.00000000,3.85863767,0.03249230,0.00000000,0.01500086,0.00000000,0.04086330,0.19509512,0.46216357,3.66996328,0.00000000,0.00000000,0.00147112,0.00000000,0.59798005,0.00000000,0.21400317,0.00000000,0.00000000,0.00000000,0.00000000
0.00000000,0.01357205,0.00000000,1.72770563,0.00000000,0.00000000,1.17752599,0.07536070,0.35668695,0.00000000,0.00000000,0.02883260,0.02837163,0.00000000,0.35750258,0.00000000,0.00000000,0.02978202,0.00000000,0.00000000,0.05235354,0.01461054,0.00000000,0.00000000,0.01454064,0.96836859,0.00000000,0.32564595,0.00000000,0.00000000,0.00000000,0.24331897,0.00000000,0.00000000,0.00000000,0.01385333,0.00889802,0.00000000,0.00114181,0.00000000,2.34725230,0.35901909,4.20712826,0.00000000,0.00526514,0.00000000,0.24817869,0.00000000,0.00000000,0.00000000,0.00567138,0.00000000,0.00000000,0.00000000,0.03926089,0.00000000,0.00000000,0.00000000,0.00000000,0.00000000,0.00000000,0.00000000,0.00000000,0.00000000,0.00000000,0.00000000,0.00000000,0.00000000,0.82246969,0.00000000,0.00000000,0.00000000,0.22365458,0.00000000,0.00000000,0.00000000,0.00000000,0.02139126,0.18406220,0.00000000,0.00000000,0.00000000,0.14322272,0.00000000,0.00000000,0.02198407,0.00000000,0.47804228,0.00000000,0.00602930,0.00000000,0.00000000,0.00000000,0.02801988,3.59015910,0.02276060,0.00067471,2.98513221,0.20954456,0.00000000,0.00000000,0.05090804,0.00000000,0.00000000,0.14850276,0.06954871,0.00000000,0.00000000,0.00000000,0.00000000,0.00000000,0.00000000,0.00127504,0.00255841,0.00133762,0.00000000,0.00000000,0.00000000,0.00000000,0.00000000,0.00000000,0.03614424
0.00000000,0.00000000,0.00000000,0.00000000,0.00000000,0.00000000,0.00000000,0.00000000,0.00000000,0.00000000,0.00000000,0.00000000,0.46124956,9.50701917,0.00000000,0.08833750,0.00000000,0.00000000,0.01569855,0.08160087,5.47265876,0.04372216,0.01854680,0.00000000,0.00000000,0.05338871,0.00000000,0.01536333,0.00000000,0.00000000,0.00000000,0.00000000,0.00000000,0.03283772,0.00000000,0.00000000,0.00000000,0.00000000,0.24968225,0.00711612,0.00000000,0.00000000,0.00000000,0.00000000,0.00000000,0.00000000,0.00000000,0.00000000,0.00000000,0.00000000,0.11705241,0.00000000,0.00000000,0.00000000,0.00000000,0.00000000,0.37031310,0.00000000,0.00000000,0.00000000,0.00000000,0.03990402,0.00000000,0.00000000,0.01308846,0.00000000,22.01687981,0.00000000,0.00000000,0.00000000,0.00000000,0.00261413,0.20313793,0.00000000,0.00000000,0.00627612,0.00000000,0.00000000,0.00000000,0.00000000,0.02014688,0.02765660,0.00000000,0.20756448,0.00000000,0.00000000,0.08962647,0.00416230,0.00000000,0.00000000,0.00190384,0.00162933,5.18279373,0.23965761,0.00000000,0.38449902,0.15452108,0.00000000,0.00000000,0.11326943,0.00000000,0.00000000,0.00000000,0.00000000,0.25268440,0.00000000,0.00000000,0.19627753,0.00000000,0.14930352,0.00000000,0.00000000,0.00000000,0.17399367,0.00000000,0.00000000,0.00000000,0.00000000,0.00000000,0.10114875,0.00000000,3.70717634
0.00000000,3.85695932,0.00000000,0.00000000,0.82246969,0.00000000,0.00000000,0.00000000,0.00000000,0.00158805,0.00000000,0.00000000,0.00000000,0.00000000,0.00000000,0.00000000,0.00000000,0.00000000,0.00000000,0.01416759,0.00000000,0.00000000,0.07152203,0.00000000,0.03062019,0.05322205,0.00000000,0.00000000,0.02928657,0.00000000,0.00000000,0.00000000,0.00000000,0.03010381,0.05063708,0.00000000,0.00000000,0.00000000,0.00000000,0.00000000,0.00000000,0.00000000,0.00000000,0.00000000,0.34724490,0.00000000,0.00000000,0.00000000,0.00000000,0.07416926,1.07679671,0.00000000,0.00000000,0.00000000,0.00000000,0.00000000,0.00000000,0.02279488,0.00000000,0.16665770,0.00000000,0.00088199,0.00000000,0.01308846,0.00000000,0.00000000,0.00487123,0.01806444,0.03646908,0.00000000,0.00000000,0.00000000,0.03034630,0.28418977,0.00000000,0.00000000,0.00000000,0.00000000,0.00000000,0.05115809,0.00000000,0.02190662,0.00000000,0.00000000,0.00573648,0.04187282,0.00179305,0.00000000,0.08709426,0.00000000,0.00000000,0.01299324,0.07201307,0.00000000,0.00381615,0.00000000,0.00000000,0.00000000,0.00000000,0.33245767,0.00000000,0.00000000,0.00000000,0.00000000,0.25155034,0.00000000,0.00000000,0.00544241,0.00552233,0.00000000,0.00000000,8.54128477,0.00000000,0.00000000,0.00000000,0.00000000,0.25427038,0.00000000,3.97749980,0.00274384,0.00523144,0.00000000
0.21213457,0.00000000,0.00000000,0.00501605,0.00000000,0.08004729,0.06221455,0.00000000,0.01787167,0.00000000,0.00000000,0.00000000,0.00000000,0.07679177,0.00000000,0.00000000,0.00000000,0.00000000,0.00644670,0.00000000,0.00000000,0.01110389,0.00431206,0.00000000,0.87111252,0.61636291,0.20511952,0.00246375,0.00000000,0.00263729,0.04100969,0.00961036,0.00000000,0.00405207,0.00000000,0.30561541,0.00000000,0.23395873,0.00000000,0.00095128,0.00789252,0.00000000,0.00000000,0.03030919,0.02873045,0.07355981,0.00000000,0.00000000,0.00000000,0.00000000,0.00000000,0.02434876,0.00000000,0.25515303,0.21633275,0.00192725,0.06125942,27.26624073,0.00000000,0.23484106,0.00000000,0.22018715,0.00000000,0.00000000,0.00000000,0.00000000,0.00000000,0.00000000,0.00000000,0.00000000,0.00000000,5.77884972,0.00000000,0.24536281,0.00000000,0.00000000,0.00377271,0.00000000,0.00000000,1.45002027,0.14647747,0.08004729,0.20311873,0.00000000,0.00000000,0.09908494,0.15481064,0.02411445,0.00000000,0.00000000,0.01313722,0.00000000,0.00000000,0.00000000,0.03468588,4.64000115,0.00000000,0.00161952,0.00741916,0.33750180,0.00000000,0.00000000,0.35845701,0.43021387,0.37573451,0.00000000,0.06221455,0.00000000,0.00000000,0.00000000,0.00000000,0.00552927,0.00000000,0.00000000,1.38221430,0.00000000,0.01836751,0.00000000,0.00000000,0.00000000,0.04765015,0.21053209
0.00000000,0.00000000,0.00000000,0.00000000,0.00000000,0.00573648,0.00000000,0.14126737,0.00000000,0.00944040,4.64484148,0.01024743,0.00000000,0.00000000,0.00000000,0.00000000,0.00000000,0.00000000,0.00000000,0.00000000,0.00000000,0.00139747,2.61207883,0.00000000,0.00000000,0.01281714,0.00000000,0.00000000,0.02900274,0.00000000,0.00806321,0.18005338,0.00000000,1.81491745,0.00000000,0.00000000,0.23705535,0.00000000,0.00000000,0.00000000,0.00736100,0.00000000,0.00000000,0.00000000,0.00000000,0.00000000,0.00000000,0.00000000,0.18417748,0.00000000,0.00000000,0.00000000,0.00000000,0.05613124,0.00000000,0.00000000,0.03455146,0.02282123,0.00000000,0.14073676,0.00000000,0.00000000,0.00000000,22.01687981,0.00487123,0.00000000,0.00000000,0.00000000,0.00000000,0.00000000,0.00177363,0.00000000,0.15885986,0.00000000,0.00000000,0.14250582,0.00000000,0.00000000,0.00000000,0.21495463,0.00000000,0.00000000,0.23151827,0.00000000,0.08494218,0.00000000,0.00000000,0.00824036,0.00135982,0.00000000,0.00000000,0.00094057,0.00000000,0.00000000,0.00000000,0.00000000,0.00000000,0.00000000,0.01765611,0.00000000,0.00000000,0.00000000,0.00000000,0.00000000,0.00000000,0.00000000,0.00000000,0.00000000,0.00000000,0.00345521,0.00000000,0.19802888,0.00000000,0.27080884,0.00000000,0.00594173,0.02212716,0.00224582,0.00119284,0.36442852,0.00000000,0.00000000
0.30500165,0.00000000,0.00000000,0.00000000,0.20756448,0.02190662,0.00000000,0.62611397,0.23613478,0.00000000,0.00000000,0.00000000,0.02108086,0.13002201,0.01248493,0.27777092,2.53770809,0.04886887,0.00000000,0.31489136,0.00000000,0.00000000,0.00000000,0.00000000,0.00000000,0.01081542,0.00000000,0.00000000,0.00000000,0.00000000,0.00155987,0.00000000,0.00000000,0.05731174,0.00000000,0.78227703,0.00000000,0.00000000,0.00000000,0.00000000,0.17070073,0.00000000,0.00000000,0.00000000,0.00171407,0.00000000,0.00000000,0.00000000,0.00000000,0.00000000,0.00000000,0.00000000,0.00151845,0.00874642,0.03925964,0.00781956,0.00000000,0.00000000,0.48539325,0.00000000,0.01475781,0.00000000,0.00000000,0.00000000,0.01806444,0.00000000,0.00000000,0.00000000,0.01682566,0.00000000,0.00000000,0.00635104,3.67076676,0.01062280,0.00000000,0.00000000,0.00000000,0.00000000,0.00518990,0.00000000,0.00000000,0.00000000,0.00000000,0.12844628,0.00000000,0.00000000,0.00000000,0.00000000,0.00000000,0.00000000,0.00000000,0.03196353,0.00000000,0.00492507,0.42101173,0.00000000,0.00000000,0.00000000,0.03014401,0.00000000,1.17752599,0.00186496,0.00000000,0.00000000,0.00000000,0.00000000,0.00000000,0.00000000,0.00000000,0.00000000,0.14009863,0.00000000,0.00000000,0.00000000,0.00000000,0.00000000,0.00364591,0.00000000,0.00000000,0.02927886,0.00000000,0.02952428
0.00816401,0.00000000,0.00000000,0.00000000,0.14850276,1.45002027,0.00518990,0.09632515,0.00700303,0.08726600,0.00472884,0.02577005,0.00000000,0.00000000,0.39174499,0.00000000,0.29425662,0.00000000,0.00000000,0.00000000,0.12500567,0.00471161,0.55459159,0.00000000,0.00000000,0.00492550,0.00000000,0.00000000,0.00000000,0.00310998,0.02189373,0.00000000,0.11520103,0.10974759,0.00000000,0.00000000,0.00000000,0.04760164,0.32767905,0.00000000,0.00000000,0.00000000,0.00000000,0.00000000,0.00000000,0.00000000,0.00000000,0.00000000,0.16694105,0.02157414,0.15213814,0.00000000,0.00000000,0.00000000,1.60157251,0.11705172,0.00000000,0.00000000,0.00000000,0.00000000,0.00000000,0.11309569,0.82246969,0.00000000,0.03646908,0.00000000,0.00000000,0.01682566,0.00000000,0.00000000,0.00000000,0.00000000,0.00000000,0.06620359,0.01865154,0.00000000,0.00000000,0.01501320,0.00000000,0.00000000,0.00000000,0.00000000,0.00000000,0.00760644,0.00000000,0.03243015,0.00000000,0.00000000,0.01821758,0.00000000,0.01631750,0.00000000,0.01500909,2.29155942,0.00000000,0.00000000,0.00000000,0.00000000,0.00000000,0.01578472,0.00271164,0.00000000,0.00000000,0.00000000,0.00000000,0.05997855,0.13889067,0.00000000,0.62611397,4.17924980,0.00385556,0.00000000,0.00000000,0.00774026,0.00286102,0.01509302,0.00000000,0.06403788,0.00000000,0.00732878,0.00000000,0.07536070
0.00000000,0.02694379,0.00000000,0.00000000,0.38449902,0.00000000,0.00000000,0.00000000,0.00000000,0.00000000,0.00000000,0.00000000,0.00000000,3.02460112,0.22695666,0.00000000,0.03354548,0.00000000,0.00000000,0.00000000,0.00000000,0.01542756,0.00000000,0.00000000,0.00000000,0.00000000,0.00000000,0.64367508,0.00000000,0.00000000,0.00856125,0.01653247,0.00000000,0.13341024,0.00000000,0.00000000,0.00000000,0.00000000,0.00000000,0.10703771,0.00000000,3.41605535,0.00000000,0.00000000,0.00000000,0.00000000,0.00000000,0.10866968,0.00197021,0.00000000,0.00110598,0.00000000,0.00000000,0.00000000,0.00000000,0.31196835,0.00887309,0.00000000,0.23822248,1.63748062,0.00000000,0.00000000,0.00000000,0.00000000,0.00000000,0.00000000,0.00000000,0.00000000,0.00000000,0.00000000,0.00000000,0.01886761,0.08637401,0.00000000,0.00000000,0.00000000,0.00000000,0.00000000,0.00000000,0.00000000,0.00319047,0.12227041,0.00000000,0.00000000,0.37375785,0.00000000,0.00734232,0.00000000,0.00000000,0.00464198,0.27752040,0.00000000,1.61655363,0.00000000,0.00000000,0.00000000,0.00000000,0.00000000,0.21823570,0.08326769,0.00000000,0.00000000,0.00000000,0.00000000,0.17874731,0.00000000,0.00000000,0.00000000,0.00000000,0.00000000,0.84393107,0.00000000,0.00162454,0.00000000,0.14126737,0.01848274,0.00000000,0.00000000,0.00000000,0.00000000,0.09632515,0.00000000
0.02112286,4.64208212,0.00000000,0.00000000,0.00627612,0.25427038,0.00000000,0.00000000,0.02772145,3.45771274,0.00000000,0.20432812,0.00000000,0.00000000,0.00000000,0.00000000,0.00000000,0.07727297,0.00000000,0.00000000,0.00000000,0.00000000,0.36665902,0.00445304,1.40907208,0.00000000,0.00733541,0.00000000,0.00426544,0.07148920,0.00000000,0.00000000,0.00000000,0.00000000,0.35139014,0.02086233,0.20545304,0.01903869,0.00767082,0.00000000,0.00000000,0.00000000,0.00000000,0.03443180,0.01866431,0.06100432,0.00000000,0.00000000,0.56649171,0.00000000,0.12328041,0.00000000,0.41871424,0.00000000,0.00000000,0.00000000,0.00125760,0.22057556,0.48798659,0.00000000,0.00000000,0.00160326,0.00000000,0.00000000,0.00000000,0.00000000,0.00177363,0.00000000,0.00000000,0.00000000,0.00000000,0.03867069,0.00000000,0.00000000,0.10798566,0.11409871,0.04238498,0.00700303,0.00000000,0.00000000,0.00000000,0.00000000,0.00000000,0.00000000,0.00000000,0.00000000,0.00000000,5.08765464,0.00000000,0.31877746,0.13369029,0.00000000,0.00000000,0.00715318,0.00000000,0.00000000,0.00000000,0.00000000,0.00000000,0.00000000,0.00000000,0.00000000,0.73344202,0.00000000,0.00000000,0.22429247,0.00000000,3.16085647,2.38458426,0.00000000,0.00662560,0.03098489,0.00000000,0.00250353,0.00000000,0.00629534,0.00336550,0.00717079,0.00000000,1.09695748,0.25776152,0.01787167
0.00000000,0.00000000,0.06903819,0.08148490,22.01687981,0.00000000,0.15885986,0.00000000,0.31877746,0.00000000,0.00000000,0.00000000,0.00000000,0.00000000,0.00000000,0.00000000,0.00000000,0.00000000,0.00000000,0.00000000,0.00396897,0.00000000,0.19560784,0.00000000,0.02751816,0.00000000,0.00000000,0.00000000,0.13255437,0.98522155,0.00000000,0.00000000,0.00000000,0.00000000,0.00000000,0.00000000,0.13623962,0.00000000,0.35034465,2.13686237,0.00000000,0.00000000,0.00000000,0.00000000,0.00677689,0.00000000,0.00000000,0.05339262,2.86730273,2.43787113,0.00000000,0.00000000,0.00000000,0.00000000,0.21883729,0.00000000,0.00000000,0.00000000,0.00000000,0.00000000,0.00294573,0.00000000,0.00000000,0.00261413,0.00000000,5.77884972,0.00000000,0.00635104,0.00000000,0.01886761,0.03867069,0.00000000,0.00000000,0.00000000,0.00000000,1.58328109,0.00000000,0.00177813,0.00000000,0.00000000,0.00000000,0.00771972,0.00000000,0.35668695,0.00000000,0.23613478,0.00000000,1.00365656,0.00000000,0.00000000,0.00000000,0.00000000,0.42014439,0.00000000,0.00000000,0.00000000,0.00000000,0.21054331,0.00000000,0.00000000,8.99486144,0.12141302,0.02867129,0.02772145,0.35055072,0.00000000,0.00000000,0.00000000,0.00000000,0.00000000,0.00000000,0.00000000,0.51391218,0.00399690,0.00000000,0.02591866,1.75097423,0.00000000,0.00000000,0.00000000,0.00000000,0.10106800
0.00000000,0.37031310,0.06055456,0.00000000,0.47804228,0.00162933,0.00000000,0.00000000,0.00000000,1.12605633,0.00000000,0.00000000,0.31004528,0.00974510,0.00000000,0.00914703,0.00000000,0.59401584,0.10236082,0.00000000,4.19160034,0.89263271,0.00000000,0.00000000,0.00000000,0.00208323,0.00240592,0.00000000,0.00000000,0.29397648,0.00000000,0.16848489,0.00000000,0.00668117,0.00000000,0.00000000,0.03206960,0.33069599,0.02064637,0.00000000,0.00000000,0.00000000,0.00000000,0.00000000,0.00000000,0.00000000,0.00000000,0.03759711,0.00000000,0.00000000,0.00000000,0.00000000,0.00000000,0.00000000,0.00000000,0.00000000,5.26376059,0.01774916,0.00000000,0.22707123,0.07061541,0.00000000,0.22365458,0.20313793,0.03034630,0.00000000,0.15885986,3.67076676,0.00000000,0.08637401,0.00000000,0.00000000,0.00000000,0.03030811,0.00000000,0.00000000,0.00708384,0.00322594,0.00000000,0.00000000,0.00000000,0.08726600,0.00000000,0.00000000,0.00888914,0.00000000,0.00000000,1.12605633,0.02034239,0.00000000,0.00000000,0.00000000,0.00087092,0.01007411,0.00000000,0.03386114,0.00000000,0.00000000,0.00000000,0.00000000,0.00158805,0.00000000,0.00000000,0.00000000,0.13410801,0.00000000,0.00113768,0.00000000,0.00000000,0.00000000,0.68266804,2.05928010,0.00000000,0.83325049,0.00000000,7.69663979,0.00000000,0.03603655,0.15581595,0.00000000,0.10902672,0.00000000
0.00000000,0.00000000,0.06774003,0.00000000,0.00000000,0.00000000,0.00000000,0.00385556,0.00000000,0.00000000,0.00124489,0.00000000,0.00000000,0.00000000,0.00000000,0.00000000,0.00432315,0.06664376,0.42137903,0.00000000,0.00000000,0.00000000,0.05274890,0.09060420,0.00000000,0.00000000,0.00000000,1.73608603,0.00000000,0.00000000,0.01959316,0.00000000,1.61218761,0.00330410,0.05814401,0.00000000,0.00000000,0.00000000,0.00000000,0.00556235,0.00000000,0.18037552,0.00000000,0.00000000,0.00000000,0.00000000,0.00000000,0.00000000,0.00000000,0.00000000,0.00000000,0.00000000,0.00000000,0.00000000,0.06749812,0.00816401,0.01357205,0.00000000,0.00000000,0.00000000,0.39076719,0.00000000,0.00000000,0.00000000,0.28418977,0.24536281,0.00000000,0.01062280,0.06620359,0.00000000,0.00000000,0.00000000,0.03030811,0.00000000,0.00000000,0.00000000,0.00000000,0.02039955,0.00000000,0.00000000,0.00000000,0.00000000,0.00000000,0.00000000,0.00000000,0.03488267,0.00000000,0.00000000,0.00000000,0.00000000,0.00000000,0.00000000,0.00000000,0.00000000,0.00000000,0.00000000,0.57982654,3.45771274,1.33228838,0.06568798,0.00000000,0.00000000,0.00000000,0.00000000,0.00000000,0.00000000,0.00000000,0.00000000,0.00000000,0.00660033,0.00105974,0.00000000,0.00000000,0.20929216,0.00000000,0.00000000,0.02656147,0.00000000,0.00000000,0.00000000,0.03347209,0.00941265
0.00358142,0.00000000,0.00567396,0.00000000,0.02139126,0.00000000,0.00000000,0.00000000,0.00000000,0.00837067,0.00000000,0.00000000,0.00000000,0.59780767,0.10625308,4.81500958,0.04658529,0.20145612,0.00000000,0.00000000,0.00000000,0.17285002,0.00000000,0.00000000,0.00000000,0.00000000,0.00000000,0.01138251,0.00000000,1.17470707,0.00000000,0.00000000,0.00000000,0.00000000,0.00000000,0.00000000,0.00000000,0.00000000,0.00000000,0.19667901,0.00000000,0.00000000,0.00178314,0.00000000,0.00000000,0.00000000,0.00000000,0.01261997,0.13249202,0.00000000,0.00000000,0.00341605,0.04170464,0.00000000,0.00000000,0.00000000,0.00455557,0.00000000,0.00000000,0.09271106,0.00000000,0.00000000,0.00000000,0.00000000,0.00000000,0.00000000,0.00000000,0.00000000,0.01865154,0.00000000,0.10798566,0.00000000,0.00000000,0.00000000,0.00000000,0.07950191,0.00472884,0.08604136,0.00000000,0.00000000,0.00000000,0.00000000,0.00124489,0.02901177,0.00000000,0.00000000,0.09428209,0.00000000,0.00000000,0.04683208,0.00944040,0.05797981,0.03052637,0.00000000,0.00000000,0.00837067,0.00000000,4.32578926,0.00000000,0.00000000,0.00000000,0.05696166,0.06405230,0.00000000,4.64484148,0.05566105,0.00000000,0.04583879,0.19856374,2.99230978,0.00000000,0.00000000,0.00000000,0.01217610,0.00000000,0.03492245,0.00000000,0.03415730,0.00000000,0.00000000,0.00000000,0.00000000
0.00000000,27.26624073,0.24809740,0.00000000,0.00000000,0.02765660,0.00000000,0.00000000,0.00000000,0.00000000,0.00000000,0.11298964,0.00000000,0.00000000,0.25556733,0.01051394,0.00000000,0.00000000,0.00000000,0.00245579,0.00000000,0.00000000,0.05314818,0.00000000,0.00000000,0.00000000,1.13028092,0.52707551,0.00157253,0.00000000,0.00000000,0.00000000,0.26238786,0.13286042,0.00000000,0.08582317,0.04133554,0.00000000,0.00846695,0.01799690,0.00000000,0.00000000,0.00647874,0.00000000,0.20849874,0.00000000,2.28168678,0.01032563,2.40480460,0.00603836,0.00000000,0.10232348,0.00000000,0.00000000,0.00000000,0.00000000,0.00000000,0.05785422,0.02586336,0.00000000,0.00719826,0.54362831,0.00000000,0.00627612,0.00000000,0.00000000,0.14250582,0.00000000,0.00000000,0.00000000,0.11409871,1.58328109,0.00000000,0.00000000,0.07950191,0.00000000,0.00000000,0.00000000,0.02875579,0.00000000,0.00497562,0.00000000,0.05132384,0.00000000,0.01063433,0.00000000,0.00000000,0.00000000,0.00000000,0.16526678,0.00511103,0.00000000,0.03006679,0.00000000,0.23268365,0.00000000,0.00173224,0.00000000,0.05990708,0.00000000,0.00331796,0.00000000,0.05757515,0.00000000,0.00000000,0.00000000,0.04773124,0.27481261,0.03664671,0.00000000,0.00000000,0.02027554,0.28876465,0.25091320,0.06378903,0.00000000,0.31447887,0.00000000,0.00000000,0.53747024,0.16546254,0.00000000
0.00000000,3.42623564,0.00000000,0.00000000,0.00000000,0.00000000,0.21053209,0.00000000,0.00250353,0.13410801,0.00000000,0.70207045,0.00000000,0.00000000,0.00964474,0.00000000,0.00000000,0.00000000,0.01488387,0.00000000,1.23749265,0.05166710,0.00000000,0.00000000,0.00000000,0.00000000,0.00000000,0.00000000,0.00000000,0.00000000,0.44357513,0.00000000,0.00000000,0.00525284,0.00000000,0.00000000,0.00000000,0.00000000,0.00252050,0.00000000,0.25282029,0.00000000,0.13958594,0.08711009,0.00000000,0.00000000,0.00000000,0.39361454,0.00000000,0.00000000,0.81698128,0.00000000,0.00000000,0.00000000,0.25617566,0.00000000,2.82319302,0.01843465,0.00000000,0.00081949,0.06396352,0.00000000,0.00000000,0.00000000,0.00000000,0.00377271,0.00000000,0.00000000,0.00000000,0.00000000,0.04238498,0.00000000,0.00708384,0.00000000,0.00472884,0.00000000,0.00000000,0.00000000,0.00000000,0.27798691,0.00000000,0.00000000,0.00000000,0.01555278,0.00000000,0.00000000,1.51921992,0.00000000,0.31288734,0.00000000,0.00000000,0.00000000,0.00000000,0.00000000,0.00000000,1.40795229,0.00000000,0.00000000,0.00000000,8.69915148,0.00000000,0.16824073,0.00000000,0.00248815,0.00000000,0.31549315,0.00000000,0.00000000,0.17490853,0.00000000,0.00000000,0.03046857,0.00869124,0.00000000,0.00000000,0.00000000,0.00000000,0.66208165,0.00000000,0.00073985,0.00000000,0.00000000
0.31986561,0.00000000,0.00000000,0.11309569,0.22018715,0.00000000,0.00000000,0.00000000,0.00000000,0.03030811,0.00000000,3.35381625,0.00000000,0.00000000,0.00240034,0.00162334,3.83770565,0.20871922,0.00000000,0.00000000,0.04577761,0.19676645,0.02622369,0.00000000,0.50329179,0.00000000,0.00000000,0.00975311,0.13024315,0.00000000,0.00000000,0.00000000,0.00000000,0.00000000,9.61343009,0.08175241,0.59059336,0.00000000,0.00000000,0.00000000,0.00000000,0.03222553,7.24471172,0.00000000,0.00000000,0.00000000,0.00000000,0.00000000,0.00000000,0.00000000,0.00000000,6.91286613,0.00000000,0.00000000,3.89921184,0.01149366,0.00000000,0.04416065,0.00000000,1.72770563,0.00000000,0.03310280,0.02139126,0.00000000,0.00000000,0.00000000,0.00000000,0.00000000,0.01501320,0.00000000,0.00700303,0.00177813,0.00322594,0.02039955,0.08604136,0.00000000,0.00000000,0.00000000,5.52092548,0.00000000,0.20432812,0.00000000,0.00144648,0.00000000,0.00000000,0.00000000,3.61405004,0.00000000,3.35381625,0.00000000,0.00000000,0.00000000,0.00000000,0.00000000,0.00682642,0.11298964,0.00827619,0.54750720,0.00000000,0.00836321,0.00000000,0.00000000,0.00000000,0.11753539,0.00000000,0.00000000,0.17137143,0.00000000,0.00000000,0.23208204,0.24832826,0.00000000,0.00000000,0.00000000,0.00000000,0.00000000,0.00000000,0.00000000,0.01557392,0.00000000,0.00000000,0.26237318
0.00000000,0.00000000,0.00000000,0.00000000,0.00000000,0.35845701,0.01765611,0.00000000,0.00000000,0.00000000,0.00000000,0.00000000,1.26228506,0.00540889,0.00000000,0.00000000,0.01895412,0.02138889,0.01087858,2.47301683,0.00000000,0.00000000,0.00000000,0.00000000,0.00000000,0.00000000,0.00000000,0.00000000,0.00000000,0.00000000,0.01610037,0.87597814,0.00000000,0.03056588,0.00000000,0.00000000,0.00000000,0.00000000,0.04095545,0.03110812,0.00000000,0.00000000,0.00376737,0.00000000,0.00000000,0.03484600,0.00000000,3.88073314,0.00000000,0.00000000,0.00000000,0.00000000,0.00000000,0.00000000,0.00088981,0.00000000,0.12451173,0.24806253,0.00393650,0.26319037,0.00000000,0.00000000,0.18406220,0.00000000,0.00000000,0.00000000,0.00000000,0.00518990,0.00000000,0.00000000,0.00000000,0.00000000,0.00000000,0.00000000,0.00000000,0.02875579,0.00000000,5.52092548,0.00000000,0.21431296,0.00000000,0.00000000,0.00000000,0.69599167,0.00000000,0.00454844,0.02883260,0.12046016,0.17855490,0.00000000,0.01418265,0.00000000,0.00000000,0.00000000,0.01024743,0.00000000,0.00000000,0.00000000,0.01004365,0.02577005,0.00000000,0.08270366,0.00000000,0.00000000,5.60844236,0.00000000,0.00000000,0.00000000,0.00219655,0.00000000,0.03676297,0.00000000,0.02921489,0.00362485,0.00000000,0.05340587,0.00000000,0.00000000,0.00000000,0.31004528,0.70207045,0.00000000
0.00000000,0.00000000,0.00000000,0.00000000,0.03310280,0.02014688,0.00000000,0.27752040,0.02867129,0.15581595,0.05757515,0.00000000,0.04381473,0.00000000,0.01202135,8.87394457,0.01370448,0.00250284,1.97895408,0.00443644,0.05333132,0.00000000,0.10049551,0.01072878,0.00000000,0.00000000,0.00281095,0.07373051,0.00000000,0.00000000,0.00000000,0.00000000,0.00000000,0.35259920,0.00000000,0.00000000,0.04064409,0.00000000,0.00000000,0.00000000,0.00052197,0.00000000,0.00144414,0.00000000,0.00000000,0.00000000,0.00731792,0.00728982,0.00000000,0.01023586,0.17764902,0.00000000,0.00000000,0.00000000,6.12072415,0.16726759,0.00000000,0.00000000,0.00000000,0.00000000,0.00000000,0.00267977,0.00000000,0.00000000,0.05115809,1.45002027,0.21495463,0.00000000,0.00000000,0.00000000,0.00000000,0.00000000,0.00000000,0.00000000,0.00000000,0.00000000,0.27798691,0.00000000,0.21431296,0.00000000,0.00000000,0.00000000,0.00000000,0.00000000,0.00000000,0.00000000,0.00000000,0.69182787,0.43998952,0.00000000,0.05585296,7.76011394,0.00000000,0.00000000,0.00000000,0.00000000,0.00000000,0.00000000,0.01457565,0.54075233,0.00000000,0.13834948,0.00000000,0.00000000,0.00000000,0.00000000,0.01979411,0.43717893,0.12920797,0.00000000,0.00000000,1.54428085,1.26228506,0.00000000,0.00000000,0.00000000,0.00000000,0.00518928,0.00000000,0.00000000,0.00000000,0.00000000
5.52816997,0.00000000,0.10513877,0.00000000,0.00000000,0.00000000,0.00000000,0.00000000,0.00000000,0.00000000,0.00000000,0.26237318,0.00000000,0.00474970,0.00000000,0.83922285,0.08067351,0.01274082,0.00317143,0.00000000,0.00068067,1.26483982,0.00000000,0.00000000,0.00000000,0.00000000,0.00000000,0.01029192,0.00000000,0.23745324,0.00000000,0.00000000,0.00000000,0.00000000,0.00000000,0.00000000,0.06454552,0.00000000,0.00962769,0.09859517,0.06181364,0.00000000,0.00000000,0.00000000,0.11130965,0.00000000,0.03425965,0.00000000,0.02978997,0.00000000,0.01875353,0.59076908,0.00000000,0.00000000,0.00000000,0.00000000,0.00000000,0.00000000,0.00000000,0.00000000,0.00000000,0.00000000,0.00000000,0.02014688,0.00000000,0.14647747,0.00000000,0.00000000,0.00000000,0.00319047,0.00000000,0.00000000,0.00000000,0.00000000,0.00000000,0.00497562,0.00000000,0.20432812,0.00000000,0.00000000,0.00000000,0.00716822,1.95824280,0.00000000,0.00000000,0.00000000,0.00000000,0.00000000,0.00000000,0.00000000,0.11915304,0.00000000,0.42271171,0.00000000,0.00000000,0.00000000,0.00000000,0.00333862,0.00000000,0.00000000,0.00000000,0.26988583,0.03789018,0.00519022,0.00000000,0.00000000,0.01084792,0.00000000,0.00000000,0.00000000,0.00000000,0.00000000,0.00000000,0.00000000,0.00000000,0.00000000,0.00000000,0.00000000,0.00000000,0.00000000,0.00843483,0.00000000
0.00000000,0.00000000,0.00000000,0.00000000,0.00000000,0.00000000,0.00000000,0.12227041,0.00000000,0.03052637,0.00000000,0.00000000,0.00000000,0.00000000,0.00176650,0.00000000,0.00000000,0.00000000,2.89411749,0.00000000,0.00255019,0.00000000,0.00000000,0.14700189,0.02675206,0.00000000,0.00000000,0.00000000,0.00000000,0.00000000,0.00000000,0.00000000,0.00000000,0.00000000,0.00000000,0.00000000,0.08488968,0.00000000,0.00000000,0.00000000,0.00000000,0.09021275,0.00197310,0.00000000,0.00000000,0.24859586,0.00000000,0.03868909,0.86910886,0.18688071,0.00000000,0.00000000,0.68523081,0.00314468,0.30500165,0.01128436,0.00000000,0.00000000,0.06891157,0.00000000,0.00000000,0.08078530,0.00000000,0.02765660,0.02190662,0.08004729,0.00000000,0.00000000,0.00000000,0.12227041,0.00000000,0.00771972,0.08726600,0.00000000,0.00000000,0.00000000,0.00000000,0.00000000,0.00000000,0.00000000,0.00716822,0.00000000,0.00000000,0.00000000,0.53922269,0.00000000,0.02837163,0.07347599,0.00000000,0.00000000,0.00000000,0.00000000,0.00000000,0.00000000,3.54220235,0.00660430,0.00000000,0.46124956,0.00000000,0.00863565,0.00000000,0.00000000,0.01334236,0.02539678,0.00000000,0.04381473,0.00000000,0.00974510,0.09975104,0.00075105,0.00000000,0.01955353,0.00000000,0.00000000,0.00000000,0.02108086,0.01229181,0.00000000,0.00000000,0.60331882,0.25399359,0.00000000
0.00000000,0.05785422,0.00000000,0.00000000,0.00000000,0.00000000,0.00000000,0.00000000,0.00000000,0.00000000,0.00000000,0.00000000,0.00000000,0.00000000,0.00957403,0.00114848,0.00331997,0.00000000,0.00000000,0.10247215,0.00000000,0.13900933,0.00000000,0.67485051,0.00000000,0.00000000,0.01620154,0.03672732,0.00000000,0.00000000,0.07573012,0.00000000,0.16794108,0.09060939,0.00955317,0.20664847,0.15154911,0.00000000,0.00000000,0.00285345,0.07600776,0.14729748,0.00000000,0.62272631,0.00561128,0.24771090,0.05012322,0.06226369,0.00000000,0.00000000,0.00000000,0.07202558,0.00000000,0.00000000,0.00000000,0.00000000,0.00000000,0.00000000,0.00000000,0.17194057,0.05718792,0.00000000,0.14322272,0.00000000,0.00000000,0.20311873,0.23151827,0.00000000,0.00000000,0.00000000,0.00000000,0.00000000,0.00000000,0.00000000,0.00124489,0.05132384,0.00000000,0.00144648,0.00000000,0.00000000,1.95824280,0.00000000,0.00000000,0.00000000,0.00065106,0.00000000,0.00000000,0.00000000,0.00000000,0.00000000,0.00000000,0.00000000,0.00000000,0.00000000,0.00000000,0.00000000,0.00000000,0.00000000,0.00000000,0.01416694,0.00000000,0.17379648,0.13078185,0.00000000,0.00000000,0.00000000,0.13002201,0.00818786,0.00000000,0.01588857,0.07679177,0.00000000,0.00000000,0.02614270,0.00000000,0.01983482,0.00000000,0.00000000,0.00000000,0.27847016,0.00000000,0.00000000
0.00781956,0.01843465,0.22057556,0.00267977,0.00000000,0.00000000,0.00000000,0.00000000,0.00000000,0.83325049,0.00000000,0.00000000,0.60331882,0.00000000,0.00000000,0.00000000,0.00000000,0.00000000,0.00199781,0.00000000,0.00000000,0.00000000,0.00000000,4.35025095,0.01458958,0.00000000,0.00000000,0.15309180,0.01423594,0.00000000,0.00000000,0.05338560,0.00000000,0.00000000,0.00000000,0.00000000,0.13758584,0.00000000,0.00000000,0.00000000,0.10603808,0.00000000,0.00000000,0.17363982,0.00000000,0.01433257,0.00000000,0.05882568,0.00000000,0.00569231,0.00324360,0.15116926,0.00000000,0.00000000,0.00000000,0.00000000,0.00000000,0.00000000,0.00000000,0.02850707,0.00000000,0.00000000,0.00000000,0.20756448,0.00000000,0.00000000,0.00000000,0.12844628,0.00760644,0.00000000,0.00000000,0.35668695,0.00000000,0.00000000,0.02901177,0.00000000,0.01555278,0.00000000,0.69599167,0.00000000,0.00000000,0.00000000,0.00000000,0.00000000,0.00000000,0.00000000,0.01580881,0.41747968,1.18901953,0.00000000,0.00000000,0.00000000,0.00000000,3.02460112,0.00474970,0.02149079,0.00000000,0.13568590,0.00000000,0.01075382,0.12528635,0.00000000,0.00000000,0.00000000,0.00000000,0.00674849,0.00000000,0.00000000,0.00000000,0.00410678,0.00000000,0.00000000,0.00706270,0.00000000,0.00000000,0.00000000,1.36717663,0.00540889,0.00000000,0.01190040,0.59780767,2.15470275
0.00000000,0.00000000,0.18177154,0.00000000,0.00000000,0.00000000,0.00000000,0.00000000,0.00399690,0.00000000,0.53747024,0.00000000,1.95824280,0.00000000,0.00000000,0.00000000,0.16356608,0.16136350,0.00000000,0.00227732,0.00000000,0.00000000,0.00121127,0.00000000,11.78534778,0.00000000,0.00000000,0.34766859,0.00000000,0.00380934,0.00000000,0.00346812,0.29105692,0.00000000,0.54031866,0.00000000,0.00000000,0.00000000,0.12490104,0.00942827,0.00000000,0.00000000,0.00621739,0.15713450,0.00176223,0.00000000,0.00000000,0.00000000,0.00939859,0.83955178,0.32133393,0.00000000,0.00000000,0.00000000,0.00000000,0.31986561,0.00000000,0.00658984,0.00000000,0.07663130,0.00682386,0.00000000,0.00000000,0.00000000,0.00573648,0.00000000,0.08494218,0.00000000,0.00000000,0.37375785,0.00000000,0.00000000,0.00888914,0.00000000,0.00000000,0.01063433,0.00000000,0.00000000,0.00000000,0.00000000,0.00000000,0.53922269,0.00065106,0.00000000,0.00000000,0.00000000,0.00000000,0.00000000,0.00000000,0.00000000,0.00000000,0.00000000,0.00483145,0.00000000,0.00000000,0.00000000,0.15021176,0.00000000,0.02027624,0.25556733,0.00000000,0.00000000,0.22695666,0.00000000,0.00650990,0.00000000,0.00000000,0.00957403,0.00000000,0.00000000,0.00000000,0.00000000,9.50701917,0.00000000,0.00000000,0.00000000,0.00000000,0.00000000,0.76580135,0.01248493,0.00000000,0.00000000
0.00000000,0.00000000,0.00000000,0.00000000,0.00000000,0.24536281,0.00000000,0.00464198,0.00000000,0.00000000,0.00000000,0.01418265,0.02539678,0.00000000,0.00000000,0.00000000,0.00000000,0.00000000,0.00000000,0.30778180,0.00000000,0.00000000,0.00000000,0.00000000,0.00000000,0.00000000,0.00000000,0.00000000,0.00000000,0.10262759,0.26195504,0.00000000,0.00000000,0.00000000,0.03935969,0.00000000,0.00000000,0.24396741,0.13296609,0.49816577,0.00000000,0.00000000,0.15464280,0.23256103,0.03853751,0.00000000,0.00000000,0.04041653,0.05793566,0.00000000,0.00000000,0.27390686,0.00000000,0.00000000,0.00000000,0.00000000,0.00145810,0.00000000,0.06774003,1.86378249,0.00000000,0.00000000,0.02198407,0.00000000,0.04187282,0.09908494,0.00000000,0.00000000,0.03243015,0.00000000,0.00000000,0.23613478,0.00000000,0.03488267,0.00000000,0.00000000,0.00000000,0.00000000,0.00454844,0.00000000,0.00000000,0.00000000,0.00000000,0.00000000,0.00000000,0.00000000,0.35750258,0.00000000,0.00000000,0.00000000,0.14430490,0.00000000,0.00240034,0.00000000,0.00000000,0.00000000,0.00000000,0.10625308,0.00742474,0.00000000,0.00000000,0.00107136,0.00000000,0.00000000,0.04146628,0.00000000,0.00000000,0.04906130,0.00057780,0.00000000,0.00000000,0.00000000,0.00000000,0.02518882,0.00000000,0.00000000,0.00000000,0.01202135,0.00000000,0.28731278,0.05054430,0.00000000
0.01189470,0.00000000,0.00000000,0.00000000,0.00000000,0.00000000,0.00000000,0.01501320,0.00000000,0.00000000,0.00000000,0.00000000,0.00000000,0.01190040,0.00000000,0.00000000,0.16994883,0.38264985,0.00000000,0.00000000,0.00000000,0.57827696,0.00000000,0.00000000,0.00000000,0.00000000,0.04357901,0.00572778,0.00000000,0.00000000,0.00000000,0.00000000,0.04784964,0.02322901,0.00000000,0.00000000,0.00000000,0.02194372,0.20768831,0.00000000,0.00000000,0.61307472,0.00000000,0.00000000,0.00000000,0.00832731,0.05853558,0.00000000,0.00000000,0.00000000,0.00000000,0.00000000,0.00000000,1.36956878,0.00000000,0.00000000,0.00000000,0.00000000,0.00000000,0.24769991,0.00000000,0.00000000,0.00000000,0.08962647,0.00179305,0.15481064,0.00000000,0.00000000,0.00000000,0.00734232,0.00000000,0.00000000,0.00000000,0.00000000,0.09428209,0.00000000,1.51921992,3.61405004,0.02883260,0.00000000,0.00000000,0.02837163,0.00000000,0.01580881,0.00000000,0.35750258,0.00000000,0.00000000,0.00000000,0.00000000,0.00000000,0.00000000,0.01068996,0.00000000,0.00000000,0.26288649,0.00000000,0.00000000,0.00000000,0.00000000,0.00000000,0.00000000,0.00000000,0.21658319,0.00000000,0.00000000,0.00000000,0.00000000,0.00000000,0.00000000,0.00000000,0.00000000,0.00000000,0.00000000,4.32235373,0.00000000,0.00000000,0.00000000,0.00000000,0.00000000,0.11475065,0.00000000
0.00000000,0.04247298,0.00000000,0.00000000,0.00000000,0.00000000,0.00094057,0.00336550,0.00000000,0.00000000,0.00000000,0.00000000,0.00000000,0.01955353,0.00000000,0.15636922,0.00000000,0.00000000,0.00000000,0.00000000,0.00000000,0.00000000,0.00000000,0.13317923,0.00000000,0.00000000,0.00000000,0.00000000,0.00000000,0.00000000,0.00874235,0.00000000,0.10554458,0.00000000,0.00000000,0.00000000,0.00000000,0.21732138,0.00000000,0.15028419,0.31014388,0.00000000,0.00000000,0.13858696,0.00000000,0.03764593,4.90851570,0.00000000,0.00000000,0.00774851,0.90899528,0.00000000,0.87577865,0.00000000,0.00000000,2.19666325,0.00975532,0.00000000,0.00000000,0.00000000,0.00000000,0.00000000,0.47804228,0.00416230,0.00000000,0.02411445,0.00824036,0.00000000,0.00000000,0.00000000,5.08765464,1.00365656,1.12605633,0.00000000,0.00000000,0.00000000,0.00000000,0.00000000,0.12046016,0.69182787,0.00000000,0.07347599,0.00000000,0.41747968,0.00000000,0.00000000,0.00000000,0.00000000,0.00000000,0.00000000,0.30623196,0.01224938,0.26971823,0.00000000,0.39174499,0.00000000,2.27801076,0.00000000,0.00000000,0.00000000,0.03678663,0.08187125,0.00000000,0.00000000,0.00000000,0.00000000,0.00000000,0.27947866,0.00000000,0.00000000,0.00533254,0.00176650,0.00000000,0.00000000,0.13095031,0.00000000,0.00000000,0.00964474,0.00000000,0.00519279,2.23192853,0.00000000
0.00000000,0.00000000,0.00000000,0.00000000,0.00000000,0.00000000,0.36442852,0.00000000,0.00000000,0.00000000,0.00000000,0.02921489,0.00000000,0.00065106,0.00742474,0.02724509,0.00283092,0.00427515,0.00000000,0.00000000,0.00000000,0.00000000,0.00000000,0.00000000,0.00000000,0.01059357,0.00000000,0.00555144,0.07030862,0.00000000,0.00000000,0.00000000,0.00000000,0.00094581,0.00000000,0.00000000,0.17858576,0.25465404,0.00000000,0.00000000,0.41014878,0.00000000,0.00000000,0.73539626,0.00000000,0.05611189,0.00000000,0.00000000,0.00000000,0.00000000,0.28855813,0.05734759,0.00000000,0.11811194,0.18288258,0.00000000,0.00000000,0.18177154,0.00000000,0.00000000,0.14186356,0.00000000,0.00000000,0.00000000,0.08709426,0.00000000,0.00135982,0.00000000,0.01821758,0.00000000,0.00000000,0.00000000,0.02034239,0.00000000,0.00000000,0.00000000,0.31288734,3.35381625,0.17855490,0.43998952,0.00000000,0.00000000,0.00000000,1.18901953,0.00000000,0.00000000,0.00000000,0.00000000,0.00000000,0.02325411,0.01063552,0.00000000,0.00387843,0.00000000,0.00000000,0.00000000,0.00000000,0.00000000,0.00000000,0.00000000,0.00780332,0.00195573,0.00000000,0.00000000,0.00000000,0.00000000,0.00000000,0.02724509,2.65784049,0.00000000,0.00000000,0.19671316,0.00000000,0.00000000,0.00000000,0.00000000,0.00000000,0.00000000,0.00000000,0.00000000,0.70014516,0.00000000
0.00000000,0.00000000,0.00000000,0.00000000,0.00000000,0.01313722,0.09908494,0.06620359,0.00000000,0.00000000,0.00000000,0.00000000,0.00000000,0.01075382,0.00000000,0.00000000,0.04171165,0.00000000,0.00000000,0.00000000,0.00000000,0.00162813,0.00000000,1.05478332,0.01666338,0.00000000,0.02905478,0.00000000,0.00000000,0.00000000,0.00000000,0.18566214,0.00000000,0.00000000,0.00113258,0.00000000,0.00000000,0.00000000,0.00000000,0.00000000,0.00000000,0.00000000,0.00000000,0.00000000,0.00000000,0.00000000,0.00000000,0.00000000,0.00000000,0.00000000,0.00000000,0.21646461,0.01047906,3.14916031,0.00536222,0.00399703,0.00000000,0.03087312,0.00000000,0.22444591,0.00000000,0.00000000,0.00602930,0.00000000,0.00000000,0.00000000,0.00000000,0.00000000,0.00000000,0.00464198,0.31877746,0.00000000,0.00000000,0.00000000,0.04683208,0.16526678,0.00000000,0.00000000,0.00000000,0.00000000,0.00000000,0.00000000,0.00000000,0.00000000,0.00000000,0.00000000,0.00000000,0.00000000,0.02325411,0.00000000,0.00000000,0.00000000,0.00000000,3.81045945,0.00000000,0.00000000,0.83922285,8.87394457,0.00000000,1.00946661,0.00914703,0.00162334,0.06724343,0.00000000,0.00000000,2.17108600,0.00000000,0.00000000,0.00000000,0.00000000,0.08833750,0.00000000,0.15636922,0.00000000,0.00000000,0.03858398,0.00000000,0.00000000,0.00983499,0.00000000,0.00000000,4.81500958
0.00477478,0.00000000,0.22444591,0.00000000,0.00000000,0.00000000,0.14009863,0.00000000,0.00000000,0.00000000,0.00000000,0.00000000,0.01334236,0.00000000,0.02518882,0.00000000,0.02021368,0.00000000,0.00000000,0.00000000,0.09072535,0.00000000,0.00000000,0.00000000,0.00198610,0.00000000,0.00000000,0.00000000,0.00000000,0.00000000,0.00000000,0.00000000,0.00000000,0.00000000,0.02145136,0.03482607,0.00000000,0.04385111,0.00000000,0.00000000,0.00000000,0.09899075,0.00215012,0.00000000,0.06490385,0.06515335,0.00000000,0.00000000,0.00508787,0.02798731,0.10682705,0.00000000,0.00000000,0.18543725,0.00000000,0.00000000,1.25679593,0.00000000,0.33609940,0.00000000,0.12994781,0.00000000,0.00000000,0.00190384,0.00000000,0.01313722,0.00000000,0.00000000,0.01631750,0.27752040,0.13369029,0.00000000,0.00000000,0.00000000,0.00944040,0.00511103,0.00000000,0.00000000,0.01418265,0.05585296,0.11915304,0.00000000,0.00000000,0.00000000,0.00000000,0.14430490,0.00000000,0.30623196,0.01063552,0.00000000,0.00000000,0.00000000,0.00000000,0.00000000,0.00114848,0.00000000,0.00000000,0.00000000,0.00000000,0.11166715,0.00000000,0.00439519,0.00000000,0.02995353,0.19144712,0.00000000,0.01051394,0.00000000,0.00000000,0.00000000,0.00000000,0.00000000,0.00000000,0.00000000,0.00000000,0.00000000,0.16098696,0.00000000,0.00000000,0.00000000,0.27777092,0.00000000
0.00000000,0.00000000,0.00000000,0.59798005,0.00000000,0.00000000,0.00000000,0.00000000,0.00000000,0.00000000,0.00000000,0.54750720,0.00000000,0.01983482,0.00000000,0.00000000,0.00000000,0.00000000,0.00000000,0.00000000,0.02878626,0.00000000,0.00000000,0.00452561,0.00000000,0.00000000,0.00000000,0.00000000,0.00000000,0.00000000,0.00000000,0.23381213,0.00000000,0.10045263,0.00000000,0.01141888,0.00000000,0.00000000,0.00596305,0.00000000,0.06203564,0.00000000,0.00000000,0.00000000,0.00000000,0.00000000,0.00000000,0.00254003,0.00000000,0.22517379,0.06714515,0.00000000,0.00000000,1.57273383,0.00000000,0.00000000,0.00000000,0.00000000,0.00000000,0.01129489,0.00000000,0.00000000,0.00000000,0.00162933,0.01299324,0.00000000,0.00094057,0.03196353,0.00000000,0.00000000,0.00000000,0.00000000,0.00000000,0.00000000,0.05797981,0.00000000,0.00000000,0.00000000,0.00000000,7.76011394,0.00000000,0.00000000,0.00000000,0.00000000,0.00000000,0.00000000,0.00000000,0.01224938,0.00000000,0.00000000,0.00000000,0.00000000,0.97845483,0.00000000,0.00000000,0.01056516,0.03719430,0.00000000,0.08067351,0.02928779,0.00000000,0.02102122,0.00000000,0.03354548,0.00000000,0.00000000,0.00000000,0.00000000,0.00000000,2.94028123,0.00000000,0.00000000,0.01241931,0.04658529,0.00000000,0.00000000,0.01456389,0.00000000,0.00000000,0.05107767,0.00000000,0.00000000
0.03926089,0.00000000,0.02586336,0.00000000,0.00000000,0.00487123,0.00000000,0.00000000,0.00000000,0.00000000,0.02027554,0.00362485,0.00000000,0.00000000,0.27947866,0.00000000,0.00962807,0.00000000,0.00000000,0.00000000,0.06993338,0.00000000,0.02953301,0.00000000,0.01804931,0.00169818,0.00800901,0.00000000,0.01297331,0.00000000,1.73873683,0.00000000,0.02356038,0.00000000,0.00000000,3.39433504,0.00000000,0.00000000,0.00000000,0.00000000,0.00000000,0.00000000,0.00000000,0.13604328,0.10457019,0.00368325,0.00000000,0.00000000,0.00000000,0.53525770,0.00000000,0.36890267,0.00603572,0.09085902,0.00000000,0.00000000,0.00000000,0.00000000,0.00000000,0.00000000,0.00000000,0.00000000,0.00000000,5.18279373,0.07201307,0.00000000,0.00000000,0.00000000,0.01500909,1.61655363,0.00000000,0.42014439,0.00087092,0.00000000,0.03052637,0.03006679,0.00000000,0.00000000,0.00000000,0.00000000,0.42271171,0.00000000,0.00000000,0.00000000,0.00483145,0.00240034,0.01068996,0.26971823,0.00387843,0.00000000,0.00000000,0.97845483,0.00000000,0.30058663,0.00000000,0.00000000,2.53770809,0.00000000,0.00000000,0.00000000,0.00372399,0.00000000,0.00000000,0.00000000,0.00000000,0.00000000,0.29425662,0.00000000,0.00204512,0.02768208,0.00771871,1.84433188,0.00000000,0.00000000,0.00000000,0.39513970,0.00000000,0.00000000,0.00000000,0.41799493,0.16994883,0.00000000
0.00000000,0.00000000,0.00000000,0.00000000,0.03249230,0.00000000,0.12844628,0.00000000,0.00000000,0.00708384,0.00000000,0.00000000,0.42271171,0.00000000,0.01068996,0.00000000,0.03365991,0.00791456,0.00000000,0.16038568,0.00529998,0.00000000,0.00361986,0.00000000,0.00000000,0.00000000,0.00000000,0.00000000,0.00000000,0.00000000,0.00000000,0.00000000,0.00000000,0.00000000,0.02615993,0.00000000,0.00000000,0.56414600,5.04005346,0.01031438,0.00000000,0.25194970,0.00000000,0.00000000,0.00000000,0.06023778,0.00000000,0.04324418,0.00000000,0.00000000,0.00000000,0.00000000,0.00000000,0.00000000,1.77634102,0.00000000,0.00000000,0.02862480,0.00252426,0.00000000,0.00000000,0.00000000,0.02801988,0.23965761,0.00000000,0.00000000,0.00000000,0.00492507,2.29155942,0.00000000,0.00715318,0.00000000,0.01007411,0.00000000,0.00000000,0.00000000,0.00000000,0.00000000,0.00000000,0.00000000,0.00000000,0.00000000,0.00000000,3.02460112,0.00000000,0.00000000,0.00000000,0.00000000,0.00000000,3.81045945,0.00000000,0.00000000,0.30058663,0.00000000,0.00000000,0.00000000,0.04171165,0.00182875,0.03408725,0.00000000,0.00000000,0.00000000,0.00000000,0.03079991,0.00000000,0.00000000,0.00000000,0.00000000,0.00000000,0.09359764,0.00481214,0.00000000,0.00283092,0.42795696,0.00331997,0.00000000,0.00000000,0.03365991,0.24824124,0.00421841,0.00000000,0.16356608
0.00000000,0.00887309,0.00000000,7.96306879,0.00000000,0.00000000,0.00224582,0.00000000,0.00000000,0.00000000,0.00000000,0.00000000,0.05340587,0.00000000,0.11475065,0.00000000,0.02634984,0.00000000,0.00000000,0.00000000,0.00000000,0.00000000,0.00000000,0.00000000,0.00095114,0.00000000,0.00000000,0.00000000,0.74144544,0.00000000,0.00000000,0.00000000,0.00000000,0.00000000,0.01417190,0.09256853,0.06309752,0.00000000,0.00000000,0.00000000,0.00000000,0.00902635,0.00000000,0.00000000,0.00000000,0.00923312,0.00000000,0.00000000,0.00000000,0.00000000,0.04402858,0.00000000,0.61547207,4.06935798,0.00000000,0.01063776,0.00000000,0.00000000,0.00000000,0.00000000,2.36414108,0.00000000,3.59015910,0.00000000,0.00381615,0.03468588,0.00000000,0.42101173,0.00000000,0.00000000,0.00000000,0.00000000,0.00000000,0.00000000,0.00000000,0.23268365,0.00000000,0.00682642,0.01024743,0.00000000,0.00000000,3.54220235,0.00000000,0.00474970,0.00000000,0.00000000,0.00000000,0.39174499,0.00000000,0.00000000,0.00114848,0.00000000,0.00000000,0.00000000,0.00000000,0.00000000,0.00000000,0.00000000,0.52969019,0.00000000,0.00000000,0.00000000,0.02021368,0.00000000,0.00962807,0.00000000,0.00000000,1.21706752,0.00432315,0.03974124,0.00000000,0.47264291,0.00000000,0.00000000,0.00000000,0.00000000,0.00000000,0.00000000,0.01895412,0.00000000,0.00000000,0.00000000
0.00192725,0.00000000,0.00000000,0.00000000,0.00000000,0.00000000,0.23151827,0.00000000,0.73344202,0.00000000,0.00869124,0.21431296,0.00000000,0.00000000,0.13095031,2.17108600,0.00000000,0.04338534,0.00938221,0.00000000,0.00000000,0.00000000,0.66462136,0.00000000,0.43303532,0.20125548,0.00000000,0.00000000,0.00000000,0.00419607,0.47523883,1.42015637,0.00073769,0.00000000,0.00000000,0.00000000,0.50472053,0.01118948,0.00000000,0.00000000,0.00000000,0.00000000,0.01392690,0.00000000,0.00000000,0.00000000,0.00000000,0.00000000,0.04928867,0.00000000,0.00000000,0.00000000,0.00000000,0.00000000,0.00358142,0.00000000,0.34412250,0.17067164,0.00000000,0.00000000,0.01419306,0.08357800,0.02276060,0.38449902,0.00000000,4.64000115,0.00000000,0.00000000,0.00000000,0.00000000,0.00000000,0.00000000,0.03386114,0.00000000,0.00837067,0.00000000,1.40795229,0.11298964,0.00000000,0.00000000,0.00000000,0.00660430,0.00000000,0.02149079,0.00000000,0.00000000,0.26288649,0.00000000,0.00000000,0.00000000,0.00000000,0.01056516,0.00000000,0.00000000,0.00000000,0.00000000,0.00000000,0.00585058,0.50443121,0.02634984,0.00000000,0.00210753,0.01370448,0.00000000,0.00000000,0.00000000,0.00000000,3.83770565,0.00424034,0.00000000,0.00000000,0.00000000,0.00000000,0.07260906,0.00544452,0.00000000,0.00000000,0.00000000,0.00000000,0.05037269,0.07727297,0.00000000
0.05598830,0.03087312,0.00000000,0.01342343,0.03614424,0.00000000,0.00000000,0.84393107,0.00000000,0.00000000,0.00000000,0.11753539,0.00000000,0.00000000,0.04146628,0.00000000,0.00000000,0.04958662,3.63168170,0.00000000,0.00000000,0.00000000,0.00000000,0.43915198,0.00000000,0.00000000,0.00248579,0.00000000,0.00000000,0.00297507,0.19222820,2.44305228,0.00000000,0.00378833,0.00000000,0.12849952,0.00000000,0.57468725,0.00000000,0.00000000,0.10530904,0.00000000,0.00000000,0.00000000,0.77237490,0.00000000,0.00000000,0.00000000,0.00000000,4.40351768,0.01320246,0.00000000,0.58745036,0.00000000,0.00000000,0.00000000,0.00000000,0.00000000,0.00000000,0.10063267,0.00501605,0.00000000,0.00067471,0.15452108,0.00000000,0.00000000,0.00000000,0.00000000,0.00000000,0.00000000,0.00000000,0.00000000,0.00000000,0.57982654,0.00000000,0.00173224,0.00000000,0.00827619,0.00000000,0.00000000,0.00000000,0.00000000,0.00000000,0.00000000,0.15021176,0.00000000,0.00000000,2.27801076,0.00000000,0.83922285,0.00000000,0.03719430,2.53770809,0.04171165,0.00000000,0.00000000,0.00000000,0.00000000,0.00000000,0.16136350,0.00000000,0.00000000,0.00000000,0.03181064,0.00000000,0.01314098,0.00000000,0.55911345,0.00000000,0.00000000,0.00000000,0.20916195,0.00000000,0.00000000,0.00000000,0.00000000,0.02206125,0.00000000,0.00000000,0.00343576,0.00000000,0.00000000
1.77634102,0.26492642,0.17194057,0.00000000,0.00000000,0.08709426,0.00000000,0.00000000,0.42014439,0.06405230,0.00000000,0.00000000,0.00000000,0.00000000,2.23192853,0.03858398,0.00000000,0.78751453,0.00000000,0.00000000,0.00000000,0.01325227,0.00000000,0.00000000,0.00000000,0.00000000,0.00000000,0.00000000,0.00000000,0.00000000,0.00000000,0.00000000,0.00000000,0.00000000,0.00000000,0.00000000,0.00000000,0.00000000,0.00000000,0.00000000,0.00000000,6.80482149,0.00000000,0.00162579,0.00000000,0.00000000,0.00000000,0.02128068,0.00000000,0.00000000,0.50330540,0.00000000,0.19966383,0.00684058,0.00000000,0.00107358,0.00000000,0.00000000,0.09165200,0.00000000,0.00000000,0.00387957,2.98513221,0.00000000,0.00000000,0.00161952,0.00000000,0.00000000,0.00000000,0.00000000,0.00000000,0.21054331,0.00000000,3.45771274,4.32578926,0.00000000,0.00000000,0.54750720,0.00000000,0.00000000,0.00333862,0.46124956,0.00000000,0.13568590,0.00000000,0.10625308,0.00000000,0.00000000,0.00000000,8.87394457,0.00000000,0.00000000,0.00000000,0.00182875,0.00000000,0.00585058,0.00000000,0.00000000,0.02978202,0.00000000,0.00000000,0.00000000,0.00000000,0.00059959,0.01298470,0.00000000,0.00791456,0.00000000,0.00000000,0.00000000,0.00000000,0.04338534,0.00000000,0.00000000,0.00000000,0.14947660,0.00000000,0.00000000,0.20145612,0.00427515,0.00000000,0.00000000
0.00000000,0.00658984,0.00000000,0.05718792,0.00000000,0.00000000,0.14250582,0.00000000,0.00000000,0.00000000,0.01063433,0.00000000,0.00000000,0.00000000,0.00057780,0.00000000,0.00000000,0.00000000,0.00000000,0.00355804,0.00424616,0.00000000,0.00000000,0.01019896,0.03027971,0.00000000,0.00000000,0.00537203,0.03806315,0.00000000,0.00000000,0.00000000,0.00000000,0.58449698,0.01532661,0.00000000,0.00344947,0.00000000,0.00000000,0.00000000,0.00000000,0.00000000,0.00000000,0.00000000,0.18006753,0.34270459,0.00000000,0.00000000,0.00401822,0.00366294,0.00000000,0.06532680,0.09589668,0.00000000,0.00000000,0.00000000,0.00000000,0.00000000,0.00000000,0.24809740,0.00000000,0.00000000,0.20954456,0.00000000,0.00000000,0.00741916,0.01765611,0.03014401,0.00000000,0.21823570,0.00000000,0.00000000,0.00000000,1.33228838,0.00000000,0.05990708,0.00000000,0.00000000,0.01004365,0.01457565,0.00000000,0.00000000,0.00000000,0.00000000,0.02027624,0.00742474,0.00000000,0.00000000,0.00000000,0.00000000,0.00000000,0.08067351,0.00000000,0.03408725,0.52969019,0.50443121,0.00000000,0.02978202,0.00000000,0.00000000,0.00000000,0.00000000,0.00000000,0.00000000,0.00000000,0.25838545,0.12267163,0.02138889,0.00000000,0.00000000,0.00000000,0.00000000,0.00000000,0.00000000,0.00000000,0.00000000,0.04886887,0.00000000,0.01144661,0.00000000,0.00671904,0.00000000
0.00088981,0.06232475,0.00000000,0.00000000,0.00000000,0.00000000,0.00000000,0.00000000,0.00000000,0.00000000,0.09428209,0.00000000,0.00000000,0.00000000,0.00000000,0.00000000,0.00000000,0.00000000,0.00000000,0.00000000,0.00000000,0.00000000,0.00000000,0.00000000,0.00000000,0.00000000,0.90026065,0.00000000,0.00000000,0.05350220,0.02677980,0.00000000,0.00000000,0.00000000,0.00000000,0.00000000,0.20264736,0.00000000,0.17374744,0.00000000,0.00946553,0.22821989,0.00000000,0.17249509,0.05366097,0.00000000,0.00000000,0.02104713,0.00187466,0.06535895,0.00000000,0.00000000,0.00000000,0.00000000,0.00000000,0.00000000,0.00000000,0.00000000,0.04280662,0.00000000,0.00000000,0.00000000,0.00000000,0.11326943,0.33245767,0.33750180,0.00000000,0.00000000,0.01578472,0.08326769,0.00000000,0.00000000,0.00000000,0.06568798,0.00000000,0.00000000,8.69915148,0.00836321,0.02577005,0.54075233,0.00000000,0.00863565,0.01416694,0.01075382,0.25556733,0.00000000,0.00000000,0.00000000,0.00000000,1.00946661,0.11166715,0.02928779,0.00000000,0.00000000,0.00000000,0.02634984,0.16136350,0.00000000,0.00000000,0.00000000,0.78751453,0.00000000,0.00000000,1.86930720,0.00000000,0.00000000,0.00000000,0.00000000,0.01134977,0.00000000,0.00000000,0.00000000,0.20871922,0.00243840,0.00000000,0.00602523,0.00000000,0.01274082,0.00000000,0.00000000,0.00000000,0.00000000
0.00000000,0.00000000,0.00000000,0.00000000,0.03990402,0.00000000,0.00000000,0.00000000,0.00000000,0.00000000,0.04773124,0.23208204,0.00000000,0.00000000,0.00000000,2.65784049,0.02768208,0.00343576,0.17117590,4.68932553,0.00830798,0.00000000,0.13772040,0.01475680,0.00000000,0.00000000,0.26459195,0.11916616,0.13129907,0.00000000,0.00000000,0.00000000,0.00000000,0.00000000,0.11837387,0.01012297,0.07189569,0.00000000,0.00000000,0.00000000,0.00000000,0.14072018,0.00000000,0.00000000,0.00000000,0.12623830,0.00000000,0.26365392,0.00000000,0.03134014,0.02140796,0.00000000,0.00000000,0.17221365,0.00000000,0.00000000,0.06232475,0.00000000,0.00000000,0.00000000,0.01342343,0.00000000,0.00000000,0.00000000,0.00000000,0.00000000,0.00000000,1.17752599,0.00271164,0.00000000,0.00000000,8.99486144,0.00158805,0.00000000,0.00000000,0.00331796,0.00000000,0.00000000,0.00000000,0.00000000,0.00000000,0.00000000,0.00000000,0.12528635,0.00000000,0.00000000,0.00000000,0.03678663,0.00780332,0.00914703,0.00000000,0.00000000,0.00372399,0.00000000,0.00000000,0.00000000,0.00000000,0.00000000,0.00000000,0.78751453,0.00000000,0.00000000,0.00000000,0.00000000,0.00000000,0.00000000,0.38264985,0.00000000,0.06664376,0.00250284,0.00000000,0.16636144,0.00225258,0.01729474,0.07517134,0.00000000,0.00000000,0.00000000,0.00000000,0.00000000,0.03507838,0.00000000
0.00000000,0.00564311,0.00000000,0.01419306,0.00000000,0.02411445,0.00000000,0.37375785,0.00000000,7.69663979,0.00000000,0.00000000,0.00000000,0.00000000,0.00000000,0.00983499,0.00000000,0.00000000,0.22389535,0.00000000,0.08805472,0.00000000,0.14198427,0.00000000,0.00000000,0.04081779,0.00000000,3.58412465,0.00207874,0.02286402,0.00000000,0.15550390,0.00000000,0.00000000,0.10787016,0.00000000,0.02559494,0.00000000,0.00000000,0.00000000,0.00384739,0.00000000,0.00000000,0.10555524,0.06520125,0.11993225,0.00000000,0.00000000,0.00000000,0.00000000,0.03082852,0.04534257,0.07811056,0.00000000,0.18814628,0.00000000,0.08997858,0.00000000,0.00000000,0.02637692,0.00000000,0.00000000,0.05090804,0.00000000,0.00000000,0.00000000,0.00000000,0.00186496,0.00000000,0.00000000,0.00000000,0.12141302,0.00000000,0.00000000,0.05696166,0.00000000,0.16824073,0.00000000,0.08270366,0.13834948,0.26988583,0.00000000,0.17379648,0.00000000,0.00000000,0.00107136,0.00000000,0.08187125,0.00195573,0.00162334,0.00439519,0.02102122,0.00000000,0.00000000,0.00000000,0.00210753,0.00000000,0.00000000,0.00000000,0.00000000,0.00000000,0.00000000,0.00000000,0.10261064,0.00000000,0.00000000,0.00000000,0.00000000,0.00000000,0.00000000,0.04958662,0.00000000,0.00000000,0.59401584,0.00000000,0.00316334,0.00000000,0.00000000,0.10126605,0.02317019,0.00000000,0.00000000
0.00000000,2.82319302,0.05554520,3.38077272,0.00000000,0.00523144,0.01836751,0.01631750,0.51391218,2.99230978,0.00000000,0.00000000,0.05585296,0.00000000,0.00000000,0.00000000,0.00000000,1.86930720,0.00000000,0.00000000,0.00183191,5.30160114,5.11189349,0.00000000,0.00000000,0.21003285,0.00000000,4.05349829,0.00000000,0.00000000,0.00000000,0.04864518,0.00000000,0.00000000,0.00000000,0.00000000,0.00000000,0.00000000,0.00000000,0.00000000,0.41323220,0.68310644,0.09087877,0.01907639,0.28436718,0.00000000,0.01496525,0.00000000,0.02997414,0.00000000,0.02047356,0.00000000,0.00000000,0.01268505,0.00000000,0.21213457,3.85695932,0.00000000,0.00000000,0.00000000,0.15595691,3.85863767,0.00000000,0.00000000,0.00000000,0.35845701,0.00000000,0.00000000,0.00000000,0.00000000,0.73344202,0.02867129,0.00000000,0.00000000,0.06405230,0.05757515,0.00000000,0.00000000,0.00000000,0.00000000,0.03789018,0.01334236,0.13078185,0.00000000,0.22695666,0.00000000,0.00000000,0.00000000,0.00000000,0.06724343,0.00000000,0.00000000,0.00000000,0.00000000,0.02021368,0.01370448,0.00000000,0.00000000,0.00000000,0.00000000,0.00000000,0.00000000,0.00000000,3.69735716,0.00000000,0.00000000,0.00000000,0.00000000,0.00000000,0.06378886,0.00000000,0.00000000,0.00000000,0.00000000,0.00000000,1.18632189,0.00000000,0.00000000,0.00000000,0.00000000,0.00000000,0.01210070
0.00000000,0.00125760,0.06891157,0.00000000,0.00147112,0.15452108,0.00135982,0.00000000,0.00000000,0.00000000,0.00000000,0.00000000,0.00000000,0.00000000,0.00000000,0.00387843,0.30058663,0.00000000,0.00000000,0.00000000,0.01317022,0.00000000,0.01396150,0.00000000,0.20537089,0.01792659,0.00000000,0.00000000,0.00000000,0.00000000,0.00000000,0.02120870,0.04290845,0.02158668,0.00000000,0.14923865,0.00000000,0.00000000,0.00497387,0.04923880,0.00000000,0.02397433,0.03691673,0.06204146,0.00000000,0.00368969,0.00000000,0.58138521,0.00000000,0.00000000,0.00881848,2.14456647,0.00133542,0.00000000,0.00810723,0.00000000,0.00000000,0.00564311,0.00000000,0.00601558,0.00000000,0.03249230,0.00000000,0.00000000,0.00000000,0.43021387,0.00000000,0.00000000,0.00000000,0.00000000,0.00000000,0.02772145,0.00000000,0.00000000,0.00000000,0.00000000,0.00248815,0.11753539,0.00000000,0.00000000,0.00519022,0.02539678,0.00000000,0.00000000,0.00000000,0.00000000,0.21658319,0.00000000,0.00000000,0.00000000,0.02995353,0.03354548,0.00000000,0.03079991,0.00000000,0.00000000,0.03181064,0.00059959,0.00000000,1.86930720,0.00000000,0.10261064,3.69735716,0.00000000,0.01087858,0.00000000,0.07253603,0.00000000,0.00000000,0.00000000,0.17117590,0.10236082,3.63168170,0.00000000,0.05266596,0.30930923,0.00000000,0.42137903,0.00000000,0.00000000,0.01569855,0.00317143
0.00000000,0.00000000,0.29853422,0.00000000,0.00127504,0.20311873,0.00000000,0.00000000,0.00000000,0.00000000,4.32578926,0.00000000,0.00000000,0.00000000,0.00000000,2.94028123,0.00585058,0.00000000,1.18632189,0.00000000,0.00000000,0.00000000,0.24384623,0.59936126,0.00000000,0.00000000,0.00000000,0.12583296,0.00000000,0.00000000,0.00000000,6.38350730,0.00000000,0.00000000,0.00000000,0.00000000,0.00000000,0.03522306,0.06844152,0.00000000,0.00000000,0.00000000,0.00000000,0.00000000,0.00000000,0.00000000,0.00000000,0.14878584,0.00000000,0.00000000,0.10436055,0.00925034,0.00000000,0.00000000,0.75017534,5.52816997,0.00000000,4.64208212,0.00000000,0.00325788,0.00000000,0.00000000,0.14850276,0.25268440,0.25155034,0.37573451,0.00000000,0.00000000,0.00000000,0.17874731,0.00000000,0.35055072,0.13410801,0.00000000,4.64484148,0.00000000,0.00000000,0.00000000,5.60844236,0.00000000,0.00000000,0.00000000,0.00000000,0.00000000,0.00650990,0.04146628,0.00000000,0.00000000,0.00000000,0.00000000,0.19144712,0.00000000,0.00000000,0.00000000,0.00962807,0.00000000,0.00000000,0.01298470,0.00000000,0.00000000,0.00000000,0.00000000,0.00000000,0.01087858,0.00000000,0.00199781,0.00000000,2.51307988,0.01444968,0.53086547,2.89411749,0.01254057,4.33182033,0.00000000,0.00000000,0.00000000,0.00000000,0.03500852,0.10696008,0.00000000,0.01041779,0.00000000
0.00000000,0.00000000,0.00000000,1.63748062,0.02198407,0.00000000,0.00000000,0.00000000,0.00000000,0.00105974,0.00000000,0.01557392,0.01229181,0.00000000,0.00000000,0.00780332,0.00000000,0.00000000,0.10696008,0.00000000,0.59385382,0.00000000,0.00000000,0.04475530,0.26949224,0.00000000,0.00307118,0.00000000,0.00000000,0.00000000,0.01594932,0.00000000,0.00000000,0.00000000,0.14365913,0.00000000,0.00211461,0.00000000,0.00000000,0.04058423,0.00000000,0.00000000,0.01417156,0.00000000,0.00000000,0.00000000,0.00573507,0.00000000,0.02157565,0.15808988,0.00000000,0.01947648,0.04570194,0.00747541,3.21680049,3.25126609,0.00234928,0.01851486,0.00000000,0.00000000,0.00000000,0.01500086,0.06954871,0.00000000,0.00000000,0.00000000,0.00000000,0.00000000,0.05997855,0.00000000,0.22429247,0.00000000,0.00000000,0.00000000,0.05566105,0.00000000,0.31549315,0.00000000,0.00000000,0.00000000,0.00000000,0.04381473,0.00000000,0.00674849,0.00000000,0.00000000,0.00000000,0.00000000,0.00000000,2.17108600,0.00000000,0.00000000,0.00000000,0.00000000,0.00000000,0.00000000,0.01314098,0.00000000,0.25838545,0.00000000,0.00000000,0.00000000,0.00000000,0.00000000,0.00199781,0.00000000,0.00000000,0.01488387,0.00000000,0.00000000,0.00000000,0.03997255,0.00312372,0.00644670,0.00000000,0.00000000,0.00000000,0.00000000,0.00000000,0.00000000,0.00000000,0.00000000
0.00975532,0.01774916,0.00000000,0.00000000,0.00255841,0.03646908,0.06403788,4.17924980,0.00000000,0.00000000,0.00000000,0.00000000,0.13834948,0.00000000,0.00000000,0.16098696,0.00372399,0.00000000,0.00000000,0.00000000,0.45950873,0.10801068,0.00000000,0.00000000,0.00000000,2.03178331,0.00000000,0.01759798,0.02752801,0.00000000,0.00174550,0.00000000,0.00000000,0.00000000,0.01194284,1.88138081,0.00000000,0.00000000,0.00000000,0.29036435,0.00000000,0.00000000,0.00285136,0.00000000,0.02572262,1.36651347,0.01640090,4.89715225,0.00000000,0.00000000,0.03213673,0.00000000,0.00000000,0.00000000,0.00000000,0.11083342,0.00000000,0.42200273,0.05554520,0.00000000,0.00920760,0.00000000,0.00000000,0.00000000,0.00000000,0.06221455,0.00000000,0.00000000,0.13889067,0.00000000,0.00000000,0.00000000,0.00113768,0.00000000,0.00000000,0.04773124,0.00000000,0.17137143,0.00000000,0.01979411,0.01084792,0.00000000,0.13002201,0.00000000,0.00000000,0.00000000,0.00000000,0.00000000,0.00000000,0.00000000,0.01051394,0.00000000,0.29425662,0.00000000,0.00000000,0.00000000,0.00000000,0.00791456,0.12267163,0.00000000,0.38264985,0.00000000,0.00000000,0.07253603,0.00000000,0.00000000,0.00000000,0.00938221,0.00000000,0.00000000,0.00000000,0.02164002,1.97895408,0.00000000,0.00000000,0.00000000,0.00000000,0.09181398,0.00000000,0.00000000,0.00000000,0.14169115
0.01160987,0.00000000,0.03883794,0.00000000,0.00000000,0.00000000,0.00000000,0.00000000,0.00000000,0.00000000,0.00000000,0.00000000,0.00716822,0.12528635,0.00000000,0.00000000,0.00000000,0.01729474,2.51307988,0.00000000,0.00000000,0.00000000,0.00000000,0.75464692,0.00000000,0.00000000,0.00000000,0.04690380,0.00000000,0.03760752,0.07277748,0.00000000,0.00000000,0.00000000,0.00204275,0.00000000,0.00000000,0.01670219,0.00000000,0.00000000,0.00000000,0.00000000,0.00000000,0.00000000,0.00000000,0.00000000,0.00000000,0.00000000,0.00000000,0.01701825,0.40460517,0.00432217,0.00000000,0.00000000,0.00000000,0.00000000,0.02694379,0.08839279,0.00000000,0.15120587,0.00000000,0.04086330,0.00000000,0.19627753,0.00544241,0.00000000,0.00000000,0.00000000,0.00000000,0.00000000,3.16085647,0.00000000,0.00000000,0.00000000,0.04583879,0.27481261,0.00000000,0.00000000,0.00000000,0.43717893,0.00000000,0.00974510,0.00818786,0.00000000,0.00957403,0.04906130,0.00000000,0.27947866,0.02724509,0.00000000,0.00000000,0.00000000,0.00000000,0.00000000,1.21706752,3.83770565,0.55911345,0.00000000,0.02138889,0.00000000,0.00000000,0.00000000,0.00000000,0.00000000,2.51307988,0.01488387,0.00938221,0.00000000,0.30778180,0.06520294,0.00000000,0.00000000,0.00000000,0.00000000,0.00000000,0.00063198,0.22389535,0.00000000,0.00227732,0.00000000,0.00000000,0.00000000
0.02596077,0.00000000,0.13901896,0.00000000,0.00416230,0.28418977,0.00177363,0.00000000,0.21054331,0.00000000,0.31549315,0.00000000,0.00000000,0.00000000,0.00000000,0.00000000,0.00000000,0.00000000,0.03500852,0.00000000,0.00000000,0.05992291,0.00000000,0.01640788,0.00000000,0.00000000,0.00000000,0.00451186,3.53243885,0.02618378,0.00000000,0.00000000,0.32699905,0.02101183,0.00618354,0.00638088,0.00000000,0.29188449,0.00000000,0.00000000,0.00000000,0.00662430,0.00000000,4.48176640,0.05733754,0.00387222,0.00000000,0.02515312,1.38321439,0.05731036,0.00000000,0.00000000,0.00000000,0.04173706,0.00000000,0.00000000,0.51596272,0.00000000,0.13901896,0.00000000,0.13847559,0.19509512,0.00000000,0.00000000,0.00552233,0.00000000,0.00000000,0.00000000,0.62611397,0.00000000,2.38458426,0.00000000,0.00000000,0.00000000,0.19856374,0.03664671,0.17490853,0.00000000,0.00219655,0.12920797,0.00000000,0.09975104,0.00000000,0.00000000,0.00000000,0.00057780,0.00000000,0.00000000,2.65784049,0.00000000,0.00000000,0.00000000,0.00204512,0.00000000,0.00432315,0.00424034,0.00000000,0.00000000,0.00000000,0.01134977,0.06664376,0.00000000,0.00000000,0.00000000,0.01444968,0.00000000,0.00000000,0.30778180,0.00000000,0.00000000,1.06056834,0.00000000,0.00000000,0.00320636,0.00298708,0.00000000,0.00000000,0.00000000,0.10247215,0.00000000,0.00146861,0.00000000
0.00000000,0.00000000,0.00000000,0.00000000,0.00000000,0.00000000,0.00000000,0.00000000,0.00000000,0.57982654,0.05132384,0.00827619,0.00000000,0.00000000,0.00107136,0.00000000,0.00000000,0.00000000,0.09181398,0.00352009,0.01577543,0.00000000,0.00917751,0.00000000,0.00000000,0.00000000,0.00000000,0.47651148,0.00286278,0.00000000,0.00000000,0.59753309,0.00000000,0.00000000,0.00434629,0.26235809,0.00000000,0.00000000,0.00000000,0.00082824,0.00309233,0.00000000,0.97747675,0.00000000,0.00000000,0.00000000,0.00000000,0.03257167,0.06721520,0.03261437,0.00000000,0.00159000,0.00000000,0.00198700,0.00000000,0.00000000,0.00000000,0.00000000,0.00000000,0.00000000,7.96306879,0.46216357,0.00000000,0.14930352,0.00000000,0.00000000,0.00345521,0.00000000,4.17924980,0.00000000,0.00000000,0.00000000,0.00000000,0.00660033,2.99230978,0.00000000,0.00000000,0.23208204,0.00000000,0.00000000,0.00000000,0.00075105,0.01588857,0.00410678,0.00000000,0.00000000,0.00000000,0.00000000,0.00000000,0.00000000,0.00000000,2.94028123,0.02768208,0.09359764,0.03974124,0.00000000,0.00000000,0.00000000,0.00000000,0.00000000,0.00250284,0.00000000,0.06378886,0.00000000,0.53086547,0.00000000,0.00000000,0.06520294,0.00000000,0.00000000,0.00000000,0.00000000,0.00000000,0.00000000,0.00000000,4.68932553,0.00000000,0.00000000,0.00000000,0.00000000,0.00000000,0.00000000
0.00000000,0.00000000,0.23822248,0.00000000,0.00133762,0.01299324,0.27080884,0.00000000,0.00000000,0.00000000,0.03664671,0.00144648,0.26988583,0.00075105,0.00000000,0.19144712,0.00000000,0.00000000,0.00000000,0.00755319,0.00465380,0.00000000,0.00000000,0.00000000,0.01272384,0.05193106,0.00559038,0.00000000,0.00000000,0.00000000,0.00000000,0.00000000,0.12682822,0.65412928,0.00000000,0.00000000,0.00909847,0.00000000,0.00000000,0.00000000,0.00000000,0.00366650,0.03612448,0.50219115,0.00000000,0.00332166,0.32273919,0.00323012,0.00000000,0.03224348,0.00000000,0.07371732,0.00000000,0.00000000,0.00000000,0.00000000,0.00441831,0.00000000,0.00000000,0.00000000,0.00000000,3.66996328,0.00000000,0.00000000,0.00000000,0.00000000,0.00000000,0.14009863,0.00385556,0.84393107,0.00662560,0.00000000,0.68266804,0.00105974,0.00000000,0.00000000,0.00000000,0.24832826,0.03676297,0.00000000,0.00000000,0.00000000,0.07679177,0.00000000,0.00000000,0.00000000,0.00000000,0.00533254,0.00000000,0.08833750,0.00000000,0.00000000,0.00771871,0.00481214,0.00000000,0.00000000,0.00000000,0.00000000,0.00000000,0.00000000,0.00000000,0.04958662,0.00000000,0.17117590,2.89411749,0.00000000,0.00000000,0.00000000,1.06056834,0.00000000,0.00000000,0.18654046,0.00000000,0.00000000,0.00789044,0.16038568,0.00443644,0.21155856,0.00000000,0.03475590,0.00000000,0.00000000
0.00000000,0.00145810,1.86378249,0.07061541,0.00000000,3.70717634,0.15481064,0.00000000,0.00000000,0.00000000,0.00000000,0.00000000,0.00843483,0.00000000,0.00000000,0.00000000,0.00000000,0.01298470,0.00000000,0.00000000,0.00574845,0.00105725,0.01764132,0.00000000,0.00000000,0.11715524,0.00000000,0.00000000,0.00000000,0.00000000,6.41694828,0.00000000,0.00000000,0.00166384,0.00000000,0.00466385,3.22992417,0.00000000,0.00000000,0.94642997,0.00000000,0.00000000,0.00000000,0.00000000,6.39205920,0.01203169,0.00000000,0.61418071,0.00000000,0.00000000,0.00000000,0.03486134,0.09647590,22.23358109,0.01160987,0.00000000,0.00000000,0.04247298,0.47196077,0.10155455,0.08148490,0.00000000,0.00000000,0.00000000,8.54128477,0.00552927,0.19802888,0.00000000,0.00000000,0.00000000,0.03098489,0.00000000,2.05928010,0.00000000,0.00000000,0.02027554,0.03046857,0.00000000,0.00000000,1.54428085,0.00000000,0.01955353,0.00000000,0.00000000,0.00000000,0.00000000,0.00000000,0.00176650,0.19671316,0.00000000,0.00000000,0.00000000,1.84433188,0.00000000,0.47264291,0.00000000,0.20916195,0.04338534,0.00000000,0.00000000,0.16636144,0.00000000,0.00000000,0.10236082,0.01254057,0.03997255,0.02164002,0.00000000,0.00000000,0.00000000,0.18654046,0.00000000,0.00000000,0.08160087,0.00000000,0.13227684,0.00000000,11.01409757,0.00000000,0.00355804,1.28161592,0.31489136
0.04530986,0.00000000,0.00000000,0.00000000,0.00000000,0.33750180,0.00000000,0.00319047,1.58328109,0.03386114,0.00000000,0.00000000,0.00000000,0.00000000,0.00000000,0.00000000,0.00424034,0.00059959,0.00000000,0.00000000,0.00000000,0.02321775,0.00000000,0.00000000,0.39370443,0.00000000,0.00000000,0.45555936,0.00000000,0.13241935,0.00000000,0.03316316,0.00000000,0.00000000,0.00000000,0.00000000,0.06060042,14.40499996,0.00000000,0.00000000,0.09879972,0.12067043,0.10907426,0.00000000,0.00000000,0.00000000,0.00000000,0.00598684,0.00468623,0.06552898,0.00593328,0.00000000,0.00000000,0.00619082,0.00084116,0.00000000,0.00000000,0.00000000,0.00000000,0.00000000,0.00000000,0.00000000,0.00127504,0.00000000,0.00000000,0.00000000,0.00000000,0.00000000,0.00000000,0.00162454,0.00000000,0.51391218,0.00000000,0.00000000,0.00000000,0.28876465,0.00869124,0.00000000,0.02921489,1.26228506,0.00000000,0.00000000,0.00000000,0.00706270,9.50701917,0.00000000,0.00000000,0.00000000,0.00000000,0.15636922,0.00000000,0.01241931,0.00000000,0.00283092,0.00000000,0.00000000,0.00000000,0.00000000,0.00000000,0.20871922,0.00225258,0.00000000,0.00000000,3.63168170,4.33182033,0.00312372,1.97895408,0.00000000,0.00000000,0.00000000,0.00000000,0.00000000,0.00000000,0.00000000,0.01416759,0.00720834,0.02817752,0.00000000,0.04210345,2.47301683,0.00496311,0.00245579
0.00000000,0.00000000,0.00000000,0.00000000,0.00000000,0.00000000,0.43021387,0.00000000,0.00629534,0.03347209,0.00000000,0.00073985,0.54075233,0.00000000,0.00000000,0.00000000,0.09359764,0.00000000,0.00000000,0.00000000,0.00000000,0.00000000,0.08354416,0.00000000,0.02285361,0.00287562,0.00000000,0.00000000,0.00000000,0.00000000,0.12313367,0.00000000,0.00000000,0.00000000,0.06451988,0.09559138,0.08077927,0.02045296,0.00000000,0.00000000,0.00000000,0.00000000,0.00000000,0.00000000,0.00000000,0.01143163,0.00000000,0.00000000,15.03551021,0.00917320,0.00000000,0.08092816,0.01120981,0.00000000,0.00477478,34.96962877,0.00000000,0.26492642,0.29853422,0.00000000,0.00000000,0.00147112,0.00255841,0.17399367,0.00000000,0.00000000,0.27080884,0.00000000,0.00774026,0.00000000,0.00250353,0.00399690,0.83325049,0.20929216,0.01217610,0.25091320,0.00000000,0.00000000,0.00362485,0.00000000,0.00000000,0.00000000,0.02614270,0.00000000,0.00000000,0.02518882,0.00000000,0.00000000,0.00000000,0.00000000,0.00000000,0.04658529,0.00000000,0.42795696,0.00000000,0.07260906,0.00000000,0.00000000,0.00000000,0.00243840,0.01729474,0.59401584,0.00000000,0.00000000,0.00000000,0.00644670,0.00000000,0.00000000,0.00320636,0.00000000,0.00000000,0.08160087,0.00000000,0.00000000,0.00000000,0.09330941,0.00000000,0.00000000,0.00000000,0.00000000,0.00755319,0.00000000
0.00000000,0.00441831,0.00000000,0.00000000,0.00000000,0.00381615,3.67076676,0.01500909,0.00000000,0.00000000,0.00000000,0.00000000,0.00000000,2.15470275,0.00000000,0.00000000,0.00421841,0.00000000,0.00000000,0.00000000,0.13575462,0.00000000,0.00000000,0.00000000,0.00447028,0.34220084,0.00000000,0.00000000,0.00000000,0.00000000,1.79915909,0.00000000,0.00000000,0.03359618,2.34175298,0.00000000,0.03257824,0.00000000,0.00000000,0.20697717,0.04215835,1.61324585,0.00664894,0.00000000,0.00000000,0.00000000,0.00000000,0.00000000,0.00000000,0.00000000,0.00000000,0.00000000,0.00143661,0.00654170,0.00000000,0.00000000,0.00414112,2.71415579,0.02123413,0.01793216,0.00000000,0.00000000,0.00133762,0.00000000,0.00000000,1.38221430,0.00000000,0.00000000,0.00286102,0.14126737,0.00000000,0.00000000,0.00000000,0.00000000,0.00000000,0.06378903,0.00000000,0.00000000,0.00000000,0.00000000,0.00000000,0.00000000,0.00000000,0.00000000,0.00000000,0.00000000,4.32235373,0.13095031,0.00000000,0.00000000,0.00000000,0.00000000,0.00000000,0.00331997,0.00000000,0.00544452,0.00000000,0.00000000,0.00000000,0.00000000,0.07517134,0.00000000,0.00000000,0.05266596,0.00000000,0.00000000,0.00000000,0.00000000,0.00298708,0.00000000,0.00789044,0.00000000,0.01416759,0.00000000,0.00000000,0.00000000,0.00352009,0.00000000,0.00000000,0.08486339,0.00000000,0.00000000
0.03925964,0.17067164,0.16665770,0.00000000,0.22365458,0.00000000,0.00000000,0.00000000,0.10106800,0.00087092,0.00000000,0.00000000,0.00000000,1.36717663,0.00000000,0.00000000,0.00000000,0.02317019,0.00000000,0.00000000,3.49541790,0.00000000,0.08774985,0.00000000,0.00000000,0.00000000,0.00000000,0.00000000,0.00000000,0.00000000,0.00000000,0.00000000,0.00000000,0.00000000,0.00000000,0.00191984,0.00000000,1.51491371,0.00000000,0.00000000,0.00000000,0.06579595,0.51950797,0.35704385,0.00247380,0.10183228,0.00000000,0.00000000,0.00000000,0.29675935,0.00000000,0.00634904,0.03300499,0.01494650,0.00000000,0.00000000,0.03955621,0.00000000,0.00000000,0.00000000,0.00000000,0.59798005,0.00000000,0.00000000,0.00000000,0.00000000,0.00594173,0.00000000,0.01509302,0.01848274,0.00629534,0.02591866,7.69663979,0.00000000,0.03492245,0.00000000,0.00000000,0.00000000,0.05340587,0.00000000,0.00000000,0.02108086,0.01983482,0.00000000,0.00000000,0.00000000,0.00000000,0.00000000,0.00000000,0.03858398,0.00000000,0.00000000,0.39513970,0.00000000,0.00000000,0.00000000,0.00000000,0.14947660,0.00000000,0.00602523,0.00000000,0.00316334,1.18632189,0.30930923,0.00000000,0.00000000,0.00000000,0.00063198,0.00000000,4.68932553,0.16038568,0.13227684,0.00720834,0.09330941,0.00000000,0.00000000,0.00000000,0.00000000,0.54822933,0.00000000,0.00514403,0.01423690
0.00000000,0.00000000,0.00000000,0.00000000,0.11326943,0.01308846,0.37573451,0.00000000,0.25776152,0.00000000,0.16546254,0.00000000,0.00000000,0.00000000,0.00000000,0.00000000,0.00000000,0.03507838,0.00000000,0.00000000,0.00000000,0.00000000,0.00000000,0.00000000,0.00000000,0.00000000,0.01224814,0.00000000,0.92300493,0.05782803,0.00969971,0.00101984,0.03788928,0.00000000,4.78563287,0.00208434,0.00961426,0.01120416,0.14276914,0.00000000,0.00000000,0.00000000,0.00000000,0.00000000,0.00000000,0.01138208,0.00000000,0.04485067,0.02434081,0.00000000,0.00171624,0.01278401,0.00000000,0.35975569,0.25393054,0.00000000,0.17086113,0.00567396,0.00000000,0.05873708,0.00000000,0.00000000,0.00000000,0.00000000,0.25427038,0.01836751,0.02212716,0.00364591,0.00000000,0.00000000,0.00336550,1.75097423,0.00000000,0.02656147,0.00000000,0.31447887,0.00000000,0.00000000,0.00000000,0.00000000,0.00000000,0.01229181,0.00000000,1.36717663,0.00000000,0.00000000,0.00000000,0.00000000,0.00000000,0.00000000,0.16098696,0.01456389,0.00000000,0.00000000,0.00000000,0.00000000,0.02206125,0.00000000,0.04886887,0.00000000,0.00000000,0.00000000,0.00000000,0.00000000,0.00000000,0.00000000,0.00000000,0.22389535,0.00000000,0.00000000,0.00443644,0.00000000,0.02817752,0.00000000,0.00352009,0.00000000,0.00000000,0.00000000,0.00000000,0.00000000,0.00000000,0.00000000
0.00000000,0.00000000,0.00000000,0.00000000,0.00000000,0.14647747,0.00000000,0.00734232,0.00715318,0.00000000,0.00000000,5.52092548,0.00000000,0.00000000,0.00000000,0.00000000,0.00000000,0.00000000,0.05266596,0.00000000,0.00000000,0.00738418,0.07320896,0.00000000,0.00000000,7.00905728,0.00105067,0.00000000,0.00000000,0.00601301,0.00000000,0.00000000,0.03899981,0.00000000,0.00000000,1.46674549,0.12961575,0.00664724,0.16540378,0.00000000,0.08404178,0.00000000,0.00000000,0.00000000,0.00000000,1.02818639,0.00000000,0.00000000,0.00000000,0.00000000,0.00067957,3.32433862,0.00698261,0.00000000,0.04530986,0.00000000,0.00000000,0.00000000,0.00000000,0.00277908,0.00000000,0.21400317,0.00000000,0.00000000,0.00000000,0.00000000,0.00224582,0.00000000,0.06403788,0.00000000,0.00717079,0.00000000,0.03603655,0.00000000,0.03415730,0.00000000,0.66208165,0.00000000,0.00000000,0.00518928,0.00000000,0.00000000,0.00000000,0.00540889,0.00000000,0.01202135,0.00000000,0.00964474,0.00000000,0.00000000,0.00000000,0.00000000,0.00000000,0.03365991,0.00000000,0.00000000,0.00000000,0.00000000,0.00000000,0.01274082,0.00000000,0.00000000,0.00000000,0.42137903,0.03500852,0.00000000,0.09181398,0.00000000,0.00000000,0.00000000,0.21155856,11.01409757,0.00000000,0.00000000,0.00000000,0.00000000,0.00000000,0.00000000,0.05235354,0.00183191,0.00000000,0.05333132
0.07975921,0.00000000,0.33609940,0.00682386,0.05090804,0.00000000,0.00000000,0.00000000,1.09695748,0.00000000,0.02875579,0.00000000,0.00000000,0.00000000,0.76580135,0.01063552,0.00000000,0.00000000,0.06378886,0.00000000,0.00000000,0.04623636,0.00000000,0.00200835,0.00105183,0.01482142,0.00000000,0.19358129,1.42796107,0.00000000,0.00000000,1.84031378,0.09329709,8.52395431,0.00000000,3.90425235,0.00000000,1.24301573,0.00000000,0.12638628,0.12488700,0.00000000,0.00000000,0.00000000,0.00000000,0.00000000,0.00000000,0.00000000,0.00000000,0.04306851,0.00000000,0.00000000,0.02768252,0.00000000,1.52760759,0.00000000,0.00000000,0.00000000,0.10513877,0.00000000,0.00000000,0.00000000,0.00000000,0.00000000,3.97749980,0.00000000,0.00119284,0.00000000,0.00000000,0.00000000,0.00000000,0.00000000,0.15581595,0.00000000,0.00000000,0.00000000,0.00000000,0.01557392,0.00000000,0.00000000,0.00000000,0.00000000,0.00000000,0.00000000,0.76580135,0.00000000,0.00000000,0.00000000,0.00000000,0.00983499,0.00000000,0.00000000,0.00000000,0.24824124,0.01895412,0.00000000,0.00000000,0.20145612,0.01144661,0.00000000,0.00000000,0.10126605,0.00000000,0.00000000,0.10696008,0.00000000,0.00000000,0.00227732,0.10247215,0.00000000,0.00000000,0.00000000,0.04210345,0.00000000,0.00000000,0.54822933,0.00000000,0.05235354,0.00000000,0.43848008,0.00830798,0.00000000
0.01149366,0.00000000,0.00000000,0.00719826,0.00000000,0.00000000,0.00000000,0.00000000,0.00000000,0.00000000,0.03006679,0.17855490,0.00000000,0.00000000,0.00000000,0.00000000,0.00000000,0.00000000,0.30930923,0.01423690,0.00000000,0.00000000,0.00000000,0.00000000,0.00000000,0.00000000,0.00000000,0.00000000,0.00315402,0.00000000,0.01796341,2.46217957,0.00934366,0.00000000,0.00000000,0.00000000,0.01813739,0.01139762,0.00000000,1.93262978,0.00000000,1.12168247,0.00000000,0.00000000,0.00000000,0.00000000,0.12430135,0.00000000,0.00000000,0.00000000,0.06134255,0.00736457,0.05444944,0.13001767,0.00000000,0.00594422,0.00000000,0.01910385,0.06903819,1.72072381,0.00000000,0.00000000,0.00000000,0.10114875,0.00274384,0.00000000,0.36442852,0.02927886,0.00732878,0.00000000,1.09695748,0.00000000,0.00000000,0.00000000,0.00000000,0.53747024,0.00073985,0.00000000,0.31004528,0.00000000,0.00000000,0.60331882,0.27847016,0.01190040,0.01248493,0.28731278,0.00000000,0.00519279,0.00000000,0.00000000,0.00000000,0.05107767,0.41799493,0.00421841,0.00000000,0.05037269,0.00343576,0.00427515,0.00000000,0.00000000,0.00000000,0.02317019,0.00000000,0.00000000,0.00000000,0.00000000,0.00000000,0.00000000,0.00000000,0.00000000,0.03475590,0.00355804,2.47301683,0.00000000,0.08486339,0.00000000,0.00000000,0.00183191,0.43848008,0.00000000,0.59385382,0.00000000
0.11083342,0.00000000,0.02282123,0.00387957,2.98513221,0.00000000,0.00760644,0.00000000,1.75097423,0.00000000,0.16526678,0.00000000,0.00000000,0.00000000,0.00000000,0.00000000,0.00000000,0.00316334,0.00000000,0.00514403,0.01109052,0.00000000,0.00000000,0.00165684,0.31377767,0.00503565,0.00072681,0.08546873,0.00000000,0.00000000,0.00000000,0.00000000,0.00000000,0.01870431,1.33200208,0.00000000,0.00000000,0.01507170,0.00000000,0.00000000,0.01064955,0.00000000,0.38775130,0.44644984,0.08077416,0.00000000,0.00244353,0.00000000,0.06496291,0.00000000,0.74943257,0.00000000,0.00000000,0.10407290,0.05598830,0.01189470,0.00551532,0.00000000,0.00000000,0.00000000,0.00000000,0.00000000,0.00000000,0.00000000,0.00523144,0.04765015,0.00000000,0.00000000,0.00000000,0.09632515,0.25776152,0.00000000,0.10902672,0.03347209,0.00000000,0.16546254,0.00000000,0.00000000,0.70207045,0.00000000,0.00843483,0.25399359,0.00000000,0.59780767,0.00000000,0.05054430,0.11475065,2.23192853,0.70014516,0.00000000,0.27777092,0.00000000,0.16994883,0.00000000,0.00000000,0.07727297,0.00000000,0.00000000,0.00671904,0.00000000,0.03507838,0.00000000,0.00000000,0.01569855,0.01041779,0.00000000,0.00000000,0.00000000,0.00146861,0.00000000,0.00000000,1.28161592,0.00496311,0.00755319,0.00000000,0.00514403,0.00000000,0.00000000,0.00830798,0.59385382,0.00000000,0.00574845
0.00000000,0.00000000,0.47196077,0.00000000,0.00000000,0.00000000,0.00345521,0.00000000,0.03098489,0.01007411,0.27481261,0.00000000,0.00000000,0.27847016,0.00000000,3.81045945,0.00000000,0.00000000,0.00000000,0.00000000,0.00000000,0.00000000,0.00000000,0.00000000,0.19785080,0.00000000,0.00000000,0.00000000,0.00000000,0.09927689,0.00000000,0.83349684,0.00000000,0.07013979,0.00666319,0.00000000,0.00789800,0.00000000,0.00000000,0.00000000,0.06733820,0.37729525,0.00000000,0.00000000,5.21276808,0.00000000,0.06343293,0.00000000,0.01185778,0.00000000,0.00652352,42.41739863,0.00000000,0.00000000,0.00000000,0.00000000,0.00000000,0.00000000,0.00000000,0.00000000,3.38077272,0.00000000,0.03614424,3.70717634,0.00000000,0.21053209,0.00000000,0.02952428,0.07536070,0.00000000,0.01787167,0.10106800,0.00000000,0.00941265,0.00000000,0.00000000,0.00000000,0.26237318,0.00000000,0.00000000,0.00000000,0.00000000,0.00000000,2.15470275,0.00000000,0.00000000,0.00000000,0.00000000,0.00000000,4.81500958,0.00000000,0.00000000,0.00000000,0.16356608,0.00000000,0.00000000,0.00000000,0.00000000,0.00000000,0.00000000,0.00000000,0.00000000,0.01210070,0.00317143,0.00000000,0.00000000,0.14169115,0.00000000,0.00000000,0.00000000,0.00000000,0.31489136,0.00245579,0.00000000,0.00000000,0.01423690,0.00000000,0.05333132,0.00000000,0.00000000,0.00574845,0.00000000
