0.00000000,1.37494022,0.15231075,1.37487051,1.48421524,0.15927845,0.01450811,0.24958313,0.06010065,0.00319507,0.00173147,0.00000000,0.00193633,0.00000000,0.00541457,0.00000000,0.00548098,0.00188302,0.00837374,0.04960688,0.00000000,0.00357707,0.01757950,0.00405567,0.00900142,0.00497485,0.02147587,0.01041323,0.03456567,0.03063402,0.05051813,0.02502051,0.06123959,0.02588396,0.00000000,0.00000000,0.00000000,0.00000000,0.00000000,0.00000000,0.00000000,0.00000000,0.00000000,0.00000000,0.00000000,0.00000000,0.00000000,0.00000000,0.00000000,0.00000000,0.00000000,0.00191700,0.00000000,0.00000000,0.00000000,0.00000000,0.00000000,0.00000000,0.00000000,0.00000000,0.00000000,0.00000000,0.00000000,0.00000000,0.00000000,0.00000000,0.00000000,0.00000000,0.00000000,0.00000000,0.00000000,0.00000000,0.00000000,0.00000000,0.00000000,0.00000000,0.00000000,0.00000000,0.00000000,0.00000000,0.00000000,0.00000000,0.00000000,0.00000000,0.00000000,0.00000000,0.00000000,0.00000000,0.00000000,0.00000000,0.00000000,0.00000000,0.00000000,0.00000000,0.00000000,0.00000000,0.00000000,0.00000000,0.00000000,0.00000000,0.00000000,0.00000000,0.00000000,0.00000000,0.00000000,0.00000000,0.00000000,0.00000000,0.00000000,0.00000000,0.00000000,0.00000000,0.00000000,0.00000000,0.00000000,0.00000000,0.00000000,0.00000000,0.00000000,0.00000000,0.00000000,0.00000000,0.00000000,0.00000000,0.00000000,0.00000000,0.00000000,0.00000000,0.00000000,0.00084454,0.01205184,0.00843776,0.02289945,0.19317036,0.12983744
1.37494022,0.00000000,0.04692613,1.07991524,0.17145416,1.05753399,0.01091603,0.18819704,0.03309036,0.03950753,0.03697935,0.00000000,0.00383005,0.00000000,0.00734082,0.00000000,0.00489455,0.00000000,0.00457908,0.02532262,0.00000000,0.00000000,0.01110873,0.00000000,0.00412490,0.00391963,0.00859250,0.00643346,0.01861578,0.01774006,0.02973743,0.02067104,0.04614993,0.02844583,0.00000000,0.00000000,0.00000000,0.00000000,0.00000000,0.00000000,0.00000000,0.00000000,0.00000000,0.00000000,0.00000000,0.00000000,0.00000000,0.00000000,0.00000000,0.00000000,0.00000000,0.00074515,0.00000000,0.00000000,0.00000000,0.00000000,0.00000000,0.00000000,0.00000000,0.00000000,0.00000000,0.00000000,0.00000000,0.00000000,0.00000000,0.00000000,0.00000000,0.00000000,0.00000000,0.00000000,0.00000000,0.00000000,0.00000000,0.00000000,0.00000000,0.00000000,0.00000000,0.00000000,0.00000000,0.00000000,0.00000000,0.00000000,0.00000000,0.00000000,0.00000000,0.00000000,0.00000000,0.00000000,0.00000000,0.00000000,0.00000000,0.00000000,0.00000000,0.00000000,0.00000000,0.00000000,0.00000000,0.00000000,0.00000000,0.00000000,0.00000000,0.00000000,0.00000000,0.00000000,0.00000000,0.00000000,0.00000000,0.00000000,0.00000000,0.00000000,0.00000000,0.00000000,0.00000000,0.00000000,0.00000000,0.00000000,0.00000000,0.00000000,0.00000000,0.00000000,0.00000000,0.00000000,0.00000000,0.00000000,0.00000000,0.00000000,0.00000000,0.00000000,0.00000000,0.00116352,0.00831206,0.00754661,0.01868749,0.14471046,0.10024636
0.15231075,0.04692613,0.00000000,0.08980094,1.87505880,0.02992818,1.21218581,0.14161526,0.56699377,0.00258577,0.00000000,0.00000000,0.00000000,0.00000000,0.00000000,0.00000000,0.00095736,0.00120804,0.01027818,0.05413068,0.00000000,0.00315531,0.02746977,0.00091637,0.00692796,0.01236267,0.00959623,0.01946683,0.02588781,0.09444229,0.06892769,0.06821207,0.04621404,0.02297565,0.00000000,0.00000000,0.00000000,0.00000000,0.00000000,0.00000000,0.00000000,0.00000000,0.00000000,0.00000000,0.00000000,0.00000000,0.00000000,0.00000000,0.00134342,0.00000000,0.00000000,0.00294090,0.00000000,0.00000000,0.00000000,0.00000000,0.00000000,0.00000000,0.00000000,0.00000000,0.00000000,0.00000000,0.00000000,0.00000000,0.00000000,0.00000000,0.00000000,0.00000000,0.00000000,0.00000000,0.00000000,0.00000000,0.00000000,0.00000000,0.00000000,0.00000000,0.00000000,0.00000000,0.00000000,0.00000000,0.00000000,0.00000000,0.00000000,0.00000000,0.00000000,0.00000000,0.00000000,0.00000000,0.00000000,0.00000000,0.00000000,0.00000000,0.00000000,0.00000000,0.00000000,0.00000000,0.00000000,0.00000000,0.00000000,0.00000000,0.00000000,0.00000000,0.00000000,0.00000000,0.00000000,0.00000000,0.00000000,0.00000000,0.00000000,0.00000000,0.00000000,0.00000000,0.00000000,0.00000000,0.00000000,0.00000000,0.00000000,0.00000000,0.00000000,0.00000000,0.00000000,0.00000000,0.00000000,0.00000000,0.00000000,0.00000000,0.00000000,0.00000000,0.00000000,0.00094837,0.01760794,0.01098802,0.03095615,0.24279050,0.13860238
1.37487051,1.07991524,0.08980094,0.00000000,0.89109000,1.21332646,0.02264278,1.33593658,0.21439752,0.01113754,0.00436686,0.00000000,0.00081435,0.00000000,0.00308483,0.00000000,0.00231968,0.00000000,0.00558785,0.02915315,0.00000000,0.00102096,0.01060090,0.00000000,0.00501619,0.00501530,0.00987062,0.00633416,0.01975287,0.02683873,0.03924160,0.02392062,0.05232559,0.03052581,0.00000000,0.00000000,0.00000000,0.00000000,0.00000000,0.00000000,0.00000000,0.00000000,0.00000000,0.00000000,0.00000000,0.00000000,0.00000000,0.00000000,0.00000000,0.00000000,0.00000000,0.00214453,0.00000000,0.00000000,0.00000000,0.00000000,0.00000000,0.00000000,0.00000000,0.00000000,0.00000000,0.00000000,0.00000000,0.00000000,0.00000000,0.00000000,0.00000000,0.00000000,0.00000000,0.00000000,0.00000000,0.00000000,0.00000000,0.00000000,0.00000000,0.00000000,0.00000000,0.00000000,0.00000000,0.00000000,0.00000000,0.00000000,0.00000000,0.00000000,0.00000000,0.00000000,0.00000000,0.00000000,0.00000000,0.00000000,0.00000000,0.00000000,0.00000000,0.00000000,0.00000000,0.00000000,0.00000000,0.00000000,0.00000000,0.00000000,0.00000000,0.00000000,0.00000000,0.00000000,0.00000000,0.00000000,0.00000000,0.00000000,0.00000000,0.00000000,0.00000000,0.00000000,0.00000000,0.00000000,0.00000000,0.00000000,0.00000000,0.00000000,0.00000000,0.00000000,0.00000000,0.00000000,0.00000000,0.00000000,0.00000000,0.00000000,0.00000000,0.00000000,0.00000000,0.00137361,0.01235842,0.00992078,0.02050620,0.15123628,0.12098194
1.48421524,0.17145416,1.87505880,0.89109000,0.00000000,0.13095286,0.15551844,1.29886410,0.88047967,0.00575112,0.00166839,0.00000000,0.00000000,0.00000000,0.00267760,0.00000000,0.00261768,0.00066024,0.00825939,0.05919410,0.00000000,0.00230122,0.02148047,0.00087857,0.00668393,0.00758314,0.00948442,0.01406342,0.02656316,0.04867516,0.05493687,0.04056457,0.04666718,0.02437481,0.00000000,0.00000000,0.00000000,0.00000000,0.00000000,0.00000000,0.00000000,0.00000000,0.00000000,0.00000000,0.00000000,0.00000000,0.00000000,0.00062006,0.00216632,0.00000000,0.00000000,0.00476323,0.00000000,0.00000000,0.00000000,0.00000000,0.00000000,0.00000000,0.00000000,0.00000000,0.00000000,0.00000000,0.00000000,0.00000000,0.00000000,0.00000000,0.00000000,0.00000000,0.00000000,0.00000000,0.00000000,0.00000000,0.00000000,0.00000000,0.00000000,0.00000000,0.00000000,0.00000000,0.00000000,0.00000000,0.00000000,0.00000000,0.00000000,0.00000000,0.00000000,0.00000000,0.00000000,0.00000000,0.00000000,0.00000000,0.00000000,0.00000000,0.00000000,0.00000000,0.00000000,0.00000000,0.00000000,0.00000000,0.00000000,0.00000000,0.00000000,0.00000000,0.00000000,0.00000000,0.00000000,0.00000000,0.00000000,0.00000000,0.00000000,0.00000000,0.00000000,0.00000000,0.00000000,0.00000000,0.00000000,0.00000000,0.00000000,0.00000000,0.00000000,0.00000000,0.00000000,0.00000000,0.00000000,0.00000000,0.00000000,0.00000000,0.00000000,0.00000000,0.00000000,0.00105191,0.01538177,0.01385975,0.03294528,0.25365465,0.18996275
0.15927845,1.05753399,0.02992818,1.21332646,0.13095286,0.00000000,0.01059065,0.56346674,0.04535038,0.01132431,0.00725562,0.00000000,0.00000000,0.00000000,0.00209781,0.00000000,0.00094228,0.00000000,0.00133858,0.01293852,0.00000000,0.00000000,0.00504788,0.00000000,0.00128004,0.00150944,0.00237049,0.00358396,0.00890085,0.01025304,0.01653035,0.01266873,0.02770759,0.01637841,0.00000000,0.00000000,0.00000000,0.00000000,0.00000000,0.00000000,0.00000000,0.00000000,0.00000000,0.00000000,0.00000000,0.00000000,0.00000000,0.00000000,0.00000000,0.00000000,0.00000000,0.00081546,0.00000000,0.00000000,0.00000000,0.00000000,0.00000000,0.00000000,0.00000000,0.00000000,0.00000000,0.00000000,0.00000000,0.00000000,0.00000000,0.00000000,0.00000000,0.00000000,0.00000000,0.00000000,0.00000000,0.00000000,0.00000000,0.00000000,0.00000000,0.00000000,0.00000000,0.00000000,0.00000000,0.00000000,0.00000000,0.00000000,0.00000000,0.00000000,0.00000000,0.00000000,0.00000000,0.00000000,0.00000000,0.00000000,0.00000000,0.00000000,0.00000000,0.00000000,0.00000000,0.00000000,0.00000000,0.00000000,0.00000000,0.00000000,0.00000000,0.00000000,0.00000000,0.00000000,0.00000000,0.00000000,0.00000000,0.00000000,0.00000000,0.00000000,0.00000000,0.00000000,0.00000000,0.00000000,0.00000000,0.00000000,0.00000000,0.00000000,0.00000000,0.00000000,0.00000000,0.00000000,0.00000000,0.00000000,0.00000000,0.00000000,0.00000000,0.00000000,0.00000000,0.00070298,0.00673951,0.00493729,0.01203937,0.08030799,0.06986241
0.01450811,0.01091603,1.21218581,0.02264278,0.15551844,0.01059065,0.00000000,0.05599459,0.97736413,0.00213618,0.00000000,0.00000000,0.00000000,0.00000000,0.00000000,0.00000000,0.00000000,0.00000000,0.00724021,0.01558770,0.00000000,0.00118739,0.01405540,0.00000000,0.00396804,0.00470504,0.00590024,0.01017353,0.01696005,0.06280237,0.05527674,0.08018407,0.04696449,0.03524257,0.00000000,0.00000000,0.00000000,0.00000000,0.00000000,0.00000000,0.00000000,0.00000000,0.00000000,0.00000000,0.00000000,0.00000000,0.00000000,0.00000000,0.00000000,0.00000000,0.00000000,0.00060308,0.00000000,0.00000000,0.00000000,0.00000000,0.00000000,0.00000000,0.00000000,0.00000000,0.00000000,0.00000000,0.00000000,0.00000000,0.00000000,0.00000000,0.00000000,0.00000000,0.00000000,0.00000000,0.00000000,0.00000000,0.00000000,0.00000000,0.00000000,0.00000000,0.00000000,0.00000000,0.00000000,0.00000000,0.00000000,0.00000000,0.00000000,0.00000000,0.00000000,0.00000000,0.00000000,0.00000000,0.00000000,0.00000000,0.00000000,0.00000000,0.00000000,0.00000000,0.00000000,0.00000000,0.00000000,0.00000000,0.00000000,0.00000000,0.00000000,0.00000000,0.00000000,0.00000000,0.00000000,0.00000000,0.00000000,0.00000000,0.00000000,0.00000000,0.00000000,0.00000000,0.00000000,0.00000000,0.00000000,0.00000000,0.00000000,0.00000000,0.00000000,0.00000000,0.00000000,0.00000000,0.00000000,0.00000000,0.00000000,0.00000000,0.00000000,0.00000000,0.00000000,0.00100625,0.02312135,0.01165369,0.04379718,0.20175484,0.15518440
0.24958313,0.18819704,0.14161526,1.33593658,1.29886410,0.56346674,0.05599459,0.00000000,1.12968842,0.00599332,0.00254301,0.00000000,0.00000000,0.00000000,0.00089920,0.00000000,0.00085476,0.00000000,0.00321747,0.02050159,0.00000000,0.00000000,0.00972202,0.00000000,0.00334588,0.00456527,0.00493605,0.00723824,0.01680728,0.02307693,0.03761783,0.02429094,0.03887692,0.02502291,0.00000000,0.00000000,0.00000000,0.00000000,0.00000000,0.00000000,0.00000000,0.00000000,0.00000000,0.00000000,0.00000000,0.00000000,0.00000000,0.00000000,0.00000000,0.00000000,0.00000000,0.00263352,0.00000000,0.00000000,0.00000000,0.00000000,0.00000000,0.00000000,0.00000000,0.00000000,0.00000000,0.00000000,0.00000000,0.00000000,0.00000000,0.00000000,0.00000000,0.00000000,0.00000000,0.00000000,0.00000000,0.00000000,0.00000000,0.00000000,0.00000000,0.00000000,0.00000000,0.00000000,0.00000000,0.00000000,0.00000000,0.00000000,0.00000000,0.00000000,0.00000000,0.00000000,0.00000000,0.00000000,0.00000000,0.00000000,0.00000000,0.00000000,0.00000000,0.00000000,0.00000000,0.00000000,0.00000000,0.00000000,0.00000000,0.00000000,0.00000000,0.00000000,0.00000000,0.00000000,0.00000000,0.00000000,0.00000000,0.00000000,0.00000000,0.00000000,0.00000000,0.00000000,0.00000000,0.00000000,0.00000000,0.00000000,0.00000000,0.00000000,0.00000000,0.00000000,0.00000000,0.00000000,0.00000000,0.00000000,0.00000000,0.00000000,0.00000000,0.00000000,0.00000000,0.00064786,0.01090564,0.00814952,0.01763591,0.13283356,0.12001704
0.06010065,0.03309036,0.56699377,0.21439752,0.88047967,0.04535038,0.97736413,1.12968842,0.00000000,0.00369556,0.00000000,0.00000000,0.00000000,0.00000000,0.00000000,0.00000000,0.00000000,0.00000000,0.00464681,0.01792102,0.00000000,0.00000000,0.01181249,0.00000000,0.00346298,0.00521629,0.00506395,0.00998673,0.01498349,0.04046370,0.04769812,0.04222663,0.04245514,0.02706848,0.00000000,0.00000000,0.00000000,0.00000000,0.00000000,0.00000000,0.00000000,0.00000000,0.00000000,0.00000000,0.00000000,0.00000000,0.00000000,0.00000000,0.00159282,0.00000000,0.00000000,0.00287963,0.00000000,0.00000000,0.00000000,0.00000000,0.00000000,0.00000000,0.00000000,0.00000000,0.00000000,0.00000000,0.00000000,0.00000000,0.00000000,0.00000000,0.00000000,0.00000000,0.00000000,0.00000000,0.00000000,0.00000000,0.00000000,0.00000000,0.00000000,0.00000000,0.00000000,0.00000000,0.00000000,0.00000000,0.00000000,0.00000000,0.00000000,0.00000000,0.00000000,0.00000000,0.00000000,0.00000000,0.00000000,0.00000000,0.00000000,0.00000000,0.00000000,0.00000000,0.00000000,0.00000000,0.00000000,0.00000000,0.00000000,0.00000000,0.00000000,0.00000000,0.00000000,0.00000000,0.00000000,0.00000000,0.00000000,0.00000000,0.00000000,0.00000000,0.00000000,0.00000000,0.00000000,0.00000000,0.00000000,0.00000000,0.00000000,0.00000000,0.00000000,0.00000000,0.00000000,0.00000000,0.00000000,0.00000000,0.00000000,0.00000000,0.00000000,0.00000000,0.00000000,0.00065252,0.01531377,0.00804343,0.02135728,0.13597536,0.13168783
0.00319507,0.03950753,0.00258577,0.01113754,0.00575112,0.01132431,0.00213618,0.00599332,0.00369556,0.00000000,1.00468581,0.00000000,0.00000000,0.00000000,0.00106422,0.00000000,0.00000000,0.00000000,0.00000000,0.00294708,0.00000000,0.00000000,0.00000000,0.00000000,0.00000000,0.00000000,0.00000000,0.00000000,0.00000000,0.00000000,0.00000000,0.00000000,0.00272126,0.00144147,0.00000000,0.00000000,0.00000000,0.00000000,0.00000000,0.00000000,0.00000000,0.00000000,0.00000000,0.00000000,0.00000000,0.00000000,0.00000000,0.00000000,0.00000000,0.00000000,0.00000000,0.00000000,0.00000000,0.00000000,0.00000000,0.00000000,0.00000000,0.00000000,0.00000000,0.00000000,0.00000000,0.00000000,0.00000000,0.00000000,0.00000000,0.00000000,0.00000000,0.00000000,0.00000000,0.00000000,0.00000000,0.00000000,0.00000000,0.00000000,0.00000000,0.00000000,0.00000000,0.00000000,0.00000000,0.00000000,0.00000000,0.00000000,0.00000000,0.00000000,0.00000000,0.00000000,0.00000000,0.00000000,0.00000000,0.00000000,0.00000000,0.00000000,0.00000000,0.00000000,0.00000000,0.00000000,0.00000000,0.00000000,0.00000000,0.00000000,0.00000000,0.00000000,0.00000000,0.00000000,0.00000000,0.00000000,0.00000000,0.00000000,0.00000000,0.00000000,0.00000000,0.00000000,0.00000000,0.00000000,0.00000000,0.00000000,0.00000000,0.00000000,0.00000000,0.00000000,0.00000000,0.00000000,0.00000000,0.00000000,0.00000000,0.00000000,0.00000000,0.00000000,0.00000000,0.00000000,0.00000000,0.00000000,0.00194198,0.02646352,0.01292866
0.00173147,0.03697935,0.00000000,0.00436686,0.00166839,0.00725562,0.00000000,0.00254301,0.00000000,1.00468581,0.00000000,0.00000000,0.00000000,0.00000000,0.00000000,0.00000000,0.00000000,0.00000000,0.00000000,0.00000000,0.00000000,0.00000000,0.00000000,0.00000000,0.00000000,0.00000000,0.00000000,0.00000000,0.00000000,0.00000000,0.00000000,0.00000000,0.00000000,0.00000000,0.00000000,0.00000000,0.00000000,0.00000000,0.00000000,0.00000000,0.00000000,0.00000000,0.00000000,0.00000000,0.00000000,0.00000000,0.00000000,0.00000000,0.00000000,0.00000000,0.00000000,0.00000000,0.00000000,0.00000000,0.00000000,0.00000000,0.00000000,0.00000000,0.00000000,0.00000000,0.00000000,0.00000000,0.00000000,0.00000000,0.00000000,0.00000000,0.00000000,0.00000000,0.00000000,0.00000000,0.00000000,0.00000000,0.00000000,0.00000000,0.00000000,0.00000000,0.00000000,0.00000000,0.00000000,0.00000000,0.00000000,0.00000000,0.00000000,0.00000000,0.00000000,0.00000000,0.00000000,0.00000000,0.00000000,0.00000000,0.00000000,0.00000000,0.00000000,0.00000000,0.00000000,0.00000000,0.00000000,0.00000000,0.00000000,0.00000000,0.00000000,0.00000000,0.00000000,0.00000000,0.00000000,0.00000000,0.00000000,0.00000000,0.00000000,0.00000000,0.00000000,0.00000000,0.00000000,0.00000000,0.00000000,0.00000000,0.00000000,0.00000000,0.00000000,0.00000000,0.00000000,0.00000000,0.00000000,0.00000000,0.00000000,0.00000000,0.00000000,0.00000000,0.00000000,0.00000000,0.00000000,0.00000000,0.00000000,0.01027760,0.00557595
0.00000000,0.00000000,0.00000000,0.00000000,0.00000000,0.00000000,0.00000000,0.00000000,0.00000000,0.00000000,0.00000000,0.00000000,1.15722205,0.00000000,0.00263745,0.00000000,0.00000000,0.00000000,0.00000000,0.00000000,0.00000000,0.00000000,0.00000000,0.00000000,0.00000000,0.00000000,0.00000000,0.00000000,0.00000000,0.00000000,0.00000000,0.00000000,0.00000000,0.00000000,0.00000000,0.00000000,0.00000000,0.00000000,0.00000000,0.00000000,0.00000000,0.00000000,0.00000000,0.00000000,0.00000000,0.00000000,0.00000000,0.00000000,0.00000000,0.00000000,0.00000000,0.00000000,0.00000000,0.00000000,0.00000000,0.00000000,0.00000000,0.00000000,0.00000000,0.00000000,0.00000000,0.00000000,0.00000000,0.00000000,0.00000000,0.00000000,0.00000000,0.00000000,0.00000000,0.00000000,0.00000000,0.00000000,0.00000000,0.00000000,0.00000000,0.00000000,0.00000000,0.00000000,0.00000000,0.00000000,0.00000000,0.00000000,0.00000000,0.00000000,0.00000000,0.00000000,0.00000000,0.00000000,0.00000000,0.00000000,0.00000000,0.00000000,0.00000000,0.00000000,0.00000000,0.00000000,0.00000000,0.00000000,0.00000000,0.00000000,0.00000000,0.00000000,0.00000000,0.00000000,0.00000000,0.00000000,0.00000000,0.00000000,0.00000000,0.00000000,0.00000000,0.00000000,0.00000000,0.00000000,0.00000000,0.00000000,0.00000000,0.00000000,0.00000000,0.00000000,0.00000000,0.00000000,0.00000000,0.00000000,0.00000000,0.00000000,0.00000000,0.00000000,0.00000000,0.00000000,0.00000000,0.00000000,0.00000000,0.00216501,0.00000000
0.00193633,0.00383005,0.00000000,0.00081435,0.00000000,0.00000000,0.00000000,0.00000000,0.00000000,0.00000000,0.00000000,1.15722205,0.00000000,0.55846486,2.20222033,0.00691983,0.02307578,0.00806148,0.75694956,0.06907436,0.00352511,0.00153489,0.02876585,0.00096508,0.00187826,0.00658487,0.00000000,0.00172552,0.00000000,0.00111941,0.00000000,0.00000000,0.00000000,0.00000000,0.00000000,0.00000000,0.00000000,0.00000000,0.00000000,0.00000000,0.00000000,0.00000000,0.00000000,0.00000000,0.00000000,0.00000000,0.00000000,0.00000000,0.00000000,0.00000000,0.00000000,0.00000000,0.00000000,0.00000000,0.00000000,0.00000000,0.00000000,0.00000000,0.00000000,0.00000000,0.00000000,0.00000000,0.00000000,0.00000000,0.00000000,0.00000000,0.00000000,0.00000000,0.00000000,0.00000000,0.00000000,0.00000000,0.00000000,0.00000000,0.00000000,0.00000000,0.00000000,0.00000000,0.00000000,0.00000000,0.00000000,0.00000000,0.00000000,0.00000000,0.00000000,0.00000000,0.00000000,0.00000000,0.00000000,0.00000000,0.00000000,0.00000000,0.00000000,0.00000000,0.00000000,0.00000000,0.00000000,0.00000000,0.00000000,0.00000000,0.00000000,0.00000000,0.00000000,0.00000000,0.00000000,0.00000000,0.00000000,0.00000000,0.00000000,0.00000000,0.00000000,0.00000000,0.00000000,0.00000000,0.00000000,0.00000000,0.00000000,0.00000000,0.00000000,0.00000000,0.00000000,0.00000000,0.00000000,0.00000000,0.00000000,0.00000000,0.00000000,0.00000000,0.00276331,0.07559841,0.00854073,0.10082188,0.00301091,0.77833421,0.09766234
0.00000000,0.00000000,0.00000000,0.00000000,0.00000000,0.00000000,0.00000000,0.00000000,0.00000000,0.00000000,0.00000000,0.00000000,0.55846486,0.00000000,0.00000000,0.05204994,0.00000000,1.23196080,1.50705794,0.00157563,0.09996167,0.38322209,0.21049924,0.06859719,0.08519982,0.01474085,0.03682957,0.00864490,0.01668269,0.00571091,0.00570104,0.00175479,0.00293974,0.00000000,0.01896936,0.00681917,0.00000000,0.00000000,0.00000000,0.00000000,0.00000000,0.00231768,0.00000000,0.00000000,0.00000000,0.00000000,0.00000000,0.00000000,0.00000000,0.00000000,0.00000000,0.00000000,0.00000000,0.00196923,0.00308585,0.00000000,0.00000000,0.00000000,0.00000000,0.00000000,0.00000000,0.00000000,0.00000000,0.00000000,0.00000000,0.00000000,0.00000000,0.00000000,0.00000000,0.00000000,0.00000000,0.00000000,0.00000000,0.00000000,0.00000000,0.00000000,0.00000000,0.00000000,0.00000000,0.00000000,0.00000000,0.00000000,0.00000000,0.00000000,0.00000000,0.00000000,0.00000000,0.00000000,0.00000000,0.00000000,0.00000000,0.00000000,0.00000000,0.00000000,0.00000000,0.00000000,0.00000000,0.00000000,0.00000000,0.00000000,0.00000000,0.00000000,0.00000000,0.00000000,0.00000000,0.00000000,0.00000000,0.00000000,0.00000000,0.00000000,0.00000000,0.00000000,0.00000000,0.00000000,0.00000000,0.00000000,0.00000000,0.00000000,0.00000000,0.00000000,0.00000000,0.00000000,0.00000000,0.00000000,0.00000000,0.00000000,0.00000000,0.00000000,0.00000000,0.00000000,0.04684950,0.00000000,0.00967299,0.47041969,0.02910255
0.00541457,0.00734082,0.00000000,0.00308483,0.00267760,0.00209781,0.00000000,0.00089920,0.00000000,0.00106422,0.00000000,0.00263745,2.20222033,0.00000000,0.00000000,0.00000000,0.74660285,0.00000000,0.00509796,1.14875791,0.00000000,0.00000000,0.00000000,0.00000000,0.00000000,0.00000000,0.00000000,0.00000000,0.00000000,0.00000000,0.00000000,0.00000000,0.00000000,0.00000000,0.00000000,0.00000000,0.00000000,0.00000000,0.00000000,0.00000000,0.00000000,0.00000000,0.00000000,0.00000000,0.00000000,0.00000000,0.00000000,0.00000000,0.00000000,0.00000000,0.00000000,0.00000000,0.00000000,0.00000000,0.00000000,0.00000000,0.00000000,0.00000000,0.00000000,0.00000000,0.00000000,0.00000000,0.00000000,0.00000000,0.00000000,0.00000000,0.00000000,0.00000000,0.00000000,0.00000000,0.00000000,0.00000000,0.00000000,0.00000000,0.00000000,0.00000000,0.00000000,0.00000000,0.00000000,0.00000000,0.00000000,0.00000000,0.00000000,0.00000000,0.00000000,0.00000000,0.00000000,0.00000000,0.00000000,0.00000000,0.00000000,0.00000000,0.00000000,0.00000000,0.00000000,0.00000000,0.00000000,0.00000000,0.00000000,0.00000000,0.00000000,0.00000000,0.00000000,0.00000000,0.00000000,0.00000000,0.00000000,0.00000000,0.00000000,0.00000000,0.00000000,0.00000000,0.00000000,0.00000000,0.00000000,0.00000000,0.00000000,0.00000000,0.00000000,0.00000000,0.00000000,0.00000000,0.00000000,0.00000000,0.00000000,0.00000000,0.00000000,0.00000000,0.00000000,0.01697690,0.00150820,0.03419608,0.00454136,0.74084433,0.09183135
0.00000000,0.00000000,0.00000000,0.00000000,0.00000000,0.00000000,0.00000000,0.00000000,0.00000000,0.00000000,0.00000000,0.00000000,0.00691983,0.05204994,0.00000000,0.00000000,0.00000000,0.95400569,0.01240741,0.00000000,1.38738261,0.08123627,0.00427693,0.12319301,0.00919718,0.00000000,0.01962652,0.00000000,0.00280315,0.00000000,0.00000000,0.00000000,0.00000000,0.00000000,0.00567460,0.00148060,0.00000000,0.00000000,0.00000000,0.00000000,0.00000000,0.00000000,0.00000000,0.00000000,0.00000000,0.00000000,0.00000000,0.00000000,0.00000000,0.00000000,0.00000000,0.00000000,0.00000000,0.00000000,0.00000000,0.00000000,0.00000000,0.00000000,0.00000000,0.00000000,0.00000000,0.00000000,0.00000000,0.00000000,0.00000000,0.00000000,0.00000000,0.00000000,0.00000000,0.00000000,0.00000000,0.00000000,0.00000000,0.00000000,0.00000000,0.00000000,0.00000000,0.00000000,0.00000000,0.00000000,0.00000000,0.00000000,0.00000000,0.00000000,0.00000000,0.00000000,0.00000000,0.00000000,0.00000000,0.00000000,0.00000000,0.00000000,0.00000000,0.00000000,0.00000000,0.00000000,0.00000000,0.00000000,0.00000000,0.00000000,0.00000000,0.00000000,0.00000000,0.00000000,0.00000000,0.00000000,0.00000000,0.00000000,0.00000000,0.00000000,0.00000000,0.00000000,0.00000000,0.00000000,0.00000000,0.00000000,0.00000000,0.00000000,0.00000000,0.00000000,0.00000000,0.00000000,0.00000000,0.00000000,0.00000000,0.00000000,0.00000000,0.00000000,0.00000000,0.00000000,0.09070714,0.00000000,0.02579457,0.55825731,0.05742411
0.00548098,0.00489455,0.00095736,0.00231968,0.00261768,0.00094228,0.00000000,0.00085476,0.00000000,0.00000000,0.00000000,0.00000000,0.02307578,0.00000000,0.74660285,0.00000000,0.00000000,0.00000000,0.00000000,0.67479394,0.00000000,0.00000000,0.00000000,0.00000000,0.00000000,0.00000000,0.00000000,0.00000000,0.00000000,0.00000000,0.00000000,0.00000000,0.00000000,0.00000000,0.00000000,0.00000000,0.00000000,0.00000000,0.00000000,0.00000000,0.00000000,0.00000000,0.00000000,0.00000000,0.00000000,0.00000000,0.00000000,0.00000000,0.00000000,0.00000000,0.00000000,0.00000000,0.00000000,0.00000000,0.00000000,0.00000000,0.00000000,0.00000000,0.00000000,0.00000000,0.00000000,0.00000000,0.00000000,0.00000000,0.00000000,0.00000000,0.00000000,0.00000000,0.00000000,0.00000000,0.00000000,0.00000000,0.00000000,0.00000000,0.00000000,0.00000000,0.00000000,0.00000000,0.00000000,0.00000000,0.00000000,0.00000000,0.00000000,0.00000000,0.00000000,0.00000000,0.00000000,0.00000000,0.00000000,0.00000000,0.00000000,0.00000000,0.00000000,0.00000000,0.00000000,0.00000000,0.00000000,0.00000000,0.00000000,0.00000000,0.00000000,0.00000000,0.00000000,0.00000000,0.00000000,0.00000000,0.00000000,0.00000000,0.00000000,0.00000000,0.00000000,0.00000000,0.00000000,0.00000000,0.00000000,0.00000000,0.00000000,0.00000000,0.00000000,0.00000000,0.00000000,0.00000000,0.00000000,0.00000000,0.00000000,0.00000000,0.00000000,0.00000000,0.00000000,0.00212257,0.00000000,0.00501649,0.00206748,0.09820501,0.03064614
0.00188302,0.00000000,0.00120804,0.00000000,0.00066024,0.00000000,0.00000000,0.00000000,0.00000000,0.00000000,0.00000000,0.00000000,0.00806148,1.23196080,0.00000000,0.95400569,0.00000000,0.00000000,0.35300837,0.00158319,2.66424369,2.37577631,0.07415359,0.53725549,0.13061881,0.01025713,0.12529178,0.00877016,0.02827464,0.00942772,0.01034994,0.00376280,0.00695708,0.00172125,0.03153633,0.00879457,0.00000000,0.00000000,0.00000000,0.00000000,0.00000000,0.00312600,0.00000000,0.00000000,0.00000000,0.00117199,0.00000000,0.00000000,0.00000000,0.00000000,0.00000000,0.00000000,0.00000000,0.00313426,0.00538009,0.00000000,0.00000000,0.00000000,0.00000000,0.00000000,0.00000000,0.00000000,0.00000000,0.00000000,0.00000000,0.00000000,0.00000000,0.00000000,0.00000000,0.00000000,0.00000000,0.00000000,0.00000000,0.00000000,0.00000000,0.00000000,0.00000000,0.00000000,0.00000000,0.00000000,0.00000000,0.00000000,0.00000000,0.00000000,0.00000000,0.00000000,0.00000000,0.00000000,0.00000000,0.00000000,0.00000000,0.00000000,0.00000000,0.00000000,0.00000000,0.00000000,0.00000000,0.00000000,0.00000000,0.00000000,0.00000000,0.00000000,0.00000000,0.00000000,0.00000000,0.00000000,0.00000000,0.00000000,0.00000000,0.00000000,0.00000000,0.00000000,0.00000000,0.00000000,0.00000000,0.00000000,0.00000000,0.00000000,0.00000000,0.00000000,0.00000000,0.00000000,0.00000000,0.00434396,0.00000000,0.00000000,0.00000000,0.00000000,0.00000000,0.00000000,0.10778991,0.00000000,0.02227600,0.54361982,0.05937623
0.00837374,0.00457908,0.01027818,0.00558785,0.00825939,0.00133858,0.00724021,0.00321747,0.00464681,0.00000000,0.00000000,0.00000000,0.75694956,1.50705794,0.00509796,0.01240741,0.00000000,0.35300837,0.00000000,0.61082694,0.03342819,0.85387551,3.35029440,0.06124498,0.49267442,0.39338500,0.09412327,0.12445709,0.11058804,0.09013183,0.05957715,0.01972068,0.02487258,0.00994082,0.01113846,0.00497603,0.00000000,0.00000000,0.00000000,0.00000000,0.00000000,0.00383181,0.00000000,0.00000000,0.00000000,0.00552842,0.00000000,0.00000000,0.00000000,0.00000000,0.00548403,0.00000000,0.00435893,0.01241745,0.02212665,0.00000000,0.00000000,0.00000000,0.00000000,0.00000000,0.00000000,0.00000000,0.00000000,0.00000000,0.00000000,0.00000000,0.00000000,0.00000000,0.00000000,0.00000000,0.00000000,0.00000000,0.00000000,0.00000000,0.00000000,0.00000000,0.00000000,0.00000000,0.00000000,0.00000000,0.00000000,0.00000000,0.00000000,0.00000000,0.00000000,0.00000000,0.00000000,0.00000000,0.00000000,0.00000000,0.00000000,0.00000000,0.00000000,0.00000000,0.00000000,0.00000000,0.00000000,0.00000000,0.00000000,0.00000000,0.00000000,0.00000000,0.00000000,0.00000000,0.00000000,0.00532486,0.00000000,0.00000000,0.00000000,0.00000000,0.00000000,0.00376431,0.00000000,0.00000000,0.00000000,0.00000000,0.00000000,0.00000000,0.00000000,0.00000000,0.00000000,0.00000000,0.00000000,0.00537798,0.00000000,0.00000000,0.00000000,0.00000000,0.00000000,0.00000000,0.09179461,0.00117147,0.02387879,1.05221336,0.08725210
0.04960688,0.02532262,0.05413068,0.02915315,0.05919410,0.01293852,0.01558770,0.02050159,0.01792102,0.00294708,0.00000000,0.00000000,0.06907436,0.00157563,1.14875791,0.00000000,0.67479394,0.00158319,0.61082694,0.00000000,0.00000000,0.00397604,0.43520705,0.00108943,0.00748294,0.01810613,0.00513586,0.01775225,0.01388245,0.03350971,0.01853057,0.01337964,0.01311533,0.00670876,0.00000000,0.00000000,0.00000000,0.00000000,0.00000000,0.00000000,0.00000000,0.00000000,0.00000000,0.00000000,0.00000000,0.00000000,0.00000000,0.00330796,0.00336296,0.00000000,0.00000000,0.00634419,0.00000000,0.00000000,0.00000000,0.00000000,0.00000000,0.00000000,0.00000000,0.00000000,0.00000000,0.00000000,0.00000000,0.00000000,0.00000000,0.00000000,0.00000000,0.00000000,0.00000000,0.00000000,0.00000000,0.00000000,0.00000000,0.00000000,0.00000000,0.00000000,0.00000000,0.00000000,0.00000000,0.00000000,0.00000000,0.00000000,0.00000000,0.00000000,0.00000000,0.00000000,0.00000000,0.00000000,0.00000000,0.00000000,0.00000000,0.00000000,0.00000000,0.00000000,0.00000000,0.00000000,0.00000000,0.00000000,0.00000000,0.00000000,0.00000000,0.00000000,0.00000000,0.00000000,0.00000000,0.00000000,0.00000000,0.00000000,0.00000000,0.00000000,0.00000000,0.00000000,0.00000000,0.00000000,0.00000000,0.00000000,0.00000000,0.00000000,0.00000000,0.00000000,0.00000000,0.00000000,0.00000000,0.00000000,0.00000000,0.00000000,0.00000000,0.00000000,0.00000000,0.00946562,0.01480185,0.02208745,0.02315808,1.19728803,0.15700059
0.00000000,0.00000000,0.00000000,0.00000000,0.00000000,0.00000000,0.00000000,0.00000000,0.00000000,0.00000000,0.00000000,0.00000000,0.00352511,0.09996167,0.00000000,1.38738261,0.00000000,2.66424369,0.03342819,0.00000000,0.00000000,0.82023944,0.01495969,1.31206377,0.03559003,0.00242008,0.08709937,0.00308165,0.01444252,0.00311238,0.00511172,0.00096847,0.00353755,0.00000000,0.00763288,0.00270176,0.00000000,0.00000000,0.00000000,0.00000000,0.00000000,0.00000000,0.00000000,0.00000000,0.00000000,0.00000000,0.00000000,0.00000000,0.00000000,0.00000000,0.00000000,0.00000000,0.00000000,0.00179691,0.00330828,0.00000000,0.00000000,0.00000000,0.00000000,0.00000000,0.00000000,0.00000000,0.00000000,0.00000000,0.00000000,0.00000000,0.00000000,0.00000000,0.00000000,0.00000000,0.00000000,0.00000000,0.00000000,0.00000000,0.00000000,0.00000000,0.00000000,0.00000000,0.00000000,0.00000000,0.00000000,0.00000000,0.00000000,0.00000000,0.00000000,0.00000000,0.00000000,0.00000000,0.00000000,0.00000000,0.00000000,0.00000000,0.00000000,0.00000000,0.00000000,0.00000000,0.00000000,0.00000000,0.00000000,0.00000000,0.00000000,0.00000000,0.00000000,0.00000000,0.00000000,0.00000000,0.00000000,0.00000000,0.00000000,0.00000000,0.00000000,0.00000000,0.00000000,0.00000000,0.00000000,0.00000000,0.00000000,0.00000000,0.00000000,0.00000000,0.00000000,0.00000000,0.00000000,0.00000000,0.00000000,0.00000000,0.00000000,0.00000000,0.00000000,0.00000000,0.09176892,0.00000000,0.02674271,0.48042658,0.05905478
0.00357707,0.00000000,0.00315531,0.00102096,0.00230122,0.00000000,0.00118739,0.00000000,0.00000000,0.00000000,0.00000000,0.00000000,0.00153489,0.38322209,0.00000000,0.08123627,0.00000000,2.37577631,0.85387551,0.00397604,0.82023944,0.00000000,0.44506792,1.63621555,1.09071215,0.02289278,0.63033832,0.02256924,0.13460343,0.02040601,0.02741834,0.00651003,0.01264185,0.00282041,0.00933937,0.00405368,0.00000000,0.00000000,0.00000000,0.00000000,0.00000000,0.00000000,0.00000000,0.00000000,0.00000000,0.00000000,0.00000000,0.00000000,0.00000000,0.00000000,0.00249772,0.00000000,0.00000000,0.00380868,0.00780178,0.00000000,0.00000000,0.00000000,0.00000000,0.00000000,0.00000000,0.00000000,0.00000000,0.00000000,0.00000000,0.00000000,0.00000000,0.00000000,0.00000000,0.00000000,0.00000000,0.00000000,0.00000000,0.00000000,0.00000000,0.00000000,0.00000000,0.00000000,0.00000000,0.00000000,0.00000000,0.00000000,0.00000000,0.00000000,0.00000000,0.00000000,0.00000000,0.00000000,0.00000000,0.00000000,0.00000000,0.00000000,0.00000000,0.00000000,0.00000000,0.00000000,0.00000000,0.00000000,0.00000000,0.00000000,0.00000000,0.00000000,0.00000000,0.00000000,0.00000000,0.00000000,0.00000000,0.00000000,0.00000000,0.00000000,0.00000000,0.00000000,0.00000000,0.00000000,0.00000000,0.00000000,0.00000000,0.00000000,0.00000000,0.00000000,0.00000000,0.00000000,0.00000000,0.00620394,0.00000000,0.00000000,0.00000000,0.00000000,0.00000000,0.00000000,0.08004078,0.00000000,0.01895228,0.42766547,0.05908641
0.01757950,0.01110873,0.02746977,0.01060090,0.02148047,0.00504788,0.01405540,0.00972202,0.01181249,0.00000000,0.00000000,0.00000000,0.02876585,0.21049924,0.00000000,0.00427693,0.00000000,0.07415359,3.35029440,0.43520705,0.01495969,0.44506792,0.00000000,0.03249632,1.56311736,1.76170507,0.18461420,0.42723924,0.46784687,0.30905388,0.21164048,0.05677475,0.06121781,0.01686245,0.00183903,0.00000000,0.00000000,0.00000000,0.00000000,0.00000000,0.00000000,0.00000000,0.00000000,0.00000000,0.00000000,0.00130285,0.00000000,0.00000000,0.00000000,0.00000000,0.00373921,0.00000000,0.00512032,0.00788483,0.02151917,0.00000000,0.00000000,0.00000000,0.00000000,0.00000000,0.00000000,0.00000000,0.00000000,0.00000000,0.00000000,0.00000000,0.00000000,0.00000000,0.00000000,0.00000000,0.00000000,0.00000000,0.00000000,0.00000000,0.00000000,0.00000000,0.00000000,0.00000000,0.00000000,0.00000000,0.00000000,0.00000000,0.00000000,0.00000000,0.00000000,0.00000000,0.00000000,0.00000000,0.00000000,0.00000000,0.00000000,0.00000000,0.00000000,0.00000000,0.00000000,0.00000000,0.00000000,0.00000000,0.00000000,0.00000000,0.00000000,0.00000000,0.00000000,0.00000000,0.00000000,0.00000000,0.00000000,0.00000000,0.00000000,0.00000000,0.00000000,0.00000000,0.00000000,0.00000000,0.00000000,0.00000000,0.00000000,0.00000000,0.00000000,0.00000000,0.00000000,0.00000000,0.00000000,0.00252566,0.00000000,0.00000000,0.00000000,0.00000000,0.00000000,0.00057917,0.06522464,0.00217326,0.02818370,1.01151515,0.08815347
0.00405567,0.00000000,0.00091637,0.00000000,0.00087857,0.00000000,0.00000000,0.00000000,0.00000000,0.00000000,0.00000000,0.00000000,0.00096508,0.06859719,0.00000000,0.12319301,0.00000000,0.53725549,0.06124498,0.00108943,1.31206377,1.63621555,0.03249632,0.00000000,0.32768374,0.00530034,0.58071705,0.00795207,0.03792555,0.00677470,0.01091863,0.00253102,0.00718101,0.00157022,0.01347108,0.00470837,0.00000000,0.00000000,0.00000000,0.00000000,0.00000000,0.00249651,0.00000000,0.00000000,0.00000000,0.00000000,0.00000000,0.00000000,0.00000000,0.00000000,0.00149875,0.00000000,0.00000000,0.00330338,0.00709819,0.00000000,0.00000000,0.00000000,0.00000000,0.00000000,0.00000000,0.00000000,0.00000000,0.00000000,0.00000000,0.00000000,0.00000000,0.00000000,0.00000000,0.00000000,0.00000000,0.00000000,0.00000000,0.00000000,0.00000000,0.00000000,0.00000000,0.00000000,0.00000000,0.00000000,0.00000000,0.00000000,0.00000000,0.00000000,0.00000000,0.00000000,0.00000000,0.00000000,0.00000000,0.00000000,0.00000000,0.00000000,0.00000000,0.00000000,0.00000000,0.00000000,0.00000000,0.00000000,0.00000000,0.00000000,0.00000000,0.00000000,0.00000000,0.00000000,0.00000000,0.00000000,0.00000000,0.00000000,0.00000000,0.00000000,0.00000000,0.00000000,0.00000000,0.00000000,0.00000000,0.00000000,0.00000000,0.00000000,0.00000000,0.00000000,0.00000000,0.00000000,0.00000000,0.00891113,0.00000000,0.00000000,0.00000000,0.00000000,0.00000000,0.00000000,0.12963472,0.00000000,0.02776283,0.35544758,0.09092497
0.00900142,0.00412490,0.00692796,0.00501619,0.00668393,0.00128004,0.00396804,0.00334588,0.00346298,0.00000000,0.00000000,0.00000000,0.00187826,0.08519982,0.00000000,0.00919718,0.00000000,0.13061881,0.49267442,0.00748294,0.03559003,1.09071215,1.56311736,0.32768374,0.00000000,0.36556957,1.38793044,0.53917230,1.32779756,0.11250368,0.16269540,0.01481260,0.02770601,0.00565846,0.00347145,0.00137435,0.00000000,0.00000000,0.00000000,0.00000000,0.00000000,0.00178706,0.00000000,0.00000000,0.00000000,0.00386749,0.00000000,0.00000000,0.00000000,0.00000000,0.00497907,0.00000000,0.00385930,0.00959354,0.01574549,0.00000000,0.00000000,0.00000000,0.00000000,0.00000000,0.00000000,0.00000000,0.00000000,0.00000000,0.00000000,0.00000000,0.00000000,0.00000000,0.00000000,0.00000000,0.00000000,0.00000000,0.00000000,0.00000000,0.00000000,0.00000000,0.00000000,0.00000000,0.00000000,0.00000000,0.00000000,0.00000000,0.00000000,0.00000000,0.00000000,0.00000000,0.00000000,0.00000000,0.00000000,0.00000000,0.00000000,0.00000000,0.00000000,0.00000000,0.00000000,0.00000000,0.00000000,0.00000000,0.00000000,0.00000000,0.00000000,0.00000000,0.00000000,0.00000000,0.00000000,0.00352835,0.00000000,0.00000000,0.00000000,0.00000000,0.00000000,0.00139398,0.00000000,0.00000000,0.00000000,0.00204983,0.00000000,0.00000000,0.00000000,0.00000000,0.00000000,0.00000000,0.00000000,0.00638990,0.00000000,0.00000000,0.00000000,0.00000000,0.00000000,0.00000000,0.09088011,0.00000000,0.02315210,0.33668456,0.09523109
0.00497485,0.00391963,0.01236267,0.00501530,0.00758314,0.00150944,0.00470504,0.00456527,0.00521629,0.00000000,0.00000000,0.00000000,0.00658487,0.01474085,0.00000000,0.00000000,0.00000000,0.01025713,0.39338500,0.01810613,0.00242008,0.02289278,1.76170507,0.00530034,0.36556957,0.00000000,0.04254146,1.13577623,0.28532017,0.43189743,0.21599452,0.03413538,0.03206930,0.00533300,0.00000000,0.00000000,0.00000000,0.00000000,0.00000000,0.00000000,0.00000000,0.00000000,0.00000000,0.00000000,0.00000000,0.00000000,0.00000000,0.00000000,0.00000000,0.00000000,0.00000000,0.00000000,0.00000000,0.00108253,0.00459879,0.00000000,0.00000000,0.00000000,0.00000000,0.00000000,0.00000000,0.00000000,0.00000000,0.00000000,0.00000000,0.00000000,0.00000000,0.00000000,0.00000000,0.00000000,0.00000000,0.00000000,0.00000000,0.00000000,0.00000000,0.00000000,0.00000000,0.00000000,0.00000000,0.00000000,0.00000000,0.00000000,0.00000000,0.00000000,0.00000000,0.00000000,0.00000000,0.00000000,0.00000000,0.00000000,0.00000000,0.00000000,0.00000000,0.00000000,0.00000000,0.00000000,0.00000000,0.00000000,0.00000000,0.00000000,0.00000000,0.00000000,0.00000000,0.00000000,0.00000000,0.00000000,0.00000000,0.00000000,0.00000000,0.00000000,0.00000000,0.00000000,0.00000000,0.00000000,0.00000000,0.00000000,0.00000000,0.00000000,0.00000000,0.00000000,0.00000000,0.00000000,0.00000000,0.00000000,0.00000000,0.00000000,0.00000000,0.00000000,0.00000000,0.00000000,0.01290216,0.00000000,0.00857749,0.24272461,0.02388884
0.02147587,0.00859250,0.00959623,0.00987062,0.00948442,0.00237049,0.00590024,0.00493605,0.00506395,0.00000000,0.00000000,0.00000000,0.00000000,0.03682957,0.00000000,0.01962652,0.00000000,0.12529178,0.09412327,0.00513586,0.08709937,0.63033832,0.18461420,0.58071705,1.38793044,0.04254146,0.00000000,0.07098390,1.00534223,0.04605160,0.10674699,0.01432476,0.06776840,0.01251737,0.00913441,0.00494407,0.00000000,0.00000000,0.00000000,0.00000000,0.00000000,0.00509195,0.00000000,0.00000000,0.00000000,0.00770969,0.00000000,0.00000000,0.00000000,0.00000000,0.00922115,0.00000000,0.00774022,0.02176044,0.02828606,0.00000000,0.00000000,0.00000000,0.00000000,0.00000000,0.00000000,0.00000000,0.00000000,0.00000000,0.00000000,0.00000000,0.00000000,0.00000000,0.00000000,0.00000000,0.00000000,0.00000000,0.00000000,0.00000000,0.00000000,0.00000000,0.00000000,0.00000000,0.00000000,0.00000000,0.00000000,0.00000000,0.00000000,0.00000000,0.00000000,0.00000000,0.00000000,0.00000000,0.00000000,0.00000000,0.00000000,0.00000000,0.00000000,0.00000000,0.00000000,0.00000000,0.00000000,0.00000000,0.00000000,0.00000000,0.00000000,0.00000000,0.00000000,0.00000000,0.00000000,0.00804584,0.00000000,0.00000000,0.00000000,0.00000000,0.00000000,0.00566917,0.00000000,0.00000000,0.00000000,0.00000000,0.00000000,0.00000000,0.00000000,0.00000000,0.00000000,0.00000000,0.00000000,0.01605624,0.00000000,0.00000000,0.00000000,0.00000000,0.00000000,0.00000000,0.18900149,0.00000000,0.04540103,0.29150481,0.17208794
0.01041323,0.00643346,0.01946683,0.00633416,0.01406342,0.00358396,0.01017353,0.00723824,0.00998673,0.00000000,0.00000000,0.00000000,0.00172552,0.00864490,0.00000000,0.00000000,0.00000000,0.00877016,0.12445709,0.01775225,0.00308165,0.02256924,0.42723924,0.00795207,0.53917230,1.13577623,0.07098390,0.00000000,0.79980512,1.62532022,0.55216804,0.05732496,0.05950026,0.00959126,0.00000000,0.00000000,0.00000000,0.00000000,0.00000000,0.00000000,0.00000000,0.00000000,0.00000000,0.00000000,0.00000000,0.00000000,0.00000000,0.00000000,0.00000000,0.00000000,0.00000000,0.00000000,0.00283228,0.00276392,0.01266283,0.00000000,0.00000000,0.00000000,0.00000000,0.00000000,0.00000000,0.00000000,0.00000000,0.00000000,0.00000000,0.00000000,0.00000000,0.00000000,0.00000000,0.00000000,0.00000000,0.00000000,0.00000000,0.00000000,0.00000000,0.00000000,0.00000000,0.00000000,0.00000000,0.00000000,0.00000000,0.00000000,0.00000000,0.00000000,0.00000000,0.00000000,0.00000000,0.00000000,0.00000000,0.00000000,0.00000000,0.00000000,0.00000000,0.00000000,0.00000000,0.00000000,0.00000000,0.00000000,0.00000000,0.00000000,0.00000000,0.00000000,0.00000000,0.00000000,0.00000000,0.00000000,0.00000000,0.00000000,0.00000000,0.00000000,0.00000000,0.00000000,0.00000000,0.00000000,0.00000000,0.00000000,0.00000000,0.00000000,0.00000000,0.00000000,0.00000000,0.00000000,0.00000000,0.00000000,0.00000000,0.00000000,0.00000000,0.00000000,0.00000000,0.00000000,0.02689405,0.00000000,0.01755245,0.22046223,0.04513186
0.03456567,0.01861578,0.02588781,0.01975287,0.02656316,0.00890085,0.01696005,0.01680728,0.01498349,0.00000000,0.00000000,0.00000000,0.00000000,0.01668269,0.00000000,0.00280315,0.00000000,0.02827464,0.11058804,0.01388245,0.01444252,0.13460343,0.46784687,0.03792555,1.32779756,0.28532017,1.00534223,0.79980512,0.00000000,0.39305508,1.15791773,0.04972749,0.35784928,0.03955954,0.00237907,0.00000000,0.00000000,0.00000000,0.00000000,0.00000000,0.00000000,0.00000000,0.00000000,0.00000000,0.00000000,0.00616086,0.00000000,0.00000000,0.00000000,0.00000000,0.01307197,0.00000000,0.01260178,0.02284984,0.05374173,0.00000000,0.00000000,0.00000000,0.00000000,0.00000000,0.00000000,0.00000000,0.00000000,0.00000000,0.00000000,0.00000000,0.00000000,0.00000000,0.00000000,0.00000000,0.00000000,0.00000000,0.00000000,0.00000000,0.00000000,0.00000000,0.00000000,0.00000000,0.00000000,0.00000000,0.00000000,0.00000000,0.00000000,0.00000000,0.00000000,0.00000000,0.00000000,0.00000000,0.00000000,0.00000000,0.00000000,0.00000000,0.00000000,0.00000000,0.00000000,0.00000000,0.00000000,0.00000000,0.00000000,0.00000000,0.00000000,0.00000000,0.00000000,0.00000000,0.00000000,0.00308397,0.00000000,0.00000000,0.00000000,0.00000000,0.00000000,0.00000000,0.00000000,0.00000000,0.00000000,0.00000000,0.00000000,0.00000000,0.00000000,0.00000000,0.00000000,0.00000000,0.00000000,0.00637058,0.00000000,0.00000000,0.00000000,0.00000000,0.00000000,0.00083604,0.14173176,0.00000000,0.05065576,0.29411846,0.14914889
0.03063402,0.01774006,0.09444229,0.02683873,0.04867516,0.01025304,0.06280237,0.02307693,0.04046370,0.00000000,0.00000000,0.00000000,0.00111941,0.00571091,0.00000000,0.00000000,0.00000000,0.00942772,0.09013183,0.03350971,0.00311238,0.02040601,0.30905388,0.00677470,0.11250368,0.43189743,0.04605160,1.62532022,0.39305508,0.00000000,1.43035417,0.73388907,0.15123653,0.03838419,0.00000000,0.00000000,0.00000000,0.00000000,0.00000000,0.00000000,0.00000000,0.00000000,0.00000000,0.00000000,0.00000000,0.00000000,0.00000000,0.00000000,0.00000000,0.00000000,0.00000000,0.00000000,0.00234921,0.00216287,0.01044639,0.00000000,0.00000000,0.00000000,0.00000000,0.00000000,0.00000000,0.00000000,0.00000000,0.00000000,0.00000000,0.00000000,0.00000000,0.00000000,0.00000000,0.00000000,0.00000000,0.00000000,0.00000000,0.00000000,0.00000000,0.00000000,0.00000000,0.00000000,0.00000000,0.00000000,0.00000000,0.00000000,0.00000000,0.00000000,0.00000000,0.00000000,0.00000000,0.00000000,0.00000000,0.00000000,0.00000000,0.00000000,0.00000000,0.00000000,0.00000000,0.00000000,0.00000000,0.00000000,0.00000000,0.00000000,0.00000000,0.00000000,0.00000000,0.00000000,0.00000000,0.00000000,0.00000000,0.00000000,0.00000000,0.00000000,0.00000000,0.00000000,0.00000000,0.00000000,0.00000000,0.00000000,0.00000000,0.00000000,0.00000000,0.00000000,0.00000000,0.00000000,0.00000000,0.00000000,0.00000000,0.00000000,0.00000000,0.00000000,0.00000000,0.00052086,0.02600340,0.00140434,0.03151304,0.29593740,0.07324445
0.05051813,0.02973743,0.06892769,0.03924160,0.05493687,0.01653035,0.05527674,0.03761783,0.04769812,0.00000000,0.00000000,0.00000000,0.00000000,0.00570104,0.00000000,0.00000000,0.00000000,0.01034994,0.05957715,0.01853057,0.00511172,0.02741834,0.21164048,0.01091863,0.16269540,0.21599452,0.10674699,0.55216804,1.15791773,1.43035417,0.00000000,0.63931833,0.88622118,0.15764073,0.00000000,0.00000000,0.00000000,0.00000000,0.00000000,0.00000000,0.00000000,0.00000000,0.00000000,0.00000000,0.00000000,0.00321100,0.00000000,0.00000000,0.00000000,0.00000000,0.00569738,0.00000000,0.01013698,0.01263007,0.04736329,0.00000000,0.00000000,0.00000000,0.00000000,0.00000000,0.00000000,0.00000000,0.00000000,0.00000000,0.00000000,0.00000000,0.00000000,0.00000000,0.00000000,0.00000000,0.00000000,0.00000000,0.00000000,0.00000000,0.00000000,0.00000000,0.00000000,0.00000000,0.00000000,0.00000000,0.00000000,0.00000000,0.00000000,0.00000000,0.00000000,0.00000000,0.00000000,0.00000000,0.00000000,0.00000000,0.00000000,0.00000000,0.00000000,0.00000000,0.00000000,0.00000000,0.00000000,0.00000000,0.00000000,0.00000000,0.00000000,0.00000000,0.00000000,0.00000000,0.00000000,0.00000000,0.00000000,0.00000000,0.00000000,0.00000000,0.00000000,0.00000000,0.00000000,0.00000000,0.00000000,0.00000000,0.00000000,0.00000000,0.00000000,0.00000000,0.00000000,0.00000000,0.00000000,0.00000000,0.00000000,0.00000000,0.00000000,0.00000000,0.00000000,0.00340631,0.07516020,0.00272007,0.06539466,0.37967502,0.13515158
0.02502051,0.02067104,0.06821207,0.02392062,0.04056457,0.01266873,0.08018407,0.02429094,0.04222663,0.00000000,0.00000000,0.00000000,0.00000000,0.00175479,0.00000000,0.00000000,0.00000000,0.00376280,0.01972068,0.01337964,0.00096847,0.00651003,0.05677475,0.00253102,0.01481260,0.03413538,0.01432476,0.05732496,0.04972749,0.73388907,0.63931833,0.00000000,0.38673466,0.22645301,0.00000000,0.00000000,0.00000000,0.00000000,0.00000000,0.00000000,0.00000000,0.00000000,0.00000000,0.00000000,0.00000000,0.00000000,0.00000000,0.00000000,0.00000000,0.00000000,0.00000000,0.00000000,0.00173423,0.00000000,0.00932050,0.00000000,0.00000000,0.00000000,0.00000000,0.00000000,0.00000000,0.00000000,0.00000000,0.00000000,0.00000000,0.00000000,0.00000000,0.00000000,0.00000000,0.00000000,0.00000000,0.00000000,0.00000000,0.00000000,0.00000000,0.00000000,0.00000000,0.00000000,0.00000000,0.00000000,0.00000000,0.00000000,0.00000000,0.00000000,0.00000000,0.00000000,0.00000000,0.00000000,0.00000000,0.00000000,0.00000000,0.00000000,0.00000000,0.00000000,0.00000000,0.00000000,0.00000000,0.00000000,0.00000000,0.00000000,0.00000000,0.00000000,0.00000000,0.00000000,0.00000000,0.00000000,0.00000000,0.00000000,0.00000000,0.00000000,0.00000000,0.00000000,0.00000000,0.00000000,0.00000000,0.00000000,0.00000000,0.00000000,0.00000000,0.00000000,0.00000000,0.00000000,0.00000000,0.00000000,0.00000000,0.00000000,0.00000000,0.00000000,0.00000000,0.00137714,0.02985795,0.00323548,0.04263294,0.24463722,0.08385637
0.06123959,0.04614993,0.04621404,0.05232559,0.04666718,0.02770759,0.04696449,0.03887692,0.04245514,0.00272126,0.00000000,0.00000000,0.00000000,0.00293974,0.00000000,0.00000000,0.00000000,0.00695708,0.02487258,0.01311533,0.00353755,0.01264185,0.06121781,0.00718101,0.02770601,0.03206930,0.06776840,0.05950026,0.35784928,0.15123653,0.88622118,0.38673466,0.00000000,1.30149878,0.00089303,0.00000000,0.00000000,0.00000000,0.00000000,0.00000000,0.00000000,0.00000000,0.00000000,0.00000000,0.00000000,0.00507150,0.00000000,0.00000000,0.00000000,0.00000000,0.00942086,0.00000000,0.02032096,0.02132828,0.07953344,0.00000000,0.00000000,0.00000000,0.00000000,0.00000000,0.00000000,0.00000000,0.00000000,0.00000000,0.00000000,0.00000000,0.00000000,0.00000000,0.00000000,0.00000000,0.00000000,0.00000000,0.00000000,0.00000000,0.00000000,0.00000000,0.00000000,0.00000000,0.00000000,0.00000000,0.00000000,0.00000000,0.00000000,0.00000000,0.00000000,0.00000000,0.00000000,0.00000000,0.00000000,0.00000000,0.00000000,0.00000000,0.00000000,0.00000000,0.00000000,0.00000000,0.00000000,0.00000000,0.00000000,0.00000000,0.00000000,0.00000000,0.00000000,0.00000000,0.00000000,0.00000000,0.00000000,0.00000000,0.00000000,0.00000000,0.00000000,0.00000000,0.00000000,0.00000000,0.00000000,0.00000000,0.00000000,0.00000000,0.00000000,0.00000000,0.00000000,0.00000000,0.00000000,0.00491259,0.00000000,0.00000000,0.00000000,0.00000000,0.00000000,0.00571998,0.14490844,0.00614903,0.11716399,0.47980358,0.24254732
0.02588396,0.02844583,0.02297565,0.03052581,0.02437481,0.01637841,0.03524257,0.02502291,0.02706848,0.00144147,0.00000000,0.00000000,0.00000000,0.00000000,0.00000000,0.00000000,0.00000000,0.00172125,0.00994082,0.00670876,0.00000000,0.00282041,0.01686245,0.00157022,0.00565846,0.00533300,0.01251737,0.00959126,0.03955954,0.03838419,0.15764073,0.22645301,1.30149878,0.00000000,0.00000000,0.00000000,0.00000000,0.00000000,0.00000000,0.00000000,0.00000000,0.00000000,0.00000000,0.00000000,0.00000000,0.00000000,0.00000000,0.00000000,0.00000000,0.00000000,0.00334969,0.00000000,0.00715920,0.00534254,0.03623106,0.00000000,0.00000000,0.00000000,0.00000000,0.00000000,0.00000000,0.00000000,0.00000000,0.00000000,0.00000000,0.00000000,0.00000000,0.00000000,0.00000000,0.00000000,0.00000000,0.00000000,0.00000000,0.00000000,0.00000000,0.00000000,0.00000000,0.00000000,0.00000000,0.00000000,0.00000000,0.00000000,0.00000000,0.00000000,0.00000000,0.00000000,0.00000000,0.00000000,0.00000000,0.00000000,0.00000000,0.00000000,0.00000000,0.00000000,0.00000000,0.00000000,0.00000000,0.00000000,0.00000000,0.00000000,0.00000000,0.00000000,0.00000000,0.00000000,0.00000000,0.00000000,0.00000000,0.00000000,0.00000000,0.00000000,0.00000000,0.00000000,0.00000000,0.00000000,0.00000000,0.00000000,0.00000000,0.00000000,0.00000000,0.00000000,0.00000000,0.00000000,0.00000000,0.00000000,0.00000000,0.00000000,0.00000000,0.00000000,0.00000000,0.00558474,0.08260257,0.00361020,0.07917323,0.28059197,0.15623690
0.00000000,0.00000000,0.00000000,0.00000000,0.00000000,0.00000000,0.00000000,0.00000000,0.00000000,0.00000000,0.00000000,0.00000000,0.00000000,0.01896936,0.00000000,0.00567460,0.00000000,0.03153633,0.01113846,0.00000000,0.00763288,0.00933937,0.00183903,0.01347108,0.00347145,0.00000000,0.00913441,0.00000000,0.00237907,0.00000000,0.00000000,0.00000000,0.00089303,0.00000000,0.00000000,2.92710631,0.00239337,0.00098955,0.00000000,0.00000000,0.00000000,0.00465295,0.00000000,0.00000000,0.00000000,0.00104336,0.00000000,0.00000000,0.00000000,0.00000000,0.00000000,0.00000000,0.00000000,0.00231918,0.00116109,0.00000000,0.00000000,0.00000000,0.00000000,0.00000000,0.00000000,0.00000000,0.00000000,0.00000000,0.00000000,0.00000000,0.00000000,0.00000000,0.00000000,0.00000000,0.00000000,0.00000000,0.00000000,0.00000000,0.00000000,0.00000000,0.00000000,0.00000000,0.00000000,0.00000000,0.00000000,0.00000000,0.00000000,0.00000000,0.00000000,0.00000000,0.00000000,0.00000000,0.00000000,0.00000000,0.00000000,0.00000000,0.00000000,0.00000000,0.00000000,0.00000000,0.00000000,0.00000000,0.00000000,0.02254671,0.05620580,0.01246816,0.00000000,0.00000000,0.01648874,0.01228245,0.00000000,0.00000000,0.00000000,0.00000000,0.00000000,0.00413886,0.00000000,0.00000000,0.00000000,0.00000000,0.00000000,0.00000000,0.00000000,0.00000000,0.00000000,0.00000000,0.00000000,0.15963548,0.00000000,0.00685678,0.06100890,0.00614300,0.00000000,0.00000000,0.62606007,0.00000000,0.08493795,0.50256872,0.34424022
0.00000000,0.00000000,0.00000000,0.00000000,0.00000000,0.00000000,0.00000000,0.00000000,0.00000000,0.00000000,0.00000000,0.00000000,0.00000000,0.00681917,0.00000000,0.00148060,0.00000000,0.00879457,0.00497603,0.00000000,0.00270176,0.00405368,0.00000000,0.00470837,0.00137435,0.00000000,0.00494407,0.00000000,0.00000000,0.00000000,0.00000000,0.00000000,0.00000000,0.00000000,2.92710631,0.00000000,0.00000000,0.00000000,0.00000000,0.00000000,0.00000000,0.00159910,0.00000000,0.00000000,0.00000000,0.00000000,0.00000000,0.00000000,0.00000000,0.00000000,0.00000000,0.00000000,0.00000000,0.00152951,0.00098222,0.00000000,0.00000000,0.00000000,0.00000000,0.00000000,0.00000000,0.00000000,0.00000000,0.00000000,0.00000000,0.00000000,0.00000000,0.00000000,0.00000000,0.00000000,0.00000000,0.00000000,0.00000000,0.00000000,0.00000000,0.00000000,0.00000000,0.00000000,0.00000000,0.00000000,0.00000000,0.00000000,0.00000000,0.00000000,0.00000000,0.00000000,0.00000000,0.00000000,0.00000000,0.00000000,0.00000000,0.00000000,0.00000000,0.00000000,0.00000000,0.00000000,0.00000000,0.00000000,0.00000000,0.00000000,0.00884038,0.00484108,0.00000000,0.00000000,0.00941405,0.00939856,0.00000000,0.00000000,0.00000000,0.00000000,0.00000000,0.00459988,0.00000000,0.00000000,0.00000000,0.00000000,0.00000000,0.00000000,0.00000000,0.00000000,0.00000000,0.00000000,0.00000000,0.04755248,0.00000000,0.00000000,0.02320258,0.00000000,0.00000000,0.00000000,0.19485627,0.00000000,0.03490086,0.19275885,0.14493355
0.00000000,0.00000000,0.00000000,0.00000000,0.00000000,0.00000000,0.00000000,0.00000000,0.00000000,0.00000000,0.00000000,0.00000000,0.00000000,0.00000000,0.00000000,0.00000000,0.00000000,0.00000000,0.00000000,0.00000000,0.00000000,0.00000000,0.00000000,0.00000000,0.00000000,0.00000000,0.00000000,0.00000000,0.00000000,0.00000000,0.00000000,0.00000000,0.00000000,0.00000000,0.00239337,0.00000000,0.00000000,2.46103617,0.12569295,0.21160656,0.04458344,1.59931255,0.04115764,0.01380059,0.01428073,0.03362712,0.00650528,0.00707077,0.00824712,0.00284170,0.00199639,0.00116349,0.00000000,0.00000000,0.00000000,0.00000000,0.00000000,0.00000000,0.00000000,0.00000000,0.00000000,0.00000000,0.00000000,0.00000000,0.00000000,0.00000000,0.00000000,0.00000000,0.00000000,0.00000000,0.00000000,0.00000000,0.00000000,0.00000000,0.00000000,0.00000000,0.00000000,0.00000000,0.00000000,0.00000000,0.00000000,0.00000000,0.00000000,0.00000000,0.00000000,0.00000000,0.00000000,0.00000000,0.00000000,0.00000000,0.00000000,0.00368332,0.00000000,0.00000000,0.00000000,0.00000000,0.00000000,0.00000000,0.00000000,0.00662578,0.02185315,0.01701653,0.00597854,0.00000000,0.02067748,0.02882242,0.00000000,0.00000000,0.00000000,0.00000000,0.00000000,0.01579756,0.00000000,0.00000000,0.00000000,0.00903400,0.00000000,0.00403577,0.00000000,0.00000000,0.00000000,0.00000000,0.00000000,0.09565170,0.00000000,0.01885665,0.06390645,0.03888017,0.00531450,0.00000000,0.06679508,0.00000000,0.00614571,0.04946247,0.02179151
0.00000000,0.00000000,0.00000000,0.00000000,0.00000000,0.00000000,0.00000000,0.00000000,0.00000000,0.00000000,0.00000000,0.00000000,0.00000000,0.00000000,0.00000000,0.00000000,0.00000000,0.00000000,0.00000000,0.00000000,0.00000000,0.00000000,0.00000000,0.00000000,0.00000000,0.00000000,0.00000000,0.00000000,0.00000000,0.00000000,0.00000000,0.00000000,0.00000000,0.00000000,0.00098955,0.00000000,2.46103617,0.00000000,0.91744108,1.64457643,0.08636872,2.21054443,0.06214346,0.03039961,0.02315429,0.13651013,0.01230970,0.01193309,0.01268814,0.00372037,0.00804820,0.00411762,0.00180190,0.00000000,0.00107665,0.00000000,0.00000000,0.00000000,0.00000000,0.00000000,0.00000000,0.00000000,0.00000000,0.00000000,0.00000000,0.00000000,0.00000000,0.00000000,0.00000000,0.00000000,0.00000000,0.00000000,0.00000000,0.00000000,0.00000000,0.00000000,0.00000000,0.00000000,0.00000000,0.00000000,0.00000000,0.00000000,0.00000000,0.00000000,0.00000000,0.00000000,0.00000000,0.00000000,0.00000000,0.00000000,0.00000000,0.00000000,0.00000000,0.00000000,0.00000000,0.00000000,0.00000000,0.00000000,0.00000000,0.00000000,0.00436213,0.00949495,0.00600924,0.00000000,0.01493178,0.03255411,0.00000000,0.00000000,0.00000000,0.00000000,0.00000000,0.02377092,0.00000000,0.00000000,0.00000000,0.02322052,0.00000000,0.01455252,0.00000000,0.00257865,0.00000000,0.00000000,0.00000000,0.05549103,0.00000000,0.01140625,0.04327654,0.03427360,0.00907682,0.00000000,0.05484616,0.00000000,0.00742286,0.04079538,0.03067411
0.00000000,0.00000000,0.00000000,0.00000000,0.00000000,0.00000000,0.00000000,0.00000000,0.00000000,0.00000000,0.00000000,0.00000000,0.00000000,0.00000000,0.00000000,0.00000000,0.00000000,0.00000000,0.00000000,0.00000000,0.00000000,0.00000000,0.00000000,0.00000000,0.00000000,0.00000000,0.00000000,0.00000000,0.00000000,0.00000000,0.00000000,0.00000000,0.00000000,0.00000000,0.00000000,0.00000000,0.12569295,0.91744108,0.00000000,0.73676229,0.16335919,0.07831658,0.05919047,0.05163377,0.01880204,0.06998643,0.01495321,0.00749689,0.01008879,0.00409181,0.00638213,0.00265686,0.00296645,0.00000000,0.00250195,0.00000000,0.00000000,0.00000000,0.00000000,0.00000000,0.00000000,0.00000000,0.00000000,0.00000000,0.00000000,0.00000000,0.00000000,0.00000000,0.00000000,0.00000000,0.00000000,0.00000000,0.00000000,0.00000000,0.00000000,0.00000000,0.00000000,0.00000000,0.00000000,0.00000000,0.00000000,0.00000000,0.00000000,0.00000000,0.00000000,0.00000000,0.00000000,0.00000000,0.00000000,0.00000000,0.00000000,0.00000000,0.00000000,0.00000000,0.00000000,0.00000000,0.00000000,0.00000000,0.00000000,0.00000000,0.00000000,0.00000000,0.00000000,0.00000000,0.00000000,0.00774276,0.00000000,0.00000000,0.00000000,0.00000000,0.00000000,0.00642491,0.00000000,0.00000000,0.00000000,0.01357383,0.00000000,0.04052645,0.00000000,0.00302615,0.00246564,0.00000000,0.00000000,0.01305474,0.00000000,0.00322934,0.00868183,0.01332033,0.00481128,0.00000000,0.01196843,0.00000000,0.00000000,0.00913083,0.00836481
0.00000000,0.00000000,0.00000000,0.00000000,0.00000000,0.00000000,0.00000000,0.00000000,0.00000000,0.00000000,0.00000000,0.00000000,0.00000000,0.00000000,0.00000000,0.00000000,0.00000000,0.00000000,0.00000000,0.00000000,0.00000000,0.00000000,0.00000000,0.00000000,0.00000000,0.00000000,0.00000000,0.00000000,0.00000000,0.00000000,0.00000000,0.00000000,0.00000000,0.00000000,0.00000000,0.00000000,0.21160656,1.64457643,0.73676229,0.00000000,0.14404620,1.75076249,0.10011965,0.13330495,0.04567669,2.34532333,0.04784557,0.01623165,0.02820485,0.01562374,0.11668432,0.00959098,0.02647804,0.00186032,0.01616604,0.00000000,0.00000000,0.00000000,0.00000000,0.00000000,0.00000000,0.00000000,0.00000000,0.00000000,0.00000000,0.00000000,0.00000000,0.00000000,0.00000000,0.00000000,0.00000000,0.00000000,0.00000000,0.00395869,0.00000000,0.00000000,0.00000000,0.00000000,0.00000000,0.00000000,0.00000000,0.00000000,0.00000000,0.00000000,0.00000000,0.00000000,0.00000000,0.00000000,0.00000000,0.00000000,0.00000000,0.00194125,0.00000000,0.00000000,0.00000000,0.00380170,0.00000000,0.00000000,0.00000000,0.00000000,0.00000000,0.00416811,0.00987587,0.00000000,0.01058275,0.05740775,0.00000000,0.00078847,0.00000000,0.00000000,0.00000000,0.05471798,0.00063072,0.00000000,0.00000000,0.09289229,0.00000000,0.12787156,0.00000000,0.02295899,0.00871337,0.00000000,0.00000000,0.09223361,0.00000000,0.02330832,0.05711076,0.06562114,0.00000000,0.00000000,0.05898102,0.00000000,0.00944268,0.04010760,0.04381855
0.00000000,0.00000000,0.00000000,0.00000000,0.00000000,0.00000000,0.00000000,0.00000000,0.00000000,0.00000000,0.00000000,0.00000000,0.00000000,0.00000000,0.00000000,0.00000000,0.00000000,0.00000000,0.00000000,0.00000000,0.00000000,0.00000000,0.00000000,0.00000000,0.00000000,0.00000000,0.00000000,0.00000000,0.00000000,0.00000000,0.00000000,0.00000000,0.00000000,0.00000000,0.00000000,0.00000000,0.04458344,0.08636872,0.16335919,0.14404620,0.00000000,0.03856920,0.74084229,1.36418963,0.12036094,0.04829340,0.20890824,0.02680634,0.04987184,0.04038774,0.00517457,0.01462680,0.00356036,0.00000000,0.00322219,0.00000000,0.00000000,0.00000000,0.00000000,0.00000000,0.00000000,0.00000000,0.00000000,0.00000000,0.00000000,0.00000000,0.00000000,0.00000000,0.00000000,0.00000000,0.00000000,0.00000000,0.00000000,0.00000000,0.00000000,0.00000000,0.00000000,0.00000000,0.00000000,0.00000000,0.00000000,0.00000000,0.00000000,0.00000000,0.00000000,0.00000000,0.00000000,0.00000000,0.00000000,0.00000000,0.00000000,0.00000000,0.00000000,0.00000000,0.00000000,0.00000000,0.00000000,0.00000000,0.00000000,0.00000000,0.00000000,0.00000000,0.00000000,0.00000000,0.00000000,0.00138790,0.00000000,0.00000000,0.00000000,0.00000000,0.00000000,0.00069499,0.00056817,0.00075178,0.00079092,0.00145482,0.00000000,0.00987832,0.00000000,0.00000000,0.00000000,0.00000000,0.00000000,0.00774737,0.00000000,0.00000000,0.00000000,0.00500040,0.00000000,0.00000000,0.00591077,0.00000000,0.00000000,0.00370662,0.00544273
0.00000000,0.00000000,0.00000000,0.00000000,0.00000000,0.00000000,0.00000000,0.00000000,0.00000000,0.00000000,0.00000000,0.00000000,0.00000000,0.00231768,0.00000000,0.00000000,0.00000000,0.00312600,0.00383181,0.00000000,0.00000000,0.00000000,0.00000000,0.00249651,0.00178706,0.00000000,0.00509195,0.00000000,0.00000000,0.00000000,0.00000000,0.00000000,0.00000000,0.00000000,0.00465295,0.00159910,1.59931255,2.21054443,0.07831658,1.75076249,0.03856920,0.00000000,0.04852151,0.04464748,0.02820159,1.58985622,0.02463277,0.01193052,0.01604443,0.00918125,0.13190624,0.00573450,0.01791794,0.00380082,0.01254977,0.00000000,0.00000000,0.00000000,0.00000000,0.00000000,0.00000000,0.00000000,0.00000000,0.00000000,0.00000000,0.00000000,0.00000000,0.00000000,0.00000000,0.00000000,0.00000000,0.00000000,0.00000000,0.00128183,0.00000000,0.00000000,0.00000000,0.00000000,0.00000000,0.00000000,0.00000000,0.00000000,0.00000000,0.01154437,0.00000000,0.00000000,0.00000000,0.00000000,0.00000000,0.00668042,0.00000000,0.01831759,0.00000000,0.00599497,0.00000000,0.01388887,0.00000000,0.00000000,0.00000000,0.00315463,0.01472936,0.02269896,0.03168521,0.00000000,0.05831800,0.22501438,0.00000000,0.00286858,0.00000000,0.00000000,0.00000000,0.17949696,0.00000000,0.00000000,0.00000000,0.16444114,0.00000000,0.07221120,0.00000000,0.01734927,0.00331971,0.00000000,0.00000000,0.22797745,0.00000000,0.04803927,0.16705163,0.13937352,0.00000000,0.00000000,0.16439916,0.00000000,0.02251874,0.10864666,0.10174488
0.00000000,0.00000000,0.00000000,0.00000000,0.00000000,0.00000000,0.00000000,0.00000000,0.00000000,0.00000000,0.00000000,0.00000000,0.00000000,0.00000000,0.00000000,0.00000000,0.00000000,0.00000000,0.00000000,0.00000000,0.00000000,0.00000000,0.00000000,0.00000000,0.00000000,0.00000000,0.00000000,0.00000000,0.00000000,0.00000000,0.00000000,0.00000000,0.00000000,0.00000000,0.00000000,0.00000000,0.04115764,0.06214346,0.05919047,0.10011965,0.74084229,0.04852151,0.00000000,0.79947790,1.03813163,0.08767238,0.76914191,0.06193025,0.21524862,0.15186468,0.01555149,0.05108124,0.01012594,0.00078618,0.01263582,0.00000000,0.00000000,0.00000000,0.00000000,0.00000000,0.00000000,0.00000000,0.00000000,0.00000000,0.00000000,0.00000000,0.00000000,0.00000000,0.00000000,0.00000000,0.00000000,0.00000000,0.00000000,0.00000000,0.00000000,0.00000000,0.00000000,0.00000000,0.00000000,0.00000000,0.00000000,0.00000000,0.00000000,0.00000000,0.00000000,0.00000000,0.00000000,0.00000000,0.00000000,0.00000000,0.00000000,0.00000000,0.00000000,0.00000000,0.00000000,0.00000000,0.00000000,0.00000000,0.00000000,0.00000000,0.00000000,0.00000000,0.00000000,0.00000000,0.00000000,0.00216124,0.00000000,0.00000000,0.00157054,0.00067022,0.00334722,0.00091552,0.00426278,0.00435937,0.00728782,0.00000000,0.00284607,0.01035408,0.00195313,0.00000000,0.00113768,0.00000000,0.00000000,0.01494949,0.00000000,0.00000000,0.00507971,0.01466729,0.00000000,0.00000000,0.01197982,0.00000000,0.00000000,0.00973831,0.01439862
0.00000000,0.00000000,0.00000000,0.00000000,0.00000000,0.00000000,0.00000000,0.00000000,0.00000000,0.00000000,0.00000000,0.00000000,0.00000000,0.00000000,0.00000000,0.00000000,0.00000000,0.00000000,0.00000000,0.00000000,0.00000000,0.00000000,0.00000000,0.00000000,0.00000000,0.00000000,0.00000000,0.00000000,0.00000000,0.00000000,0.00000000,0.00000000,0.00000000,0.00000000,0.00000000,0.00000000,0.01380059,0.03039961,0.05163377,0.13330495,1.36418963,0.04464748,0.79947790,0.00000000,0.20450898,0.18568352,1.42780821,0.03203478,0.09172923,0.16165086,0.02693177,0.03542134,0.01743041,0.00000000,0.01736086,0.00000000,0.00000000,0.00000000,0.00000000,0.00000000,0.00000000,0.00000000,0.00000000,0.00000000,0.00000000,0.00000000,0.00000000,0.00000000,0.00000000,0.00000000,0.00000000,0.00000000,0.00000000,0.00000000,0.00000000,0.00000000,0.00000000,0.00000000,0.00000000,0.00000000,0.00000000,0.00000000,0.00000000,0.00000000,0.00000000,0.00000000,0.00000000,0.00000000,0.00000000,0.00000000,0.00000000,0.00000000,0.00000000,0.00000000,0.00000000,0.00000000,0.00000000,0.00000000,0.00000000,0.00000000,0.00000000,0.00000000,0.00082548,0.00000000,0.00000000,0.00386968,0.00000000,0.00086836,0.00084073,0.00120908,0.00186948,0.00339850,0.00287284,0.00214511,0.00552597,0.00474493,0.00077261,0.03642359,0.00000000,0.00077401,0.00810024,0.00000000,0.00000000,0.02666208,0.00000000,0.00649621,0.00992321,0.02223288,0.00000000,0.00000000,0.01946754,0.00000000,0.00000000,0.01089376,0.01793905
0.00000000,0.00000000,0.00000000,0.00000000,0.00000000,0.00000000,0.00000000,0.00000000,0.00000000,0.00000000,0.00000000,0.00000000,0.00000000,0.00000000,0.00000000,0.00000000,0.00000000,0.00000000,0.00000000,0.00000000,0.00000000,0.00000000,0.00000000,0.00000000,0.00000000,0.00000000,0.00000000,0.00000000,0.00000000,0.00000000,0.00000000,0.00000000,0.00000000,0.00000000,0.00000000,0.00000000,0.01428073,0.02315429,0.01880204,0.04567669,0.12036094,0.02820159,1.03813163,0.20450898,0.00000000,0.08662212,0.58894380,0.17607511,1.87437932,0.67826906,0.02768539,0.33217626,0.02924861,0.00310220,0.03746763,0.00000000,0.00000000,0.00000000,0.00000000,0.00000000,0.00000000,0.00000000,0.00000000,0.00000000,0.00000000,0.00000000,0.00000000,0.00000000,0.00000000,0.00000000,0.00000000,0.00000000,0.00000000,0.00000000,0.00000000,0.00000000,0.00000000,0.00000000,0.00000000,0.00000000,0.00000000,0.00000000,0.00000000,0.00000000,0.00000000,0.00000000,0.00000000,0.00000000,0.00000000,0.00000000,0.00000000,0.00000000,0.00000000,0.00000000,0.00000000,0.00000000,0.00000000,0.00000000,0.00000000,0.00000000,0.00000000,0.00000000,0.00000000,0.00000000,0.00000000,0.00000000,0.00123060,0.00076992,0.00796796,0.00130007,0.01777327,0.00000000,0.01344972,0.03140679,0.03596929,0.00000000,0.02374152,0.00728893,0.01506475,0.00000000,0.00000000,0.00000000,0.00000000,0.03992600,0.00000000,0.00322693,0.01722507,0.05995378,0.00000000,0.00000000,0.03795668,0.00000000,0.00878885,0.03033384,0.05639498
0.00000000,0.00000000,0.00000000,0.00000000,0.00000000,0.00000000,0.00000000,0.00000000,0.00000000,0.00000000,0.00000000,0.00000000,0.00000000,0.00000000,0.00000000,0.00000000,0.00000000,0.00117199,0.00552842,0.00000000,0.00000000,0.00000000,0.00130285,0.00000000,0.00386749,0.00000000,0.00770969,0.00000000,0.00616086,0.00000000,0.00321100,0.00000000,0.00507150,0.00000000,0.00104336,0.00000000,0.03362712,0.13651013,0.06998643,2.34532333,0.04829340,1.58985622,0.08767238,0.18568352,0.08662212,0.00000000,0.11935017,0.02142053,0.06335444,0.05083903,2.88535675,0.02858612,0.85683682,0.02217892,0.30831444,0.00000000,0.00000000,0.00000000,0.00000000,0.00000000,0.00000000,0.00000000,0.00000000,0.00000000,0.00000000,0.00000000,0.00000000,0.00000000,0.00000000,0.00000000,0.00000000,0.00000000,0.00000000,0.03924135,0.00463207,0.00000000,0.00000000,0.00000000,0.00000000,0.00000000,0.00000000,0.00000000,0.00000000,0.00244428,0.00000000,0.00000000,0.00000000,0.00000000,0.00000000,0.00000000,0.00000000,0.00380226,0.00000000,0.00450712,0.00000000,0.00721979,0.00000000,0.00824053,0.00361380,0.00000000,0.00000000,0.00650468,0.03535731,0.00398513,0.01404907,0.15536490,0.00105756,0.00736053,0.00309794,0.00485506,0.00318743,0.18883734,0.00702527,0.00000000,0.00245741,0.34393963,0.00000000,0.78143634,0.00000000,0.12409971,0.06458268,0.00000000,0.00000000,0.30953075,0.00000000,0.08531584,0.18374827,0.18973921,0.00000000,0.00000000,0.23055115,0.00000000,0.04271124,0.14989426,0.21897306
0.00000000,0.00000000,0.00000000,0.00000000,0.00000000,0.00000000,0.00000000,0.00000000,0.00000000,0.00000000,0.00000000,0.00000000,0.00000000,0.00000000,0.00000000,0.00000000,0.00000000,0.00000000,0.00000000,0.00000000,0.00000000,0.00000000,0.00000000,0.00000000,0.00000000,0.00000000,0.00000000,0.00000000,0.00000000,0.00000000,0.00000000,0.00000000,0.00000000,0.00000000,0.00000000,0.00000000,0.00650528,0.01230970,0.01495321,0.04784557,0.20890824,0.02463277,0.76914191,1.42780821,0.58894380,0.11935017,0.00000000,0.02817322,0.19585142,1.36376768,0.03137310,0.06681101,0.02541984,0.00161848,0.02562052,0.00000000,0.00000000,0.00000000,0.00000000,0.00000000,0.00000000,0.00000000,0.00000000,0.00000000,0.00000000,0.00000000,0.00000000,0.00000000,0.00000000,0.00000000,0.00000000,0.00000000,0.00000000,0.00000000,0.00000000,0.00000000,0.00000000,0.00000000,0.00000000,0.00000000,0.00000000,0.00000000,0.00000000,0.00000000,0.00000000,0.00000000,0.00000000,0.00000000,0.00000000,0.00000000,0.00000000,0.00000000,0.00000000,0.00000000,0.00000000,0.00000000,0.00000000,0.00000000,0.00000000,0.00000000,0.00000000,0.00000000,0.00000000,0.00000000,0.00000000,0.00207373,0.00059529,0.00125137,0.00306888,0.00222174,0.00714655,0.00000000,0.01249697,0.00917400,0.02064386,0.00000000,0.00515141,0.02933043,0.00281841,0.00000000,0.00836132,0.00000000,0.00000000,0.04373019,0.00000000,0.00682035,0.01163113,0.03940367,0.00000000,0.00000000,0.02721468,0.00000000,0.00468466,0.01454761,0.03241819
0.00000000,0.00000000,0.00000000,0.00000000,0.00062006,0.00000000,0.00000000,0.00000000,0.00000000,0.00000000,0.00000000,0.00000000,0.00000000,0.00000000,0.00000000,0.00000000,0.00000000,0.00000000,0.00000000,0.00330796,0.00000000,0.00000000,0.00000000,0.00000000,0.00000000,0.00000000,0.00000000,0.00000000,0.00000000,0.00000000,0.00000000,0.00000000,0.00000000,0.00000000,0.00000000,0.00000000,0.00707077,0.01193309,0.00749689,0.01623165,0.02680634,0.01193052,0.06193025,0.03203478,0.17607511,0.02142053,0.02817322,0.00000000,0.60214818,0.02393426,0.00462088,0.35128179,0.00540244,0.00000000,0.01010106,0.00000000,0.00000000,0.00000000,0.00000000,0.00000000,0.00000000,0.00000000,0.00000000,0.00000000,0.00000000,0.00000000,0.00000000,0.00000000,0.00000000,0.00000000,0.00000000,0.00000000,0.00000000,0.00000000,0.00000000,0.00000000,0.00000000,0.00000000,0.00000000,0.00000000,0.00000000,0.00000000,0.00000000,0.00000000,0.00000000,0.00000000,0.00000000,0.00000000,0.00000000,0.00000000,0.00000000,0.00000000,0.00000000,0.00000000,0.00000000,0.00000000,0.00000000,0.00000000,0.00000000,0.00000000,0.00000000,0.00000000,0.00000000,0.00000000,0.00000000,0.00000000,0.00000000,0.00000000,0.00524720,0.00000000,0.01704145,0.00000000,0.00433867,0.03063176,0.01687109,0.00000000,0.01557776,0.00000000,0.00198898,0.00000000,0.00000000,0.00000000,0.00000000,0.00803255,0.00000000,0.00000000,0.00000000,0.02805623,0.00000000,0.00000000,0.01602479,0.00816944,0.00617286,0.02995144,0.08571203
0.00000000,0.00000000,0.00134342,0.00000000,0.00216632,0.00000000,0.00000000,0.00000000,0.00159282,0.00000000,0.00000000,0.00000000,0.00000000,0.00000000,0.00000000,0.00000000,0.00000000,0.00000000,0.00000000,0.00336296,0.00000000,0.00000000,0.00000000,0.00000000,0.00000000,0.00000000,0.00000000,0.00000000,0.00000000,0.00000000,0.00000000,0.00000000,0.00000000,0.00000000,0.00000000,0.00000000,0.00824712,0.01268814,0.01008879,0.02820485,0.04987184,0.01604443,0.21524862,0.09172923,1.87437932,0.06335444,0.19585142,0.60214818,0.00000000,0.74515639,0.02573983,1.76763858,0.03450141,0.00642598,0.07191211,0.00000000,0.00000000,0.00000000,0.00000000,0.00000000,0.00000000,0.00000000,0.00000000,0.00000000,0.00000000,0.00000000,0.00000000,0.00000000,0.00000000,0.00000000,0.00000000,0.00000000,0.00000000,0.00000000,0.00000000,0.00000000,0.00000000,0.00000000,0.00000000,0.00000000,0.00000000,0.00000000,0.00000000,0.00000000,0.00000000,0.00000000,0.00000000,0.00000000,0.00000000,0.00000000,0.00000000,0.00000000,0.00000000,0.00000000,0.00000000,0.00000000,0.00000000,0.00000000,0.00000000,0.00000000,0.00000000,0.00000000,0.00000000,0.00000000,0.00000000,0.00000000,0.00130351,0.00093386,0.01371147,0.00167475,0.03603828,0.00000000,0.01762667,0.06169277,0.05141776,0.00000000,0.03078909,0.00000000,0.00789438,0.00000000,0.00000000,0.00000000,0.00000000,0.04152908,0.00000000,0.00000000,0.01184897,0.07359347,0.00000000,0.00000000,0.09029349,0.00619770,0.02267497,0.07917231,0.22150336
0.00000000,0.00000000,0.00000000,0.00000000,0.00000000,0.00000000,0.00000000,0.00000000,0.00000000,0.00000000,0.00000000,0.00000000,0.00000000,0.00000000,0.00000000,0.00000000,0.00000000,0.00000000,0.00000000,0.00000000,0.00000000,0.00000000,0.00000000,0.00000000,0.00000000,0.00000000,0.00000000,0.00000000,0.00000000,0.00000000,0.00000000,0.00000000,0.00000000,0.00000000,0.00000000,0.00000000,0.00284170,0.00372037,0.00409181,0.01562374,0.04038774,0.00918125,0.15186468,0.16165086,0.67826906,0.05083903,1.36376768,0.02393426,0.74515639,0.00000000,0.01783831,0.15050223,0.02182298,0.00269775,0.03317084,0.00000000,0.00000000,0.00000000,0.00000000,0.00000000,0.00000000,0.00000000,0.00000000,0.00000000,0.00000000,0.00000000,0.00000000,0.00000000,0.00000000,0.00000000,0.00000000,0.00000000,0.00000000,0.00000000,0.00000000,0.00000000,0.00000000,0.00000000,0.00000000,0.00000000,0.00000000,0.00000000,0.00000000,0.00000000,0.00000000,0.00000000,0.00000000,0.00000000,0.00000000,0.00000000,0.00000000,0.00000000,0.00000000,0.00000000,0.00000000,0.00000000,0.00000000,0.00000000,0.00000000,0.00000000,0.00000000,0.00000000,0.00000000,0.00000000,0.00000000,0.00000000,0.00082790,0.00059194,0.00615487,0.00225219,0.01455153,0.00000000,0.01758177,0.02037487,0.03810863,0.00000000,0.00772998,0.00472360,0.00528104,0.00000000,0.00000000,0.00000000,0.00000000,0.03830205,0.00000000,0.00127879,0.01092559,0.03972170,0.00000000,0.00000000,0.04718240,0.00000000,0.00552545,0.02457998,0.06825449
0.00000000,0.00000000,0.00000000,0.00000000,0.00000000,0.00000000,0.00000000,0.00000000,0.00000000,0.00000000,0.00000000,0.00000000,0.00000000,0.00000000,0.00000000,0.00000000,0.00000000,0.00000000,0.00548403,0.00000000,0.00000000,0.00249772,0.00373921,0.00149875,0.00497907,0.00000000,0.00922115,0.00000000,0.01307197,0.00000000,0.00569738,0.00000000,0.00942086,0.00334969,0.00000000,0.00000000,0.00199639,0.00804820,0.00638213,0.11668432,0.00517457,0.13190624,0.01555149,0.02693177,0.02768539,2.88535675,0.03137310,0.00462088,0.02573983,0.01783831,0.00000000,0.01253128,1.05149047,0.05501397,0.41372490,0.00000000,0.00000000,0.00000000,0.00000000,0.00000000,0.00000000,0.00000000,0.00000000,0.00000000,0.00000000,0.00000000,0.00000000,0.00000000,0.00000000,0.00000000,0.00000000,0.00000000,0.00000000,0.01887661,0.00000000,0.00000000,0.00000000,0.00000000,0.00000000,0.00000000,0.00000000,0.00000000,0.00000000,0.00000000,0.00000000,0.00000000,0.00000000,0.00000000,0.00000000,0.00000000,0.00000000,0.00000000,0.00000000,0.00000000,0.00000000,0.00000000,0.00000000,0.00000000,0.00000000,0.00000000,0.00000000,0.00155664,0.01792472,0.00099287,0.00425552,0.06756961,0.00000000,0.00275302,0.00000000,0.00129653,0.00000000,0.08263130,0.00096490,0.00000000,0.00000000,0.15109106,0.00000000,0.42227674,0.00000000,0.05568983,0.02804496,0.00000000,0.00000000,0.16244504,0.00000000,0.02812694,0.08399769,0.05090077,0.00000000,0.00000000,0.24323340,0.00000000,0.05376783,0.19452488,0.29887009
0.00191700,0.00074515,0.00294090,0.00214453,0.00476323,0.00081546,0.00060308,0.00263352,0.00287963,0.00000000,0.00000000,0.00000000,0.00000000,0.00000000,0.00000000,0.00000000,0.00000000,0.00000000,0.00000000,0.00634419,0.00000000,0.00000000,0.00000000,0.00000000,0.00000000,0.00000000,0.00000000,0.00000000,0.00000000,0.00000000,0.00000000,0.00000000,0.00000000,0.00000000,0.00000000,0.00000000,0.00116349,0.00411762,0.00265686,0.00959098,0.01462680,0.00573450,0.05108124,0.03542134,0.33217626,0.02858612,0.06681101,0.35128179,1.76763858,0.15050223,0.01253128,0.00000000,0.02173526,0.00501128,0.05416970,0.00000000,0.00000000,0.00000000,0.00000000,0.00000000,0.00000000,0.00000000,0.00000000,0.00000000,0.00000000,0.00000000,0.00000000,0.00000000,0.00000000,0.00000000,0.00000000,0.00000000,0.00000000,0.00000000,0.00000000,0.00000000,0.00000000,0.00000000,0.00000000,0.00000000,0.00000000,0.00000000,0.00000000,0.00000000,0.00000000,0.00000000,0.00000000,0.00000000,0.00000000,0.00000000,0.00000000,0.00000000,0.00000000,0.00000000,0.00000000,0.00000000,0.00000000,0.00000000,0.00000000,0.00000000,0.00000000,0.00000000,0.00000000,0.00000000,0.00000000,0.00000000,0.00000000,0.00000000,0.00862783,0.00000000,0.02462188,0.00000000,0.00797859,0.03007026,0.02234724,0.00000000,0.00644273,0.00000000,0.00000000,0.00000000,0.00000000,0.00000000,0.00000000,0.01726303,0.00000000,0.00000000,0.00000000,0.02070158,0.00000000,0.00076689,0.08641009,0.01080940,0.02604074,0.09908009,0.31227176
0.00000000,0.00000000,0.00000000,0.00000000,0.00000000,0.00000000,0.00000000,0.00000000,0.00000000,0.00000000,0.00000000,0.00000000,0.00000000,0.00000000,0.00000000,0.00000000,0.00000000,0.00000000,0.00435893,0.00000000,0.00000000,0.00000000,0.00512032,0.00000000,0.00385930,0.00000000,0.00774022,0.00283228,0.01260178,0.00234921,0.01013698,0.00173423,0.02032096,0.00715920,0.00000000,0.00000000,0.00000000,0.00180190,0.00296645,0.02647804,0.00356036,0.01791794,0.01012594,0.01743041,0.02924861,0.85683682,0.02541984,0.00540244,0.03450141,0.02182298,1.05149047,0.02173526,0.00000000,0.02670514,0.98663068,0.00000000,0.00000000,0.00000000,0.00000000,0.00000000,0.00000000,0.00000000,0.00000000,0.00000000,0.00000000,0.00000000,0.00000000,0.00000000,0.00000000,0.00000000,0.00000000,0.00000000,0.00000000,0.02114296,0.00521122,0.00000000,0.00000000,0.00000000,0.00000000,0.00000000,0.00000000,0.00000000,0.00000000,0.00000000,0.00000000,0.00000000,0.00000000,0.00000000,0.00000000,0.00000000,0.00000000,0.00000000,0.00000000,0.00000000,0.00000000,0.00000000,0.00000000,0.00000000,0.00000000,0.00000000,0.00000000,0.00000000,0.00628395,0.00173189,0.00000000,0.02671110,0.00000000,0.00344584,0.00000000,0.00224253,0.00000000,0.02581211,0.00351620,0.00000000,0.00000000,0.04685199,0.00000000,0.43517226,0.00000000,0.03221085,0.03891433,0.00000000,0.00000000,0.16399684,0.00000000,0.01342329,0.06643747,0.04069518,0.00000000,0.00751950,0.28553986,0.00167732,0.09424034,0.27423949,0.44581155
0.00000000,0.00000000,0.00000000,0.00000000,0.00000000,0.00000000,0.00000000,0.00000000,0.00000000,0.00000000,0.00000000,0.00000000,0.00000000,0.00196923,0.00000000,0.00000000,0.00000000,0.00313426,0.01241745,0.00000000,0.00179691,0.00380868,0.00788483,0.00330338,0.00959354,0.00108253,0.02176044,0.00276392,0.02284984,0.00216287,0.01263007,0.00000000,0.02132828,0.00534254,0.00231918,0.00152951,0.00000000,0.00000000,0.00000000,0.00186032,0.00000000,0.00380082,0.00078618,0.00000000,0.00310220,0.02217892,0.00161848,0.00000000,0.00642598,0.00269775,0.05501397,0.00501128,0.02670514,0.00000000,0.59137481,0.00000000,0.00000000,0.00000000,0.00000000,0.00000000,0.00000000,0.00000000,0.00000000,0.00000000,0.00000000,0.00000000,0.00000000,0.00000000,0.00000000,0.00000000,0.00000000,0.00000000,0.00000000,0.00000000,0.00000000,0.00000000,0.00000000,0.00000000,0.00000000,0.00000000,0.00000000,0.00000000,0.00000000,0.00000000,0.00000000,0.00000000,0.00000000,0.00000000,0.00000000,0.00000000,0.00000000,0.00000000,0.00000000,0.00000000,0.00000000,0.00000000,0.00000000,0.00000000,0.00000000,0.00000000,0.00000000,0.00000000,0.00547654,0.00000000,0.00000000,0.02639947,0.00000000,0.00000000,0.00000000,0.00000000,0.00000000,0.02650156,0.00000000,0.00000000,0.00000000,0.03068441,0.00000000,0.03718694,0.00000000,0.00355812,0.00000000,0.00000000,0.00000000,0.05002850,0.00000000,0.00000000,0.01433378,0.00463059,0.00000000,0.00231340,0.23410988,0.00000000,0.11377123,0.33215477,0.44875229
0.00000000,0.00000000,0.00000000,0.00000000,0.00000000,0.00000000,0.00000000,0.00000000,0.00000000,0.00000000,0.00000000,0.00000000,0.00000000,0.00308585,0.00000000,0.00000000,0.00000000,0.00538009,0.02212665,0.00000000,0.00330828,0.00780178,0.02151917,0.00709819,0.01574549,0.00459879,0.02828606,0.01266283,0.05374173,0.01044639,0.04736329,0.00932050,0.07953344,0.03623106,0.00116109,0.00098222,0.00000000,0.00107665,0.00250195,0.01616604,0.00322219,0.01254977,0.01263582,0.01736086,0.03746763,0.30831444,0.02562052,0.01010106,0.07191211,0.03317084,0.41372490,0.05416970,0.98663068,0.59137481,0.00000000,0.00000000,0.00000000,0.00000000,0.00000000,0.00000000,0.00000000,0.00000000,0.00000000,0.00000000,0.00000000,0.00000000,0.00000000,0.00000000,0.00000000,0.00000000,0.00000000,0.00000000,0.00000000,0.01029836,0.00250567,0.00000000,0.00000000,0.00000000,0.00000000,0.00000000,0.00000000,0.00000000,0.00000000,0.00000000,0.00000000,0.00000000,0.00000000,0.00000000,0.00000000,0.00000000,0.00000000,0.00000000,0.00000000,0.00000000,0.00000000,0.00000000,0.00000000,0.00000000,0.00000000,0.00000000,0.00000000,0.00000000,0.01165702,0.00252500,0.00000000,0.03784053,0.00095392,0.00718470,0.00000000,0.00434516,0.00000000,0.02699644,0.00484384,0.00000000,0.00000000,0.03719941,0.00000000,0.33996964,0.00000000,0.01366126,0.02298336,0.00000000,0.00000000,0.26726035,0.00000000,0.00351157,0.04976680,0.02769746,0.00000000,0.03018502,0.89347070,0.01365897,0.39041242,1.12047009,1.55073834
0.00000000,0.00000000,0.00000000,0.00000000,0.00000000,0.00000000,0.00000000,0.00000000,0.00000000,0.00000000,0.00000000,0.00000000,0.00000000,0.00000000,0.00000000,0.00000000,0.00000000,0.00000000,0.00000000,0.00000000,0.00000000,0.00000000,0.00000000,0.00000000,0.00000000,0.00000000,0.00000000,0.00000000,0.00000000,0.00000000,0.00000000,0.00000000,0.00000000,0.00000000,0.00000000,0.00000000,0.00000000,0.00000000,0.00000000,0.00000000,0.00000000,0.00000000,0.00000000,0.00000000,0.00000000,0.00000000,0.00000000,0.00000000,0.00000000,0.00000000,0.00000000,0.00000000,0.00000000,0.00000000,0.00000000,0.00000000,0.99029903,1.11753016,0.25290535,0.09846111,0.01667995,0.00737523,0.03025820,0.00201688,0.01274503,0.00369939,0.00244738,0.05611130,0.00370733,0.00309991,0.00120920,0.00604445,0.00307143,0.00000000,0.00000000,0.00000000,0.00000000,0.00000000,0.00470357,0.00000000,0.01445811,0.00000000,0.00000000,0.00000000,0.00000000,0.01333824,0.00000000,0.00000000,0.00000000,0.00000000,0.00000000,0.00000000,0.00000000,0.00000000,0.00000000,0.00000000,0.00000000,0.00000000,0.00000000,0.00000000,0.00000000,0.00000000,0.00000000,0.00000000,0.00000000,0.00000000,0.00000000,0.00000000,0.00000000,0.00000000,0.00000000,0.00000000,0.00000000,0.00000000,0.00000000,0.00000000,0.00000000,0.00000000,0.00000000,0.00000000,0.00000000,0.00000000,0.00000000,0.01273220,0.00505375,0.03393031,0.19778499,0.04986452,0.00000000,0.00000000,0.00000000,0.00000000,0.00000000,0.00000000,0.00000000
0.00000000,0.00000000,0.00000000,0.00000000,0.00000000,0.00000000,0.00000000,0.00000000,0.00000000,0.00000000,0.00000000,0.00000000,0.00000000,0.00000000,0.00000000,0.00000000,0.00000000,0.00000000,0.00000000,0.00000000,0.00000000,0.00000000,0.00000000,0.00000000,0.00000000,0.00000000,0.00000000,0.00000000,0.00000000,0.00000000,0.00000000,0.00000000,0.00000000,0.00000000,0.00000000,0.00000000,0.00000000,0.00000000,0.00000000,0.00000000,0.00000000,0.00000000,0.00000000,0.00000000,0.00000000,0.00000000,0.00000000,0.00000000,0.00000000,0.00000000,0.00000000,0.00000000,0.00000000,0.00000000,0.00000000,0.99029903,0.00000000,0.14750159,1.65073967,0.19183165,0.02285535,0.00700406,0.05194693,0.00000000,0.00934743,0.00094454,0.00092059,0.04748528,0.00118531,0.00100309,0.00000000,0.00344931,0.00000000,0.00000000,0.00000000,0.00000000,0.00000000,0.00000000,0.00000000,0.00000000,0.00698612,0.00000000,0.00000000,0.00000000,0.00000000,0.00548432,0.00000000,0.00000000,0.00000000,0.00000000,0.00000000,0.00000000,0.00000000,0.00000000,0.00000000,0.00000000,0.00000000,0.00000000,0.00000000,0.00000000,0.00000000,0.00000000,0.00000000,0.00000000,0.00000000,0.00000000,0.00000000,0.00000000,0.00000000,0.00000000,0.00000000,0.00000000,0.00000000,0.00000000,0.00000000,0.00000000,0.00000000,0.00000000,0.00000000,0.00000000,0.00000000,0.00000000,0.00000000,0.00199695,0.00000000,0.01398773,0.08376203,0.02202585,0.00000000,0.00000000,0.00000000,0.00000000,0.00000000,0.00000000,0.00000000
0.00000000,0.00000000,0.00000000,0.00000000,0.00000000,0.00000000,0.00000000,0.00000000,0.00000000,0.00000000,0.00000000,0.00000000,0.00000000,0.00000000,0.00000000,0.00000000,0.00000000,0.00000000,0.00000000,0.00000000,0.00000000,0.00000000,0.00000000,0.00000000,0.00000000,0.00000000,0.00000000,0.00000000,0.00000000,0.00000000,0.00000000,0.00000000,0.00000000,0.00000000,0.00000000,0.00000000,0.00000000,0.00000000,0.00000000,0.00000000,0.00000000,0.00000000,0.00000000,0.00000000,0.00000000,0.00000000,0.00000000,0.00000000,0.00000000,0.00000000,0.00000000,0.00000000,0.00000000,0.00000000,0.00000000,1.11753016,0.14750159,0.00000000,0.05962079,0.03110638,0.00284628,0.00078003,0.00744152,0.00000000,0.00291505,0.00071813,0.00000000,0.01588986,0.00111508,0.00000000,0.00000000,0.00208074,0.00000000,0.00714742,0.00000000,0.00000000,0.00000000,0.00000000,0.00000000,0.00000000,0.00766894,0.00000000,0.00000000,0.00000000,0.00000000,0.00766554,0.00000000,0.00000000,0.00000000,0.00000000,0.00000000,0.00000000,0.00000000,0.00000000,0.00000000,0.00000000,0.00000000,0.00000000,0.00000000,0.00000000,0.00000000,0.00000000,0.00000000,0.00000000,0.00000000,0.00000000,0.00000000,0.00000000,0.00000000,0.00000000,0.00000000,0.00000000,0.00000000,0.00000000,0.00000000,0.00000000,0.00000000,0.00000000,0.00000000,0.00000000,0.00000000,0.00000000,0.00000000,0.01258195,0.00413160,0.02397475,0.13771982,0.03407805,0.00000000,0.00000000,0.00000000,0.00000000,0.00000000,0.00000000,0.00000000
0.00000000,0.00000000,0.00000000,0.00000000,0.00000000,0.00000000,0.00000000,0.00000000,0.00000000,0.00000000,0.00000000,0.00000000,0.00000000,0.00000000,0.00000000,0.00000000,0.00000000,0.00000000,0.00000000,0.00000000,0.00000000,0.00000000,0.00000000,0.00000000,0.00000000,0.00000000,0.00000000,0.00000000,0.00000000,0.00000000,0.00000000,0.00000000,0.00000000,0.00000000,0.00000000,0.00000000,0.00000000,0.00000000,0.00000000,0.00000000,0.00000000,0.00000000,0.00000000,0.00000000,0.00000000,0.00000000,0.00000000,0.00000000,0.00000000,0.00000000,0.00000000,0.00000000,0.00000000,0.00000000,0.00000000,0.25290535,1.65073967,0.05962079,0.00000000,1.08892341,0.11488246,0.03367981,0.26440703,0.00507839,0.02539112,0.00254473,0.00334877,0.10152213,0.00372524,0.00204355,0.00000000,0.00566240,0.00000000,0.00000000,0.00000000,0.00000000,0.00000000,0.00202321,0.00685766,0.00000000,0.01695363,0.00308516,0.00000000,0.00251710,0.00000000,0.01539251,0.00000000,0.00000000,0.00000000,0.00000000,0.00000000,0.00000000,0.00000000,0.00000000,0.00000000,0.00000000,0.00172294,0.00000000,0.00000000,0.00000000,0.00000000,0.00000000,0.00000000,0.00000000,0.00000000,0.00000000,0.00000000,0.00000000,0.00000000,0.00000000,0.00000000,0.00000000,0.00000000,0.00000000,0.00000000,0.00000000,0.00000000,0.00000000,0.00000000,0.00000000,0.00000000,0.00000000,0.00000000,0.00251677,0.00557954,0.01563910,0.09095037,0.03825489,0.00000000,0.00000000,0.00000000,0.00000000,0.00000000,0.00000000,0.00000000
0.00000000,0.00000000,0.00000000,0.00000000,0.00000000,0.00000000,0.00000000,0.00000000,0.00000000,0.00000000,0.00000000,0.00000000,0.00000000,0.00000000,0.00000000,0.00000000,0.00000000,0.00000000,0.00000000,0.00000000,0.00000000,0.00000000,0.00000000,0.00000000,0.00000000,0.00000000,0.00000000,0.00000000,0.00000000,0.00000000,0.00000000,0.00000000,0.00000000,0.00000000,0.00000000,0.00000000,0.00000000,0.00000000,0.00000000,0.00000000,0.00000000,0.00000000,0.00000000,0.00000000,0.00000000,0.00000000,0.00000000,0.00000000,0.00000000,0.00000000,0.00000000,0.00000000,0.00000000,0.00000000,0.00000000,0.09846111,0.19183165,0.03110638,1.08892341,0.00000000,0.24445735,0.12653690,1.10442929,0.00985787,0.10458911,0.00557045,0.00771010,0.86803113,0.00630750,0.00498790,0.00162169,0.01547361,0.00236453,0.00000000,0.00000000,0.00000000,0.00000000,0.00000000,0.00138708,0.00000000,0.01201209,0.00109378,0.00000000,0.00444535,0.00000000,0.01302629,0.00000000,0.00000000,0.00177378,0.00000000,0.00000000,0.00425927,0.00127142,0.00589065,0.00359929,0.00711853,0.00651567,0.00464260,0.00305432,0.00000000,0.00000000,0.00000000,0.00000000,0.00000000,0.00000000,0.00000000,0.00000000,0.00000000,0.00000000,0.00000000,0.00000000,0.00000000,0.00000000,0.00000000,0.00000000,0.00000000,0.00000000,0.00000000,0.00000000,0.00000000,0.00000000,0.00000000,0.00000000,0.00595347,0.00499649,0.01638926,0.10317629,0.04043162,0.00000000,0.00000000,0.00000000,0.00000000,0.00000000,0.00000000,0.00000000
0.00000000,0.00000000,0.00000000,0.00000000,0.00000000,0.00000000,0.00000000,0.00000000,0.00000000,0.00000000,0.00000000,0.00000000,0.00000000,0.00000000,0.00000000,0.00000000,0.00000000,0.00000000,0.00000000,0.00000000,0.00000000,0.00000000,0.00000000,0.00000000,0.00000000,0.00000000,0.00000000,0.00000000,0.00000000,0.00000000,0.00000000,0.00000000,0.00000000,0.00000000,0.00000000,0.00000000,0.00000000,0.00000000,0.00000000,0.00000000,0.00000000,0.00000000,0.00000000,0.00000000,0.00000000,0.00000000,0.00000000,0.00000000,0.00000000,0.00000000,0.00000000,0.00000000,0.00000000,0.00000000,0.00000000,0.01667995,0.02285535,0.00284628,0.11488246,0.24445735,0.00000000,1.38424688,0.95733352,0.09054180,0.82091764,0.02358050,0.05259393,0.42672005,0.03219639,0.01896111,0.00610571,0.03836412,0.00863714,0.00000000,0.00000000,0.00000000,0.00000000,0.00079860,0.00110669,0.00000000,0.01168031,0.00573734,0.00175022,0.01107864,0.00000000,0.03932296,0.00207160,0.00000000,0.00585153,0.00000000,0.00193699,0.01024491,0.00746422,0.01087362,0.01135567,0.00864620,0.01121830,0.00736619,0.00307155,0.00000000,0.00000000,0.00000000,0.00000000,0.00000000,0.00000000,0.00000000,0.00000000,0.00000000,0.00000000,0.00000000,0.00000000,0.00000000,0.00000000,0.00000000,0.00000000,0.00000000,0.00184986,0.00000000,0.00256105,0.00000000,0.00000000,0.00000000,0.00000000,0.00622997,0.00387455,0.02453090,0.16323397,0.05311289,0.00000000,0.00000000,0.00000000,0.00000000,0.00000000,0.00000000,0.00000000
0.00000000,0.00000000,0.00000000,0.00000000,0.00000000,0.00000000,0.00000000,0.00000000,0.00000000,0.00000000,0.00000000,0.00000000,0.00000000,0.00000000,0.00000000,0.00000000,0.00000000,0.00000000,0.00000000,0.00000000,0.00000000,0.00000000,0.00000000,0.00000000,0.00000000,0.00000000,0.00000000,0.00000000,0.00000000,0.00000000,0.00000000,0.00000000,0.00000000,0.00000000,0.00000000,0.00000000,0.00000000,0.00000000,0.00000000,0.00000000,0.00000000,0.00000000,0.00000000,0.00000000,0.00000000,0.00000000,0.00000000,0.00000000,0.00000000,0.00000000,0.00000000,0.00000000,0.00000000,0.00000000,0.00000000,0.00737523,0.00700406,0.00078003,0.03367981,0.12653690,1.38424688,0.00000000,0.14551912,1.10845193,0.96162201,0.10883288,0.49208269,0.21137614,0.19273373,0.06808621,0.02747166,0.06267335,0.04356229,0.00000000,0.00000000,0.00000000,0.00000000,0.00000000,0.00000000,0.00367359,0.01117201,0.00230160,0.00724376,0.03023023,0.00000000,0.06154229,0.00780431,0.00620041,0.01731940,0.00960808,0.00471956,0.02695084,0.01580342,0.03535049,0.02733419,0.03088665,0.03392014,0.01752239,0.00736029,0.00000000,0.00000000,0.00000000,0.00000000,0.00000000,0.00000000,0.00000000,0.00000000,0.00000000,0.00000000,0.00000000,0.00000000,0.00000000,0.00000000,0.00090589,0.00000000,0.00000000,0.00422079,0.00000000,0.00469448,0.00000000,0.00000000,0.00000000,0.00000000,0.01859353,0.00925353,0.03899932,0.29771994,0.10049302,0.00000000,0.00000000,0.00000000,0.00000000,0.00000000,0.00000000,0.00000000
0.00000000,0.00000000,0.00000000,0.00000000,0.00000000,0.00000000,0.00000000,0.00000000,0.00000000,0.00000000,0.00000000,0.00000000,0.00000000,0.00000000,0.00000000,0.00000000,0.00000000,0.00000000,0.00000000,0.00000000,0.00000000,0.00000000,0.00000000,0.00000000,0.00000000,0.00000000,0.00000000,0.00000000,0.00000000,0.00000000,0.00000000,0.00000000,0.00000000,0.00000000,0.00000000,0.00000000,0.00000000,0.00000000,0.00000000,0.00000000,0.00000000,0.00000000,0.00000000,0.00000000,0.00000000,0.00000000,0.00000000,0.00000000,0.00000000,0.00000000,0.00000000,0.00000000,0.00000000,0.00000000,0.00000000,0.03025820,0.05194693,0.00744152,0.26440703,1.10442929,0.95733352,0.14551912,0.00000000,0.01827007,0.21569018,0.00723535,0.01248692,0.63940164,0.00931255,0.00644416,0.00246698,0.01676929,0.00325350,0.00000000,0.00000000,0.00000000,0.00000000,0.00000000,0.00100893,0.00000000,0.00610512,0.00158634,0.00000000,0.00418016,0.00000000,0.01566518,0.00000000,0.00000000,0.00246417,0.00000000,0.00000000,0.00357596,0.00254622,0.00408194,0.00363258,0.00542363,0.00513465,0.00384409,0.00077889,0.00000000,0.00000000,0.00000000,0.00000000,0.00000000,0.00000000,0.00000000,0.00000000,0.00000000,0.00000000,0.00000000,0.00000000,0.00000000,0.00000000,0.00000000,0.00000000,0.00000000,0.00000000,0.00000000,0.00000000,0.00000000,0.00000000,0.00000000,0.00000000,0.00331761,0.00249187,0.01425698,0.08737698,0.03565339,0.00000000,0.00000000,0.00000000,0.00000000,0.00000000,0.00000000,0.00000000
0.00000000,0.00000000,0.00000000,0.00000000,0.00000000,0.00000000,0.00000000,0.00000000,0.00000000,0.00000000,0.00000000,0.00000000,0.00000000,0.00000000,0.00000000,0.00000000,0.00000000,0.00000000,0.00000000,0.00000000,0.00000000,0.00000000,0.00000000,0.00000000,0.00000000,0.00000000,0.00000000,0.00000000,0.00000000,0.00000000,0.00000000,0.00000000,0.00000000,0.00000000,0.00000000,0.00000000,0.00000000,0.00000000,0.00000000,0.00000000,0.00000000,0.00000000,0.00000000,0.00000000,0.00000000,0.00000000,0.00000000,0.00000000,0.00000000,0.00000000,0.00000000,0.00000000,0.00000000,0.00000000,0.00000000,0.00201688,0.00000000,0.00000000,0.00507839,0.00985787,0.09054180,1.10845193,0.01827007,0.00000000,0.20126548,0.84576936,0.64123122,0.04314712,1.29184303,0.09702459,0.11342445,0.04000646,0.08095790,0.00000000,0.00000000,0.00000000,0.00000000,0.00000000,0.00000000,0.00213856,0.00554884,0.00000000,0.00393134,0.01483347,0.00000000,0.05795157,0.00302747,0.00269549,0.01044125,0.00453205,0.00169069,0.01209376,0.00756080,0.01922512,0.01894446,0.01275471,0.02472062,0.01082764,0.00388070,0.00000000,0.00000000,0.00000000,0.00000000,0.00000000,0.00000000,0.00000000,0.00000000,0.00000000,0.00000000,0.00000000,0.00000000,0.00000000,0.00000000,0.00000000,0.00000000,0.00000000,0.00145680,0.00000000,0.00423364,0.00000000,0.00000000,0.00000000,0.00000000,0.01354948,0.00566740,0.02758179,0.17912592,0.07584926,0.00000000,0.00000000,0.00000000,0.00000000,0.00000000,0.00000000,0.00000000
0.00000000,0.00000000,0.00000000,0.00000000,0.00000000,0.00000000,0.00000000,0.00000000,0.00000000,0.00000000,0.00000000,0.00000000,0.00000000,0.00000000,0.00000000,0.00000000,0.00000000,0.00000000,0.00000000,0.00000000,0.00000000,0.00000000,0.00000000,0.00000000,0.00000000,0.00000000,0.00000000,0.00000000,0.00000000,0.00000000,0.00000000,0.00000000,0.00000000,0.00000000,0.00000000,0.00000000,0.00000000,0.00000000,0.00000000,0.00000000,0.00000000,0.00000000,0.00000000,0.00000000,0.00000000,0.00000000,0.00000000,0.00000000,0.00000000,0.00000000,0.00000000,0.00000000,0.00000000,0.00000000,0.00000000,0.01274503,0.00934743,0.00291505,0.02539112,0.10458911,0.82091764,0.96162201,0.21569018,0.20126548,0.00000000,0.04693236,0.55636756,1.00099897,0.12781514,0.37627378,0.02422956,0.41259822,0.05425736,0.00000000,0.00000000,0.00000000,0.00000000,0.00000000,0.00000000,0.00118468,0.00614367,0.00000000,0.00360998,0.01542275,0.00000000,0.02579678,0.00462815,0.00162190,0.01005239,0.00401517,0.00275366,0.01894260,0.01170955,0.02762426,0.02187651,0.02765862,0.02772298,0.02115897,0.01090352,0.00000000,0.00000000,0.00000000,0.00000000,0.00000000,0.00000000,0.00000000,0.00000000,0.00000000,0.00000000,0.00000000,0.00000000,0.00000000,0.00000000,0.00000000,0.00000000,0.00000000,0.00172713,0.00000000,0.00203038,0.00000000,0.00000000,0.00000000,0.00000000,0.01416521,0.00428048,0.02736541,0.17124714,0.06208661,0.00000000,0.00000000,0.00000000,0.00000000,0.00000000,0.00000000,0.00000000
0.00000000,0.00000000,0.00000000,0.00000000,0.00000000,0.00000000,0.00000000,0.00000000,0.00000000,0.00000000,0.00000000,0.00000000,0.00000000,0.00000000,0.00000000,0.00000000,0.00000000,0.00000000,0.00000000,0.00000000,0.00000000,0.00000000,0.00000000,0.00000000,0.00000000,0.00000000,0.00000000,0.00000000,0.00000000,0.00000000,0.00000000,0.00000000,0.00000000,0.00000000,0.00000000,0.00000000,0.00000000,0.00000000,0.00000000,0.00000000,0.00000000,0.00000000,0.00000000,0.00000000,0.00000000,0.00000000,0.00000000,0.00000000,0.00000000,0.00000000,0.00000000,0.00000000,0.00000000,0.00000000,0.00000000,0.00369939,0.00094454,0.00071813,0.00254473,0.00557045,0.02358050,0.10883288,0.00723535,0.84576936,0.04693236,0.00000000,0.11729963,0.01815289,1.53370826,0.07048812,1.11492524,0.01855385,0.19552074,0.00080961,0.00000000,0.00000000,0.00000000,0.00000000,0.00000000,0.00177955,0.00408499,0.00000000,0.00358671,0.01709136,0.00000000,0.05242043,0.00310201,0.00159095,0.01258478,0.00190019,0.00203015,0.01091196,0.01564349,0.02154252,0.07787586,0.01186509,0.10000232,0.02346603,0.01434361,0.00000000,0.00000000,0.00000000,0.00000000,0.00000000,0.00000000,0.00000000,0.00000000,0.00000000,0.00000000,0.00000000,0.00000000,0.00000000,0.00000000,0.00000000,0.00000000,0.00000000,0.00000000,0.00000000,0.00208207,0.00000000,0.00067182,0.00000000,0.00000000,0.01833477,0.00773934,0.03989756,0.21876333,0.07373628,0.00000000,0.00000000,0.00000000,0.00000000,0.00000000,0.00000000,0.00000000
0.00000000,0.00000000,0.00000000,0.00000000,0.00000000,0.00000000,0.00000000,0.00000000,0.00000000,0.00000000,0.00000000,0.00000000,0.00000000,0.00000000,0.00000000,0.00000000,0.00000000,0.00000000,0.00000000,0.00000000,0.00000000,0.00000000,0.00000000,0.00000000,0.00000000,0.00000000,0.00000000,0.00000000,0.00000000,0.00000000,0.00000000,0.00000000,0.00000000,0.00000000,0.00000000,0.00000000,0.00000000,0.00000000,0.00000000,0.00000000,0.00000000,0.00000000,0.00000000,0.00000000,0.00000000,0.00000000,0.00000000,0.00000000,0.00000000,0.00000000,0.00000000,0.00000000,0.00000000,0.00000000,0.00000000,0.00244738,0.00092059,0.00000000,0.00334877,0.00771010,0.05259393,0.49208269,0.01248692,0.64123122,0.55636756,0.11729963,0.00000000,0.06316040,0.82530316,0.59461897,0.08420140,0.11257733,0.29107917,0.00000000,0.00000000,0.00000000,0.00000000,0.00000000,0.00000000,0.00107127,0.00302560,0.00000000,0.00311469,0.01234511,0.00000000,0.02037980,0.00168791,0.00109294,0.00818241,0.00401031,0.00189850,0.01284635,0.00847393,0.02116168,0.01899892,0.01892542,0.02908915,0.01640077,0.00723662,0.00000000,0.00000000,0.00000000,0.00000000,0.00000000,0.00000000,0.00000000,0.00000000,0.00000000,0.00000000,0.00000000,0.00000000,0.00000000,0.00000000,0.00000000,0.00000000,0.00000000,0.00094805,0.00000000,0.00166322,0.00000000,0.00000000,0.00000000,0.00000000,0.01166211,0.00397977,0.02079082,0.11565261,0.05480716,0.00000000,0.00000000,0.00000000,0.00000000,0.00000000,0.00000000,0.00000000
0.00000000,0.00000000,0.00000000,0.00000000,0.00000000,0.00000000,0.00000000,0.00000000,0.00000000,0.00000000,0.00000000,0.00000000,0.00000000,0.00000000,0.00000000,0.00000000,0.00000000,0.00000000,0.00000000,0.00000000,0.00000000,0.00000000,0.00000000,0.00000000,0.00000000,0.00000000,0.00000000,0.00000000,0.00000000,0.00000000,0.00000000,0.00000000,0.00000000,0.00000000,0.00000000,0.00000000,0.00000000,0.00000000,0.00000000,0.00000000,0.00000000,0.00000000,0.00000000,0.00000000,0.00000000,0.00000000,0.00000000,0.00000000,0.00000000,0.00000000,0.00000000,0.00000000,0.00000000,0.00000000,0.00000000,0.05611130,0.04748528,0.01588986,0.10152213,0.86803113,0.42672005,0.21137614,0.63940164,0.04314712,1.00099897,0.01815289,0.06316040,0.00000000,0.02880556,0.05155808,0.00838376,0.37288988,0.01436475,0.00000000,0.00000000,0.00000000,0.00000000,0.00000000,0.00000000,0.00000000,0.00975987,0.00112626,0.00198748,0.01215033,0.00000000,0.02526698,0.00262329,0.00000000,0.00808503,0.00301620,0.00113227,0.01285023,0.00744372,0.01949347,0.01522202,0.02345261,0.01895114,0.01795041,0.00835989,0.00000000,0.00000000,0.00000000,0.00000000,0.00000000,0.00000000,0.00000000,0.00000000,0.00000000,0.00000000,0.00000000,0.00000000,0.00000000,0.00000000,0.00000000,0.00000000,0.00000000,0.00132929,0.00000000,0.00235331,0.00000000,0.00000000,0.00000000,0.00000000,0.01260036,0.00699098,0.03307621,0.18467178,0.06846961,0.00000000,0.00000000,0.00000000,0.00000000,0.00000000,0.00000000,0.00000000
0.00000000,0.00000000,0.00000000,0.00000000,0.00000000,0.00000000,0.00000000,0.00000000,0.00000000,0.00000000,0.00000000,0.00000000,0.00000000,0.00000000,0.00000000,0.00000000,0.00000000,0.00000000,0.00000000,0.00000000,0.00000000,0.00000000,0.00000000,0.00000000,0.00000000,0.00000000,0.00000000,0.00000000,0.00000000,0.00000000,0.00000000,0.00000000,0.00000000,0.00000000,0.00000000,0.00000000,0.00000000,0.00000000,0.00000000,0.00000000,0.00000000,0.00000000,0.00000000,0.00000000,0.00000000,0.00000000,0.00000000,0.00000000,0.00000000,0.00000000,0.00000000,0.00000000,0.00000000,0.00000000,0.00000000,0.00370733,0.00118531,0.00111508,0.00372524,0.00630750,0.03219639,0.19273373,0.00931255,1.29184303,0.12781514,1.53370826,0.82530316,0.02880556,0.00000000,0.39126970,0.90351718,0.04409981,0.65482975,0.00000000,0.00000000,0.00000000,0.00000000,0.00000000,0.00000000,0.00000000,0.00301766,0.00000000,0.00138673,0.01205986,0.00000000,0.03381029,0.00246640,0.00092343,0.00776496,0.00207934,0.00132083,0.00994842,0.00984357,0.01828769,0.03029020,0.01267713,0.03770575,0.01515470,0.00840860,0.00000000,0.00000000,0.00000000,0.00000000,0.00000000,0.00000000,0.00000000,0.00000000,0.00000000,0.00000000,0.00000000,0.00000000,0.00000000,0.00000000,0.00000000,0.00000000,0.00000000,0.00095626,0.00000000,0.00326314,0.00000000,0.00000000,0.00000000,0.00000000,0.01488251,0.00660627,0.02319877,0.15182198,0.07238115,0.00000000,0.00000000,0.00000000,0.00000000,0.00000000,0.00000000,0.00000000
0.00000000,0.00000000,0.00000000,0.00000000,0.00000000,0.00000000,0.00000000,0.00000000,0.00000000,0.00000000,0.00000000,0.00000000,0.00000000,0.00000000,0.00000000,0.00000000,0.00000000,0.00000000,0.00000000,0.00000000,0.00000000,0.00000000,0.00000000,0.00000000,0.00000000,0.00000000,0.00000000,0.00000000,0.00000000,0.00000000,0.00000000,0.00000000,0.00000000,0.00000000,0.00000000,0.00000000,0.00000000,0.00000000,0.00000000,0.00000000,0.00000000,0.00000000,0.00000000,0.00000000,0.00000000,0.00000000,0.00000000,0.00000000,0.00000000,0.00000000,0.00000000,0.00000000,0.00000000,0.00000000,0.00000000,0.00309991,0.00100309,0.00000000,0.00204355,0.00498790,0.01896111,0.06808621,0.00644416,0.09702459,0.37627378,0.07048812,0.59461897,0.05155808,0.39126970,0.00000000,0.08299628,0.29723399,0.82082058,0.00108552,0.00000000,0.00000000,0.00000000,0.00000000,0.00000000,0.00000000,0.00080054,0.00000000,0.00000000,0.00825877,0.00000000,0.01158114,0.00000000,0.00100896,0.00524941,0.00187335,0.00000000,0.00928458,0.00723110,0.01627306,0.01805267,0.01744830,0.02810201,0.01803980,0.01004403,0.00000000,0.00000000,0.00000000,0.00000000,0.00000000,0.00000000,0.00000000,0.00000000,0.00000000,0.00000000,0.00000000,0.00000000,0.00000000,0.00000000,0.00000000,0.00000000,0.00000000,0.00000000,0.00000000,0.00154929,0.00000000,0.00000000,0.00000000,0.00000000,0.00935375,0.00130156,0.01571767,0.08080252,0.03861259,0.00000000,0.00000000,0.00000000,0.00000000,0.00000000,0.00000000,0.00000000
0.00000000,0.00000000,0.00000000,0.00000000,0.00000000,0.00000000,0.00000000,0.00000000,0.00000000,0.00000000,0.00000000,0.00000000,0.00000000,0.00000000,0.00000000,0.00000000,0.00000000,0.00000000,0.00000000,0.00000000,0.00000000,0.00000000,0.00000000,0.00000000,0.00000000,0.00000000,0.00000000,0.00000000,0.00000000,0.00000000,0.00000000,0.00000000,0.00000000,0.00000000,0.00000000,0.00000000,0.00000000,0.00000000,0.00000000,0.00000000,0.00000000,0.00000000,0.00000000,0.00000000,0.00000000,0.00000000,0.00000000,0.00000000,0.00000000,0.00000000,0.00000000,0.00000000,0.00000000,0.00000000,0.00000000,0.00120920,0.00000000,0.00000000,0.00000000,0.00162169,0.00610571,0.02747166,0.00246698,0.11342445,0.02422956,1.11492524,0.08420140,0.00838376,0.90351718,0.08299628,0.00000000,0.01208625,0.57024191,0.00000000,0.00000000,0.00000000,0.00000000,0.00000000,0.00000000,0.00000000,0.00084038,0.00000000,0.00000000,0.00464329,0.00000000,0.01233462,0.00000000,0.00000000,0.00434287,0.00000000,0.00000000,0.00427254,0.00618381,0.01018363,0.02441899,0.00726185,0.03997121,0.01261087,0.00888856,0.00000000,0.00000000,0.00000000,0.00000000,0.00000000,0.00000000,0.00000000,0.00000000,0.00000000,0.00000000,0.00000000,0.00000000,0.00000000,0.00000000,0.00000000,0.00000000,0.00000000,0.00000000,0.00000000,0.00000000,0.00000000,0.00000000,0.00000000,0.00000000,0.00822977,0.00204702,0.01938989,0.09465406,0.04258436,0.00000000,0.00000000,0.00000000,0.00000000,0.00000000,0.00000000,0.00000000
0.00000000,0.00000000,0.00000000,0.00000000,0.00000000,0.00000000,0.00000000,0.00000000,0.00000000,0.00000000,0.00000000,0.00000000,0.00000000,0.00000000,0.00000000,0.00000000,0.00000000,0.00000000,0.00000000,0.00000000,0.00000000,0.00000000,0.00000000,0.00000000,0.00000000,0.00000000,0.00000000,0.00000000,0.00000000,0.00000000,0.00000000,0.00000000,0.00000000,0.00000000,0.00000000,0.00000000,0.00000000,0.00000000,0.00000000,0.00000000,0.00000000,0.00000000,0.00000000,0.00000000,0.00000000,0.00000000,0.00000000,0.00000000,0.00000000,0.00000000,0.00000000,0.00000000,0.00000000,0.00000000,0.00000000,0.00604445,0.00344931,0.00208074,0.00566240,0.01547361,0.03836412,0.06267335,0.01676929,0.04000646,0.41259822,0.01855385,0.11257733,0.37288988,0.04409981,0.29723399,0.01208625,0.00000000,0.05408539,0.00000000,0.00000000,0.00000000,0.00000000,0.00000000,0.00000000,0.00000000,0.00143639,0.00000000,0.00000000,0.00632129,0.00000000,0.00985660,0.00000000,0.00000000,0.00417622,0.00080045,0.00000000,0.00823903,0.00560719,0.01191954,0.01184911,0.01412400,0.01627207,0.01443016,0.00820038,0.00000000,0.00000000,0.00000000,0.00000000,0.00000000,0.00000000,0.00000000,0.00000000,0.00000000,0.00000000,0.00000000,0.00000000,0.00000000,0.00000000,0.00000000,0.00000000,0.00000000,0.00059922,0.00000000,0.00114506,0.00000000,0.00000000,0.00000000,0.00000000,0.00580413,0.00197512,0.01526712,0.07132632,0.03029166,0.00000000,0.00000000,0.00000000,0.00000000,0.00000000,0.00000000,0.00000000
0.00000000,0.00000000,0.00000000,0.00000000,0.00000000,0.00000000,0.00000000,0.00000000,0.00000000,0.00000000,0.00000000,0.00000000,0.00000000,0.00000000,0.00000000,0.00000000,0.00000000,0.00000000,0.00000000,0.00000000,0.00000000,0.00000000,0.00000000,0.00000000,0.00000000,0.00000000,0.00000000,0.00000000,0.00000000,0.00000000,0.00000000,0.00000000,0.00000000,0.00000000,0.00000000,0.00000000,0.00000000,0.00000000,0.00000000,0.00000000,0.00000000,0.00000000,0.00000000,0.00000000,0.00000000,0.00000000,0.00000000,0.00000000,0.00000000,0.00000000,0.00000000,0.00000000,0.00000000,0.00000000,0.00000000,0.00307143,0.00000000,0.00000000,0.00000000,0.00236453,0.00863714,0.04356229,0.00325350,0.08095790,0.05425736,0.19552074,0.29107917,0.01436475,0.65482975,0.82082058,0.57024191,0.05408539,0.00000000,0.00109389,0.00000000,0.00000000,0.00000000,0.00000000,0.00000000,0.00000000,0.00130724,0.00000000,0.00000000,0.00602654,0.00000000,0.01298941,0.00151418,0.00000000,0.00603376,0.00163731,0.00069433,0.01025699,0.00883316,0.01825060,0.03076224,0.01697747,0.04590655,0.02564222,0.01439867,0.00000000,0.00000000,0.00000000,0.00000000,0.00000000,0.00000000,0.00000000,0.00000000,0.00000000,0.00000000,0.00000000,0.00000000,0.00000000,0.00000000,0.00000000,0.00000000,0.00000000,0.00063260,0.00000000,0.00178537,0.00000000,0.00000000,0.00000000,0.00000000,0.01282084,0.00326266,0.02008441,0.09402288,0.04764857,0.00000000,0.00000000,0.00000000,0.00000000,0.00000000,0.00000000,0.00000000
0.00000000,0.00000000,0.00000000,0.00000000,0.00000000,0.00000000,0.00000000,0.00000000,0.00000000,0.00000000,0.00000000,0.00000000,0.00000000,0.00000000,0.00000000,0.00000000,0.00000000,0.00000000,0.00000000,0.00000000,0.00000000,0.00000000,0.00000000,0.00000000,0.00000000,0.00000000,0.00000000,0.00000000,0.00000000,0.00000000,0.00000000,0.00000000,0.00000000,0.00000000,0.00000000,0.00000000,0.00000000,0.00000000,0.00000000,0.00395869,0.00000000,0.00128183,0.00000000,0.00000000,0.00000000,0.03924135,0.00000000,0.00000000,0.00000000,0.00000000,0.01887661,0.00000000,0.02114296,0.00000000,0.01029836,0.00000000,0.00000000,0.00714742,0.00000000,0.00000000,0.00000000,0.00000000,0.00000000,0.00000000,0.00000000,0.00080961,0.00000000,0.00000000,0.00000000,0.00108552,0.00000000,0.00000000,0.00109389,0.00000000,1.14178805,0.00000000,0.00000000,0.00000000,0.00000000,0.00000000,0.00000000,0.00000000,0.00000000,0.01014568,0.00000000,0.00230298,0.00000000,0.00240582,0.00244530,0.00424811,0.00000000,0.01254906,0.00256514,0.01816604,0.00686981,0.06970657,0.02324240,0.07428405,0.10446165,0.00237308,0.00171087,0.00000000,0.00000000,0.00000000,0.00000000,0.00000000,0.00000000,0.00000000,0.00000000,0.00000000,0.00000000,0.00268990,0.00000000,0.00000000,0.00000000,0.01506467,0.00000000,0.19227958,0.00131212,0.05915038,0.14061786,0.00000000,0.00904842,0.70158889,0.00830722,0.22681316,0.37887817,0.48380071,0.00000000,0.00000000,0.06013424,0.00000000,0.00000000,0.01519781,0.00552678
0.00000000,0.00000000,0.00000000,0.00000000,0.00000000,0.00000000,0.00000000,0.00000000,0.00000000,0.00000000,0.00000000,0.00000000,0.00000000,0.00000000,0.00000000,0.00000000,0.00000000,0.00000000,0.00000000,0.00000000,0.00000000,0.00000000,0.00000000,0.00000000,0.00000000,0.00000000,0.00000000,0.00000000,0.00000000,0.00000000,0.00000000,0.00000000,0.00000000,0.00000000,0.00000000,0.00000000,0.00000000,0.00000000,0.00000000,0.00000000,0.00000000,0.00000000,0.00000000,0.00000000,0.00000000,0.00463207,0.00000000,0.00000000,0.00000000,0.00000000,0.00000000,0.00000000,0.00521122,0.00000000,0.00250567,0.00000000,0.00000000,0.00000000,0.00000000,0.00000000,0.00000000,0.00000000,0.00000000,0.00000000,0.00000000,0.00000000,0.00000000,0.00000000,0.00000000,0.00000000,0.00000000,0.00000000,0.00000000,1.14178805,0.00000000,0.00000000,0.00000000,0.00000000,0.00000000,0.00000000,0.00000000,0.00000000,0.00000000,0.00000000,0.00000000,0.00000000,0.00000000,0.00000000,0.00000000,0.00000000,0.00000000,0.00000000,0.00000000,0.00215217,0.00000000,0.00491157,0.00332378,0.00661342,0.00923240,0.00000000,0.00000000,0.00000000,0.00000000,0.00000000,0.00000000,0.00000000,0.00000000,0.00000000,0.00000000,0.00000000,0.00000000,0.00000000,0.00000000,0.00000000,0.00000000,0.00000000,0.00000000,0.03255305,0.00000000,0.00737690,0.03289764,0.00000000,0.00109123,0.16869302,0.00173817,0.06967794,0.09496077,0.14249724,0.00000000,0.00000000,0.01606205,0.00000000,0.00000000,0.00139098,0.00000000
0.00000000,0.00000000,0.00000000,0.00000000,0.00000000,0.00000000,0.00000000,0.00000000,0.00000000,0.00000000,0.00000000,0.00000000,0.00000000,0.00000000,0.00000000,0.00000000,0.00000000,0.00000000,0.00000000,0.00000000,0.00000000,0.00000000,0.00000000,0.00000000,0.00000000,0.00000000,0.00000000,0.00000000,0.00000000,0.00000000,0.00000000,0.00000000,0.00000000,0.00000000,0.00000000,0.00000000,0.00000000,0.00000000,0.00000000,0.00000000,0.00000000,0.00000000,0.00000000,0.00000000,0.00000000,0.00000000,0.00000000,0.00000000,0.00000000,0.00000000,0.00000000,0.00000000,0.00000000,0.00000000,0.00000000,0.00000000,0.00000000,0.00000000,0.00000000,0.00000000,0.00000000,0.00000000,0.00000000,0.00000000,0.00000000,0.00000000,0.00000000,0.00000000,0.00000000,0.00000000,0.00000000,0.00000000,0.00000000,0.00000000,0.00000000,0.00000000,0.94047308,0.04781458,1.88013492,0.00000000,0.04778803,0.00000000,0.00000000,0.00000000,0.00000000,0.00000000,0.00000000,0.00000000,0.00000000,0.00000000,0.00000000,0.00000000,0.00000000,0.00000000,0.00000000,0.00000000,0.00000000,0.00000000,0.00000000,0.00000000,0.00000000,0.00000000,0.00000000,0.00000000,0.00000000,0.00000000,0.00000000,0.00000000,0.00000000,0.00000000,0.00000000,0.00000000,0.00000000,0.00000000,0.00000000,0.00000000,0.00000000,0.00000000,0.00000000,0.00000000,0.00000000,0.00166024,0.07498118,0.00217476,0.02400424,0.00000000,0.03421456,0.00894782,0.00000000,0.00000000,0.00000000,0.00000000,0.00000000,0.00000000,0.00000000
0.00000000,0.00000000,0.00000000,0.00000000,0.00000000,0.00000000,0.00000000,0.00000000,0.00000000,0.00000000,0.00000000,0.00000000,0.00000000,0.00000000,0.00000000,0.00000000,0.00000000,0.00000000,0.00000000,0.00000000,0.00000000,0.00000000,0.00000000,0.00000000,0.00000000,0.00000000,0.00000000,0.00000000,0.00000000,0.00000000,0.00000000,0.00000000,0.00000000,0.00000000,0.00000000,0.00000000,0.00000000,0.00000000,0.00000000,0.00000000,0.00000000,0.00000000,0.00000000,0.00000000,0.00000000,0.00000000,0.00000000,0.00000000,0.00000000,0.00000000,0.00000000,0.00000000,0.00000000,0.00000000,0.00000000,0.00000000,0.00000000,0.00000000,0.00000000,0.00000000,0.00000000,0.00000000,0.00000000,0.00000000,0.00000000,0.00000000,0.00000000,0.00000000,0.00000000,0.00000000,0.00000000,0.00000000,0.00000000,0.00000000,0.00000000,0.94047308,0.00000000,0.01542270,3.48484719,0.50909673,0.28092580,0.00125138,0.06149856,0.00551320,0.00708231,0.00382998,0.00314601,0.00364443,0.00000000,0.00000000,0.00000000,0.00000000,0.00000000,0.00000000,0.00000000,0.00000000,0.00000000,0.00000000,0.00000000,0.00000000,0.00000000,0.00000000,0.00000000,0.00000000,0.00000000,0.00000000,0.00000000,0.00000000,0.00000000,0.00000000,0.00000000,0.00000000,0.00000000,0.00000000,0.00000000,0.00000000,0.00000000,0.00000000,0.00000000,0.00000000,0.00000000,0.00000000,0.00384851,0.00710894,0.00861846,0.00000000,0.06955152,0.00770312,0.00000000,0.00000000,0.00000000,0.00000000,0.00000000,0.00000000,0.00000000
0.00000000,0.00000000,0.00000000,0.00000000,0.00000000,0.00000000,0.00000000,0.00000000,0.00000000,0.00000000,0.00000000,0.00000000,0.00000000,0.00000000,0.00000000,0.00000000,0.00000000,0.00000000,0.00000000,0.00000000,0.00000000,0.00000000,0.00000000,0.00000000,0.00000000,0.00000000,0.00000000,0.00000000,0.00000000,0.00000000,0.00000000,0.00000000,0.00000000,0.00000000,0.00000000,0.00000000,0.00000000,0.00000000,0.00000000,0.00000000,0.00000000,0.00000000,0.00000000,0.00000000,0.00000000,0.00000000,0.00000000,0.00000000,0.00000000,0.00000000,0.00000000,0.00000000,0.00000000,0.00000000,0.00000000,0.00000000,0.00000000,0.00000000,0.00202321,0.00000000,0.00079860,0.00000000,0.00000000,0.00000000,0.00000000,0.00000000,0.00000000,0.00000000,0.00000000,0.00000000,0.00000000,0.00000000,0.00000000,0.00000000,0.00000000,0.04781458,0.01542270,0.00000000,0.76798387,0.00000000,0.99869864,0.58521109,0.00000000,0.00000000,0.00000000,0.07902876,0.00000000,0.00000000,0.00000000,0.00000000,0.00000000,0.00000000,0.00000000,0.00000000,0.00000000,0.00000000,0.00000000,0.00000000,0.00000000,0.00000000,0.00000000,0.00000000,0.00000000,0.00000000,0.00000000,0.00000000,0.00000000,0.00000000,0.00000000,0.00000000,0.00000000,0.00000000,0.00000000,0.00000000,0.00000000,0.00000000,0.00000000,0.00000000,0.00000000,0.00000000,0.00000000,0.00000000,0.00933221,0.00000000,0.01474237,0.00131551,0.04997136,0.01791158,0.00000000,0.00000000,0.00000000,0.00000000,0.00000000,0.00000000,0.00000000
0.00000000,0.00000000,0.00000000,0.00000000,0.00000000,0.00000000,0.00000000,0.00000000,0.00000000,0.00000000,0.00000000,0.00000000,0.00000000,0.00000000,0.00000000,0.00000000,0.00000000,0.00000000,0.00000000,0.00000000,0.00000000,0.00000000,0.00000000,0.00000000,0.00000000,0.00000000,0.00000000,0.00000000,0.00000000,0.00000000,0.00000000,0.00000000,0.00000000,0.00000000,0.00000000,0.00000000,0.00000000,0.00000000,0.00000000,0.00000000,0.00000000,0.00000000,0.00000000,0.00000000,0.00000000,0.00000000,0.00000000,0.00000000,0.00000000,0.00000000,0.00000000,0.00000000,0.00000000,0.00000000,0.00000000,0.00470357,0.00000000,0.00000000,0.00685766,0.00138708,0.00110669,0.00000000,0.00100893,0.00000000,0.00000000,0.00000000,0.00000000,0.00000000,0.00000000,0.00000000,0.00000000,0.00000000,0.00000000,0.00000000,0.00000000,1.88013492,3.48484719,0.76798387,0.00000000,0.83864162,3.50289452,0.03619727,0.00986705,0.02283936,0.00152983,0.05710975,0.00000000,0.00000000,0.00000000,0.00000000,0.00000000,0.00000000,0.00000000,0.00000000,0.00000000,0.00000000,0.00000000,0.00000000,0.00000000,0.00000000,0.00000000,0.00000000,0.00000000,0.00000000,0.00000000,0.00000000,0.00000000,0.00000000,0.00000000,0.00000000,0.00000000,0.00000000,0.00000000,0.00000000,0.00000000,0.00000000,0.00000000,0.00000000,0.00000000,0.00000000,0.00000000,0.00306061,0.04522314,0.01001986,0.08850482,0.00419927,0.30260308,0.06471445,0.00000000,0.00000000,0.00000000,0.00000000,0.00000000,0.00000000,0.00000000
0.00000000,0.00000000,0.00000000,0.00000000,0.00000000,0.00000000,0.00000000,0.00000000,0.00000000,0.00000000,0.00000000,0.00000000,0.00000000,0.00000000,0.00000000,0.00000000,0.00000000,0.00000000,0.00000000,0.00000000,0.00000000,0.00000000,0.00000000,0.00000000,0.00000000,0.00000000,0.00000000,0.00000000,0.00000000,0.00000000,0.00000000,0.00000000,0.00000000,0.00000000,0.00000000,0.00000000,0.00000000,0.00000000,0.00000000,0.00000000,0.00000000,0.00000000,0.00000000,0.00000000,0.00000000,0.00000000,0.00000000,0.00000000,0.00000000,0.00000000,0.00000000,0.00000000,0.00000000,0.00000000,0.00000000,0.00000000,0.00000000,0.00000000,0.00000000,0.00000000,0.00000000,0.00367359,0.00000000,0.00213856,0.00118468,0.00177955,0.00107127,0.00000000,0.00000000,0.00000000,0.00000000,0.00000000,0.00000000,0.00000000,0.00000000,0.00000000,0.50909673,0.00000000,0.83864162,0.00000000,0.34650265,0.00000000,1.17647964,2.58288466,0.07133287,0.00337300,0.19349201,0.07792694,0.16741196,0.03511274,0.06982215,0.05454958,0.05006111,0.01764813,0.01727290,0.00794828,0.00810147,0.00357461,0.00088029,0.00776096,0.01587822,0.00000000,0.00000000,0.00000000,0.00000000,0.00000000,0.00000000,0.00000000,0.00000000,0.00000000,0.00000000,0.00000000,0.00000000,0.00000000,0.00000000,0.00169409,0.00000000,0.00213092,0.00000000,0.00000000,0.00000000,0.00000000,0.00000000,0.03400237,0.00000000,0.00901934,0.22794940,0.01430123,0.00000000,0.00000000,0.00000000,0.00000000,0.00000000,0.00000000,0.00000000
0.00000000,0.00000000,0.00000000,0.00000000,0.00000000,0.00000000,0.00000000,0.00000000,0.00000000,0.00000000,0.00000000,0.00000000,0.00000000,0.00000000,0.00000000,0.00000000,0.00000000,0.00000000,0.00000000,0.00000000,0.00000000,0.00000000,0.00000000,0.00000000,0.00000000,0.00000000,0.00000000,0.00000000,0.00000000,0.00000000,0.00000000,0.00000000,0.00000000,0.00000000,0.00000000,0.00000000,0.00000000,0.00000000,0.00000000,0.00000000,0.00000000,0.00000000,0.00000000,0.00000000,0.00000000,0.00000000,0.00000000,0.00000000,0.00000000,0.00000000,0.00000000,0.00000000,0.00000000,0.00000000,0.00000000,0.01445811,0.00698612,0.00766894,0.01695363,0.01201209,0.01168031,0.01117201,0.00610512,0.00554884,0.00614367,0.00408499,0.00302560,0.00975987,0.00301766,0.00080054,0.00084038,0.00143639,0.00130724,0.00000000,0.00000000,0.04778803,0.28092580,0.99869864,3.50289452,0.34650265,0.00000000,0.57681305,0.00226656,0.25499335,0.00000000,1.83399381,0.00000000,0.00000000,0.00687309,0.00000000,0.00000000,0.00071158,0.00706175,0.00133198,0.00621302,0.00000000,0.00359911,0.00112682,0.00000000,0.00000000,0.00000000,0.00000000,0.00000000,0.00000000,0.00000000,0.00000000,0.00000000,0.00000000,0.00000000,0.00000000,0.00000000,0.00000000,0.00000000,0.00000000,0.00000000,0.00000000,0.00000000,0.00000000,0.00116296,0.00000000,0.00000000,0.00000000,0.02038226,0.00888723,0.06638670,0.01907032,1.31934693,0.13302494,0.00000000,0.00000000,0.00000000,0.00000000,0.00000000,0.00000000,0.00000000
0.00000000,0.00000000,0.00000000,0.00000000,0.00000000,0.00000000,0.00000000,0.00000000,0.00000000,0.00000000,0.00000000,0.00000000,0.00000000,0.00000000,0.00000000,0.00000000,0.00000000,0.00000000,0.00000000,0.00000000,0.00000000,0.00000000,0.00000000,0.00000000,0.00000000,0.00000000,0.00000000,0.00000000,0.00000000,0.00000000,0.00000000,0.00000000,0.00000000,0.00000000,0.00000000,0.00000000,0.00000000,0.00000000,0.00000000,0.00000000,0.00000000,0.00000000,0.00000000,0.00000000,0.00000000,0.00000000,0.00000000,0.00000000,0.00000000,0.00000000,0.00000000,0.00000000,0.00000000,0.00000000,0.00000000,0.00000000,0.00000000,0.00000000,0.00308516,0.00109378,0.00573734,0.00230160,0.00158634,0.00000000,0.00000000,0.00000000,0.00000000,0.00112626,0.00000000,0.00000000,0.00000000,0.00000000,0.00000000,0.00000000,0.00000000,0.00000000,0.00125138,0.58521109,0.03619727,0.00000000,0.57681305,0.00000000,0.00000000,0.00000000,0.00000000,0.62630042,0.00000000,0.00000000,0.00000000,0.00000000,0.00000000,0.00000000,0.00000000,0.00000000,0.00000000,0.00000000,0.00000000,0.00000000,0.00000000,0.00000000,0.00000000,0.00000000,0.00000000,0.00000000,0.00000000,0.00000000,0.00000000,0.00000000,0.00000000,0.00000000,0.00000000,0.00000000,0.00000000,0.00000000,0.00000000,0.00000000,0.00000000,0.00000000,0.00000000,0.00000000,0.00000000,0.00000000,0.00103938,0.00000000,0.00498256,0.00412430,0.07354563,0.02481981,0.00000000,0.00000000,0.00000000,0.00000000,0.00000000,0.00000000,0.00000000
0.00000000,0.00000000,0.00000000,0.00000000,0.00000000,0.00000000,0.00000000,0.00000000,0.00000000,0.00000000,0.00000000,0.00000000,0.00000000,0.00000000,0.00000000,0.00000000,0.00000000,0.00000000,0.00000000,0.00000000,0.00000000,0.00000000,0.00000000,0.00000000,0.00000000,0.00000000,0.00000000,0.00000000,0.00000000,0.00000000,0.00000000,0.00000000,0.00000000,0.00000000,0.00000000,0.00000000,0.00000000,0.00000000,0.00000000,0.00000000,0.00000000,0.00000000,0.00000000,0.00000000,0.00000000,0.00000000,0.00000000,0.00000000,0.00000000,0.00000000,0.00000000,0.00000000,0.00000000,0.00000000,0.00000000,0.00000000,0.00000000,0.00000000,0.00000000,0.00000000,0.00175022,0.00724376,0.00000000,0.00393134,0.00360998,0.00358671,0.00311469,0.00198748,0.00138673,0.00000000,0.00000000,0.00000000,0.00000000,0.00000000,0.00000000,0.00000000,0.06149856,0.00000000,0.00986705,1.17647964,0.00226656,0.00000000,0.00000000,0.63731766,2.17985207,0.00107214,2.57861278,0.85262825,0.09420525,0.22706944,0.15505100,0.17886720,0.02401344,0.03225709,0.01845645,0.02016558,0.01455625,0.00709333,0.00231780,0.00767215,0.01668951,0.00000000,0.00000000,0.00000000,0.00000000,0.00000000,0.00000000,0.00000000,0.00000000,0.00000000,0.00000000,0.00000000,0.00000000,0.00000000,0.00000000,0.00000000,0.00000000,0.00239211,0.00000000,0.00152233,0.00000000,0.00000000,0.00000000,0.06393384,0.00000000,0.02083550,0.28532845,0.03567086,0.00000000,0.00000000,0.00000000,0.00000000,0.00000000,0.00000000,0.00000000
0.00000000,0.00000000,0.00000000,0.00000000,0.00000000,0.00000000,0.00000000,0.00000000,0.00000000,0.00000000,0.00000000,0.00000000,0.00000000,0.00000000,0.00000000,0.00000000,0.00000000,0.00000000,0.00000000,0.00000000,0.00000000,0.00000000,0.00000000,0.00000000,0.00000000,0.00000000,0.00000000,0.00000000,0.00000000,0.00000000,0.00000000,0.00000000,0.00000000,0.00000000,0.00000000,0.00000000,0.00000000,0.00000000,0.00000000,0.00000000,0.00000000,0.01154437,0.00000000,0.00000000,0.00000000,0.00244428,0.00000000,0.00000000,0.00000000,0.00000000,0.00000000,0.00000000,0.00000000,0.00000000,0.00000000,0.00000000,0.00000000,0.00000000,0.00251710,0.00444535,0.01107864,0.03023023,0.00418016,0.01483347,0.01542275,0.01709136,0.01234511,0.01215033,0.01205986,0.00825877,0.00464329,0.00632129,0.00602654,0.01014568,0.00000000,0.00000000,0.00551320,0.00000000,0.02283936,2.58288466,0.25499335,0.00000000,0.63731766,0.00000000,0.06621017,0.02785412,0.97120647,0.16405270,2.78789745,0.09446666,0.57616061,0.42209165,0.57033525,0.15777914,0.15097810,0.05110085,0.07072253,0.02842063,0.01011482,0.01182648,0.02776425,0.00000000,0.00000000,0.00000000,0.00000000,0.00452860,0.00000000,0.00000000,0.00000000,0.00000000,0.00000000,0.00791397,0.00000000,0.00000000,0.00000000,0.01375475,0.00000000,0.02033638,0.00000000,0.01327257,0.01103078,0.00000000,0.00000000,0.14351298,0.00000000,0.04534994,0.72336392,0.08432188,0.00000000,0.00000000,0.00904470,0.00000000,0.00000000,0.00000000,0.00000000
0.00000000,0.00000000,0.00000000,0.00000000,0.00000000,0.00000000,0.00000000,0.00000000,0.00000000,0.00000000,0.00000000,0.00000000,0.00000000,0.00000000,0.00000000,0.00000000,0.00000000,0.00000000,0.00000000,0.00000000,0.00000000,0.00000000,0.00000000,0.00000000,0.00000000,0.00000000,0.00000000,0.00000000,0.00000000,0.00000000,0.00000000,0.00000000,0.00000000,0.00000000,0.00000000,0.00000000,0.00000000,0.00000000,0.00000000,0.00000000,0.00000000,0.00000000,0.00000000,0.00000000,0.00000000,0.00000000,0.00000000,0.00000000,0.00000000,0.00000000,0.00000000,0.00000000,0.00000000,0.00000000,0.00000000,0.00000000,0.00000000,0.00000000,0.00000000,0.00000000,0.00000000,0.00000000,0.00000000,0.00000000,0.00000000,0.00000000,0.00000000,0.00000000,0.00000000,0.00000000,0.00000000,0.00000000,0.00000000,0.00000000,0.00000000,0.00000000,0.00708231,0.00000000,0.00152983,0.07133287,0.00000000,0.00000000,2.17985207,0.06621017,0.00000000,0.00000000,0.47664488,1.47542074,0.01424554,0.19095387,0.02660451,0.05523367,0.00477076,0.01416594,0.00567627,0.00978238,0.00517576,0.00385522,0.00000000,0.00171416,0.00477887,0.00000000,0.00000000,0.00000000,0.00000000,0.00000000,0.00000000,0.00000000,0.00000000,0.00000000,0.00000000,0.00000000,0.00000000,0.00000000,0.00000000,0.00000000,0.00000000,0.00000000,0.00000000,0.00000000,0.00000000,0.00000000,0.00000000,0.03974453,0.00000000,0.01798982,0.22565158,0.03059521,0.00000000,0.00000000,0.00000000,0.00000000,0.00000000,0.00000000,0.00000000
0.00000000,0.00000000,0.00000000,0.00000000,0.00000000,0.00000000,0.00000000,0.00000000,0.00000000,0.00000000,0.00000000,0.00000000,0.00000000,0.00000000,0.00000000,0.00000000,0.00000000,0.00000000,0.00000000,0.00000000,0.00000000,0.00000000,0.00000000,0.00000000,0.00000000,0.00000000,0.00000000,0.00000000,0.00000000,0.00000000,0.00000000,0.00000000,0.00000000,0.00000000,0.00000000,0.00000000,0.00000000,0.00000000,0.00000000,0.00000000,0.00000000,0.00000000,0.00000000,0.00000000,0.00000000,0.00000000,0.00000000,0.00000000,0.00000000,0.00000000,0.00000000,0.00000000,0.00000000,0.00000000,0.00000000,0.01333824,0.00548432,0.00766554,0.01539251,0.01302629,0.03932296,0.06154229,0.01566518,0.05795157,0.02579678,0.05242043,0.02037980,0.02526698,0.03381029,0.01158114,0.01233462,0.00985660,0.01298941,0.00230298,0.00000000,0.00000000,0.00382998,0.07902876,0.05710975,0.00337300,1.83399381,0.62630042,0.00107214,0.02785412,0.00000000,0.00000000,0.00110945,0.00000000,0.00920850,0.00000000,0.00102980,0.00428436,0.01121658,0.00656174,0.02091775,0.00359164,0.01504763,0.00489314,0.00317476,0.00000000,0.00000000,0.00000000,0.00000000,0.00000000,0.00000000,0.00000000,0.00000000,0.00000000,0.00000000,0.00000000,0.00000000,0.00000000,0.00000000,0.00481991,0.00467471,0.00000000,0.00995011,0.00108643,0.01801606,0.00000000,0.00277361,0.00000000,0.00852309,0.02645671,0.03447161,0.05010818,1.56977874,0.18237742,0.00000000,0.00000000,0.00000000,0.00000000,0.00000000,0.00000000,0.00000000
0.00000000,0.00000000,0.00000000,0.00000000,0.00000000,0.00000000,0.00000000,0.00000000,0.00000000,0.00000000,0.00000000,0.00000000,0.00000000,0.00000000,0.00000000,0.00000000,0.00000000,0.00000000,0.00000000,0.00000000,0.00000000,0.00000000,0.00000000,0.00000000,0.00000000,0.00000000,0.00000000,0.00000000,0.00000000,0.00000000,0.00000000,0.00000000,0.00000000,0.00000000,0.00000000,0.00000000,0.00000000,0.00000000,0.00000000,0.00000000,0.00000000,0.00000000,0.00000000,0.00000000,0.00000000,0.00000000,0.00000000,0.00000000,0.00000000,0.00000000,0.00000000,0.00000000,0.00000000,0.00000000,0.00000000,0.00000000,0.00000000,0.00000000,0.00000000,0.00000000,0.00207160,0.00780431,0.00000000,0.00302747,0.00462815,0.00310201,0.00168791,0.00262329,0.00246640,0.00000000,0.00000000,0.00000000,0.00151418,0.00000000,0.00000000,0.00000000,0.00314601,0.00000000,0.00000000,0.19349201,0.00000000,0.00000000,2.57861278,0.97120647,0.47664488,0.00110945,0.00000000,2.63407109,0.31227588,0.54489333,0.97463829,0.77144036,0.03071137,0.06953911,0.02151434,0.03469763,0.01895685,0.00876424,0.00226482,0.00424818,0.00818438,0.00000000,0.00000000,0.00000000,0.00000000,0.00000000,0.00000000,0.00000000,0.00000000,0.00000000,0.00000000,0.00000000,0.00000000,0.00000000,0.00000000,0.00299849,0.00000000,0.00329250,0.00000000,0.00279385,0.00078153,0.00000000,0.00000000,0.05022998,0.00000000,0.01703431,0.18775005,0.03653899,0.00000000,0.00000000,0.00000000,0.00000000,0.00000000,0.00000000,0.00000000
0.00000000,0.00000000,0.00000000,0.00000000,0.00000000,0.00000000,0.00000000,0.00000000,0.00000000,0.00000000,0.00000000,0.00000000,0.00000000,0.00000000,0.00000000,0.00000000,0.00000000,0.00000000,0.00000000,0.00000000,0.00000000,0.00000000,0.00000000,0.00000000,0.00000000,0.00000000,0.00000000,0.00000000,0.00000000,0.00000000,0.00000000,0.00000000,0.00000000,0.00000000,0.00000000,0.00000000,0.00000000,0.00000000,0.00000000,0.00000000,0.00000000,0.00000000,0.00000000,0.00000000,0.00000000,0.00000000,0.00000000,0.00000000,0.00000000,0.00000000,0.00000000,0.00000000,0.00000000,0.00000000,0.00000000,0.00000000,0.00000000,0.00000000,0.00000000,0.00000000,0.00000000,0.00620041,0.00000000,0.00269549,0.00162190,0.00159095,0.00109294,0.00000000,0.00092343,0.00100896,0.00000000,0.00000000,0.00000000,0.00240582,0.00000000,0.00000000,0.00364443,0.00000000,0.00000000,0.07792694,0.00000000,0.00000000,0.85262825,0.16405270,1.47542074,0.00000000,2.63407109,0.00000000,0.04208332,1.71072150,0.18910040,0.61153775,0.01287551,0.03842861,0.01315769,0.05768960,0.01489323,0.01089268,0.00300302,0.00892762,0.01709438,0.00000000,0.00000000,0.00000000,0.00000000,0.00000000,0.00000000,0.00000000,0.00000000,0.00000000,0.00000000,0.00099842,0.00000000,0.00000000,0.00000000,0.00385215,0.00000000,0.00528952,0.00000000,0.00284770,0.00124641,0.00000000,0.00000000,0.09961076,0.00000000,0.03899153,0.35761040,0.07631829,0.00000000,0.00000000,0.00477733,0.00000000,0.00000000,0.00000000,0.00000000
0.00000000,0.00000000,0.00000000,0.00000000,0.00000000,0.00000000,0.00000000,0.00000000,0.00000000,0.00000000,0.00000000,0.00000000,0.00000000,0.00000000,0.00000000,0.00000000,0.00000000,0.00000000,0.00000000,0.00000000,0.00000000,0.00000000,0.00000000,0.00000000,0.00000000,0.00000000,0.00000000,0.00000000,0.00000000,0.00000000,0.00000000,0.00000000,0.00000000,0.00000000,0.00000000,0.00000000,0.00000000,0.00000000,0.00000000,0.00000000,0.00000000,0.00000000,0.00000000,0.00000000,0.00000000,0.00000000,0.00000000,0.00000000,0.00000000,0.00000000,0.00000000,0.00000000,0.00000000,0.00000000,0.00000000,0.00000000,0.00000000,0.00000000,0.00000000,0.00177378,0.00585153,0.01731940,0.00246417,0.01044125,0.01005239,0.01258478,0.00818241,0.00808503,0.00776496,0.00524941,0.00434287,0.00417622,0.00603376,0.00244530,0.00000000,0.00000000,0.00000000,0.00000000,0.00000000,0.16741196,0.00687309,0.00000000,0.09420525,2.78789745,0.01424554,0.00920850,0.31227588,0.04208332,0.00000000,0.03228366,0.90184354,0.64842349,1.85747651,0.38845857,0.28483766,0.05477903,0.10232412,0.03167343,0.00550816,0.00115300,0.00441757,0.00000000,0.00000000,0.00000000,0.00000000,0.00000000,0.00000000,0.00000000,0.00000000,0.00000000,0.00000000,0.00000000,0.00000000,0.00000000,0.00000000,0.00413007,0.00000000,0.00764141,0.00000000,0.00572513,0.00465505,0.00000000,0.00000000,0.03882347,0.00000000,0.01526380,0.30823300,0.03330052,0.00000000,0.00000000,0.00000000,0.00000000,0.00000000,0.00000000,0.00000000
0.00000000,0.00000000,0.00000000,0.00000000,0.00000000,0.00000000,0.00000000,0.00000000,0.00000000,0.00000000,0.00000000,0.00000000,0.00000000,0.00000000,0.00000000,0.00000000,0.00000000,0.00000000,0.00000000,0.00000000,0.00000000,0.00000000,0.00000000,0.00000000,0.00000000,0.00000000,0.00000000,0.00000000,0.00000000,0.00000000,0.00000000,0.00000000,0.00000000,0.00000000,0.00000000,0.00000000,0.00000000,0.00000000,0.00000000,0.00000000,0.00000000,0.00668042,0.00000000,0.00000000,0.00000000,0.00000000,0.00000000,0.00000000,0.00000000,0.00000000,0.00000000,0.00000000,0.00000000,0.00000000,0.00000000,0.00000000,0.00000000,0.00000000,0.00000000,0.00000000,0.00000000,0.00960808,0.00000000,0.00453205,0.00401517,0.00190019,0.00401031,0.00301620,0.00207934,0.00187335,0.00000000,0.00080045,0.00163731,0.00424811,0.00000000,0.00000000,0.00000000,0.00000000,0.00000000,0.03511274,0.00000000,0.00000000,0.22706944,0.09446666,0.19095387,0.00000000,0.54489333,1.71072150,0.03228366,0.00000000,0.09095172,0.72098397,0.01347232,0.06454297,0.01673297,0.16087878,0.01571526,0.01934256,0.00599027,0.01011244,0.02307478,0.00000000,0.00000000,0.00000000,0.00000000,0.00329017,0.00000000,0.00000000,0.00000000,0.00000000,0.00000000,0.00369003,0.00000000,0.00000000,0.00000000,0.00724460,0.00000000,0.00839153,0.00000000,0.00671018,0.00488671,0.00000000,0.00000000,0.16026055,0.00000000,0.05394525,0.27410770,0.09759516,0.00000000,0.00000000,0.01039065,0.00000000,0.00000000,0.00000000,0.00000000
0.00000000,0.00000000,0.00000000,0.00000000,0.00000000,0.00000000,0.00000000,0.00000000,0.00000000,0.00000000,0.00000000,0.00000000,0.00000000,0.00000000,0.00000000,0.00000000,0.00000000,0.00000000,0.00000000,0.00000000,0.00000000,0.00000000,0.00000000,0.00000000,0.00000000,0.00000000,0.00000000,0.00000000,0.00000000,0.00000000,0.00000000,0.00000000,0.00000000,0.00000000,0.00000000,0.00000000,0.00000000,0.00000000,0.00000000,0.00000000,0.00000000,0.00000000,0.00000000,0.00000000,0.00000000,0.00000000,0.00000000,0.00000000,0.00000000,0.00000000,0.00000000,0.00000000,0.00000000,0.00000000,0.00000000,0.00000000,0.00000000,0.00000000,0.00000000,0.00000000,0.00193699,0.00471956,0.00000000,0.00169069,0.00275366,0.00203015,0.00189850,0.00113227,0.00132083,0.00000000,0.00000000,0.00000000,0.00069433,0.00000000,0.00000000,0.00000000,0.00000000,0.00000000,0.00000000,0.06982215,0.00000000,0.00000000,0.15505100,0.57616061,0.02660451,0.00102980,0.97463829,0.18910040,0.90184354,0.09095172,0.00000000,1.75661994,0.16702913,0.17314747,0.02887225,0.02869852,0.01508616,0.00628066,0.00096621,0.00230907,0.00491336,0.00000000,0.00000000,0.00000000,0.00000000,0.00000000,0.00000000,0.00000000,0.00000000,0.00000000,0.00000000,0.00000000,0.00000000,0.00000000,0.00000000,0.00278486,0.00000000,0.00332227,0.00000000,0.00167430,0.00135003,0.00000000,0.00000000,0.03883509,0.00000000,0.01054135,0.09959793,0.02948502,0.00000000,0.00000000,0.00234769,0.00000000,0.00000000,0.00000000,0.00000000
0.00000000,0.00000000,0.00000000,0.00000000,0.00000000,0.00000000,0.00000000,0.00000000,0.00000000,0.00000000,0.00000000,0.00000000,0.00000000,0.00000000,0.00000000,0.00000000,0.00000000,0.00000000,0.00000000,0.00000000,0.00000000,0.00000000,0.00000000,0.00000000,0.00000000,0.00000000,0.00000000,0.00000000,0.00000000,0.00000000,0.00000000,0.00000000,0.00000000,0.00000000,0.00000000,0.00000000,0.00368332,0.00000000,0.00000000,0.00194125,0.00000000,0.01831759,0.00000000,0.00000000,0.00000000,0.00380226,0.00000000,0.00000000,0.00000000,0.00000000,0.00000000,0.00000000,0.00000000,0.00000000,0.00000000,0.00000000,0.00000000,0.00000000,0.00000000,0.00425927,0.01024491,0.02695084,0.00357596,0.01209376,0.01894260,0.01091196,0.01284635,0.01285023,0.00994842,0.00928458,0.00427254,0.00823903,0.01025699,0.01254906,0.00000000,0.00000000,0.00000000,0.00000000,0.00000000,0.05454958,0.00071158,0.00000000,0.17886720,0.42209165,0.05523367,0.00428436,0.77144036,0.61153775,0.64842349,0.72098397,1.75661994,0.00000000,0.61950131,1.69012717,0.29696882,0.73683530,0.09301502,0.10528336,0.01640950,0.00861465,0.02137228,0.00104814,0.00000000,0.00000000,0.00000000,0.00620883,0.00000000,0.00000000,0.00000000,0.00000000,0.00000000,0.01191486,0.00000000,0.00000000,0.00000000,0.02683038,0.00000000,0.03332262,0.00000000,0.02228977,0.01658640,0.00000000,0.00120890,0.26161793,0.00000000,0.07994207,0.33166937,0.17858600,0.00000000,0.00000000,0.02104019,0.00000000,0.00000000,0.00591366,0.00000000
0.00000000,0.00000000,0.00000000,0.00000000,0.00000000,0.00000000,0.00000000,0.00000000,0.00000000,0.00000000,0.00000000,0.00000000,0.00000000,0.00000000,0.00000000,0.00000000,0.00000000,0.00000000,0.00000000,0.00000000,0.00000000,0.00000000,0.00000000,0.00000000,0.00000000,0.00000000,0.00000000,0.00000000,0.00000000,0.00000000,0.00000000,0.00000000,0.00000000,0.00000000,0.00000000,0.00000000,0.00000000,0.00000000,0.00000000,0.00000000,0.00000000,0.00000000,0.00000000,0.00000000,0.00000000,0.00000000,0.00000000,0.00000000,0.00000000,0.00000000,0.00000000,0.00000000,0.00000000,0.00000000,0.00000000,0.00000000,0.00000000,0.00000000,0.00000000,0.00127142,0.00746422,0.01580342,0.00254622,0.00756080,0.01170955,0.01564349,0.00847393,0.00744372,0.00984357,0.00723110,0.00618381,0.00560719,0.00883316,0.00256514,0.00000000,0.00000000,0.00000000,0.00000000,0.00000000,0.05006111,0.00706175,0.00000000,0.02401344,0.57033525,0.00477076,0.01121658,0.03071137,0.01287551,1.85747651,0.01347232,0.16702913,0.61950131,0.00000000,0.74005953,1.51231128,0.05708438,0.21333779,0.04746279,0.00653610,0.00000000,0.00147714,0.00000000,0.00000000,0.00000000,0.00000000,0.00000000,0.00000000,0.00000000,0.00000000,0.00000000,0.00000000,0.00000000,0.00000000,0.00000000,0.00000000,0.00604608,0.00000000,0.01466312,0.00000000,0.00737081,0.00763347,0.00000000,0.00000000,0.04274834,0.00000000,0.02781462,0.26934749,0.05354764,0.00000000,0.00000000,0.00000000,0.00000000,0.00000000,0.00000000,0.00000000
0.00000000,0.00000000,0.00000000,0.00000000,0.00000000,0.00000000,0.00000000,0.00000000,0.00000000,0.00000000,0.00000000,0.00000000,0.00000000,0.00000000,0.00000000,0.00000000,0.00000000,0.00000000,0.00000000,0.00000000,0.00000000,0.00000000,0.00000000,0.00000000,0.00000000,0.00000000,0.00000000,0.00000000,0.00000000,0.00000000,0.00000000,0.00000000,0.00000000,0.00000000,0.00000000,0.00000000,0.00000000,0.00000000,0.00000000,0.00000000,0.00000000,0.00599497,0.00000000,0.00000000,0.00000000,0.00450712,0.00000000,0.00000000,0.00000000,0.00000000,0.00000000,0.00000000,0.00000000,0.00000000,0.00000000,0.00000000,0.00000000,0.00000000,0.00000000,0.00589065,0.01087362,0.03535049,0.00408194,0.01922512,0.02762426,0.02154252,0.02116168,0.01949347,0.01828769,0.01627306,0.01018363,0.01191954,0.01825060,0.01816604,0.00215217,0.00000000,0.00000000,0.00000000,0.00000000,0.01764813,0.00133198,0.00000000,0.03225709,0.15777914,0.01416594,0.00656174,0.06953911,0.03842861,0.38845857,0.06454297,0.17314747,1.69012717,0.74005953,0.00000000,1.40093139,1.31653268,0.79486429,0.62896461,0.06661378,0.00174977,0.00475100,0.00000000,0.00000000,0.00000000,0.00000000,0.00266838,0.00000000,0.00000000,0.00000000,0.00000000,0.00000000,0.00868648,0.00000000,0.00000000,0.00000000,0.03292822,0.00000000,0.06886464,0.00000000,0.04236858,0.03384682,0.00000000,0.00331004,0.17937722,0.00000000,0.09663287,0.32754365,0.16096745,0.00000000,0.00000000,0.00791044,0.00000000,0.00000000,0.00000000,0.00000000
0.00000000,0.00000000,0.00000000,0.00000000,0.00000000,0.00000000,0.00000000,0.00000000,0.00000000,0.00000000,0.00000000,0.00000000,0.00000000,0.00000000,0.00000000,0.00000000,0.00000000,0.00000000,0.00000000,0.00000000,0.00000000,0.00000000,0.00000000,0.00000000,0.00000000,0.00000000,0.00000000,0.00000000,0.00000000,0.00000000,0.00000000,0.00000000,0.00000000,0.00000000,0.00000000,0.00000000,0.00000000,0.00000000,0.00000000,0.00000000,0.00000000,0.00000000,0.00000000,0.00000000,0.00000000,0.00000000,0.00000000,0.00000000,0.00000000,0.00000000,0.00000000,0.00000000,0.00000000,0.00000000,0.00000000,0.00000000,0.00000000,0.00000000,0.00000000,0.00359929,0.01135567,0.02733419,0.00363258,0.01894446,0.02187651,0.07787586,0.01899892,0.01522202,0.03029020,0.01805267,0.02441899,0.01184911,0.03076224,0.00686981,0.00000000,0.00000000,0.00000000,0.00000000,0.00000000,0.01727290,0.00621302,0.00000000,0.01845645,0.15097810,0.00567627,0.02091775,0.02151434,0.01315769,0.28483766,0.01673297,0.02887225,0.29696882,1.51231128,1.40093139,0.00000000,0.22785178,1.82718200,0.22182226,0.02685395,0.00000000,0.00161804,0.00000000,0.00000000,0.00000000,0.00000000,0.00000000,0.00000000,0.00000000,0.00000000,0.00000000,0.00000000,0.00000000,0.00000000,0.00000000,0.00000000,0.00858760,0.00000000,0.03578399,0.00000000,0.01682903,0.01939375,0.00000000,0.00140400,0.07391788,0.00167334,0.06714432,0.35435923,0.09729634,0.00000000,0.00000000,0.00000000,0.00000000,0.00000000,0.00000000,0.00000000
0.00000000,0.00000000,0.00000000,0.00000000,0.00000000,0.00000000,0.00000000,0.00000000,0.00000000,0.00000000,0.00000000,0.00000000,0.00000000,0.00000000,0.00000000,0.00000000,0.00000000,0.00000000,0.00000000,0.00000000,0.00000000,0.00000000,0.00000000,0.00000000,0.00000000,0.00000000,0.00000000,0.00000000,0.00000000,0.00000000,0.00000000,0.00000000,0.00000000,0.00000000,0.00000000,0.00000000,0.00000000,0.00000000,0.00000000,0.00380170,0.00000000,0.01388887,0.00000000,0.00000000,0.00000000,0.00721979,0.00000000,0.00000000,0.00000000,0.00000000,0.00000000,0.00000000,0.00000000,0.00000000,0.00000000,0.00000000,0.00000000,0.00000000,0.00000000,0.00711853,0.00864620,0.03088665,0.00542363,0.01275471,0.02765862,0.01186509,0.01892542,0.02345261,0.01267713,0.01744830,0.00726185,0.01412400,0.01697747,0.06970657,0.00491157,0.00000000,0.00000000,0.00000000,0.00000000,0.00794828,0.00000000,0.00000000,0.02016558,0.05110085,0.00978238,0.00359164,0.03469763,0.05768960,0.05477903,0.16087878,0.02869852,0.73683530,0.05708438,1.31653268,0.22785178,0.00000000,0.25999788,1.83488717,0.21267162,0.00384787,0.00900291,0.00000000,0.00000000,0.00000000,0.00000000,0.00601891,0.00000000,0.00000000,0.00000000,0.00000000,0.00000000,0.01459896,0.00000000,0.00000000,0.00000000,0.05355603,0.00000000,0.10296012,0.00000000,0.06074165,0.04837876,0.00000000,0.00377883,0.32009585,0.00076718,0.12854791,0.37619066,0.21780832,0.00000000,0.00000000,0.01547495,0.00000000,0.00000000,0.00000000,0.00000000
0.00000000,0.00000000,0.00000000,0.00000000,0.00000000,0.00000000,0.00000000,0.00000000,0.00000000,0.00000000,0.00000000,0.00000000,0.00000000,0.00000000,0.00000000,0.00000000,0.00000000,0.00000000,0.00000000,0.00000000,0.00000000,0.00000000,0.00000000,0.00000000,0.00000000,0.00000000,0.00000000,0.00000000,0.00000000,0.00000000,0.00000000,0.00000000,0.00000000,0.00000000,0.00000000,0.00000000,0.00000000,0.00000000,0.00000000,0.00000000,0.00000000,0.00000000,0.00000000,0.00000000,0.00000000,0.00000000,0.00000000,0.00000000,0.00000000,0.00000000,0.00000000,0.00000000,0.00000000,0.00000000,0.00000000,0.00000000,0.00000000,0.00000000,0.00172294,0.00651567,0.01121830,0.03392014,0.00513465,0.02472062,0.02772298,0.10000232,0.02908915,0.01895114,0.03770575,0.02810201,0.03997121,0.01627207,0.04590655,0.02324240,0.00332378,0.00000000,0.00000000,0.00000000,0.00000000,0.00810147,0.00359911,0.00000000,0.01455625,0.07072253,0.00517576,0.01504763,0.01895685,0.01489323,0.10232412,0.01571526,0.01508616,0.09301502,0.21333779,0.79486429,1.82718200,0.25999788,0.00000000,0.85069976,0.27009743,0.00000000,0.00000000,0.00000000,0.00000000,0.00000000,0.00000000,0.00000000,0.00000000,0.00000000,0.00000000,0.00000000,0.00000000,0.00122106,0.00000000,0.00000000,0.00000000,0.00864796,0.00000000,0.07203071,0.00000000,0.02355637,0.04462098,0.00000000,0.00533656,0.11665942,0.00629597,0.14850164,0.51577638,0.18185886,0.00000000,0.00000000,0.00214723,0.00000000,0.00000000,0.00000000,0.00000000
0.00000000,0.00000000,0.00000000,0.00000000,0.00000000,0.00000000,0.00000000,0.00000000,0.00000000,0.00000000,0.00000000,0.00000000,0.00000000,0.00000000,0.00000000,0.00000000,0.00000000,0.00000000,0.00000000,0.00000000,0.00000000,0.00000000,0.00000000,0.00000000,0.00000000,0.00000000,0.00000000,0.00000000,0.00000000,0.00000000,0.00000000,0.00000000,0.00000000,0.00000000,0.00000000,0.00000000,0.00000000,0.00000000,0.00000000,0.00000000,0.00000000,0.00000000,0.00000000,0.00000000,0.00000000,0.00824053,0.00000000,0.00000000,0.00000000,0.00000000,0.00000000,0.00000000,0.00000000,0.00000000,0.00000000,0.00000000,0.00000000,0.00000000,0.00000000,0.00464260,0.00736619,0.01752239,0.00384409,0.01082764,0.02115897,0.02346603,0.01640077,0.01795041,0.01515470,0.01803980,0.01261087,0.01443016,0.02564222,0.07428405,0.00661342,0.00000000,0.00000000,0.00000000,0.00000000,0.00357461,0.00112682,0.00000000,0.00709333,0.02842063,0.00385522,0.00489314,0.00876424,0.01089268,0.03167343,0.01934256,0.00628066,0.10528336,0.04746279,0.62896461,0.22182226,1.83488717,0.85069976,0.00000000,1.40878146,0.00000000,0.00270558,0.00000000,0.00000000,0.00000000,0.00000000,0.00000000,0.00000000,0.00000000,0.00000000,0.00000000,0.00000000,0.00478225,0.00000000,0.00000000,0.00000000,0.02114623,0.00000000,0.13127990,0.00000000,0.06341428,0.07995745,0.00000000,0.00523681,0.21590825,0.00362838,0.16458455,0.41666965,0.22373413,0.00000000,0.00000000,0.00761471,0.00000000,0.00000000,0.00000000,0.00000000
0.00000000,0.00000000,0.00000000,0.00000000,0.00000000,0.00000000,0.00000000,0.00000000,0.00000000,0.00000000,0.00000000,0.00000000,0.00000000,0.00000000,0.00000000,0.00000000,0.00000000,0.00000000,0.00000000,0.00000000,0.00000000,0.00000000,0.00000000,0.00000000,0.00000000,0.00000000,0.00000000,0.00000000,0.00000000,0.00000000,0.00000000,0.00000000,0.00000000,0.00000000,0.00000000,0.00000000,0.00000000,0.00000000,0.00000000,0.00000000,0.00000000,0.00000000,0.00000000,0.00000000,0.00000000,0.00361380,0.00000000,0.00000000,0.00000000,0.00000000,0.00000000,0.00000000,0.00000000,0.00000000,0.00000000,0.00000000,0.00000000,0.00000000,0.00000000,0.00305432,0.00307155,0.00736029,0.00077889,0.00388070,0.01090352,0.01434361,0.00723662,0.00835989,0.00840860,0.01004403,0.00888856,0.00820038,0.01439867,0.10446165,0.00923240,0.00000000,0.00000000,0.00000000,0.00000000,0.00088029,0.00000000,0.00000000,0.00231780,0.01011482,0.00000000,0.00317476,0.00226482,0.00300302,0.00550816,0.00599027,0.00096621,0.01640950,0.00653610,0.06661378,0.02685395,0.21267162,0.27009743,1.40878146,0.00000000,0.00000000,0.00000000,0.00000000,0.00000000,0.00000000,0.00000000,0.00000000,0.00000000,0.00000000,0.00000000,0.00000000,0.00000000,0.00000000,0.00000000,0.00000000,0.00000000,0.00998971,0.00000000,0.10251739,0.00000000,0.03145967,0.06250051,0.00000000,0.00595015,0.15012828,0.00499080,0.14895757,0.33380916,0.18122067,0.00000000,0.00000000,0.00336562,0.00000000,0.00000000,0.00000000,0.00000000
0.00000000,0.00000000,0.00000000,0.00000000,0.00000000,0.00000000,0.00000000,0.00000000,0.00000000,0.00000000,0.00000000,0.00000000,0.00000000,0.00000000,0.00000000,0.00000000,0.00000000,0.00000000,0.00000000,0.00000000,0.00000000,0.00000000,0.00000000,0.00000000,0.00000000,0.00000000,0.00000000,0.00000000,0.00000000,0.00000000,0.00000000,0.00000000,0.00000000,0.00000000,0.02254671,0.00000000,0.00662578,0.00000000,0.00000000,0.00000000,0.00000000,0.00315463,0.00000000,0.00000000,0.00000000,0.00000000,0.00000000,0.00000000,0.00000000,0.00000000,0.00000000,0.00000000,0.00000000,0.00000000,0.00000000,0.00000000,0.00000000,0.00000000,0.00000000,0.00000000,0.00000000,0.00000000,0.00000000,0.00000000,0.00000000,0.00000000,0.00000000,0.00000000,0.00000000,0.00000000,0.00000000,0.00000000,0.00000000,0.00237308,0.00000000,0.00000000,0.00000000,0.00000000,0.00000000,0.00776096,0.00000000,0.00000000,0.00767215,0.01182648,0.00171416,0.00000000,0.00424818,0.00892762,0.00115300,0.01011244,0.00230907,0.00861465,0.00000000,0.00174977,0.00000000,0.00384787,0.00000000,0.00000000,0.00000000,0.00000000,2.88728387,0.00000000,0.00000000,0.00000000,0.00000000,0.00000000,0.00000000,0.00000000,0.00000000,0.00000000,0.00000000,0.00000000,0.00000000,0.00000000,0.00000000,0.00099430,0.00000000,0.00000000,0.00000000,0.00000000,0.00000000,0.00000000,0.00000000,0.34168273,0.00000000,0.06610115,0.26869398,0.22867582,0.00000000,0.00000000,0.05720304,0.00000000,0.00000000,0.02293867,0.00000000
0.00000000,0.00000000,0.00000000,0.00000000,0.00000000,0.00000000,0.00000000,0.00000000,0.00000000,0.00000000,0.00000000,0.00000000,0.00000000,0.00000000,0.00000000,0.00000000,0.00000000,0.00000000,0.00000000,0.00000000,0.00000000,0.00000000,0.00000000,0.00000000,0.00000000,0.00000000,0.00000000,0.00000000,0.00000000,0.00000000,0.00000000,0.00000000,0.00000000,0.00000000,0.05620580,0.00884038,0.02185315,0.00436213,0.00000000,0.00000000,0.00000000,0.01472936,0.00000000,0.00000000,0.00000000,0.00000000,0.00000000,0.00000000,0.00000000,0.00000000,0.00000000,0.00000000,0.00000000,0.00000000,0.00000000,0.00000000,0.00000000,0.00000000,0.00000000,0.00000000,0.00000000,0.00000000,0.00000000,0.00000000,0.00000000,0.00000000,0.00000000,0.00000000,0.00000000,0.00000000,0.00000000,0.00000000,0.00000000,0.00171087,0.00000000,0.00000000,0.00000000,0.00000000,0.00000000,0.01587822,0.00000000,0.00000000,0.01668951,0.02776425,0.00477887,0.00000000,0.00818438,0.01709438,0.00441757,0.02307478,0.00491336,0.02137228,0.00147714,0.00475100,0.00161804,0.00900291,0.00000000,0.00270558,0.00000000,2.88728387,0.00000000,0.00197099,0.00000000,0.00000000,0.00072326,0.00276124,0.00000000,0.00000000,0.00000000,0.00000000,0.00000000,0.00188435,0.00000000,0.00000000,0.00000000,0.00342825,0.00000000,0.00206002,0.00000000,0.00205253,0.00112649,0.00000000,0.00000000,0.39474494,0.00000000,0.11762240,0.46086406,0.35736924,0.00000000,0.00000000,0.09112824,0.00000000,0.00000000,0.04023248,0.00000000
0.00000000,0.00000000,0.00000000,0.00000000,0.00000000,0.00000000,0.00000000,0.00000000,0.00000000,0.00000000,0.00000000,0.00000000,0.00000000,0.00000000,0.00000000,0.00000000,0.00000000,0.00000000,0.00000000,0.00000000,0.00000000,0.00000000,0.00000000,0.00000000,0.00000000,0.00000000,0.00000000,0.00000000,0.00000000,0.00000000,0.00000000,0.00000000,0.00000000,0.00000000,0.01246816,0.00484108,0.01701653,0.00949495,0.00000000,0.00416811,0.00000000,0.02269896,0.00000000,0.00000000,0.00000000,0.00650468,0.00000000,0.00000000,0.00000000,0.00000000,0.00155664,0.00000000,0.00000000,0.00000000,0.00000000,0.00000000,0.00000000,0.00000000,0.00000000,0.00000000,0.00000000,0.00000000,0.00000000,0.00000000,0.00000000,0.00000000,0.00000000,0.00000000,0.00000000,0.00000000,0.00000000,0.00000000,0.00000000,0.00000000,0.00000000,0.00000000,0.00000000,0.00000000,0.00000000,0.00000000,0.00000000,0.00000000,0.00000000,0.00000000,0.00000000,0.00000000,0.00000000,0.00000000,0.00000000,0.00000000,0.00000000,0.00104814,0.00000000,0.00000000,0.00000000,0.00000000,0.00000000,0.00000000,0.00000000,0.00000000,0.00197099,0.00000000,1.00603276,0.12507083,0.50659517,1.65339512,0.02256024,0.03230664,0.02777505,0.00707259,0.01489942,0.03110296,0.00474087,0.01276338,0.00179359,0.00694489,0.00309544,0.00159374,0.00000000,0.00000000,0.00000000,0.01090654,0.00000000,0.05532049,0.00000000,0.00673426,0.03914957,0.02742910,0.00000000,0.00000000,0.05013842,0.00000000,0.00000000,0.03327156,0.01680915
0.00000000,0.00000000,0.00000000,0.00000000,0.00000000,0.00000000,0.00000000,0.00000000,0.00000000,0.00000000,0.00000000,0.00000000,0.00000000,0.00000000,0.00000000,0.00000000,0.00000000,0.00000000,0.00000000,0.00000000,0.00000000,0.00000000,0.00000000,0.00000000,0.00000000,0.00000000,0.00000000,0.00000000,0.00000000,0.00000000,0.00000000,0.00000000,0.00000000,0.00000000,0.00000000,0.00000000,0.00597854,0.00600924,0.00000000,0.00987587,0.00000000,0.03168521,0.00000000,0.00082548,0.00000000,0.03535731,0.00000000,0.00000000,0.00000000,0.00000000,0.01792472,0.00000000,0.00628395,0.00547654,0.01165702,0.00000000,0.00000000,0.00000000,0.00000000,0.00000000,0.00000000,0.00000000,0.00000000,0.00000000,0.00000000,0.00000000,0.00000000,0.00000000,0.00000000,0.00000000,0.00000000,0.00000000,0.00000000,0.00000000,0.00000000,0.00000000,0.00000000,0.00000000,0.00000000,0.00000000,0.00000000,0.00000000,0.00000000,0.00000000,0.00000000,0.00000000,0.00000000,0.00000000,0.00000000,0.00000000,0.00000000,0.00000000,0.00000000,0.00000000,0.00000000,0.00000000,0.00000000,0.00000000,0.00000000,0.00000000,0.00000000,1.00603276,0.00000000,0.75813265,0.08817828,1.73544900,0.05636372,0.11719714,0.05748697,0.02273062,0.02710482,0.05503440,0.01305905,0.02619160,0.00590836,0.02143077,0.00620809,0.01467635,0.00000000,0.00000000,0.00000000,0.00311866,0.00000000,0.02969511,0.00076987,0.00678930,0.02693116,0.02940806,0.00000000,0.00000000,0.03370416,0.00000000,0.00551996,0.02567700,0.02587920
0.00000000,0.00000000,0.00000000,0.00000000,0.00000000,0.00000000,0.00000000,0.00000000,0.00000000,0.00000000,0.00000000,0.00000000,0.00000000,0.00000000,0.00000000,0.00000000,0.00000000,0.00000000,0.00000000,0.00000000,0.00000000,0.00000000,0.00000000,0.00000000,0.00000000,0.00000000,0.00000000,0.00000000,0.00000000,0.00000000,0.00000000,0.00000000,0.00000000,0.00000000,0.00000000,0.00000000,0.00000000,0.00000000,0.00000000,0.00000000,0.00000000,0.00000000,0.00000000,0.00000000,0.00000000,0.00398513,0.00000000,0.00000000,0.00000000,0.00000000,0.00099287,0.00000000,0.00173189,0.00000000,0.00252500,0.00000000,0.00000000,0.00000000,0.00000000,0.00000000,0.00000000,0.00000000,0.00000000,0.00000000,0.00000000,0.00000000,0.00000000,0.00000000,0.00000000,0.00000000,0.00000000,0.00000000,0.00000000,0.00000000,0.00000000,0.00000000,0.00000000,0.00000000,0.00000000,0.00000000,0.00000000,0.00000000,0.00000000,0.00000000,0.00000000,0.00000000,0.00000000,0.00000000,0.00000000,0.00000000,0.00000000,0.00000000,0.00000000,0.00000000,0.00000000,0.00000000,0.00000000,0.00000000,0.00000000,0.00000000,0.00000000,0.12507083,0.75813265,0.00000000,0.00901021,0.05473558,0.06739294,0.34436201,0.05090546,0.01977986,0.02229312,0.00425616,0.00925944,0.01752327,0.00291163,0.00204480,0.00451934,0.00365818,0.00000000,0.00000000,0.00000000,0.00098335,0.00000000,0.00471214,0.00000000,0.00000000,0.00271154,0.00327333,0.00000000,0.00000000,0.00376615,0.00000000,0.00000000,0.00000000,0.00363665
0.00000000,0.00000000,0.00000000,0.00000000,0.00000000,0.00000000,0.00000000,0.00000000,0.00000000,0.00000000,0.00000000,0.00000000,0.00000000,0.00000000,0.00000000,0.00000000,0.00000000,0.00000000,0.00000000,0.00000000,0.00000000,0.00000000,0.00000000,0.00000000,0.00000000,0.00000000,0.00000000,0.00000000,0.00000000,0.00000000,0.00000000,0.00000000,0.00000000,0.00000000,0.01648874,0.00941405,0.02067748,0.01493178,0.00000000,0.01058275,0.00000000,0.05831800,0.00000000,0.00000000,0.00000000,0.01404907,0.00000000,0.00000000,0.00000000,0.00000000,0.00425552,0.00000000,0.00000000,0.00000000,0.00000000,0.00000000,0.00000000,0.00000000,0.00000000,0.00000000,0.00000000,0.00000000,0.00000000,0.00000000,0.00000000,0.00000000,0.00000000,0.00000000,0.00000000,0.00000000,0.00000000,0.00000000,0.00000000,0.00000000,0.00000000,0.00000000,0.00000000,0.00000000,0.00000000,0.00000000,0.00000000,0.00000000,0.00000000,0.00000000,0.00000000,0.00000000,0.00000000,0.00000000,0.00000000,0.00000000,0.00000000,0.00000000,0.00000000,0.00000000,0.00000000,0.00000000,0.00000000,0.00000000,0.00000000,0.00000000,0.00072326,0.50659517,0.08817828,0.00901021,0.00000000,1.86601231,0.00829252,0.01382723,0.01319371,0.00494455,0.00807280,0.39312117,0.00420610,0.00745947,0.00192526,0.03642401,0.00149343,0.00774632,0.00000000,0.00000000,0.00000000,0.00000000,0.00000000,0.04694760,0.00000000,0.00796617,0.02844970,0.02272904,0.00000000,0.00000000,0.07364165,0.00000000,0.00731902,0.05333737,0.02497630
0.00000000,0.00000000,0.00000000,0.00000000,0.00000000,0.00000000,0.00000000,0.00000000,0.00000000,0.00000000,0.00000000,0.00000000,0.00000000,0.00000000,0.00000000,0.00000000,0.00000000,0.00000000,0.00532486,0.00000000,0.00000000,0.00000000,0.00000000,0.00000000,0.00352835,0.00000000,0.00804584,0.00000000,0.00308397,0.00000000,0.00000000,0.00000000,0.00000000,0.00000000,0.01228245,0.00939856,0.02882242,0.03255411,0.00774276,0.05740775,0.00138790,0.22501438,0.00216124,0.00386968,0.00000000,0.15536490,0.00207373,0.00000000,0.00000000,0.00000000,0.06756961,0.00000000,0.02671110,0.02639947,0.03784053,0.00000000,0.00000000,0.00000000,0.00000000,0.00000000,0.00000000,0.00000000,0.00000000,0.00000000,0.00000000,0.00000000,0.00000000,0.00000000,0.00000000,0.00000000,0.00000000,0.00000000,0.00000000,0.00000000,0.00000000,0.00000000,0.00000000,0.00000000,0.00000000,0.00000000,0.00000000,0.00000000,0.00000000,0.00452860,0.00000000,0.00000000,0.00000000,0.00000000,0.00000000,0.00329017,0.00000000,0.00620883,0.00000000,0.00266838,0.00000000,0.00601891,0.00000000,0.00000000,0.00000000,0.00000000,0.00276124,1.65339512,1.73544900,0.05473558,1.86601231,0.00000000,0.05673200,0.13156921,0.08828135,0.05725044,0.05561499,2.26619443,0.04410465,0.05339190,0.01908395,0.41187994,0.01836249,0.16547774,0.00318877,0.00376029,0.00133300,0.00000000,0.00000000,0.13048703,0.00137285,0.03004623,0.08406676,0.10598235,0.00000000,0.00000000,0.22293695,0.00000000,0.02976489,0.15059241,0.11795187
0.00000000,0.00000000,0.00000000,0.00000000,0.00000000,0.00000000,0.00000000,0.00000000,0.00000000,0.00000000,0.00000000,0.00000000,0.00000000,0.00000000,0.00000000,0.00000000,0.00000000,0.00000000,0.00000000,0.00000000,0.00000000,0.00000000,0.00000000,0.00000000,0.00000000,0.00000000,0.00000000,0.00000000,0.00000000,0.00000000,0.00000000,0.00000000,0.00000000,0.00000000,0.00000000,0.00000000,0.00000000,0.00000000,0.00000000,0.00000000,0.00000000,0.00000000,0.00000000,0.00000000,0.00123060,0.00105756,0.00059529,0.00000000,0.00130351,0.00082790,0.00000000,0.00000000,0.00000000,0.00000000,0.00095392,0.00000000,0.00000000,0.00000000,0.00000000,0.00000000,0.00000000,0.00000000,0.00000000,0.00000000,0.00000000,0.00000000,0.00000000,0.00000000,0.00000000,0.00000000,0.00000000,0.00000000,0.00000000,0.00000000,0.00000000,0.00000000,0.00000000,0.00000000,0.00000000,0.00000000,0.00000000,0.00000000,0.00000000,0.00000000,0.00000000,0.00000000,0.00000000,0.00000000,0.00000000,0.00000000,0.00000000,0.00000000,0.00000000,0.00000000,0.00000000,0.00000000,0.00000000,0.00000000,0.00000000,0.00000000,0.00000000,0.02256024,0.05636372,0.06739294,0.00829252,0.05673200,0.00000000,0.60595839,0.75259000,0.68623580,0.15629262,0.01059663,0.15968185,0.11417081,0.03160694,0.00576969,0.02569056,0.00760885,0.00371287,0.00000000,0.00000000,0.00000000,0.00000000,0.00334060,0.00000000,0.00000000,0.00285635,0.00346227,0.00000000,0.00000000,0.00276654,0.00000000,0.00000000,0.00000000,0.00269668
0.00000000,0.00000000,0.00000000,0.00000000,0.00000000,0.00000000,0.00000000,0.00000000,0.00000000,0.00000000,0.00000000,0.00000000,0.00000000,0.00000000,0.00000000,0.00000000,0.00000000,0.00000000,0.00000000,0.00000000,0.00000000,0.00000000,0.00000000,0.00000000,0.00000000,0.00000000,0.00000000,0.00000000,0.00000000,0.00000000,0.00000000,0.00000000,0.00000000,0.00000000,0.00000000,0.00000000,0.00000000,0.00000000,0.00000000,0.00078847,0.00000000,0.00286858,0.00000000,0.00086836,0.00076992,0.00736053,0.00125137,0.00000000,0.00093386,0.00059194,0.00275302,0.00000000,0.00344584,0.00000000,0.00718470,0.00000000,0.00000000,0.00000000,0.00000000,0.00000000,0.00000000,0.00000000,0.00000000,0.00000000,0.00000000,0.00000000,0.00000000,0.00000000,0.00000000,0.00000000,0.00000000,0.00000000,0.00000000,0.00000000,0.00000000,0.00000000,0.00000000,0.00000000,0.00000000,0.00000000,0.00000000,0.00000000,0.00000000,0.00000000,0.00000000,0.00000000,0.00000000,0.00000000,0.00000000,0.00000000,0.00000000,0.00000000,0.00000000,0.00000000,0.00000000,0.00000000,0.00000000,0.00000000,0.00000000,0.00000000,0.00000000,0.03230664,0.11719714,0.34436201,0.01382723,0.13156921,0.60595839,0.00000000,0.27817868,0.66151962,0.11843418,0.01836543,0.13836385,0.09349075,0.04167947,0.00901971,0.02940992,0.01936037,0.00432453,0.00000000,0.00000000,0.00000000,0.00000000,0.00938417,0.00000000,0.00000000,0.00658193,0.00868781,0.00000000,0.00000000,0.00837359,0.00000000,0.00000000,0.00331517,0.00591521
0.00000000,0.00000000,0.00000000,0.00000000,0.00000000,0.00000000,0.00000000,0.00000000,0.00000000,0.00000000,0.00000000,0.00000000,0.00000000,0.00000000,0.00000000,0.00000000,0.00000000,0.00000000,0.00000000,0.00000000,0.00000000,0.00000000,0.00000000,0.00000000,0.00000000,0.00000000,0.00000000,0.00000000,0.00000000,0.00000000,0.00000000,0.00000000,0.00000000,0.00000000,0.00000000,0.00000000,0.00000000,0.00000000,0.00000000,0.00000000,0.00000000,0.00000000,0.00157054,0.00084073,0.00796796,0.00309794,0.00306888,0.00524720,0.01371147,0.00615487,0.00000000,0.00862783,0.00000000,0.00000000,0.00000000,0.00000000,0.00000000,0.00000000,0.00000000,0.00000000,0.00000000,0.00000000,0.00000000,0.00000000,0.00000000,0.00000000,0.00000000,0.00000000,0.00000000,0.00000000,0.00000000,0.00000000,0.00000000,0.00000000,0.00000000,0.00000000,0.00000000,0.00000000,0.00000000,0.00000000,0.00000000,0.00000000,0.00000000,0.00000000,0.00000000,0.00000000,0.00000000,0.00000000,0.00000000,0.00000000,0.00000000,0.00000000,0.00000000,0.00000000,0.00000000,0.00000000,0.00000000,0.00000000,0.00000000,0.00000000,0.00000000,0.02777505,0.05748697,0.05090546,0.01319371,0.08828135,0.75259000,0.27817868,0.00000000,0.50866969,1.21746198,0.02032735,0.50210924,0.52896167,0.06327049,0.00983412,0.09875785,0.01703952,0.00657676,0.00000000,0.00000000,0.00000000,0.00000000,0.00831804,0.00000000,0.00000000,0.00795051,0.00911953,0.00000000,0.00000000,0.00859542,0.00000000,0.00000000,0.00273396,0.02082869
0.00000000,0.00000000,0.00000000,0.00000000,0.00000000,0.00000000,0.00000000,0.00000000,0.00000000,0.00000000,0.00000000,0.00000000,0.00000000,0.00000000,0.00000000,0.00000000,0.00000000,0.00000000,0.00000000,0.00000000,0.00000000,0.00000000,0.00000000,0.00000000,0.00000000,0.00000000,0.00000000,0.00000000,0.00000000,0.00000000,0.00000000,0.00000000,0.00000000,0.00000000,0.00000000,0.00000000,0.00000000,0.00000000,0.00000000,0.00000000,0.00000000,0.00000000,0.00067022,0.00120908,0.00130007,0.00485506,0.00222174,0.00000000,0.00167475,0.00225219,0.00129653,0.00000000,0.00224253,0.00000000,0.00434516,0.00000000,0.00000000,0.00000000,0.00000000,0.00000000,0.00000000,0.00000000,0.00000000,0.00000000,0.00000000,0.00000000,0.00000000,0.00000000,0.00000000,0.00000000,0.00000000,0.00000000,0.00000000,0.00000000,0.00000000,0.00000000,0.00000000,0.00000000,0.00000000,0.00000000,0.00000000,0.00000000,0.00000000,0.00000000,0.00000000,0.00000000,0.00000000,0.00000000,0.00000000,0.00000000,0.00000000,0.00000000,0.00000000,0.00000000,0.00000000,0.00000000,0.00000000,0.00000000,0.00000000,0.00000000,0.00000000,0.00707259,0.02273062,0.01977986,0.00494455,0.05725044,0.68623580,0.66151962,0.50866969,0.00000000,0.16182822,0.01555172,0.71194468,0.10169600,0.10237902,0.00981192,0.03262429,0.02067933,0.00835336,0.00000000,0.00000000,0.00000000,0.00000000,0.00830941,0.00000000,0.00000000,0.00366206,0.00771960,0.00000000,0.00000000,0.00805913,0.00000000,0.00000000,0.00080572,0.00403777
0.00000000,0.00000000,0.00000000,0.00000000,0.00000000,0.00000000,0.00000000,0.00000000,0.00000000,0.00000000,0.00000000,0.00000000,0.00000000,0.00000000,0.00000000,0.00000000,0.00000000,0.00000000,0.00000000,0.00000000,0.00000000,0.00000000,0.00000000,0.00000000,0.00000000,0.00000000,0.00000000,0.00000000,0.00000000,0.00000000,0.00000000,0.00000000,0.00000000,0.00000000,0.00000000,0.00000000,0.00000000,0.00000000,0.00000000,0.00000000,0.00000000,0.00000000,0.00334722,0.00186948,0.01777327,0.00318743,0.00714655,0.01704145,0.03603828,0.01455153,0.00000000,0.02462188,0.00000000,0.00000000,0.00000000,0.00000000,0.00000000,0.00000000,0.00000000,0.00000000,0.00000000,0.00000000,0.00000000,0.00000000,0.00000000,0.00000000,0.00000000,0.00000000,0.00000000,0.00000000,0.00000000,0.00000000,0.00000000,0.00000000,0.00000000,0.00000000,0.00000000,0.00000000,0.00000000,0.00000000,0.00000000,0.00000000,0.00000000,0.00000000,0.00000000,0.00000000,0.00000000,0.00000000,0.00000000,0.00000000,0.00000000,0.00000000,0.00000000,0.00000000,0.00000000,0.00000000,0.00000000,0.00000000,0.00000000,0.00000000,0.00000000,0.01489942,0.02710482,0.02229312,0.00807280,0.05561499,0.15629262,0.11843418,1.21746198,0.16182822,0.00000000,0.01627098,0.66063308,1.97220528,0.51428278,0.01568804,0.32437185,0.05355722,0.03976090,0.00249095,0.00315813,0.00000000,0.00000000,0.01726777,0.00000000,0.00663211,0.01797291,0.03368089,0.00000000,0.00000000,0.01182098,0.00000000,0.00000000,0.01016486,0.05993424
0.00000000,0.00000000,0.00000000,0.00000000,0.00000000,0.00000000,0.00000000,0.00000000,0.00000000,0.00000000,0.00000000,0.00000000,0.00000000,0.00000000,0.00000000,0.00000000,0.00000000,0.00000000,0.00376431,0.00000000,0.00000000,0.00000000,0.00000000,0.00000000,0.00139398,0.00000000,0.00566917,0.00000000,0.00000000,0.00000000,0.00000000,0.00000000,0.00000000,0.00000000,0.00413886,0.00459988,0.01579756,0.02377092,0.00642491,0.05471798,0.00069499,0.17949696,0.00091552,0.00339850,0.00000000,0.18883734,0.00000000,0.00000000,0.00000000,0.00000000,0.08263130,0.00000000,0.02581211,0.02650156,0.02699644,0.00000000,0.00000000,0.00000000,0.00000000,0.00000000,0.00000000,0.00000000,0.00000000,0.00000000,0.00000000,0.00000000,0.00000000,0.00000000,0.00000000,0.00000000,0.00000000,0.00000000,0.00000000,0.00268990,0.00000000,0.00000000,0.00000000,0.00000000,0.00000000,0.00000000,0.00000000,0.00000000,0.00000000,0.00791397,0.00000000,0.00000000,0.00000000,0.00099842,0.00000000,0.00369003,0.00000000,0.01191486,0.00000000,0.00868648,0.00000000,0.01459896,0.00122106,0.00478225,0.00000000,0.00000000,0.00188435,0.03110296,0.05503440,0.00425616,0.39312117,2.26619443,0.01059663,0.01836543,0.02032735,0.01555172,0.01627098,0.00000000,0.01558790,0.01581267,0.00827782,1.77257938,0.00600207,0.23302598,0.00073997,0.00996116,0.00275157,0.00000000,0.00000000,0.17679825,0.00000000,0.05039940,0.12953182,0.15857429,0.00000000,0.00000000,0.17196162,0.00000000,0.02126373,0.13013351,0.05951643
0.00000000,0.00000000,0.00000000,0.00000000,0.00000000,0.00000000,0.00000000,0.00000000,0.00000000,0.00000000,0.00000000,0.00000000,0.00000000,0.00000000,0.00000000,0.00000000,0.00000000,0.00000000,0.00000000,0.00000000,0.00000000,0.00000000,0.00000000,0.00000000,0.00000000,0.00000000,0.00000000,0.00000000,0.00000000,0.00000000,0.00000000,0.00000000,0.00000000,0.00000000,0.00000000,0.00000000,0.00000000,0.00000000,0.00000000,0.00063072,0.00056817,0.00000000,0.00426278,0.00287284,0.01344972,0.00702527,0.01249697,0.00433867,0.01762667,0.01758177,0.00096490,0.00797859,0.00351620,0.00000000,0.00484384,0.00000000,0.00000000,0.00000000,0.00000000,0.00000000,0.00000000,0.00000000,0.00000000,0.00000000,0.00000000,0.00000000,0.00000000,0.00000000,0.00000000,0.00000000,0.00000000,0.00000000,0.00000000,0.00000000,0.00000000,0.00000000,0.00000000,0.00000000,0.00000000,0.00000000,0.00000000,0.00000000,0.00000000,0.00000000,0.00000000,0.00000000,0.00000000,0.00000000,0.00000000,0.00000000,0.00000000,0.00000000,0.00000000,0.00000000,0.00000000,0.00000000,0.00000000,0.00000000,0.00000000,0.00000000,0.00000000,0.00474087,0.01305905,0.00925944,0.00420610,0.04410465,0.15968185,0.13836385,0.50210924,0.71194468,0.66063308,0.01558790,0.00000000,0.27658619,1.01586519,0.01488395,0.10803268,0.05544706,0.03766806,0.00120154,0.00257994,0.00000000,0.00000000,0.01647266,0.00000000,0.00418291,0.00995563,0.02251715,0.00000000,0.00000000,0.02133531,0.00000000,0.00097077,0.00657874,0.02350563
0.00000000,0.00000000,0.00000000,0.00000000,0.00000000,0.00000000,0.00000000,0.00000000,0.00000000,0.00000000,0.00000000,0.00000000,0.00000000,0.00000000,0.00000000,0.00000000,0.00000000,0.00000000,0.00000000,0.00000000,0.00000000,0.00000000,0.00000000,0.00000000,0.00000000,0.00000000,0.00000000,0.00000000,0.00000000,0.00000000,0.00000000,0.00000000,0.00000000,0.00000000,0.00000000,0.00000000,0.00000000,0.00000000,0.00000000,0.00000000,0.00075178,0.00000000,0.00435937,0.00214511,0.03140679,0.00000000,0.00917400,0.03063176,0.06169277,0.02037487,0.00000000,0.03007026,0.00000000,0.00000000,0.00000000,0.00000000,0.00000000,0.00000000,0.00000000,0.00000000,0.00000000,0.00090589,0.00000000,0.00000000,0.00000000,0.00000000,0.00000000,0.00000000,0.00000000,0.00000000,0.00000000,0.00000000,0.00000000,0.00000000,0.00000000,0.00000000,0.00000000,0.00000000,0.00000000,0.00000000,0.00000000,0.00000000,0.00000000,0.00000000,0.00000000,0.00481991,0.00000000,0.00000000,0.00000000,0.00000000,0.00000000,0.00000000,0.00000000,0.00000000,0.00000000,0.00000000,0.00000000,0.00000000,0.00000000,0.00000000,0.00000000,0.01276338,0.02619160,0.01752327,0.00745947,0.05339190,0.11417081,0.09349075,0.52896167,0.10169600,1.97220528,0.01581267,0.27658619,0.00000000,0.79364817,0.01454481,1.52951433,0.08110154,0.17561252,0.00578879,0.01293457,0.00000000,0.00000000,0.04262062,0.00514311,0.01645896,0.04352157,0.09976067,0.00000000,0.00000000,0.02047424,0.00000000,0.00000000,0.00998458,0.07403566
0.00000000,0.00000000,0.00000000,0.00000000,0.00000000,0.00000000,0.00000000,0.00000000,0.00000000,0.00000000,0.00000000,0.00000000,0.00000000,0.00000000,0.00000000,0.00000000,0.00000000,0.00000000,0.00000000,0.00000000,0.00000000,0.00000000,0.00000000,0.00000000,0.00000000,0.00000000,0.00000000,0.00000000,0.00000000,0.00000000,0.00000000,0.00000000,0.00000000,0.00000000,0.00000000,0.00000000,0.00000000,0.00000000,0.00000000,0.00000000,0.00079092,0.00000000,0.00728782,0.00552597,0.03596929,0.00245741,0.02064386,0.01687109,0.05141776,0.03810863,0.00000000,0.02234724,0.00000000,0.00000000,0.00000000,0.00000000,0.00000000,0.00000000,0.00000000,0.00000000,0.00000000,0.00000000,0.00000000,0.00000000,0.00000000,0.00000000,0.00000000,0.00000000,0.00000000,0.00000000,0.00000000,0.00000000,0.00000000,0.00000000,0.00000000,0.00000000,0.00000000,0.00000000,0.00000000,0.00000000,0.00000000,0.00000000,0.00000000,0.00000000,0.00000000,0.00467471,0.00000000,0.00000000,0.00000000,0.00000000,0.00000000,0.00000000,0.00000000,0.00000000,0.00000000,0.00000000,0.00000000,0.00000000,0.00000000,0.00000000,0.00000000,0.00179359,0.00590836,0.00291163,0.00192526,0.01908395,0.03160694,0.04167947,0.06327049,0.10237902,0.51428278,0.00827782,1.01586519,0.79364817,0.00000000,0.01443378,0.26787853,0.11411435,0.26790134,0.00644635,0.01545699,0.00000000,0.00000000,0.07451871,0.00360619,0.02665238,0.05636563,0.15948467,0.00000000,0.00000000,0.03585286,0.00000000,0.00000000,0.01148867,0.06690166
0.00000000,0.00000000,0.00000000,0.00000000,0.00000000,0.00000000,0.00000000,0.00000000,0.00000000,0.00000000,0.00000000,0.00000000,0.00000000,0.00000000,0.00000000,0.00000000,0.00000000,0.00000000,0.00000000,0.00000000,0.00000000,0.00000000,0.00000000,0.00000000,0.00204983,0.00000000,0.00000000,0.00000000,0.00000000,0.00000000,0.00000000,0.00000000,0.00000000,0.00000000,0.00000000,0.00000000,0.00903400,0.02322052,0.01357383,0.09289229,0.00145482,0.16444114,0.00000000,0.00474493,0.00000000,0.34393963,0.00000000,0.00000000,0.00000000,0.00000000,0.15109106,0.00000000,0.04685199,0.03068441,0.03719941,0.00000000,0.00000000,0.00000000,0.00000000,0.00000000,0.00000000,0.00000000,0.00000000,0.00000000,0.00000000,0.00000000,0.00000000,0.00000000,0.00000000,0.00000000,0.00000000,0.00000000,0.00000000,0.01506467,0.00000000,0.00000000,0.00000000,0.00000000,0.00000000,0.00169409,0.00000000,0.00000000,0.00000000,0.01375475,0.00000000,0.00000000,0.00299849,0.00385215,0.00413007,0.00724460,0.00278486,0.02683038,0.00604608,0.03292822,0.00858760,0.05355603,0.00864796,0.02114623,0.00998971,0.00099430,0.00342825,0.00694489,0.02143077,0.00204480,0.03642401,0.41187994,0.00576969,0.00901971,0.00983412,0.00981192,0.01568804,1.77257938,0.01488395,0.01454481,0.01443378,0.00000000,0.00627463,1.24549543,0.00302312,0.10361811,0.01108882,0.00000000,0.00890691,0.41715190,0.00000000,0.15549452,0.31682939,0.51164671,0.00000000,0.00000000,0.21005095,0.00000000,0.01360554,0.12423672,0.04051944
0.00000000,0.00000000,0.00000000,0.00000000,0.00000000,0.00000000,0.00000000,0.00000000,0.00000000,0.00000000,0.00000000,0.00000000,0.00000000,0.00000000,0.00000000,0.00000000,0.00000000,0.00000000,0.00000000,0.00000000,0.00000000,0.00000000,0.00000000,0.00000000,0.00000000,0.00000000,0.00000000,0.00000000,0.00000000,0.00000000,0.00000000,0.00000000,0.00000000,0.00000000,0.00000000,0.00000000,0.00000000,0.00000000,0.00000000,0.00000000,0.00000000,0.00000000,0.00284607,0.00077261,0.02374152,0.00000000,0.00515141,0.01557776,0.03078909,0.00772998,0.00000000,0.00644273,0.00000000,0.00000000,0.00000000,0.00000000,0.00000000,0.00000000,0.00000000,0.00000000,0.00184986,0.00422079,0.00000000,0.00145680,0.00172713,0.00000000,0.00094805,0.00132929,0.00095626,0.00000000,0.00000000,0.00059922,0.00063260,0.00000000,0.00000000,0.00000000,0.00000000,0.00000000,0.00000000,0.00000000,0.00000000,0.00000000,0.00000000,0.00000000,0.00000000,0.00995011,0.00000000,0.00000000,0.00000000,0.00000000,0.00000000,0.00000000,0.00000000,0.00000000,0.00000000,0.00000000,0.00000000,0.00000000,0.00000000,0.00000000,0.00000000,0.00309544,0.00620809,0.00451934,0.00149343,0.01836249,0.02569056,0.02940992,0.09875785,0.03262429,0.32437185,0.00600207,0.10803268,1.52951433,0.26787853,0.00627463,0.00000000,0.05786574,0.46174405,0.00589656,0.01345101,0.00000000,0.00000000,0.04013677,0.00790411,0.02045710,0.06129310,0.15333154,0.00000000,0.00000000,0.00986880,0.00000000,0.00000000,0.00000000,0.03073341
0.00000000,0.00000000,0.00000000,0.00000000,0.00000000,0.00000000,0.00000000,0.00000000,0.00000000,0.00000000,0.00000000,0.00000000,0.00000000,0.00000000,0.00000000,0.00000000,0.00000000,0.00000000,0.00000000,0.00000000,0.00000000,0.00000000,0.00000000,0.00000000,0.00000000,0.00000000,0.00000000,0.00000000,0.00000000,0.00000000,0.00000000,0.00000000,0.00000000,0.00000000,0.00000000,0.00000000,0.00403577,0.01455252,0.04052645,0.12787156,0.00987832,0.07221120,0.01035408,0.03642359,0.00728893,0.78143634,0.02933043,0.00000000,0.00000000,0.00472360,0.42227674,0.00000000,0.43517226,0.03718694,0.33996964,0.00000000,0.00000000,0.00000000,0.00000000,0.00000000,0.00000000,0.00000000,0.00000000,0.00000000,0.00000000,0.00000000,0.00000000,0.00000000,0.00000000,0.00000000,0.00000000,0.00000000,0.00000000,0.19227958,0.03255305,0.00000000,0.00000000,0.00000000,0.00000000,0.00213092,0.00000000,0.00000000,0.00239211,0.02033638,0.00000000,0.00108643,0.00329250,0.00528952,0.00764141,0.00839153,0.00332227,0.03332262,0.01466312,0.06886464,0.03578399,0.10296012,0.07203071,0.13127990,0.10251739,0.00000000,0.00206002,0.00159374,0.01467635,0.00365818,0.00774632,0.16547774,0.00760885,0.01936037,0.01703952,0.02067933,0.05355722,0.23302598,0.05544706,0.08110154,0.11411435,1.24549543,0.05786574,0.00000000,0.06017749,1.44119309,1.14860019,0.00000000,0.06429786,1.40014467,0.03317744,0.82656329,1.21725036,2.05430550,0.00000000,0.00000000,0.53004873,0.00000000,0.02711770,0.22372405,0.11742727
0.00000000,0.00000000,0.00000000,0.00000000,0.00000000,0.00000000,0.00000000,0.00000000,0.00000000,0.00000000,0.00000000,0.00000000,0.00000000,0.00000000,0.00000000,0.00000000,0.00000000,0.00000000,0.00000000,0.00000000,0.00000000,0.00000000,0.00000000,0.00000000,0.00000000,0.00000000,0.00000000,0.00000000,0.00000000,0.00000000,0.00000000,0.00000000,0.00000000,0.00000000,0.00000000,0.00000000,0.00000000,0.00000000,0.00000000,0.00000000,0.00000000,0.00000000,0.00195313,0.00000000,0.01506475,0.00000000,0.00281841,0.00198898,0.00789438,0.00528104,0.00000000,0.00000000,0.00000000,0.00000000,0.00000000,0.00000000,0.00000000,0.00000000,0.00000000,0.00000000,0.00256105,0.00469448,0.00000000,0.00423364,0.00203038,0.00208207,0.00166322,0.00235331,0.00326314,0.00154929,0.00000000,0.00114506,0.00178537,0.00131212,0.00000000,0.00000000,0.00000000,0.00000000,0.00000000,0.00000000,0.00116296,0.00000000,0.00000000,0.00000000,0.00000000,0.01801606,0.00000000,0.00000000,0.00000000,0.00000000,0.00000000,0.00000000,0.00000000,0.00000000,0.00000000,0.00000000,0.00000000,0.00000000,0.00000000,0.00000000,0.00000000,0.00000000,0.00000000,0.00000000,0.00000000,0.00318877,0.00371287,0.00432453,0.00657676,0.00835336,0.03976090,0.00073997,0.03766806,0.17561252,0.26790134,0.00302312,0.46174405,0.06017749,0.00000000,0.00774428,0.02986905,0.00000000,0.00000000,0.08359496,0.01334244,0.04014178,0.11707365,0.30402805,0.00000000,0.00000000,0.00615178,0.00000000,0.00000000,0.00000000,0.00897389
0.00000000,0.00000000,0.00000000,0.00000000,0.00000000,0.00000000,0.00000000,0.00000000,0.00000000,0.00000000,0.00000000,0.00000000,0.00000000,0.00000000,0.00000000,0.00000000,0.00000000,0.00000000,0.00000000,0.00000000,0.00000000,0.00000000,0.00000000,0.00000000,0.00000000,0.00000000,0.00000000,0.00000000,0.00000000,0.00000000,0.00000000,0.00000000,0.00000000,0.00000000,0.00000000,0.00000000,0.00000000,0.00257865,0.00302615,0.02295899,0.00000000,0.01734927,0.00000000,0.00077401,0.00000000,0.12409971,0.00000000,0.00000000,0.00000000,0.00000000,0.05568983,0.00000000,0.03221085,0.00355812,0.01366126,0.00000000,0.00000000,0.00000000,0.00000000,0.00000000,0.00000000,0.00000000,0.00000000,0.00000000,0.00000000,0.00000000,0.00000000,0.00000000,0.00000000,0.00000000,0.00000000,0.00000000,0.00000000,0.05915038,0.00737690,0.00000000,0.00000000,0.00000000,0.00000000,0.00000000,0.00000000,0.00000000,0.00152233,0.01327257,0.00000000,0.00000000,0.00279385,0.00284770,0.00572513,0.00671018,0.00167430,0.02228977,0.00737081,0.04236858,0.01682903,0.06074165,0.02355637,0.06341428,0.03145967,0.00000000,0.00205253,0.00000000,0.00000000,0.00000000,0.00000000,0.00376029,0.00000000,0.00000000,0.00000000,0.00000000,0.00249095,0.00996116,0.00120154,0.00578879,0.00644635,0.10361811,0.00589656,1.44119309,0.00774428,0.00000000,0.74459407,0.00000000,0.01870469,0.44588027,0.00488655,0.29462665,0.49906438,0.79449555,0.00000000,0.00000000,0.07459595,0.00000000,0.00000000,0.02548196,0.00801350
0.00000000,0.00000000,0.00000000,0.00000000,0.00000000,0.00000000,0.00000000,0.00000000,0.00000000,0.00000000,0.00000000,0.00000000,0.00000000,0.00000000,0.00000000,0.00000000,0.00000000,0.00000000,0.00000000,0.00000000,0.00000000,0.00000000,0.00000000,0.00000000,0.00000000,0.00000000,0.00000000,0.00000000,0.00000000,0.00000000,0.00000000,0.00000000,0.00000000,0.00000000,0.00000000,0.00000000,0.00000000,0.00000000,0.00246564,0.00871337,0.00000000,0.00331971,0.00113768,0.00810024,0.00000000,0.06458268,0.00836132,0.00000000,0.00000000,0.00000000,0.02804496,0.00000000,0.03891433,0.00000000,0.02298336,0.00000000,0.00000000,0.00000000,0.00000000,0.00000000,0.00000000,0.00000000,0.00000000,0.00000000,0.00000000,0.00067182,0.00000000,0.00000000,0.00000000,0.00000000,0.00000000,0.00000000,0.00000000,0.14061786,0.03289764,0.00000000,0.00000000,0.00000000,0.00000000,0.00000000,0.00000000,0.00000000,0.00000000,0.01103078,0.00000000,0.00277361,0.00078153,0.00124641,0.00465505,0.00488671,0.00135003,0.01658640,0.00763347,0.03384682,0.01939375,0.04837876,0.04462098,0.07995745,0.06250051,0.00000000,0.00112649,0.00000000,0.00000000,0.00000000,0.00000000,0.00133300,0.00000000,0.00000000,0.00000000,0.00000000,0.00315813,0.00275157,0.00257994,0.01293457,0.01545699,0.01108882,0.01345101,1.14860019,0.02986905,0.74459407,0.00000000,0.00000000,0.04071609,0.71490810,0.03421951,0.61470895,0.84343260,1.33927555,0.00000000,0.00000000,0.08836975,0.00000000,0.00000000,0.02189436,0.01307905
0.00000000,0.00000000,0.00000000,0.00000000,0.00000000,0.00000000,0.00000000,0.00000000,0.00000000,0.00000000,0.00000000,0.00000000,0.00000000,0.00000000,0.00000000,0.00000000,0.00000000,0.00000000,0.00000000,0.00000000,0.00000000,0.00000000,0.00000000,0.00000000,0.00000000,0.00000000,0.00000000,0.00000000,0.00000000,0.00000000,0.00000000,0.00000000,0.00000000,0.00000000,0.00000000,0.00000000,0.00000000,0.00000000,0.00000000,0.00000000,0.00000000,0.00000000,0.00000000,0.00000000,0.00000000,0.00000000,0.00000000,0.00000000,0.00000000,0.00000000,0.00000000,0.00000000,0.00000000,0.00000000,0.00000000,0.00000000,0.00000000,0.00000000,0.00000000,0.00000000,0.00000000,0.00000000,0.00000000,0.00000000,0.00000000,0.00000000,0.00000000,0.00000000,0.00000000,0.00000000,0.00000000,0.00000000,0.00000000,0.00000000,0.00000000,0.00166024,0.00000000,0.00000000,0.00306061,0.00000000,0.00000000,0.00000000,0.00000000,0.00000000,0.00000000,0.00000000,0.00000000,0.00000000,0.00000000,0.00000000,0.00000000,0.00000000,0.00000000,0.00000000,0.00000000,0.00000000,0.00000000,0.00000000,0.00000000,0.00000000,0.00000000,0.01090654,0.00311866,0.00098335,0.00000000,0.00000000,0.00000000,0.00000000,0.00000000,0.00000000,0.00000000,0.00000000,0.00000000,0.00000000,0.00000000,0.00000000,0.00000000,0.00000000,0.00000000,0.00000000,0.00000000,0.00000000,0.02864097,2.69934823,0.00450665,0.16944588,5.36935653,0.11784192,0.22333105,0.00317573,0.09437427,0.00000000,0.00075319,0.04046764,0.00000000
0.00000000,0.00000000,0.00000000,0.00000000,0.00000000,0.00000000,0.00000000,0.00000000,0.00000000,0.00000000,0.00000000,0.00000000,0.00000000,0.00000000,0.00000000,0.00000000,0.00000000,0.00000000,0.00000000,0.00000000,0.00000000,0.00000000,0.00000000,0.00000000,0.00000000,0.00000000,0.00000000,0.00000000,0.00000000,0.00000000,0.00000000,0.00000000,0.00000000,0.00000000,0.00000000,0.00000000,0.00000000,0.00000000,0.00000000,0.00000000,0.00000000,0.00000000,0.00000000,0.00000000,0.00000000,0.00000000,0.00000000,0.00000000,0.00000000,0.00000000,0.00000000,0.00000000,0.00000000,0.00000000,0.00000000,0.00000000,0.00000000,0.00000000,0.00000000,0.00000000,0.00000000,0.00000000,0.00000000,0.00000000,0.00000000,0.00000000,0.00000000,0.00000000,0.00000000,0.00000000,0.00000000,0.00000000,0.00000000,0.00904842,0.00109123,0.07498118,0.00384851,0.00933221,0.04522314,0.00000000,0.02038226,0.00103938,0.00000000,0.00000000,0.00000000,0.00852309,0.00000000,0.00000000,0.00000000,0.00000000,0.00000000,0.00120890,0.00000000,0.00331004,0.00140400,0.00377883,0.00533656,0.00523681,0.00595015,0.00000000,0.00000000,0.00000000,0.00000000,0.00000000,0.00000000,0.00000000,0.00000000,0.00000000,0.00000000,0.00000000,0.00000000,0.00000000,0.00000000,0.00000000,0.00000000,0.00890691,0.00000000,0.06429786,0.00000000,0.01870469,0.04071609,0.02864097,0.00000000,0.33538721,3.50076172,2.91780713,2.68818752,1.25189894,0.00422132,0.01532676,0.00654171,0.00590397,0.03121496,0.01937508,0.00316001
0.00000000,0.00000000,0.00000000,0.00000000,0.00000000,0.00000000,0.00000000,0.00000000,0.00000000,0.00000000,0.00000000,0.00000000,0.00000000,0.00000000,0.00000000,0.00000000,0.00000000,0.00434396,0.00537798,0.00000000,0.00000000,0.00620394,0.00252566,0.00891113,0.00638990,0.00000000,0.01605624,0.00000000,0.00637058,0.00000000,0.00000000,0.00000000,0.00491259,0.00000000,0.15963548,0.04755248,0.09565170,0.05549103,0.01305474,0.09223361,0.00774737,0.22797745,0.01494949,0.02666208,0.03992600,0.30953075,0.04373019,0.00803255,0.04152908,0.03830205,0.16244504,0.01726303,0.16399684,0.05002850,0.26726035,0.01273220,0.00199695,0.01258195,0.00251677,0.00595347,0.00622997,0.01859353,0.00331761,0.01354948,0.01416521,0.01833477,0.01166211,0.01260036,0.01488251,0.00935375,0.00822977,0.00580413,0.01282084,0.70158889,0.16869302,0.00217476,0.00710894,0.00000000,0.01001986,0.03400237,0.00888723,0.00000000,0.06393384,0.14351298,0.03974453,0.02645671,0.05022998,0.09961076,0.03882347,0.16026055,0.03883509,0.26161793,0.04274834,0.17937722,0.07391788,0.32009585,0.11665942,0.21590825,0.15012828,0.34168273,0.39474494,0.05532049,0.02969511,0.00471214,0.04694760,0.13048703,0.00334060,0.00938417,0.00831804,0.00830941,0.01726777,0.17679825,0.01647266,0.04262062,0.07451871,0.41715190,0.04013677,1.40014467,0.08359496,0.44588027,0.71490810,2.69934823,0.33538721,0.00000000,0.52707551,7.41146954,27.26624073,42.41739863,0.28166959,0.00573763,1.07679671,0.00742474,0.09589668,0.46909984,0.35975569
0.00000000,0.00000000,0.00000000,0.00000000,0.00000000,0.00000000,0.00000000,0.00000000,0.00000000,0.00000000,0.00000000,0.00000000,0.00000000,0.00000000,0.00000000,0.00000000,0.00000000,0.00000000,0.00000000,0.00000000,0.00000000,0.00000000,0.00000000,0.00000000,0.00000000,0.00000000,0.00000000,0.00000000,0.00000000,0.00000000,0.00000000,0.00000000,0.00000000,0.00000000,0.00000000,0.00000000,0.00000000,0.00000000,0.00000000,0.00000000,0.00000000,0.00000000,0.00000000,0.00000000,0.00000000,0.00000000,0.00000000,0.00000000,0.00000000,0.00000000,0.00000000,0.00000000,0.00000000,0.00000000,0.00000000,0.00505375,0.00000000,0.00413160,0.00557954,0.00499649,0.00387455,0.00925353,0.00249187,0.00566740,0.00428048,0.00773934,0.00397977,0.00699098,0.00660627,0.00130156,0.00204702,0.00197512,0.00326266,0.00830722,0.00173817,0.02400424,0.00861846,0.01474237,0.08850482,0.00000000,0.06638670,0.00498256,0.00000000,0.00000000,0.00000000,0.03447161,0.00000000,0.00000000,0.00000000,0.00000000,0.00000000,0.00000000,0.00000000,0.00000000,0.00167334,0.00076718,0.00629597,0.00362838,0.00499080,0.00000000,0.00000000,0.00000000,0.00076987,0.00000000,0.00000000,0.00137285,0.00000000,0.00000000,0.00000000,0.00000000,0.00000000,0.00000000,0.00000000,0.00514311,0.00360619,0.00000000,0.00790411,0.03317744,0.01334244,0.00488655,0.03421951,0.00450665,3.50076172,0.52707551,0.00000000,1.81491745,1.97895408,14.40499996,0.00000000,0.00539367,0.00816401,0.15028419,0.02867129,0.01149366,0.06100432
0.00000000,0.00000000,0.00000000,0.00000000,0.00000000,0.00000000,0.00000000,0.00000000,0.00000000,0.00000000,0.00000000,0.00000000,0.00000000,0.00000000,0.00000000,0.00000000,0.00000000,0.00000000,0.00000000,0.00000000,0.00000000,0.00000000,0.00000000,0.00000000,0.00000000,0.00000000,0.00000000,0.00000000,0.00000000,0.00000000,0.00000000,0.00000000,0.00000000,0.00000000,0.00685678,0.00000000,0.01885665,0.01140625,0.00322934,0.02330832,0.00000000,0.04803927,0.00000000,0.00649621,0.00322693,0.08531584,0.00682035,0.00000000,0.00000000,0.00127879,0.02812694,0.00000000,0.01342329,0.00000000,0.00351157,0.03393031,0.01398773,0.02397475,0.01563910,0.01638926,0.02453090,0.03899932,0.01425698,0.02758179,0.02736541,0.03989756,0.02079082,0.03307621,0.02319877,0.01571767,0.01938989,0.01526712,0.02008441,0.22681316,0.06967794,0.00000000,0.00000000,0.00131551,0.00419927,0.00901934,0.01907032,0.00412430,0.02083550,0.04534994,0.01798982,0.05010818,0.01703431,0.03899153,0.01526380,0.05394525,0.01054135,0.07994207,0.02781462,0.09663287,0.06714432,0.12854791,0.14850164,0.16458455,0.14895757,0.06610115,0.11762240,0.00673426,0.00678930,0.00000000,0.00796617,0.03004623,0.00000000,0.00000000,0.00000000,0.00000000,0.00663211,0.05039940,0.00418291,0.01645896,0.02665238,0.15549452,0.02045710,0.82656329,0.04014178,0.29462665,0.61470895,0.16944588,2.91780713,7.41146954,1.81491745,0.00000000,22.83216919,3.53243885,0.00861605,0.03232238,0.13024315,0.04238498,0.13076938,0.09620264,0.04187282
0.00000000,0.00000000,0.00000000,0.00000000,0.00000000,0.00000000,0.00000000,0.00000000,0.00000000,0.00000000,0.00000000,0.00000000,0.00000000,0.00000000,0.00000000,0.00000000,0.00000000,0.00000000,0.00000000,0.00000000,0.00000000,0.00000000,0.00000000,0.00000000,0.00000000,0.00000000,0.00000000,0.00000000,0.00000000,0.00000000,0.00000000,0.00000000,0.00000000,0.00000000,0.06100890,0.02320258,0.06390645,0.04327654,0.00868183,0.05711076,0.00000000,0.16705163,0.00507971,0.00992321,0.01722507,0.18374827,0.01163113,0.00000000,0.01184897,0.01092559,0.08399769,0.00000000,0.06643747,0.01433378,0.04976680,0.19778499,0.08376203,0.13771982,0.09095037,0.10317629,0.16323397,0.29771994,0.08737698,0.17912592,0.17124714,0.21876333,0.11565261,0.18467178,0.15182198,0.08080252,0.09465406,0.07132632,0.09402288,0.37887817,0.09496077,0.03421456,0.06955152,0.04997136,0.30260308,0.22794940,1.31934693,0.07354563,0.28532845,0.72336392,0.22565158,1.56977874,0.18775005,0.35761040,0.30823300,0.27410770,0.09959793,0.33166937,0.26934749,0.32754365,0.35435923,0.37619066,0.51577638,0.41666965,0.33380916,0.26869398,0.46086406,0.03914957,0.02693116,0.00271154,0.02844970,0.08406676,0.00285635,0.00658193,0.00795051,0.00366206,0.01797291,0.12953182,0.00995563,0.04352157,0.05636563,0.31682939,0.06129310,1.21725036,0.11707365,0.49906438,0.84343260,5.36935653,2.68818752,27.26624073,1.97895408,22.83216919,0.00000000,8.52395431,0.06074577,0.02984084,0.37605104,0.01298470,0.06891157,0.24809740,0.07152203
0.00000000,0.00000000,0.00000000,0.00000000,0.00000000,0.00000000,0.00000000,0.00000000,0.00000000,0.00000000,0.00000000,0.00000000,0.00000000,0.00000000,0.00000000,0.00000000,0.00000000,0.00000000,0.00000000,0.00000000,0.00000000,0.00000000,0.00000000,0.00000000,0.00000000,0.00000000,0.00000000,0.00000000,0.00000000,0.00000000,0.00000000,0.00000000,0.00000000,0.00000000,0.00614300,0.00000000,0.03888017,0.03427360,0.01332033,0.06562114,0.00500040,0.13937352,0.01466729,0.02223288,0.05995378,0.18973921,0.03940367,0.02805623,0.07359347,0.03972170,0.05090077,0.02070158,0.04069518,0.00463059,0.02769746,0.04986452,0.02202585,0.03407805,0.03825489,0.04043162,0.05311289,0.10049302,0.03565339,0.07584926,0.06208661,0.07373628,0.05480716,0.06846961,0.07238115,0.03861259,0.04258436,0.03029166,0.04764857,0.48380071,0.14249724,0.00894782,0.00770312,0.01791158,0.06471445,0.01430123,0.13302494,0.02481981,0.03567086,0.08432188,0.03059521,0.18237742,0.03653899,0.07631829,0.03330052,0.09759516,0.02948502,0.17858600,0.05354764,0.16096745,0.09729634,0.21780832,0.18185886,0.22373413,0.18122067,0.22867582,0.35736924,0.02742910,0.02940806,0.00327333,0.02272904,0.10598235,0.00346227,0.00868781,0.00911953,0.00771960,0.03368089,0.15857429,0.02251715,0.09976067,0.15948467,0.51164671,0.15333154,2.05430550,0.30402805,0.79449555,1.33927555,0.11784192,1.25189894,42.41739863,14.40499996,3.53243885,8.52395431,0.00000000,0.00000000,0.00120007,0.29188449,0.05990708,0.02102122,0.07202558,0.57468725
0.00000000,0.00000000,0.00000000,0.00000000,0.00000000,0.00000000,0.00000000,0.00000000,0.00000000,0.00000000,0.00000000,0.00000000,0.00276331,0.00000000,0.00000000,0.00000000,0.00000000,0.00000000,0.00000000,0.00000000,0.00000000,0.00000000,0.00000000,0.00000000,0.00000000,0.00000000,0.00000000,0.00000000,0.00000000,0.00000000,0.00000000,0.00000000,0.00000000,0.00000000,0.00000000,0.00000000,0.00531450,0.00907682,0.00481128,0.00000000,0.00000000,0.00000000,0.00000000,0.00000000,0.00000000,0.00000000,0.00000000,0.00000000,0.00000000,0.00000000,0.00000000,0.00000000,0.00000000,0.00000000,0.00000000,0.00000000,0.00000000,0.00000000,0.00000000,0.00000000,0.00000000,0.00000000,0.00000000,0.00000000,0.00000000,0.00000000,0.00000000,0.00000000,0.00000000,0.00000000,0.00000000,0.00000000,0.00000000,0.00000000,0.00000000,0.00000000,0.00000000,0.00000000,0.00000000,0.00000000,0.00000000,0.00000000,0.00000000,0.00000000,0.00000000,0.00000000,0.00000000,0.00000000,0.00000000,0.00000000,0.00000000,0.00000000,0.00000000,0.00000000,0.00000000,0.00000000,0.00000000,0.00000000,0.00000000,0.00000000,0.00000000,0.00000000,0.00000000,0.00000000,0.00000000,0.00000000,0.00000000,0.00000000,0.00000000,0.00000000,0.00000000,0.00000000,0.00000000,0.00000000,0.00000000,0.00000000,0.00000000,0.00000000,0.00000000,0.00000000,0.00000000,0.22333105,0.00422132,0.28166959,0.00000000,0.00861605,0.06074577,0.00000000,0.00000000,0.04340658,3.12639032,0.00853339,0.16888314,5.58835589,0.12227184
0.00084454,0.00116352,0.00094837,0.00137361,0.00105191,0.00070298,0.00100625,0.00064786,0.00065252,0.00000000,0.00000000,0.00000000,0.07559841,0.00000000,0.01697690,0.00000000,0.00212257,0.00000000,0.00000000,0.00946562,0.00000000,0.00000000,0.00057917,0.00000000,0.00000000,0.00000000,0.00000000,0.00000000,0.00083604,0.00052086,0.00340631,0.00137714,0.00571998,0.00558474,0.00000000,0.00000000,0.00000000,0.00000000,0.00000000,0.00000000,0.00000000,0.00000000,0.00000000,0.00000000,0.00000000,0.00000000,0.00000000,0.00000000,0.00000000,0.00000000,0.00000000,0.00076689,0.00751950,0.00231340,0.03018502,0.00000000,0.00000000,0.00000000,0.00000000,0.00000000,0.00000000,0.00000000,0.00000000,0.00000000,0.00000000,0.00000000,0.00000000,0.00000000,0.00000000,0.00000000,0.00000000,0.00000000,0.00000000,0.00000000,0.00000000,0.00000000,0.00000000,0.00000000,0.00000000,0.00000000,0.00000000,0.00000000,0.00000000,0.00000000,0.00000000,0.00000000,0.00000000,0.00000000,0.00000000,0.00000000,0.00000000,0.00000000,0.00000000,0.00000000,0.00000000,0.00000000,0.00000000,0.00000000,0.00000000,0.00000000,0.00000000,0.00000000,0.00000000,0.00000000,0.00000000,0.00000000,0.00000000,0.00000000,0.00000000,0.00000000,0.00000000,0.00000000,0.00000000,0.00000000,0.00000000,0.00000000,0.00000000,0.00000000,0.00000000,0.00000000,0.00000000,0.00317573,0.01532676,0.00573763,0.00539367,0.03232238,0.02984084,0.00120007,0.04340658,0.00000000,0.21219331,3.27891245,1.33992963,2.11842653,1.12717779
0.01205184,0.00831206,0.01760794,0.01235842,0.01538177,0.00673951,0.02312135,0.01090564,0.01531377,0.00000000,0.00000000,0.00000000,0.00854073,0.04684950,0.00150820,0.09070714,0.00000000,0.10778991,0.09179461,0.01480185,0.09176892,0.08004078,0.06522464,0.12963472,0.09088011,0.01290216,0.18900149,0.02689405,0.14173176,0.02600340,0.07516020,0.02985795,0.14490844,0.08260257,0.62606007,0.19485627,0.06679508,0.05484616,0.01196843,0.05898102,0.00591077,0.16439916,0.01197982,0.01946754,0.03795668,0.23055115,0.02721468,0.01602479,0.09029349,0.04718240,0.24323340,0.08641009,0.28553986,0.23410988,0.89347070,0.00000000,0.00000000,0.00000000,0.00000000,0.00000000,0.00000000,0.00000000,0.00000000,0.00000000,0.00000000,0.00000000,0.00000000,0.00000000,0.00000000,0.00000000,0.00000000,0.00000000,0.00000000,0.06013424,0.01606205,0.00000000,0.00000000,0.00000000,0.00000000,0.00000000,0.00000000,0.00000000,0.00000000,0.00904470,0.00000000,0.00000000,0.00000000,0.00477733,0.00000000,0.01039065,0.00234769,0.02104019,0.00000000,0.00791044,0.00000000,0.01547495,0.00214723,0.00761471,0.00336562,0.05720304,0.09112824,0.05013842,0.03370416,0.00376615,0.07364165,0.22293695,0.00276654,0.00837359,0.00859542,0.00805913,0.01182098,0.17196162,0.02133531,0.02047424,0.03585286,0.21005095,0.00986880,0.53004873,0.00615178,0.07459595,0.08836975,0.09437427,0.00654171,1.07679671,0.00816401,0.13024315,0.37605104,0.29188449,3.12639032,0.21219331,0.00000000,0.35034465,4.05349829,22.23358109,34.96962877
0.00843776,0.00754661,0.01098802,0.00992078,0.01385975,0.00493729,0.01165369,0.00814952,0.00804343,0.00000000,0.00000000,0.00000000,0.10082188,0.00000000,0.03419608,0.00000000,0.00501649,0.00000000,0.00117147,0.02208745,0.00000000,0.00000000,0.00217326,0.00000000,0.00000000,0.00000000,0.00000000,0.00000000,0.00000000,0.00140434,0.00272007,0.00323548,0.00614903,0.00361020,0.00000000,0.00000000,0.00000000,0.00000000,0.00000000,0.00000000,0.00000000,0.00000000,0.00000000,0.00000000,0.00000000,0.00000000,0.00000000,0.00816944,0.00619770,0.00000000,0.00000000,0.01080940,0.00167732,0.00000000,0.01365897,0.00000000,0.00000000,0.00000000,0.00000000,0.00000000,0.00000000,0.00000000,0.00000000,0.00000000,0.00000000,0.00000000,0.00000000,0.00000000,0.00000000,0.00000000,0.00000000,0.00000000,0.00000000,0.00000000,0.00000000,0.00000000,0.00000000,0.00000000,0.00000000,0.00000000,0.00000000,0.00000000,0.00000000,0.00000000,0.00000000,0.00000000,0.00000000,0.00000000,0.00000000,0.00000000,0.00000000,0.00000000,0.00000000,0.00000000,0.00000000,0.00000000,0.00000000,0.00000000,0.00000000,0.00000000,0.00000000,0.00000000,0.00000000,0.00000000,0.00000000,0.00000000,0.00000000,0.00000000,0.00000000,0.00000000,0.00000000,0.00000000,0.00000000,0.00000000,0.00000000,0.00000000,0.00000000,0.00000000,0.00000000,0.00000000,0.00000000,0.00000000,0.00590397,0.00742474,0.15028419,0.04238498,0.01298470,0.05990708,0.00853339,3.27891245,0.35034465,0.00000000,0.51950797,1.17470707,12.65732925
0.02289945,0.01868749,0.03095615,0.02050620,0.03294528,0.01203937,0.04379718,0.01763591,0.02135728,0.00194198,0.00000000,0.00000000,0.00301091,0.00967299,0.00454136,0.02579457,0.00206748,0.02227600,0.02387879,0.02315808,0.02674271,0.01895228,0.02818370,0.02776283,0.02315210,0.00857749,0.04540103,0.01755245,0.05065576,0.03151304,0.06539466,0.04263294,0.11716399,0.07917323,0.08493795,0.03490086,0.00614571,0.00742286,0.00000000,0.00944268,0.00000000,0.02251874,0.00000000,0.00000000,0.00878885,0.04271124,0.00468466,0.00617286,0.02267497,0.00552545,0.05376783,0.02604074,0.09424034,0.11377123,0.39041242,0.00000000,0.00000000,0.00000000,0.00000000,0.00000000,0.00000000,0.00000000,0.00000000,0.00000000,0.00000000,0.00000000,0.00000000,0.00000000,0.00000000,0.00000000,0.00000000,0.00000000,0.00000000,0.00000000,0.00000000,0.00000000,0.00000000,0.00000000,0.00000000,0.00000000,0.00000000,0.00000000,0.00000000,0.00000000,0.00000000,0.00000000,0.00000000,0.00000000,0.00000000,0.00000000,0.00000000,0.00000000,0.00000000,0.00000000,0.00000000,0.00000000,0.00000000,0.00000000,0.00000000,0.00000000,0.00000000,0.00000000,0.00551996,0.00000000,0.00731902,0.02976489,0.00000000,0.00000000,0.00000000,0.00000000,0.00000000,0.02126373,0.00097077,0.00000000,0.00000000,0.01360554,0.00000000,0.02711770,0.00000000,0.00000000,0.00000000,0.00075319,0.03121496,0.09589668,0.02867129,0.13076938,0.06891157,0.02102122,0.16888314,1.33992963,4.05349829,0.51950797,0.00000000,22.01687981,2.43787113
0.19317036,0.14471046,0.24279050,0.15123628,0.25365465,0.08030799,0.20175484,0.13283356,0.13597536,0.02646352,0.01027760,0.00216501,0.77833421,0.47041969,0.74084433,0.55825731,0.09820501,0.54361982,1.05221336,1.19728803,0.48042658,0.42766547,1.01151515,0.35544758,0.33668456,0.24272461,0.29150481,0.22046223,0.29411846,0.29593740,0.37967502,0.24463722,0.47980358,0.28059197,0.50256872,0.19275885,0.04946247,0.04079538,0.00913083,0.04010760,0.00370662,0.10864666,0.00973831,0.01089376,0.03033384,0.14989426,0.01454761,0.02995144,0.07917231,0.02457998,0.19452488,0.09908009,0.27423949,0.33215477,1.12047009,0.00000000,0.00000000,0.00000000,0.00000000,0.00000000,0.00000000,0.00000000,0.00000000,0.00000000,0.00000000,0.00000000,0.00000000,0.00000000,0.00000000,0.00000000,0.00000000,0.00000000,0.00000000,0.01519781,0.00139098,0.00000000,0.00000000,0.00000000,0.00000000,0.00000000,0.00000000,0.00000000,0.00000000,0.00000000,0.00000000,0.00000000,0.00000000,0.00000000,0.00000000,0.00000000,0.00000000,0.00591366,0.00000000,0.00000000,0.00000000,0.00000000,0.00000000,0.00000000,0.00000000,0.02293867,0.04023248,0.03327156,0.02567700,0.00000000,0.05333737,0.15059241,0.00000000,0.00331517,0.00273396,0.00080572,0.01016486,0.13013351,0.00657874,0.00998458,0.01148867,0.12423672,0.00000000,0.22372405,0.00000000,0.02548196,0.02189436,0.04046764,0.01937508,0.46909984,0.01149366,0.09620264,0.24809740,0.07202558,5.58835589,2.11842653,22.23358109,1.17470707,22.01687981,0.00000000,8.87394457
0.12983744,0.10024636,0.13860238,0.12098194,0.18996275,0.06986241,0.15518440,0.12001704,0.13168783,0.01292866,0.00557595,0.00000000,0.09766234,0.02910255,0.09183135,0.05742411,0.03064614,0.05937623,0.08725210,0.15700059,0.05905478,0.05908641,0.08815347,0.09092497,0.09523109,0.02388884,0.17208794,0.04513186,0.14914889,0.07324445,0.13515158,0.08385637,0.24254732,0.15623690,0.34424022,0.14493355,0.02179151,0.03067411,0.00836481,0.04381855,0.00544273,0.10174488,0.01439862,0.01793905,0.05639498,0.21897306,0.03241819,0.08571203,0.22150336,0.06825449,0.29887009,0.31227176,0.44581155,0.44875229,1.55073834,0.00000000,0.00000000,0.00000000,0.00000000,0.00000000,0.00000000,0.00000000,0.00000000,0.00000000,0.00000000,0.00000000,0.00000000,0.00000000,0.00000000,0.00000000,0.00000000,0.00000000,0.00000000,0.00552678,0.00000000,0.00000000,0.00000000,0.00000000,0.00000000,0.00000000,0.00000000,0.00000000,0.00000000,0.00000000,0.00000000,0.00000000,0.00000000,0.00000000,0.00000000,0.00000000,0.00000000,0.00000000,0.00000000,0.00000000,0.00000000,0.00000000,0.00000000,0.00000000,0.00000000,0.00000000,0.00000000,0.01680915,0.02587920,0.00363665,0.02497630,0.11795187,0.00269668,0.00591521,0.02082869,0.00403777,0.05993424,0.05951643,0.02350563,0.07403566,0.06690166,0.04051944,0.03073341,0.11742727,0.00897389,0.00801350,0.01307905,0.00000000,0.00316001,0.35975569,0.06100432,0.04187282,0.07152203,0.57468725,0.12227184,1.12717779,34.96962877,12.65732925,2.43787113,8.87394457,0.00000000
