0.00000000,12.12214250,34.79545125,46.05831094,30.76300524,30.15678253,60.17051041,41.37579110,55.33876098,46.63622952,48.08593988,0.00000000,65.73957539,54.06890740,57.41157423,0.00000000,0.00000000,57.26082826,0.00000000,70.80363846,0.00000000,0.00000000,0.00000000,0.00000000,71.41224247,0.00000000,0.00000000,0.00000000,0.00000000,0.00000000,0.00000000,0.00000000,0.00000000,0.00000000,0.00000000,0.00000000,0.00000000,0.00000000,0.00000000,0.00000000,0.00000000,0.00000000,0.00000000,0.00000000,0.00000000,0.00000000,0.00000000,0.00000000,0.00000000,0.00000000,0.00000000,0.00000000,0.00000000,0.00000000,0.00000000,0.00000000,0.00000000,0.00000000,0.00000000,0.00000000,0.00000000,0.00000000,0.00000000,0.00000000,0.00000000,0.00000000,0.00000000,0.00000000,0.00000000,0.00000000,0.00000000,0.00000000,0.00000000,0.00000000,0.00000000,0.00000000,0.00000000,0.00000000,0.00000000,0.00000000,0.00000000,0.00000000,0.00000000,0.00000000,0.00000000,0.00000000,0.00000000,0.00000000,0.00000000,0.00000000,0.00000000,0.00000000,0.00000000,0.00000000,0.00000000,0.00000000,0.00000000,0.00000000,0.00000000,0.00000000,0.00000000,0.00000000,0.00000000,0.00000000,0.00000000,0.00000000,0.00000000,0.00000000,0.00000000,0.00000000,0.00000000,0.00000000,0.00000000,0.00000000,0.00000000,0.00000000,0.00000000,0.00000000,0.00000000,0.00000000,0.00000000,0.00000000,0.00000000,0.00000000,0.00000000,0.00000000,0.00000000,0.00000000,0.00000000,0.00000000,0.00000000,0.00000000,0.00000000,0.00000000,0.00000000,0.00000000,0.00000000,0.00000000,0.00000000,0.00000000,0.00000000,0.00000000,0.00000000,0.00000000,0.00000000,0.00000000,0.00000000,0.00000000,0.00000000,0.00000000,0.00000000,0.00000000,0.00000000,0.00000000,0.00000000,0.00000000,0.00000000,0.00000000,0.00000000,0.00000000,0.00000000,0.00000000,0.00000000,0.00000000,0.00000000,0.00000000,0.00000000,0.00000000,0.00000000,0.00000000,0.00000000,0.00000000,0.00000000,0.00000000,0.00000000,0.00000000,0.00000000,0.00000000,0.00000000,0.00000000,0.00000000,0.00000000,0.00000000,0.00000000,0.00000000,0.00000000,0.00000000,0.00000000,0.00000000,0.00000000,0.00000000,0.00000000,0.00000000,0.00000000
12.12214250,0.00000000,13.80532907,29.77802896,11.09485109,16.37231220,46.79003906,22.04611203,39.90083172,32.76169119,44.74648262,63.10891015,61.09563637,41.98976741,48.25398887,59.44258842,0.00000000,54.01297869,0.00000000,61.28673718,0.00000000,0.00000000,64.09059753,67.04113350,60.78906087,0.00000000,0.00000000,70.39128356,0.00000000,74.72475357,0.00000000,0.00000000,0.00000000,0.00000000,0.00000000,0.00000000,0.00000000,0.00000000,0.00000000,0.00000000,0.00000000,0.00000000,0.00000000,0.00000000,0.00000000,0.00000000,0.00000000,0.00000000,0.00000000,0.00000000,0.00000000,0.00000000,0.00000000,0.00000000,0.00000000,0.00000000,0.00000000,0.00000000,0.00000000,0.00000000,0.00000000,0.00000000,0.00000000,0.00000000,0.00000000,0.00000000,0.00000000,0.00000000,0.00000000,0.00000000,0.00000000,0.00000000,0.00000000,0.00000000,0.00000000,0.00000000,0.00000000,0.00000000,0.00000000,0.00000000,0.00000000,0.00000000,0.00000000,0.00000000,0.00000000,0.00000000,0.00000000,0.00000000,0.00000000,0.00000000,0.00000000,0.00000000,0.00000000,0.00000000,0.00000000,0.00000000,0.00000000,0.00000000,0.00000000,0.00000000,0.00000000,0.00000000,0.00000000,0.00000000,0.00000000,0.00000000,0.00000000,0.00000000,0.00000000,0.00000000,0.00000000,0.00000000,0.00000000,0.00000000,0.00000000,0.00000000,0.00000000,0.00000000,0.00000000,0.00000000,0.00000000,0.00000000,0.00000000,0.00000000,0.00000000,0.00000000,0.00000000,0.00000000,0.00000000,0.00000000,0.00000000,0.00000000,0.00000000,0.00000000,0.00000000,0.00000000,0.00000000,0.00000000,0.00000000,0.00000000,0.00000000,0.00000000,0.00000000,0.00000000,0.00000000,0.00000000,0.00000000,0.00000000,0.00000000,0.00000000,0.00000000,0.00000000,0.00000000,0.00000000,0.00000000,0.00000000,0.00000000,0.00000000,0.00000000,0.00000000,0.00000000,0.00000000,0.00000000,0.00000000,0.00000000,0.00000000,0.00000000,0.00000000,0.00000000,0.00000000,0.00000000,0.00000000,0.00000000,0.00000000,0.00000000,0.00000000,0.00000000,0.00000000,0.00000000,0.00000000,0.00000000,0.00000000,0.00000000,0.00000000,0.00000000,0.00000000,0.00000000,0.00000000,0.00000000,0.00000000,0.00000000,0.00000000,0.00000000,0.00000000
34.79545125,13.80532907,0.00000000,12.74884823,11.54739478,24.59990939,32.08097383,12.80444032,24.82972620,34.70589300,44.95510578,0.00000000,48.51057134,37.43339873,47.99140349,0.00000000,0.00000000,45.21040106,0.00000000,49.33085034,0.00000000,0.00000000,40.96936598,63.87286472,56.52874701,0.00000000,0.00000000,0.00000000,0.00000000,70.30698140,0.00000000,0.00000000,0.00000000,0.00000000,0.00000000,0.00000000,0.00000000,0.00000000,0.00000000,0.00000000,0.00000000,0.00000000,0.00000000,0.00000000,0.00000000,0.00000000,0.00000000,0.00000000,0.00000000,0.00000000,0.00000000,0.00000000,0.00000000,0.00000000,0.00000000,0.00000000,0.00000000,0.00000000,0.00000000,0.00000000,0.00000000,0.00000000,0.00000000,0.00000000,0.00000000,0.00000000,0.00000000,0.00000000,0.00000000,0.00000000,0.00000000,0.00000000,0.00000000,0.00000000,0.00000000,0.00000000,0.00000000,0.00000000,0.00000000,0.00000000,0.00000000,0.00000000,0.00000000,0.00000000,0.00000000,0.00000000,0.00000000,0.00000000,0.00000000,0.00000000,0.00000000,0.00000000,0.00000000,0.00000000,0.00000000,0.00000000,0.00000000,0.00000000,0.00000000,0.00000000,0.00000000,0.00000000,0.00000000,0.00000000,0.00000000,0.00000000,0.00000000,0.00000000,0.00000000,0.00000000,0.00000000,0.00000000,0.00000000,0.00000000,0.00000000,0.00000000,0.00000000,0.00000000,0.00000000,0.00000000,0.00000000,0.00000000,0.00000000,0.00000000,0.00000000,0.00000000,0.00000000,0.00000000,0.00000000,0.00000000,0.00000000,0.00000000,0.00000000,0.00000000,0.00000000,0.00000000,0.00000000,0.00000000,0.00000000,0.00000000,0.00000000,0.00000000,0.00000000,0.00000000,0.00000000,0.00000000,0.00000000,0.00000000,0.00000000,0.00000000,0.00000000,0.00000000,0.00000000,0.00000000,0.00000000,0.00000000,0.00000000,0.00000000,0.00000000,0.00000000,0.00000000,0.00000000,0.00000000,0.00000000,0.00000000,0.00000000,0.00000000,0.00000000,0.00000000,0.00000000,0.00000000,0.00000000,0.00000000,0.00000000,0.00000000,0.00000000,0.00000000,0.00000000,0.00000000,0.00000000,0.00000000,0.00000000,0.00000000,0.00000000,0.00000000,0.00000000,0.00000000,0.00000000,0.00000000,0.00000000,0.00000000,0.00000000,0.00000000,0.00000000
46.05831094,29.77802896,12.74884823,0.00000000,28.48708363,35.06273745,17.74415000,13.50691732,13.59997749,39.78020567,45.80268084,0.00000000,37.90904746,32.34427261,50.02624149,0.00000000,0.00000000,35.54336362,43.64085897,36.89838183,0.00000000,0.00000000,45.97468144,62.71481895,51.45133591,0.00000000,0.00000000,0.00000000,0.00000000,68.61997223,0.00000000,0.00000000,0.00000000,0.00000000,0.00000000,0.00000000,0.00000000,0.00000000,0.00000000,0.00000000,0.00000000,0.00000000,0.00000000,0.00000000,0.00000000,0.00000000,0.00000000,0.00000000,0.00000000,0.00000000,0.00000000,0.00000000,0.00000000,0.00000000,0.00000000,0.00000000,0.00000000,0.00000000,0.00000000,0.00000000,0.00000000,0.00000000,0.00000000,0.00000000,0.00000000,0.00000000,0.00000000,0.00000000,0.00000000,0.00000000,0.00000000,0.00000000,0.00000000,0.00000000,0.00000000,0.00000000,0.00000000,0.00000000,0.00000000,0.00000000,0.00000000,0.00000000,0.00000000,0.00000000,0.00000000,0.00000000,0.00000000,0.00000000,0.00000000,0.00000000,0.00000000,0.00000000,0.00000000,0.00000000,0.00000000,0.00000000,0.00000000,0.00000000,0.00000000,0.00000000,0.00000000,0.00000000,0.00000000,0.00000000,0.00000000,0.00000000,0.00000000,0.00000000,0.00000000,0.00000000,0.00000000,0.00000000,0.00000000,0.00000000,0.00000000,0.00000000,0.00000000,0.00000000,0.00000000,0.00000000,0.00000000,0.00000000,0.00000000,0.00000000,0.00000000,0.00000000,0.00000000,0.00000000,0.00000000,0.00000000,0.00000000,0.00000000,0.00000000,0.00000000,0.00000000,0.00000000,0.00000000,0.00000000,0.00000000,0.00000000,0.00000000,0.00000000,0.00000000,0.00000000,0.00000000,0.00000000,0.00000000,0.00000000,0.00000000,0.00000000,0.00000000,0.00000000,0.00000000,0.00000000,0.00000000,0.00000000,0.00000000,0.00000000,0.00000000,0.00000000,0.00000000,0.00000000,0.00000000,0.00000000,0.00000000,0.00000000,0.00000000,0.00000000,0.00000000,0.00000000,0.00000000,0.00000000,0.00000000,0.00000000,0.00000000,0.00000000,0.00000000,0.00000000,0.00000000,0.00000000,0.00000000,0.00000000,0.00000000,0.00000000,0.00000000,0.00000000,0.00000000,0.00000000,0.00000000,0.00000000,0.00000000,0.00000000,0.00000000,0.00000000
30.76300524,11.09485109,11.54739478,28.48708363,0.00000000,10.54616742,47.80047562,10.21537179,35.80469270,14.28302234,28.85142227,53.92866734,54.38494339,24.30135602,31.44965723,45.95412827,49.07181406,43.53570123,0.00000000,56.55630089,0.00000000,0.00000000,0.00000000,51.93411636,44.66469075,0.00000000,0.00000000,62.57233256,0.00000000,59.45576216,0.00000000,0.00000000,0.00000000,0.00000000,0.00000000,0.00000000,0.00000000,0.00000000,0.00000000,0.00000000,0.00000000,0.00000000,0.00000000,0.00000000,0.00000000,0.00000000,0.00000000,0.00000000,0.00000000,0.00000000,0.00000000,0.00000000,0.00000000,0.00000000,0.00000000,0.00000000,0.00000000,0.00000000,81.34920756,0.00000000,0.00000000,0.00000000,0.00000000,0.00000000,0.00000000,0.00000000,0.00000000,0.00000000,0.00000000,78.79967088,0.00000000,0.00000000,0.00000000,0.00000000,0.00000000,0.00000000,0.00000000,0.00000000,0.00000000,0.00000000,0.00000000,0.00000000,0.00000000,0.00000000,0.00000000,0.00000000,0.00000000,0.00000000,0.00000000,0.00000000,0.00000000,0.00000000,0.00000000,0.00000000,0.00000000,0.00000000,0.00000000,0.00000000,0.00000000,0.00000000,0.00000000,0.00000000,0.00000000,0.00000000,0.00000000,0.00000000,0.00000000,0.00000000,0.00000000,0.00000000,0.00000000,0.00000000,0.00000000,0.00000000,0.00000000,0.00000000,0.00000000,0.00000000,0.00000000,0.00000000,0.00000000,0.00000000,0.00000000,0.00000000,0.00000000,0.00000000,0.00000000,0.00000000,0.00000000,0.00000000,0.00000000,0.00000000,0.00000000,0.00000000,0.00000000,0.00000000,0.00000000,0.00000000,0.00000000,0.00000000,0.00000000,0.00000000,0.00000000,0.00000000,0.00000000,0.00000000,0.00000000,0.00000000,0.00000000,0.00000000,0.00000000,0.00000000,0.00000000,0.00000000,0.00000000,0.00000000,0.00000000,0.00000000,0.00000000,0.00000000,0.00000000,0.00000000,0.00000000,0.00000000,0.00000000,0.00000000,0.00000000,0.00000000,0.00000000,0.00000000,0.00000000,0.00000000,0.00000000,0.00000000,0.00000000,0.00000000,0.00000000,0.00000000,0.00000000,0.00000000,0.00000000,0.00000000,0.00000000,0.00000000,0.00000000,0.00000000,0.00000000,0.00000000,0.00000000,0.00000000,0.00000000,0.00000000,0.00000000,0.00000000
30.15678253,16.37231220,24.59990939,35.06273745,10.54616742,0.00000000,52.16089312,14.91044861,40.43303698,10.05473504,11.79992756,41.39344668,61.96954269,25.05948967,21.83681698,32.74396046,52.30581225,44.06776128,0.00000000,59.76643917,58.70827942,0.00000000,0.00000000,39.80338160,38.27428281,61.61174874,0.00000000,54.35610471,0.00000000,50.54060385,0.00000000,0.00000000,0.00000000,0.00000000,0.00000000,0.00000000,0.00000000,0.00000000,0.00000000,0.00000000,0.00000000,0.00000000,0.00000000,0.00000000,0.00000000,0.00000000,0.00000000,0.00000000,0.00000000,0.00000000,0.00000000,0.00000000,0.00000000,0.00000000,0.00000000,0.00000000,0.00000000,0.00000000,75.95799300,0.00000000,71.74700699,0.00000000,0.00000000,0.00000000,0.00000000,0.00000000,0.00000000,0.00000000,70.35629272,76.57192630,0.00000000,0.00000000,0.00000000,0.00000000,0.00000000,0.00000000,0.00000000,0.00000000,79.73674913,0.00000000,0.00000000,0.00000000,0.00000000,71.33055735,0.00000000,0.00000000,0.00000000,0.00000000,0.00000000,0.00000000,0.00000000,0.00000000,0.00000000,0.00000000,0.00000000,0.00000000,0.00000000,0.00000000,0.00000000,0.00000000,0.00000000,0.00000000,0.00000000,0.00000000,0.00000000,0.00000000,0.00000000,0.00000000,0.00000000,0.00000000,0.00000000,0.00000000,0.00000000,0.00000000,0.00000000,0.00000000,0.00000000,0.00000000,0.00000000,0.00000000,0.00000000,0.00000000,0.00000000,0.00000000,0.00000000,0.00000000,0.00000000,0.00000000,0.00000000,0.00000000,0.00000000,0.00000000,0.00000000,0.00000000,0.00000000,0.00000000,0.00000000,0.00000000,0.00000000,0.00000000,0.00000000,0.00000000,0.00000000,0.00000000,0.00000000,0.00000000,0.00000000,0.00000000,0.00000000,0.00000000,0.00000000,0.00000000,0.00000000,0.00000000,0.00000000,0.00000000,0.00000000,0.00000000,0.00000000,0.00000000,0.00000000,0.00000000,0.00000000,0.00000000,0.00000000,0.00000000,0.00000000,0.00000000,0.00000000,0.00000000,0.00000000,0.00000000,0.00000000,0.00000000,0.00000000,0.00000000,0.00000000,0.00000000,0.00000000,0.00000000,0.00000000,0.00000000,0.00000000,0.00000000,0.00000000,0.00000000,0.00000000,0.00000000,0.00000000,0.00000000,0.00000000,0.00000000,0.00000000,0.00000000
60.17051041,46.79003906,32.08097383,17.74415000,47.80047562,52.16089312,0.00000000,33.26128178,13.88784594,49.60231850,56.96882248,0.00000000,14.85118329,40.81137606,52.97572381,0.00000000,0.00000000,32.33640229,39.17115733,23.54542156,0.00000000,0.00000000,34.50452564,65.90207434,47.92650629,0.00000000,0.00000000,70.53832722,0.00000000,67.44201088,0.00000000,0.00000000,0.00000000,0.00000000,0.00000000,0.00000000,0.00000000,0.00000000,0.00000000,0.00000000,0.00000000,0.00000000,0.00000000,0.00000000,0.00000000,0.00000000,0.00000000,0.00000000,0.00000000,0.00000000,0.00000000,0.00000000,0.00000000,0.00000000,0.00000000,0.00000000,0.00000000,0.00000000,0.00000000,0.00000000,0.00000000,0.00000000,0.00000000,0.00000000,0.00000000,0.00000000,0.00000000,0.00000000,0.00000000,0.00000000,0.00000000,0.00000000,0.00000000,0.00000000,0.00000000,0.00000000,0.00000000,0.00000000,0.00000000,0.00000000,0.00000000,0.00000000,0.00000000,0.00000000,0.00000000,0.00000000,0.00000000,0.00000000,0.00000000,0.00000000,0.00000000,0.00000000,0.00000000,0.00000000,0.00000000,0.00000000,0.00000000,0.00000000,0.00000000,0.00000000,0.00000000,0.00000000,0.00000000,0.00000000,0.00000000,0.00000000,0.00000000,0.00000000,0.00000000,0.00000000,0.00000000,0.00000000,0.00000000,0.00000000,0.00000000,0.00000000,0.00000000,0.00000000,0.00000000,0.00000000,0.00000000,0.00000000,0.00000000,0.00000000,0.00000000,0.00000000,0.00000000,0.00000000,0.00000000,0.00000000,0.00000000,0.00000000,0.00000000,0.00000000,0.00000000,0.00000000,0.00000000,0.00000000,0.00000000,0.00000000,0.00000000,0.00000000,0.00000000,0.00000000,0.00000000,0.00000000,0.00000000,0.00000000,0.00000000,0.00000000,0.00000000,0.00000000,0.00000000,0.00000000,0.00000000,0.00000000,0.00000000,0.00000000,0.00000000,0.00000000,0.00000000,0.00000000,0.00000000,0.00000000,0.00000000,0.00000000,0.00000000,0.00000000,0.00000000,0.00000000,0.00000000,0.00000000,0.00000000,0.00000000,0.00000000,0.00000000,0.00000000,0.00000000,0.00000000,0.00000000,0.00000000,0.00000000,0.00000000,0.00000000,0.00000000,0.00000000,0.00000000,0.00000000,0.00000000,0.00000000,0.00000000,0.00000000,0.00000000,0.00000000
41.37579110,22.04611203,12.80444032,13.50691732,10.21537179,14.91044861,33.26128178,0.00000000,13.77267610,13.30543773,31.54056483,59.30383530,46.99885913,12.86044662,25.82782626,45.57718404,61.77659194,26.88761303,44.61299706,41.38971551,66.56192638,0.00000000,54.54488594,47.76144386,36.20608484,50.74947425,0.00000000,62.91424561,0.00000000,56.03475432,0.00000000,0.00000000,0.00000000,0.00000000,0.00000000,0.00000000,0.00000000,0.00000000,0.00000000,0.00000000,0.00000000,0.00000000,0.00000000,0.00000000,0.00000000,0.00000000,0.00000000,0.00000000,0.00000000,0.00000000,0.00000000,0.00000000,0.00000000,0.00000000,0.00000000,0.00000000,0.00000000,0.00000000,80.41193826,0.00000000,0.00000000,0.00000000,0.00000000,0.00000000,0.00000000,0.00000000,0.00000000,0.00000000,0.00000000,80.98510742,0.00000000,0.00000000,0.00000000,0.00000000,0.00000000,0.00000000,0.00000000,0.00000000,84.24007416,0.00000000,0.00000000,0.00000000,0.00000000,0.00000000,0.00000000,0.00000000,0.00000000,0.00000000,0.00000000,0.00000000,0.00000000,0.00000000,0.00000000,0.00000000,0.00000000,0.00000000,0.00000000,0.00000000,0.00000000,0.00000000,0.00000000,0.00000000,0.00000000,0.00000000,0.00000000,0.00000000,0.00000000,0.00000000,0.00000000,0.00000000,0.00000000,0.00000000,0.00000000,0.00000000,0.00000000,0.00000000,0.00000000,0.00000000,0.00000000,0.00000000,0.00000000,0.00000000,0.00000000,0.00000000,0.00000000,0.00000000,0.00000000,0.00000000,0.00000000,0.00000000,0.00000000,0.00000000,0.00000000,0.00000000,0.00000000,0.00000000,0.00000000,0.00000000,0.00000000,0.00000000,0.00000000,0.00000000,0.00000000,0.00000000,0.00000000,0.00000000,0.00000000,0.00000000,0.00000000,0.00000000,0.00000000,0.00000000,0.00000000,0.00000000,0.00000000,0.00000000,0.00000000,0.00000000,0.00000000,0.00000000,0.00000000,0.00000000,0.00000000,0.00000000,0.00000000,0.00000000,0.00000000,0.00000000,0.00000000,0.00000000,0.00000000,0.00000000,0.00000000,0.00000000,0.00000000,0.00000000,0.00000000,0.00000000,0.00000000,0.00000000,0.00000000,0.00000000,0.00000000,0.00000000,0.00000000,0.00000000,0.00000000,0.00000000,0.00000000,0.00000000,0.00000000,0.00000000,0.00000000,0.00000000
55.33876098,39.90083172,24.82972620,13.59997749,35.80469270,40.43303698,13.88784594,13.77267610,0.00000000,37.01985626,53.61870465,68.91605835,25.12698082,16.83088147,42.04651591,56.74719205,68.29791811,13.16828105,45.41983674,15.94792213,74.08250952,0.00000000,38.43877950,60.22870841,35.54767874,0.00000000,0.00000000,71.52747686,0.00000000,62.26112608,0.00000000,0.00000000,0.00000000,0.00000000,0.00000000,0.00000000,0.00000000,0.00000000,0.00000000,0.00000000,0.00000000,0.00000000,0.00000000,0.00000000,0.00000000,0.00000000,0.00000000,0.00000000,0.00000000,0.00000000,0.00000000,0.00000000,0.00000000,0.00000000,0.00000000,0.00000000,0.00000000,0.00000000,79.52261734,0.00000000,0.00000000,0.00000000,0.00000000,0.00000000,0.00000000,0.00000000,0.00000000,0.00000000,0.00000000,0.00000000,0.00000000,0.00000000,0.00000000,0.00000000,0.00000000,0.00000000,0.00000000,0.00000000,0.00000000,0.00000000,0.00000000,0.00000000,0.00000000,0.00000000,0.00000000,0.00000000,0.00000000,0.00000000,0.00000000,0.00000000,0.00000000,0.00000000,0.00000000,0.00000000,0.00000000,0.00000000,0.00000000,0.00000000,0.00000000,0.00000000,0.00000000,0.00000000,0.00000000,0.00000000,0.00000000,0.00000000,0.00000000,0.00000000,0.00000000,0.00000000,0.00000000,0.00000000,0.00000000,0.00000000,0.00000000,0.00000000,0.00000000,0.00000000,0.00000000,0.00000000,0.00000000,0.00000000,0.00000000,0.00000000,0.00000000,0.00000000,0.00000000,0.00000000,0.00000000,0.00000000,0.00000000,0.00000000,0.00000000,0.00000000,0.00000000,0.00000000,0.00000000,0.00000000,0.00000000,0.00000000,0.00000000,0.00000000,0.00000000,0.00000000,0.00000000,0.00000000,0.00000000,0.00000000,0.00000000,0.00000000,0.00000000,0.00000000,0.00000000,0.00000000,0.00000000,0.00000000,0.00000000,0.00000000,0.00000000,0.00000000,0.00000000,0.00000000,0.00000000,0.00000000,0.00000000,0.00000000,0.00000000,0.00000000,0.00000000,0.00000000,0.00000000,0.00000000,0.00000000,0.00000000,0.00000000,0.00000000,0.00000000,0.00000000,0.00000000,0.00000000,0.00000000,0.00000000,0.00000000,0.00000000,0.00000000,0.00000000,0.00000000,0.00000000,0.00000000,0.00000000,0.00000000,0.00000000,0.00000000,0.00000000
46.63622952,32.76169119,34.70589300,39.78020567,14.28302234,10.05473504,49.60231850,13.30543773,37.01985626,0.00000000,9.92753252,44.23813705,54.38908686,10.57733107,13.09499426,30.68813122,50.67002630,30.85027204,0.00000000,51.44887056,54.76732342,0.00000000,0.00000000,33.74572745,25.64486510,59.16166051,0.00000000,49.15569458,0.00000000,43.17452104,0.00000000,0.00000000,0.00000000,0.00000000,0.00000000,0.00000000,0.00000000,0.00000000,0.00000000,0.00000000,0.00000000,0.00000000,0.00000000,0.00000000,0.00000000,0.00000000,0.00000000,0.00000000,0.00000000,0.00000000,0.00000000,0.00000000,0.00000000,0.00000000,0.00000000,0.00000000,0.00000000,0.00000000,70.50793493,0.00000000,0.00000000,0.00000000,0.00000000,0.00000000,0.00000000,0.00000000,0.00000000,0.00000000,0.00000000,71.21884809,0.00000000,0.00000000,0.00000000,0.00000000,0.00000000,0.00000000,0.00000000,0.00000000,73.19959513,0.00000000,0.00000000,0.00000000,0.00000000,0.00000000,0.00000000,0.00000000,0.00000000,0.00000000,0.00000000,0.00000000,0.00000000,0.00000000,0.00000000,0.00000000,0.00000000,0.00000000,0.00000000,0.00000000,0.00000000,0.00000000,0.00000000,0.00000000,0.00000000,0.00000000,0.00000000,0.00000000,0.00000000,0.00000000,0.00000000,0.00000000,0.00000000,0.00000000,0.00000000,0.00000000,0.00000000,0.00000000,0.00000000,0.00000000,0.00000000,0.00000000,0.00000000,0.00000000,0.00000000,0.00000000,0.00000000,0.00000000,0.00000000,0.00000000,0.00000000,0.00000000,0.00000000,0.00000000,0.00000000,0.00000000,0.00000000,0.00000000,0.00000000,0.00000000,0.00000000,0.00000000,0.00000000,0.00000000,0.00000000,0.00000000,0.00000000,0.00000000,0.00000000,0.00000000,0.00000000,0.00000000,0.00000000,0.00000000,0.00000000,0.00000000,0.00000000,0.00000000,0.00000000,0.00000000,0.00000000,0.00000000,0.00000000,0.00000000,0.00000000,0.00000000,0.00000000,0.00000000,0.00000000,0.00000000,0.00000000,0.00000000,0.00000000,0.00000000,0.00000000,0.00000000,0.00000000,0.00000000,0.00000000,0.00000000,0.00000000,0.00000000,0.00000000,0.00000000,0.00000000,0.00000000,0.00000000,0.00000000,0.00000000,0.00000000,0.00000000,0.00000000,0.00000000,0.00000000,0.00000000,0.00000000
48.08593988,44.74648262,44.95510578,45.80268084,28.85142227,11.79992756,56.96882248,31.54056483,53.61870465,9.92753252,0.00000000,10.70621265,57.34593658,31.11674106,10.53666423,9.72679786,32.94993340,45.03610916,0.00000000,62.60556248,42.96894394,0.00000000,0.00000000,23.72743605,30.50690947,52.30356677,66.32548618,37.17561869,0.00000000,37.63034011,51.41469643,0.00000000,0.00000000,0.00000000,0.00000000,0.00000000,0.00000000,0.00000000,0.00000000,0.00000000,0.00000000,0.00000000,0.00000000,0.00000000,0.00000000,0.00000000,0.00000000,0.00000000,0.00000000,0.00000000,0.00000000,0.00000000,0.00000000,0.00000000,0.00000000,0.00000000,61.50398191,0.00000000,64.26734447,0.00000000,62.03602353,0.00000000,0.00000000,0.00000000,0.00000000,61.86685986,0.00000000,0.00000000,61.58193376,67.28140426,0.00000000,61.08264542,0.00000000,0.00000000,0.00000000,0.00000000,0.00000000,0.00000000,70.06791193,0.00000000,67.35436134,0.00000000,0.00000000,67.82573654,0.00000000,0.00000000,0.00000000,0.00000000,67.81331944,0.00000000,0.00000000,0.00000000,0.00000000,0.00000000,0.00000000,0.00000000,0.00000000,0.00000000,0.00000000,0.00000000,0.00000000,0.00000000,0.00000000,0.00000000,0.00000000,0.00000000,0.00000000,0.00000000,0.00000000,0.00000000,0.00000000,0.00000000,0.00000000,0.00000000,0.00000000,0.00000000,0.00000000,0.00000000,0.00000000,0.00000000,0.00000000,0.00000000,0.00000000,0.00000000,0.00000000,0.00000000,0.00000000,0.00000000,0.00000000,0.00000000,0.00000000,0.00000000,0.00000000,0.00000000,0.00000000,0.00000000,0.00000000,0.00000000,0.00000000,0.00000000,0.00000000,0.00000000,0.00000000,0.00000000,0.00000000,0.00000000,0.00000000,0.00000000,0.00000000,0.00000000,0.00000000,0.00000000,0.00000000,0.00000000,0.00000000,0.00000000,0.00000000,0.00000000,0.00000000,0.00000000,0.00000000,0.00000000,0.00000000,0.00000000,0.00000000,0.00000000,0.00000000,0.00000000,0.00000000,0.00000000,0.00000000,0.00000000,0.00000000,0.00000000,0.00000000,0.00000000,0.00000000,0.00000000,0.00000000,0.00000000,0.00000000,0.00000000,0.00000000,0.00000000,0.00000000,0.00000000,0.00000000,0.00000000,0.00000000,0.00000000,0.00000000,0.00000000,0.00000000,0.00000000
0.00000000,63.10891015,0.00000000,0.00000000,53.92866734,41.39344668,0.00000000,59.30383530,68.91605835,44.23813705,10.70621265,0.00000000,0.00000000,51.60423660,28.79635083,9.73387496,10.55225836,57.25802358,0.00000000,70.16682027,25.20864410,35.12301731,0.00000000,24.19621006,43.94121432,38.76691691,44.68446741,36.33237902,45.45296533,44.08565152,46.38869036,48.01337560,48.22406437,0.00000000,0.00000000,0.00000000,0.00000000,0.00000000,55.35618165,43.85365931,0.00000000,0.00000000,0.00000000,0.00000000,0.00000000,0.00000000,0.00000000,0.00000000,0.00000000,0.00000000,0.00000000,0.00000000,0.00000000,0.00000000,0.00000000,0.00000000,65.28877771,51.90573247,68.98466110,0.00000000,65.35591443,0.00000000,0.00000000,0.00000000,0.00000000,62.51086892,0.00000000,0.00000000,65.78791673,69.05216360,0.00000000,66.41367188,0.00000000,0.00000000,0.00000000,0.00000000,0.00000000,0.00000000,0.00000000,0.00000000,70.69055557,0.00000000,0.00000000,69.66120815,0.00000000,0.00000000,0.00000000,0.00000000,0.00000000,0.00000000,0.00000000,0.00000000,0.00000000,0.00000000,0.00000000,0.00000000,0.00000000,0.00000000,0.00000000,0.00000000,0.00000000,0.00000000,0.00000000,0.00000000,0.00000000,0.00000000,0.00000000,0.00000000,0.00000000,0.00000000,0.00000000,0.00000000,0.00000000,0.00000000,0.00000000,0.00000000,0.00000000,0.00000000,0.00000000,0.00000000,0.00000000,0.00000000,0.00000000,0.00000000,0.00000000,0.00000000,0.00000000,0.00000000,0.00000000,0.00000000,0.00000000,0.00000000,0.00000000,0.00000000,0.00000000,0.00000000,0.00000000,0.00000000,0.00000000,0.00000000,0.00000000,0.00000000,0.00000000,0.00000000,0.00000000,0.00000000,0.00000000,0.00000000,0.00000000,0.00000000,0.00000000,0.00000000,0.00000000,0.00000000,0.00000000,0.00000000,0.00000000,0.00000000,0.00000000,0.00000000,0.00000000,0.00000000,0.00000000,0.00000000,0.00000000,0.00000000,0.00000000,0.00000000,0.00000000,0.00000000,0.00000000,0.00000000,0.00000000,0.00000000,0.00000000,0.00000000,0.00000000,0.00000000,0.00000000,0.00000000,0.00000000,0.00000000,0.00000000,0.00000000,0.00000000,0.00000000,0.00000000,0.00000000,0.00000000,0.00000000,0.00000000,0.00000000,0.00000000,0.00000000
65.73957539,61.09563637,48.51057134,37.90904746,54.38494339,61.96954269,14.85118329,46.99885913,25.12698082,54.38908686,57.34593658,0.00000000,0.00000000,46.37175661,57.00644927,0.00000000,0.00000000,30.73998781,14.16733658,15.63419510,0.00000000,0.00000000,15.10585253,65.01239777,44.01285374,0.00000000,83.47944895,71.80641747,0.00000000,62.56850977,0.00000000,0.00000000,0.00000000,0.00000000,0.00000000,0.00000000,0.00000000,0.00000000,0.00000000,0.00000000,0.00000000,0.00000000,0.00000000,0.00000000,0.00000000,0.00000000,0.00000000,0.00000000,0.00000000,0.00000000,0.00000000,0.00000000,0.00000000,0.00000000,0.00000000,0.00000000,0.00000000,0.00000000,0.00000000,0.00000000,0.00000000,0.00000000,0.00000000,0.00000000,0.00000000,0.00000000,0.00000000,0.00000000,0.00000000,0.00000000,0.00000000,0.00000000,0.00000000,0.00000000,0.00000000,0.00000000,0.00000000,0.00000000,0.00000000,0.00000000,0.00000000,0.00000000,0.00000000,0.00000000,0.00000000,0.00000000,0.00000000,0.00000000,0.00000000,0.00000000,0.00000000,0.00000000,0.00000000,0.00000000,0.00000000,0.00000000,0.00000000,0.00000000,0.00000000,0.00000000,0.00000000,0.00000000,0.00000000,0.00000000,0.00000000,0.00000000,0.00000000,0.00000000,0.00000000,0.00000000,0.00000000,0.00000000,0.00000000,0.00000000,0.00000000,0.00000000,0.00000000,0.00000000,0.00000000,0.00000000,0.00000000,0.00000000,0.00000000,0.00000000,0.00000000,0.00000000,0.00000000,0.00000000,0.00000000,0.00000000,0.00000000,0.00000000,0.00000000,0.00000000,0.00000000,0.00000000,0.00000000,0.00000000,0.00000000,0.00000000,0.00000000,0.00000000,0.00000000,0.00000000,0.00000000,0.00000000,0.00000000,0.00000000,0.00000000,0.00000000,0.00000000,0.00000000,0.00000000,0.00000000,0.00000000,0.00000000,0.00000000,0.00000000,0.00000000,0.00000000,0.00000000,0.00000000,0.00000000,0.00000000,0.00000000,0.00000000,0.00000000,0.00000000,0.00000000,0.00000000,0.00000000,0.00000000,0.00000000,0.00000000,0.00000000,0.00000000,0.00000000,0.00000000,0.00000000,0.00000000,0.00000000,0.00000000,0.00000000,0.00000000,0.00000000,0.00000000,0.00000000,0.00000000,0.00000000,0.00000000,0.00000000,0.00000000,0.00000000,0.00000000
54.06890740,41.98976741,37.43339873,32.34427261,24.30135602,25.05948967,40.81137606,12.86044662,16.83088147,10.57733107,31.11674106,51.60423660,46.37175661,0.00000000,12.40647042,36.25696917,53.62098440,10.55964519,0.00000000,32.81759964,58.38258133,0.00000000,49.72495948,35.20125916,14.76844853,64.14786706,75.09022543,50.57212575,0.00000000,41.37058915,0.00000000,0.00000000,0.00000000,0.00000000,0.00000000,0.00000000,0.00000000,0.00000000,0.00000000,0.00000000,0.00000000,0.00000000,0.00000000,0.00000000,0.00000000,0.00000000,0.00000000,0.00000000,0.00000000,0.00000000,0.00000000,0.00000000,0.00000000,0.00000000,0.00000000,0.00000000,0.00000000,0.00000000,72.54587250,0.00000000,0.00000000,0.00000000,0.00000000,0.00000000,0.00000000,0.00000000,0.00000000,0.00000000,0.00000000,71.02266592,0.00000000,0.00000000,0.00000000,0.00000000,0.00000000,0.00000000,0.00000000,0.00000000,75.54469681,0.00000000,0.00000000,0.00000000,0.00000000,0.00000000,0.00000000,0.00000000,0.00000000,0.00000000,0.00000000,0.00000000,0.00000000,0.00000000,0.00000000,0.00000000,0.00000000,0.00000000,0.00000000,0.00000000,0.00000000,0.00000000,0.00000000,0.00000000,0.00000000,0.00000000,0.00000000,0.00000000,0.00000000,0.00000000,0.00000000,0.00000000,0.00000000,0.00000000,0.00000000,0.00000000,0.00000000,0.00000000,0.00000000,0.00000000,0.00000000,0.00000000,0.00000000,0.00000000,0.00000000,0.00000000,0.00000000,0.00000000,0.00000000,0.00000000,0.00000000,0.00000000,0.00000000,0.00000000,0.00000000,0.00000000,0.00000000,0.00000000,0.00000000,0.00000000,0.00000000,0.00000000,0.00000000,0.00000000,0.00000000,0.00000000,0.00000000,0.00000000,0.00000000,0.00000000,0.00000000,0.00000000,0.00000000,0.00000000,0.00000000,0.00000000,0.00000000,0.00000000,0.00000000,0.00000000,0.00000000,0.00000000,0.00000000,0.00000000,0.00000000,0.00000000,0.00000000,0.00000000,0.00000000,0.00000000,0.00000000,0.00000000,0.00000000,0.00000000,0.00000000,0.00000000,0.00000000,0.00000000,0.00000000,0.00000000,0.00000000,0.00000000,0.00000000,0.00000000,0.00000000,0.00000000,0.00000000,0.00000000,0.00000000,0.00000000,0.00000000,0.00000000,0.00000000,0.00000000,0.00000000,0.00000000
57.41157423,48.25398887,47.99140349,50.02624149,31.44965723,21.83681698,52.97572381,25.82782626,42.04651591,13.09499426,10.53666423,28.79635083,57.00644927,12.40647042,0.00000000,9.79535545,34.21643489,28.78368485,0.00000000,48.24875957,38.72642910,49.86234726,46.74353027,11.41408753,12.33274732,47.87161154,61.87950261,27.98207195,0.00000000,23.70166663,44.83303738,0.00000000,0.00000000,0.00000000,0.00000000,0.00000000,0.00000000,0.00000000,0.00000000,0.00000000,0.00000000,0.00000000,0.00000000,0.00000000,0.00000000,0.00000000,0.00000000,0.00000000,0.00000000,0.00000000,0.00000000,0.00000000,0.00000000,0.00000000,0.00000000,0.00000000,0.00000000,0.00000000,60.90949783,0.00000000,56.84782826,0.00000000,0.00000000,0.00000000,0.00000000,0.00000000,0.00000000,0.00000000,53.83987872,60.66172314,0.00000000,0.00000000,0.00000000,0.00000000,0.00000000,0.00000000,0.00000000,0.00000000,0.00000000,0.00000000,0.00000000,0.00000000,0.00000000,59.14254951,0.00000000,0.00000000,0.00000000,0.00000000,0.00000000,0.00000000,0.00000000,0.00000000,0.00000000,0.00000000,0.00000000,0.00000000,0.00000000,0.00000000,0.00000000,0.00000000,0.00000000,0.00000000,0.00000000,0.00000000,0.00000000,0.00000000,0.00000000,0.00000000,0.00000000,0.00000000,0.00000000,0.00000000,0.00000000,0.00000000,0.00000000,0.00000000,0.00000000,0.00000000,0.00000000,0.00000000,0.00000000,0.00000000,0.00000000,0.00000000,0.00000000,0.00000000,0.00000000,0.00000000,0.00000000,0.00000000,0.00000000,0.00000000,0.00000000,0.00000000,0.00000000,0.00000000,0.00000000,0.00000000,0.00000000,0.00000000,0.00000000,0.00000000,0.00000000,0.00000000,0.00000000,0.00000000,0.00000000,0.00000000,0.00000000,0.00000000,0.00000000,0.00000000,0.00000000,0.00000000,0.00000000,0.00000000,0.00000000,0.00000000,0.00000000,0.00000000,0.00000000,0.00000000,0.00000000,0.00000000,0.00000000,0.00000000,0.00000000,0.00000000,0.00000000,0.00000000,0.00000000,0.00000000,0.00000000,0.00000000,0.00000000,0.00000000,0.00000000,0.00000000,0.00000000,0.00000000,0.00000000,0.00000000,0.00000000,0.00000000,0.00000000,0.00000000,0.00000000,0.00000000,0.00000000,0.00000000,0.00000000,0.00000000,0.00000000,0.00000000
0.00000000,59.44258842,0.00000000,0.00000000,45.95412827,32.74396046,0.00000000,45.57718404,56.74719205,30.68813122,9.72679786,9.73387496,0.00000000,36.25696917,9.79535545,0.00000000,9.96892076,42.24760010,0.00000000,58.46573893,20.36508015,37.84264755,0.00000000,9.26828022,29.70485971,31.59830341,47.98924283,22.16517621,0.00000000,29.86639046,34.58364296,0.00000000,0.00000000,0.00000000,0.00000000,0.00000000,0.00000000,0.00000000,0.00000000,0.00000000,0.00000000,0.00000000,0.00000000,0.00000000,0.00000000,0.00000000,0.00000000,0.00000000,0.00000000,0.00000000,0.00000000,0.00000000,0.00000000,0.00000000,0.00000000,0.00000000,0.00000000,0.00000000,62.99545373,0.00000000,58.12376658,0.00000000,0.00000000,0.00000000,0.00000000,0.00000000,0.00000000,0.00000000,0.00000000,60.35061359,0.00000000,0.00000000,0.00000000,0.00000000,0.00000000,0.00000000,0.00000000,0.00000000,0.00000000,0.00000000,0.00000000,0.00000000,0.00000000,0.00000000,0.00000000,0.00000000,0.00000000,0.00000000,0.00000000,0.00000000,0.00000000,0.00000000,0.00000000,0.00000000,0.00000000,0.00000000,0.00000000,0.00000000,0.00000000,0.00000000,0.00000000,0.00000000,0.00000000,0.00000000,0.00000000,0.00000000,0.00000000,0.00000000,0.00000000,0.00000000,0.00000000,0.00000000,0.00000000,0.00000000,0.00000000,0.00000000,0.00000000,0.00000000,0.00000000,0.00000000,0.00000000,0.00000000,0.00000000,0.00000000,0.00000000,0.00000000,0.00000000,0.00000000,0.00000000,0.00000000,0.00000000,0.00000000,0.00000000,0.00000000,0.00000000,0.00000000,0.00000000,0.00000000,0.00000000,0.00000000,0.00000000,0.00000000,0.00000000,0.00000000,0.00000000,0.00000000,0.00000000,0.00000000,0.00000000,0.00000000,0.00000000,0.00000000,0.00000000,0.00000000,0.00000000,0.00000000,0.00000000,0.00000000,0.00000000,0.00000000,0.00000000,0.00000000,0.00000000,0.00000000,0.00000000,0.00000000,0.00000000,0.00000000,0.00000000,0.00000000,0.00000000,0.00000000,0.00000000,0.00000000,0.00000000,0.00000000,0.00000000,0.00000000,0.00000000,0.00000000,0.00000000,0.00000000,0.00000000,0.00000000,0.00000000,0.00000000,0.00000000,0.00000000,0.00000000,0.00000000,0.00000000,0.00000000,0.00000000,0.00000000
0.00000000,0.00000000,0.00000000,0.00000000,49.07181406,52.30581225,0.00000000,61.77659194,68.29791811,50.67002630,32.94993340,10.55225836,0.00000000,53.62098440,34.21643489,9.96892076,0.00000000,54.72251511,0.00000000,70.58350182,9.38287591,19.64729709,0.00000000,12.25958179,43.26421154,24.07844480,30.25572740,25.61373477,33.57062006,38.77146230,37.11932109,0.00000000,35.93603886,37.48301435,0.00000000,0.00000000,0.00000000,0.00000000,46.03435898,0.00000000,0.00000000,0.00000000,0.00000000,0.00000000,0.00000000,0.00000000,0.00000000,0.00000000,0.00000000,0.00000000,0.00000000,0.00000000,0.00000000,0.00000000,0.00000000,0.00000000,65.38735708,0.00000000,72.75747585,0.00000000,71.23358472,0.00000000,0.00000000,0.00000000,0.00000000,68.64511842,0.00000000,0.00000000,65.60240269,0.00000000,0.00000000,0.00000000,0.00000000,0.00000000,0.00000000,0.00000000,0.00000000,0.00000000,0.00000000,0.00000000,70.94885913,0.00000000,0.00000000,74.87163544,0.00000000,0.00000000,0.00000000,0.00000000,0.00000000,0.00000000,0.00000000,0.00000000,0.00000000,0.00000000,0.00000000,0.00000000,0.00000000,0.00000000,0.00000000,0.00000000,0.00000000,0.00000000,0.00000000,0.00000000,0.00000000,0.00000000,0.00000000,0.00000000,0.00000000,0.00000000,0.00000000,0.00000000,0.00000000,0.00000000,0.00000000,0.00000000,0.00000000,0.00000000,0.00000000,0.00000000,0.00000000,0.00000000,0.00000000,0.00000000,0.00000000,0.00000000,0.00000000,0.00000000,0.00000000,0.00000000,0.00000000,0.00000000,0.00000000,0.00000000,0.00000000,0.00000000,0.00000000,0.00000000,0.00000000,0.00000000,0.00000000,0.00000000,0.00000000,0.00000000,0.00000000,0.00000000,0.00000000,0.00000000,0.00000000,0.00000000,0.00000000,0.00000000,0.00000000,0.00000000,0.00000000,0.00000000,0.00000000,0.00000000,0.00000000,0.00000000,0.00000000,0.00000000,0.00000000,0.00000000,0.00000000,0.00000000,0.00000000,0.00000000,0.00000000,0.00000000,0.00000000,0.00000000,0.00000000,0.00000000,0.00000000,0.00000000,0.00000000,0.00000000,0.00000000,0.00000000,0.00000000,0.00000000,0.00000000,0.00000000,0.00000000,0.00000000,0.00000000,0.00000000,0.00000000,0.00000000,0.00000000,0.00000000,0.00000000,0.00000000
57.26082826,54.01297869,45.21040106,35.54336362,43.53570123,44.06776128,32.33640229,26.88761303,13.16828105,30.85027204,45.03610916,57.25802358,30.73998781,10.55964519,28.78368485,42.24760010,54.72251511,0.00000000,31.79409832,12.28135123,60.64841614,0.00000000,36.73253136,42.64659228,11.50740247,65.27978407,73.94474538,56.27225719,0.00000000,42.54585370,0.00000000,0.00000000,0.00000000,0.00000000,0.00000000,0.00000000,0.00000000,0.00000000,0.00000000,0.00000000,0.00000000,0.00000000,0.00000000,0.00000000,0.00000000,0.00000000,0.00000000,0.00000000,0.00000000,0.00000000,0.00000000,0.00000000,0.00000000,0.00000000,0.00000000,0.00000000,0.00000000,0.00000000,0.00000000,0.00000000,0.00000000,0.00000000,0.00000000,0.00000000,0.00000000,0.00000000,0.00000000,0.00000000,0.00000000,0.00000000,0.00000000,0.00000000,0.00000000,0.00000000,0.00000000,0.00000000,0.00000000,0.00000000,0.00000000,0.00000000,0.00000000,0.00000000,0.00000000,0.00000000,0.00000000,0.00000000,0.00000000,0.00000000,0.00000000,0.00000000,0.00000000,0.00000000,0.00000000,0.00000000,0.00000000,0.00000000,0.00000000,0.00000000,0.00000000,0.00000000,0.00000000,0.00000000,0.00000000,0.00000000,0.00000000,0.00000000,0.00000000,0.00000000,0.00000000,0.00000000,0.00000000,0.00000000,0.00000000,0.00000000,0.00000000,0.00000000,0.00000000,0.00000000,0.00000000,0.00000000,0.00000000,0.00000000,0.00000000,0.00000000,0.00000000,0.00000000,0.00000000,0.00000000,0.00000000,0.00000000,0.00000000,0.00000000,0.00000000,0.00000000,0.00000000,0.00000000,0.00000000,0.00000000,0.00000000,0.00000000,0.00000000,0.00000000,0.00000000,0.00000000,0.00000000,0.00000000,0.00000000,0.00000000,0.00000000,0.00000000,0.00000000,0.00000000,0.00000000,0.00000000,0.00000000,0.00000000,0.00000000,0.00000000,0.00000000,0.00000000,0.00000000,0.00000000,0.00000000,0.00000000,0.00000000,0.00000000,0.00000000,0.00000000,0.00000000,0.00000000,0.00000000,0.00000000,0.00000000,0.00000000,0.00000000,0.00000000,0.00000000,0.00000000,0.00000000,0.00000000,0.00000000,0.00000000,0.00000000,0.00000000,0.00000000,0.00000000,0.00000000,0.00000000,0.00000000,0.00000000,0.00000000,0.00000000,0.00000000,0.00000000
0.00000000,0.00000000,0.00000000,43.64085897,0.00000000,0.00000000,39.17115733,44.61299706,45.41983674,0.00000000,0.00000000,0.00000000,14.16733658,0.00000000,0.00000000,0.00000000,0.00000000,31.79409832,0.00000000,21.49291279,0.00000000,0.00000000,11.52777212,0.00000000,41.37998529,0.00000000,0.00000000,0.00000000,0.00000000,41.46432702,0.00000000,0.00000000,0.00000000,0.00000000,0.00000000,0.00000000,0.00000000,0.00000000,0.00000000,0.00000000,0.00000000,0.00000000,0.00000000,0.00000000,0.00000000,0.00000000,0.00000000,0.00000000,0.00000000,0.00000000,0.00000000,0.00000000,0.00000000,0.00000000,0.00000000,0.00000000,0.00000000,0.00000000,0.00000000,0.00000000,0.00000000,0.00000000,0.00000000,0.00000000,0.00000000,0.00000000,0.00000000,0.00000000,0.00000000,0.00000000,0.00000000,0.00000000,0.00000000,0.00000000,0.00000000,0.00000000,0.00000000,0.00000000,0.00000000,0.00000000,0.00000000,0.00000000,0.00000000,0.00000000,0.00000000,0.00000000,0.00000000,0.00000000,0.00000000,0.00000000,0.00000000,0.00000000,0.00000000,0.00000000,0.00000000,0.00000000,0.00000000,0.00000000,0.00000000,0.00000000,0.00000000,0.00000000,0.00000000,0.00000000,0.00000000,0.00000000,0.00000000,0.00000000,0.00000000,0.00000000,0.00000000,0.00000000,0.00000000,0.00000000,0.00000000,0.00000000,0.00000000,0.00000000,0.00000000,0.00000000,0.00000000,0.00000000,0.00000000,0.00000000,0.00000000,0.00000000,0.00000000,0.00000000,0.00000000,0.00000000,0.00000000,0.00000000,0.00000000,0.00000000,0.00000000,0.00000000,0.00000000,0.00000000,0.00000000,0.00000000,0.00000000,0.00000000,0.00000000,0.00000000,0.00000000,0.00000000,0.00000000,0.00000000,0.00000000,0.00000000,0.00000000,0.00000000,0.00000000,0.00000000,0.00000000,0.00000000,0.00000000,0.00000000,0.00000000,0.00000000,0.00000000,0.00000000,0.00000000,0.00000000,0.00000000,0.00000000,0.00000000,0.00000000,0.00000000,0.00000000,0.00000000,0.00000000,0.00000000,0.00000000,0.00000000,0.00000000,0.00000000,0.00000000,0.00000000,0.00000000,0.00000000,0.00000000,0.00000000,0.00000000,0.00000000,0.00000000,0.00000000,0.00000000,0.00000000,0.00000000,0.00000000,0.00000000,0.00000000,0.00000000
70.80363846,61.28673718,49.33085034,36.89838183,56.55630089,59.76643917,23.54542156,41.38971551,15.94792213,51.44887056,62.60556248,70.16682027,15.63419510,32.81759964,48.24875957,58.46573893,70.58350182,12.28135123,21.49291279,0.00000000,72.59077911,0.00000000,17.19908610,56.43677621,20.97478660,76.90256991,87.04252625,63.67011777,0.00000000,47.07317639,69.49552663,0.00000000,0.00000000,0.00000000,0.00000000,0.00000000,0.00000000,0.00000000,0.00000000,0.00000000,0.00000000,0.00000000,0.00000000,0.00000000,0.00000000,0.00000000,0.00000000,0.00000000,0.00000000,0.00000000,0.00000000,0.00000000,0.00000000,0.00000000,0.00000000,0.00000000,0.00000000,0.00000000,77.63777273,0.00000000,0.00000000,0.00000000,0.00000000,0.00000000,0.00000000,0.00000000,0.00000000,0.00000000,0.00000000,0.00000000,0.00000000,0.00000000,0.00000000,0.00000000,0.00000000,0.00000000,0.00000000,0.00000000,0.00000000,0.00000000,0.00000000,0.00000000,0.00000000,0.00000000,0.00000000,0.00000000,0.00000000,0.00000000,0.00000000,0.00000000,0.00000000,0.00000000,0.00000000,0.00000000,0.00000000,0.00000000,0.00000000,0.00000000,0.00000000,0.00000000,0.00000000,0.00000000,0.00000000,0.00000000,0.00000000,0.00000000,0.00000000,0.00000000,0.00000000,0.00000000,0.00000000,0.00000000,0.00000000,0.00000000,0.00000000,0.00000000,0.00000000,0.00000000,0.00000000,0.00000000,0.00000000,0.00000000,0.00000000,0.00000000,0.00000000,0.00000000,0.00000000,0.00000000,0.00000000,0.00000000,0.00000000,0.00000000,0.00000000,0.00000000,0.00000000,0.00000000,0.00000000,0.00000000,0.00000000,0.00000000,0.00000000,0.00000000,0.00000000,0.00000000,0.00000000,0.00000000,0.00000000,0.00000000,0.00000000,0.00000000,0.00000000,0.00000000,0.00000000,0.00000000,0.00000000,0.00000000,0.00000000,0.00000000,0.00000000,0.00000000,0.00000000,0.00000000,0.00000000,0.00000000,0.00000000,0.00000000,0.00000000,0.00000000,0.00000000,0.00000000,0.00000000,0.00000000,0.00000000,0.00000000,0.00000000,0.00000000,0.00000000,0.00000000,0.00000000,0.00000000,0.00000000,0.00000000,0.00000000,0.00000000,0.00000000,0.00000000,0.00000000,0.00000000,0.00000000,0.00000000,0.00000000,0.00000000,0.00000000,0.00000000
0.00000000,0.00000000,0.00000000,0.00000000,0.00000000,58.70827942,0.00000000,66.56192638,74.08250952,54.76732342,42.96894394,25.20864410,0.00000000,58.38258133,38.72642910,20.36508015,9.38287591,60.64841614,0.00000000,72.59077911,0.00000000,9.35803906,0.00000000,14.32905049,46.94520619,10.78798242,18.83562376,13.42875323,25.22337544,33.01516686,25.35480149,34.80371523,28.22494495,36.63961451,0.00000000,23.26499677,0.00000000,0.00000000,42.10917346,0.00000000,0.00000000,0.00000000,0.00000000,0.00000000,0.00000000,0.00000000,0.00000000,0.00000000,0.00000000,0.00000000,0.00000000,0.00000000,0.00000000,0.00000000,0.00000000,0.00000000,0.00000000,0.00000000,73.67401617,0.00000000,72.33891805,0.00000000,0.00000000,0.00000000,0.00000000,71.12034225,0.00000000,0.00000000,69.38293648,0.00000000,0.00000000,0.00000000,0.00000000,0.00000000,0.00000000,0.00000000,0.00000000,0.00000000,0.00000000,0.00000000,72.15862274,0.00000000,0.00000000,76.06165504,0.00000000,0.00000000,0.00000000,0.00000000,0.00000000,0.00000000,0.00000000,0.00000000,0.00000000,0.00000000,0.00000000,0.00000000,0.00000000,0.00000000,0.00000000,0.00000000,0.00000000,0.00000000,0.00000000,0.00000000,0.00000000,0.00000000,0.00000000,0.00000000,0.00000000,0.00000000,0.00000000,0.00000000,0.00000000,0.00000000,0.00000000,0.00000000,0.00000000,0.00000000,0.00000000,0.00000000,0.00000000,0.00000000,0.00000000,0.00000000,0.00000000,0.00000000,0.00000000,0.00000000,0.00000000,0.00000000,0.00000000,0.00000000,0.00000000,0.00000000,0.00000000,0.00000000,0.00000000,0.00000000,0.00000000,0.00000000,0.00000000,0.00000000,0.00000000,0.00000000,0.00000000,0.00000000,0.00000000,0.00000000,0.00000000,0.00000000,0.00000000,0.00000000,0.00000000,0.00000000,0.00000000,0.00000000,0.00000000,0.00000000,0.00000000,0.00000000,0.00000000,0.00000000,0.00000000,0.00000000,0.00000000,0.00000000,0.00000000,0.00000000,0.00000000,0.00000000,0.00000000,0.00000000,0.00000000,0.00000000,0.00000000,0.00000000,0.00000000,0.00000000,0.00000000,0.00000000,0.00000000,0.00000000,0.00000000,0.00000000,0.00000000,0.00000000,0.00000000,0.00000000,0.00000000,0.00000000,0.00000000,0.00000000,0.00000000,0.00000000
0.00000000,0.00000000,0.00000000,0.00000000,0.00000000,0.00000000,0.00000000,0.00000000,0.00000000,0.00000000,0.00000000,35.12301731,0.00000000,0.00000000,49.86234726,37.84264755,19.64729709,0.00000000,0.00000000,0.00000000,9.35803906,0.00000000,0.00000000,37.38868237,60.97449736,11.65223105,9.49867798,32.48356562,20.92178686,47.74484634,30.80725704,26.20963439,20.07437555,34.56440653,15.25765546,37.08457593,0.00000000,0.00000000,47.64362768,43.31114221,0.00000000,0.00000000,0.00000000,0.00000000,0.00000000,0.00000000,0.00000000,0.00000000,0.00000000,0.00000000,0.00000000,0.00000000,0.00000000,0.00000000,0.00000000,0.00000000,0.00000000,0.00000000,0.00000000,0.00000000,0.00000000,0.00000000,0.00000000,0.00000000,0.00000000,0.00000000,0.00000000,0.00000000,0.00000000,0.00000000,0.00000000,0.00000000,0.00000000,0.00000000,0.00000000,0.00000000,0.00000000,0.00000000,0.00000000,0.00000000,0.00000000,0.00000000,0.00000000,0.00000000,0.00000000,0.00000000,0.00000000,0.00000000,0.00000000,0.00000000,0.00000000,0.00000000,0.00000000,0.00000000,0.00000000,0.00000000,0.00000000,0.00000000,0.00000000,0.00000000,0.00000000,0.00000000,0.00000000,0.00000000,0.00000000,0.00000000,0.00000000,0.00000000,0.00000000,0.00000000,0.00000000,0.00000000,0.00000000,0.00000000,0.00000000,0.00000000,0.00000000,0.00000000,0.00000000,0.00000000,0.00000000,0.00000000,0.00000000,0.00000000,0.00000000,0.00000000,0.00000000,0.00000000,0.00000000,0.00000000,0.00000000,0.00000000,0.00000000,0.00000000,0.00000000,0.00000000,0.00000000,0.00000000,0.00000000,0.00000000,0.00000000,0.00000000,0.00000000,0.00000000,0.00000000,0.00000000,0.00000000,0.00000000,0.00000000,0.00000000,0.00000000,0.00000000,0.00000000,0.00000000,0.00000000,0.00000000,0.00000000,0.00000000,0.00000000,0.00000000,0.00000000,0.00000000,0.00000000,0.00000000,0.00000000,0.00000000,0.00000000,0.00000000,0.00000000,0.00000000,0.00000000,0.00000000,0.00000000,0.00000000,0.00000000,0.00000000,0.00000000,0.00000000,0.00000000,0.00000000,0.00000000,0.00000000,0.00000000,0.00000000,0.00000000,0.00000000,0.00000000,0.00000000,0.00000000,0.00000000,0.00000000,0.00000000,0.00000000,0.00000000
0.00000000,64.09059753,40.96936598,45.97468144,0.00000000,0.00000000,34.50452564,54.54488594,38.43877950,0.00000000,0.00000000,0.00000000,15.10585253,49.72495948,46.74353027,0.00000000,0.00000000,36.73253136,11.52777212,17.19908610,0.00000000,0.00000000,0.00000000,57.74482028,44.17724933,0.00000000,0.00000000,61.18557231,0.00000000,56.09552329,0.00000000,0.00000000,0.00000000,0.00000000,0.00000000,0.00000000,0.00000000,0.00000000,0.00000000,0.00000000,0.00000000,0.00000000,0.00000000,0.00000000,0.00000000,0.00000000,0.00000000,0.00000000,0.00000000,0.00000000,0.00000000,0.00000000,0.00000000,0.00000000,0.00000000,0.00000000,0.00000000,0.00000000,0.00000000,0.00000000,0.00000000,0.00000000,0.00000000,0.00000000,0.00000000,0.00000000,0.00000000,0.00000000,0.00000000,0.00000000,0.00000000,0.00000000,0.00000000,0.00000000,0.00000000,0.00000000,0.00000000,0.00000000,0.00000000,0.00000000,0.00000000,0.00000000,0.00000000,0.00000000,0.00000000,0.00000000,0.00000000,0.00000000,0.00000000,0.00000000,0.00000000,0.00000000,0.00000000,0.00000000,0.00000000,0.00000000,0.00000000,0.00000000,0.00000000,0.00000000,0.00000000,0.00000000,0.00000000,0.00000000,0.00000000,0.00000000,0.00000000,0.00000000,0.00000000,0.00000000,0.00000000,0.00000000,0.00000000,0.00000000,0.00000000,0.00000000,0.00000000,0.00000000,0.00000000,0.00000000,0.00000000,0.00000000,0.00000000,0.00000000,0.00000000,0.00000000,0.00000000,0.00000000,0.00000000,0.00000000,0.00000000,0.00000000,0.00000000,0.00000000,0.00000000,0.00000000,0.00000000,0.00000000,0.00000000,0.00000000,0.00000000,0.00000000,0.00000000,0.00000000,0.00000000,0.00000000,0.00000000,0.00000000,0.00000000,0.00000000,0.00000000,0.00000000,0.00000000,0.00000000,0.00000000,0.00000000,0.00000000,0.00000000,0.00000000,0.00000000,0.00000000,0.00000000,0.00000000,0.00000000,0.00000000,0.00000000,0.00000000,0.00000000,0.00000000,0.00000000,0.00000000,0.00000000,0.00000000,0.00000000,0.00000000,0.00000000,0.00000000,0.00000000,0.00000000,0.00000000,0.00000000,0.00000000,0.00000000,0.00000000,0.00000000,0.00000000,0.00000000,0.00000000,0.00000000,0.00000000,0.00000000,0.00000000,0.00000000,0.00000000
0.00000000,67.04113350,63.87286472,62.71481895,51.93411636,39.80338160,65.90207434,47.76144386,60.22870841,33.74572745,23.72743605,24.19621006,65.01239777,35.20125916,11.41408753,9.26828022,12.25958179,42.64659228,0.00000000,56.43677621,14.32905049,37.38868237,57.74482028,0.00000000,15.62327309,26.28421055,47.42960612,10.82123664,40.31909616,13.02526797,31.70068789,0.00000000,35.94971466,0.00000000,0.00000000,0.00000000,0.00000000,0.00000000,0.00000000,0.00000000,0.00000000,0.00000000,0.00000000,0.00000000,0.00000000,0.00000000,0.00000000,0.00000000,0.00000000,0.00000000,0.00000000,0.00000000,0.00000000,0.00000000,0.00000000,0.00000000,0.00000000,0.00000000,71.98711504,0.00000000,67.94249201,0.00000000,0.00000000,0.00000000,0.00000000,56.41092682,0.00000000,0.00000000,61.49742035,69.42764213,0.00000000,0.00000000,0.00000000,0.00000000,0.00000000,0.00000000,0.00000000,0.00000000,0.00000000,0.00000000,65.89371236,0.00000000,0.00000000,68.69223022,0.00000000,0.00000000,0.00000000,0.00000000,0.00000000,0.00000000,0.00000000,0.00000000,0.00000000,0.00000000,0.00000000,0.00000000,0.00000000,0.00000000,0.00000000,0.00000000,0.00000000,0.00000000,0.00000000,0.00000000,0.00000000,0.00000000,0.00000000,0.00000000,0.00000000,0.00000000,0.00000000,0.00000000,0.00000000,0.00000000,0.00000000,0.00000000,0.00000000,0.00000000,0.00000000,0.00000000,0.00000000,0.00000000,0.00000000,0.00000000,0.00000000,0.00000000,0.00000000,0.00000000,0.00000000,0.00000000,0.00000000,0.00000000,0.00000000,0.00000000,0.00000000,0.00000000,0.00000000,0.00000000,0.00000000,0.00000000,0.00000000,0.00000000,0.00000000,0.00000000,0.00000000,0.00000000,0.00000000,0.00000000,0.00000000,0.00000000,0.00000000,0.00000000,0.00000000,0.00000000,0.00000000,0.00000000,0.00000000,0.00000000,0.00000000,0.00000000,0.00000000,0.00000000,0.00000000,0.00000000,0.00000000,0.00000000,0.00000000,0.00000000,0.00000000,0.00000000,0.00000000,0.00000000,0.00000000,0.00000000,0.00000000,0.00000000,0.00000000,0.00000000,0.00000000,0.00000000,0.00000000,0.00000000,0.00000000,0.00000000,0.00000000,0.00000000,0.00000000,0.00000000,0.00000000,0.00000000,0.00000000,0.00000000,0.00000000,0.00000000
71.41224247,60.78906087,56.52874701,51.45133591,44.66469075,38.27428281,47.92650629,36.20608484,35.54767874,25.64486510,30.50690947,43.94121432,44.01285374,14.76844853,12.33274732,29.70485971,43.26421154,11.50740247,41.37998529,20.97478660,46.94520619,60.97449736,44.17724933,15.62327309,0.00000000,54.70900841,68.65003204,31.39749225,62.09779994,15.38478692,54.04757074,67.06828918,63.24199649,0.00000000,0.00000000,0.00000000,0.00000000,0.00000000,0.00000000,0.00000000,0.00000000,0.00000000,0.00000000,0.00000000,0.00000000,0.00000000,0.00000000,0.00000000,0.00000000,0.00000000,0.00000000,0.00000000,0.00000000,0.00000000,0.00000000,0.00000000,0.00000000,0.00000000,70.41915226,0.00000000,68.91614532,0.00000000,0.00000000,0.00000000,0.00000000,0.00000000,0.00000000,0.00000000,64.21462173,68.83530426,0.00000000,0.00000000,0.00000000,0.00000000,0.00000000,0.00000000,0.00000000,0.00000000,70.07623238,0.00000000,66.62383890,0.00000000,0.00000000,72.70227323,0.00000000,0.00000000,0.00000000,0.00000000,0.00000000,0.00000000,0.00000000,0.00000000,0.00000000,0.00000000,0.00000000,0.00000000,0.00000000,0.00000000,0.00000000,0.00000000,0.00000000,0.00000000,0.00000000,0.00000000,0.00000000,0.00000000,0.00000000,0.00000000,0.00000000,0.00000000,0.00000000,0.00000000,0.00000000,0.00000000,0.00000000,0.00000000,0.00000000,0.00000000,0.00000000,0.00000000,0.00000000,0.00000000,0.00000000,0.00000000,0.00000000,0.00000000,0.00000000,0.00000000,0.00000000,0.00000000,0.00000000,0.00000000,0.00000000,0.00000000,0.00000000,0.00000000,0.00000000,0.00000000,0.00000000,0.00000000,0.00000000,0.00000000,0.00000000,0.00000000,0.00000000,0.00000000,0.00000000,0.00000000,0.00000000,0.00000000,0.00000000,0.00000000,0.00000000,0.00000000,0.00000000,0.00000000,0.00000000,0.00000000,0.00000000,0.00000000,0.00000000,0.00000000,0.00000000,0.00000000,0.00000000,0.00000000,0.00000000,0.00000000,0.00000000,0.00000000,0.00000000,0.00000000,0.00000000,0.00000000,0.00000000,0.00000000,0.00000000,0.00000000,0.00000000,0.00000000,0.00000000,0.00000000,0.00000000,0.00000000,0.00000000,0.00000000,0.00000000,0.00000000,0.00000000,0.00000000,0.00000000,0.00000000,0.00000000,0.00000000
0.00000000,0.00000000,0.00000000,0.00000000,0.00000000,61.61174874,0.00000000,50.74947425,0.00000000,59.16166051,52.30356677,38.76691691,0.00000000,64.14786706,47.87161154,31.59830341,24.07844480,65.27978407,0.00000000,76.90256991,10.78798242,11.65223105,0.00000000,26.28421055,54.70900841,0.00000000,14.62308185,13.20587809,10.17319659,36.09050301,11.46660940,38.53611985,14.23633033,20.40550818,39.50980202,30.92398202,31.44022094,32.46918004,39.22260413,43.56890881,0.00000000,0.00000000,0.00000000,0.00000000,42.06700325,0.00000000,0.00000000,55.82170383,0.00000000,0.00000000,0.00000000,0.00000000,0.00000000,0.00000000,0.00000000,0.00000000,70.55828923,0.00000000,78.01011570,0.00000000,75.98745138,0.00000000,0.00000000,0.00000000,0.00000000,74.61445291,0.00000000,0.00000000,74.42160034,0.00000000,0.00000000,0.00000000,0.00000000,0.00000000,0.00000000,0.00000000,0.00000000,0.00000000,0.00000000,0.00000000,77.21459545,0.00000000,0.00000000,81.13818715,0.00000000,0.00000000,0.00000000,0.00000000,0.00000000,0.00000000,0.00000000,0.00000000,0.00000000,0.00000000,0.00000000,0.00000000,0.00000000,0.00000000,0.00000000,0.00000000,0.00000000,0.00000000,0.00000000,0.00000000,0.00000000,0.00000000,0.00000000,0.00000000,0.00000000,0.00000000,0.00000000,0.00000000,0.00000000,0.00000000,0.00000000,0.00000000,0.00000000,0.00000000,0.00000000,0.00000000,0.00000000,0.00000000,0.00000000,0.00000000,0.00000000,0.00000000,0.00000000,0.00000000,0.00000000,0.00000000,0.00000000,0.00000000,0.00000000,0.00000000,0.00000000,0.00000000,0.00000000,0.00000000,0.00000000,0.00000000,0.00000000,0.00000000,0.00000000,0.00000000,0.00000000,0.00000000,0.00000000,0.00000000,0.00000000,0.00000000,0.00000000,0.00000000,0.00000000,0.00000000,0.00000000,0.00000000,0.00000000,0.00000000,0.00000000,0.00000000,0.00000000,0.00000000,0.00000000,0.00000000,0.00000000,0.00000000,0.00000000,0.00000000,0.00000000,0.00000000,0.00000000,0.00000000,0.00000000,0.00000000,0.00000000,0.00000000,0.00000000,0.00000000,0.00000000,0.00000000,0.00000000,0.00000000,0.00000000,0.00000000,0.00000000,0.00000000,0.00000000,0.00000000,0.00000000,0.00000000,0.00000000,0.00000000,0.00000000,0.00000000
0.00000000,0.00000000,0.00000000,0.00000000,0.00000000,0.00000000,0.00000000,0.00000000,0.00000000,0.00000000,66.32548618,44.68446741,83.47944895,75.09022543,61.87950261,47.98924283,30.25572740,73.94474538,0.00000000,87.04252625,18.83562376,9.49867798,0.00000000,47.42960612,68.65003204,14.62308185,0.00000000,41.00352762,16.21170129,58.04343096,28.85378898,16.38946803,14.07282967,30.86570653,24.28617071,33.53889392,42.60128410,42.54727375,50.25302018,49.11625085,45.66558924,0.00000000,55.65158844,57.78399234,60.17047791,52.80045139,0.00000000,68.87429494,65.30932236,70.53060859,0.00000000,0.00000000,69.42327812,0.00000000,0.00000000,75.10080592,82.33240424,74.54528209,89.05987985,0.00000000,85.07522583,0.00000000,76.64618683,80.65689031,0.00000000,82.64693405,76.70693346,0.00000000,85.04192479,0.00000000,80.49829102,88.59097508,0.00000000,61.57058716,76.99846395,0.00000000,84.65760258,0.00000000,0.00000000,0.00000000,90.06091563,0.00000000,0.00000000,89.22686492,83.98586854,0.00000000,0.00000000,0.00000000,0.00000000,0.00000000,0.00000000,0.00000000,0.00000000,0.00000000,0.00000000,0.00000000,0.00000000,0.00000000,0.00000000,0.00000000,0.00000000,0.00000000,0.00000000,0.00000000,0.00000000,0.00000000,0.00000000,0.00000000,0.00000000,0.00000000,0.00000000,0.00000000,0.00000000,0.00000000,0.00000000,0.00000000,0.00000000,0.00000000,0.00000000,0.00000000,0.00000000,0.00000000,0.00000000,0.00000000,0.00000000,0.00000000,0.00000000,0.00000000,0.00000000,0.00000000,0.00000000,0.00000000,0.00000000,0.00000000,0.00000000,0.00000000,0.00000000,0.00000000,0.00000000,0.00000000,0.00000000,0.00000000,0.00000000,0.00000000,0.00000000,0.00000000,0.00000000,0.00000000,0.00000000,0.00000000,0.00000000,0.00000000,0.00000000,0.00000000,0.00000000,0.00000000,0.00000000,0.00000000,0.00000000,0.00000000,0.00000000,0.00000000,0.00000000,0.00000000,0.00000000,0.00000000,0.00000000,0.00000000,0.00000000,0.00000000,0.00000000,0.00000000,0.00000000,0.00000000,0.00000000,0.00000000,0.00000000,0.00000000,0.00000000,0.00000000,0.00000000,0.00000000,0.00000000,0.00000000,0.00000000,0.00000000,0.00000000,0.00000000,0.00000000,0.00000000,0.00000000,0.00000000,0.00000000,0.00000000
0.00000000,70.39128356,0.00000000,0.00000000,62.57233256,54.35610471,70.53832722,62.91424561,71.52747686,49.15569458,37.17561869,36.33237902,71.80641747,50.57212575,27.98207195,22.16517621,25.61373477,56.27225719,0.00000000,63.67011777,13.42875323,32.48356562,61.18557231,10.82123664,31.39749225,13.20587809,41.00352762,0.00000000,32.38157594,11.76729484,13.56061694,48.04056358,41.11096219,34.87826061,0.00000000,0.00000000,0.00000000,0.00000000,38.96378541,0.00000000,0.00000000,0.00000000,0.00000000,0.00000000,0.00000000,0.00000000,0.00000000,0.00000000,0.00000000,0.00000000,0.00000000,0.00000000,0.00000000,0.00000000,0.00000000,0.00000000,0.00000000,0.00000000,69.75346081,0.00000000,67.62540436,0.00000000,0.00000000,0.00000000,0.00000000,65.18501118,0.00000000,0.00000000,66.58693059,70.55635138,0.00000000,0.00000000,0.00000000,0.00000000,0.00000000,0.00000000,0.00000000,0.00000000,0.00000000,0.00000000,69.83760325,0.00000000,0.00000000,72.30059687,0.00000000,0.00000000,0.00000000,0.00000000,0.00000000,0.00000000,0.00000000,0.00000000,0.00000000,0.00000000,0.00000000,0.00000000,0.00000000,0.00000000,0.00000000,0.00000000,0.00000000,0.00000000,0.00000000,0.00000000,0.00000000,0.00000000,0.00000000,0.00000000,0.00000000,0.00000000,0.00000000,0.00000000,0.00000000,0.00000000,0.00000000,0.00000000,0.00000000,0.00000000,0.00000000,0.00000000,0.00000000,0.00000000,0.00000000,0.00000000,0.00000000,0.00000000,0.00000000,0.00000000,0.00000000,0.00000000,0.00000000,0.00000000,0.00000000,0.00000000,0.00000000,0.00000000,0.00000000,0.00000000,0.00000000,0.00000000,0.00000000,0.00000000,0.00000000,0.00000000,0.00000000,0.00000000,0.00000000,0.00000000,0.00000000,0.00000000,0.00000000,0.00000000,0.00000000,0.00000000,0.00000000,0.00000000,0.00000000,0.00000000,0.00000000,0.00000000,0.00000000,0.00000000,0.00000000,0.00000000,0.00000000,0.00000000,0.00000000,0.00000000,0.00000000,0.00000000,0.00000000,0.00000000,0.00000000,0.00000000,0.00000000,0.00000000,0.00000000,0.00000000,0.00000000,0.00000000,0.00000000,0.00000000,0.00000000,0.00000000,0.00000000,0.00000000,0.00000000,0.00000000,0.00000000,0.00000000,0.00000000,0.00000000,0.00000000,0.00000000
0.00000000,0.00000000,0.00000000,0.00000000,0.00000000,0.00000000,0.00000000,0.00000000,0.00000000,0.00000000,0.00000000,45.45296533,0.00000000,0.00000000,0.00000000,0.00000000,33.57062006,0.00000000,0.00000000,0.00000000,25.22337544,20.92178686,0.00000000,40.31909616,62.09779994,10.17319659,16.21170129,32.38157594,0.00000000,42.13306122,11.79488873,39.12657719,10.52153083,14.20094037,39.94594550,25.78923702,26.69583106,49.82690938,39.49974934,41.80162232,41.05982685,0.00000000,0.00000000,0.00000000,0.00000000,0.00000000,0.00000000,58.58642458,0.00000000,0.00000000,0.00000000,0.00000000,0.00000000,0.00000000,0.00000000,0.00000000,0.00000000,0.00000000,0.00000000,0.00000000,71.36162114,0.00000000,0.00000000,0.00000000,0.00000000,69.43870756,0.00000000,0.00000000,0.00000000,0.00000000,0.00000000,0.00000000,0.00000000,0.00000000,0.00000000,0.00000000,0.00000000,0.00000000,0.00000000,0.00000000,0.00000000,0.00000000,0.00000000,78.75160408,0.00000000,0.00000000,0.00000000,0.00000000,0.00000000,0.00000000,0.00000000,0.00000000,0.00000000,0.00000000,0.00000000,0.00000000,0.00000000,0.00000000,0.00000000,0.00000000,0.00000000,0.00000000,0.00000000,0.00000000,0.00000000,0.00000000,0.00000000,0.00000000,0.00000000,0.00000000,0.00000000,0.00000000,0.00000000,0.00000000,0.00000000,0.00000000,0.00000000,0.00000000,0.00000000,0.00000000,0.00000000,0.00000000,0.00000000,0.00000000,0.00000000,0.00000000,0.00000000,0.00000000,0.00000000,0.00000000,0.00000000,0.00000000,0.00000000,0.00000000,0.00000000,0.00000000,0.00000000,0.00000000,0.00000000,0.00000000,0.00000000,0.00000000,0.00000000,0.00000000,0.00000000,0.00000000,0.00000000,0.00000000,0.00000000,0.00000000,0.00000000,0.00000000,0.00000000,0.00000000,0.00000000,0.00000000,0.00000000,0.00000000,0.00000000,0.00000000,0.00000000,0.00000000,0.00000000,0.00000000,0.00000000,0.00000000,0.00000000,0.00000000,0.00000000,0.00000000,0.00000000,0.00000000,0.00000000,0.00000000,0.00000000,0.00000000,0.00000000,0.00000000,0.00000000,0.00000000,0.00000000,0.00000000,0.00000000,0.00000000,0.00000000,0.00000000,0.00000000,0.00000000,0.00000000,0.00000000,0.00000000,0.00000000,0.00000000,0.00000000
0.00000000,74.72475357,70.30698140,68.61997223,59.45576216,50.54060385,67.44201088,56.03475432,62.26112608,43.17452104,37.63034011,44.08565152,62.56850977,41.37058915,23.70166663,29.86639046,38.77146230,42.54585370,41.46432702,47.07317639,33.01516686,47.74484634,56.09552329,13.02526797,15.38478692,36.09050301,58.04343096,11.76729484,42.13306122,0.00000000,33.79005131,0.00000000,45.93878708,0.00000000,0.00000000,0.00000000,0.00000000,0.00000000,0.00000000,0.00000000,0.00000000,0.00000000,0.00000000,0.00000000,0.00000000,0.00000000,0.00000000,0.00000000,0.00000000,0.00000000,0.00000000,0.00000000,0.00000000,0.00000000,0.00000000,0.00000000,0.00000000,0.00000000,68.99680800,0.00000000,59.94746526,0.00000000,0.00000000,0.00000000,0.00000000,0.00000000,0.00000000,0.00000000,61.96198845,69.66053826,0.00000000,0.00000000,0.00000000,0.00000000,0.00000000,0.00000000,0.00000000,0.00000000,70.24272495,0.00000000,0.00000000,0.00000000,0.00000000,70.85589006,0.00000000,0.00000000,0.00000000,0.00000000,0.00000000,0.00000000,0.00000000,0.00000000,0.00000000,0.00000000,0.00000000,0.00000000,0.00000000,0.00000000,0.00000000,0.00000000,0.00000000,0.00000000,0.00000000,0.00000000,0.00000000,0.00000000,0.00000000,0.00000000,0.00000000,0.00000000,0.00000000,0.00000000,0.00000000,0.00000000,0.00000000,0.00000000,0.00000000,0.00000000,0.00000000,0.00000000,0.00000000,0.00000000,0.00000000,0.00000000,0.00000000,0.00000000,0.00000000,0.00000000,0.00000000,0.00000000,0.00000000,0.00000000,0.00000000,0.00000000,0.00000000,0.00000000,0.00000000,0.00000000,0.00000000,0.00000000,0.00000000,0.00000000,0.00000000,0.00000000,0.00000000,0.00000000,0.00000000,0.00000000,0.00000000,0.00000000,0.00000000,0.00000000,0.00000000,0.00000000,0.00000000,0.00000000,0.00000000,0.00000000,0.00000000,0.00000000,0.00000000,0.00000000,0.00000000,0.00000000,0.00000000,0.00000000,0.00000000,0.00000000,0.00000000,0.00000000,0.00000000,0.00000000,0.00000000,0.00000000,0.00000000,0.00000000,0.00000000,0.00000000,0.00000000,0.00000000,0.00000000,0.00000000,0.00000000,0.00000000,0.00000000,0.00000000,0.00000000,0.00000000,0.00000000,0.00000000,0.00000000,0.00000000,0.00000000,0.00000000
0.00000000,0.00000000,0.00000000,0.00000000,0.00000000,0.00000000,0.00000000,0.00000000,0.00000000,0.00000000,51.41469643,46.38869036,0.00000000,0.00000000,44.83303738,34.58364296,37.11932109,0.00000000,0.00000000,69.49552663,25.35480149,30.80725704,0.00000000,31.70068789,54.04757074,11.46660940,28.85378898,13.56061694,11.79488873,33.79005131,0.00000000,47.08207975,18.10954522,11.78932535,46.21790854,29.84414690,24.97905014,0.00000000,32.28984617,38.22362282,0.00000000,0.00000000,0.00000000,0.00000000,38.25450221,0.00000000,0.00000000,51.25007811,0.00000000,51.91753987,0.00000000,0.00000000,0.00000000,0.00000000,0.00000000,0.00000000,64.47418011,53.09835625,75.22028605,0.00000000,72.43504432,0.00000000,0.00000000,0.00000000,0.00000000,70.96353531,0.00000000,0.00000000,63.04676310,0.00000000,0.00000000,0.00000000,0.00000000,0.00000000,0.00000000,0.00000000,0.00000000,0.00000000,0.00000000,0.00000000,0.00000000,0.00000000,0.00000000,78.08782053,0.00000000,0.00000000,0.00000000,0.00000000,0.00000000,0.00000000,0.00000000,0.00000000,0.00000000,0.00000000,0.00000000,0.00000000,0.00000000,0.00000000,0.00000000,0.00000000,0.00000000,0.00000000,0.00000000,0.00000000,0.00000000,0.00000000,0.00000000,0.00000000,0.00000000,0.00000000,0.00000000,0.00000000,0.00000000,0.00000000,0.00000000,0.00000000,0.00000000,0.00000000,0.00000000,0.00000000,0.00000000,0.00000000,0.00000000,0.00000000,0.00000000,0.00000000,0.00000000,0.00000000,0.00000000,0.00000000,0.00000000,0.00000000,0.00000000,0.00000000,0.00000000,0.00000000,0.00000000,0.00000000,0.00000000,0.00000000,0.00000000,0.00000000,0.00000000,0.00000000,0.00000000,0.00000000,0.00000000,0.00000000,0.00000000,0.00000000,0.00000000,0.00000000,0.00000000,0.00000000,0.00000000,0.00000000,0.00000000,0.00000000,0.00000000,0.00000000,0.00000000,0.00000000,0.00000000,0.00000000,0.00000000,0.00000000,0.00000000,0.00000000,0.00000000,0.00000000,0.00000000,0.00000000,0.00000000,0.00000000,0.00000000,0.00000000,0.00000000,0.00000000,0.00000000,0.00000000,0.00000000,0.00000000,0.00000000,0.00000000,0.00000000,0.00000000,0.00000000,0.00000000,0.00000000,0.00000000,0.00000000,0.00000000,0.00000000,0.00000000
0.00000000,0.00000000,0.00000000,0.00000000,0.00000000,0.00000000,0.00000000,0.00000000,0.00000000,0.00000000,0.00000000,48.01337560,0.00000000,0.00000000,0.00000000,0.00000000,0.00000000,0.00000000,0.00000000,0.00000000,34.80371523,26.20963439,0.00000000,0.00000000,67.06828918,38.53611985,16.38946803,48.04056358,39.12657719,0.00000000,47.08207975,0.00000000,19.63472737,44.87654331,12.76396504,30.58300749,50.74410934,25.57255015,55.87056330,47.02473885,36.22041466,0.00000000,39.39383785,60.42919104,61.19599470,46.80305899,0.00000000,71.97215249,53.08672190,68.73800310,0.00000000,0.00000000,66.81599865,0.00000000,0.00000000,73.02795721,81.27988068,72.33396361,86.55808402,0.00000000,84.21398010,0.00000000,74.96251233,79.42713038,0.00000000,81.83067226,77.08302798,0.00000000,81.86517620,0.00000000,81.14256911,0.00000000,0.00000000,0.00000000,78.93184408,0.00000000,83.14613615,0.00000000,0.00000000,0.00000000,88.53659185,79.84281921,0.00000000,88.58547128,84.39662001,84.57691345,0.00000000,0.00000000,0.00000000,0.00000000,0.00000000,0.00000000,0.00000000,0.00000000,0.00000000,0.00000000,0.00000000,0.00000000,0.00000000,0.00000000,0.00000000,0.00000000,0.00000000,0.00000000,0.00000000,0.00000000,0.00000000,0.00000000,0.00000000,0.00000000,0.00000000,0.00000000,0.00000000,0.00000000,0.00000000,0.00000000,0.00000000,0.00000000,0.00000000,0.00000000,0.00000000,0.00000000,0.00000000,0.00000000,0.00000000,0.00000000,0.00000000,0.00000000,0.00000000,0.00000000,0.00000000,0.00000000,0.00000000,0.00000000,0.00000000,0.00000000,0.00000000,0.00000000,0.00000000,0.00000000,0.00000000,0.00000000,0.00000000,0.00000000,0.00000000,0.00000000,0.00000000,0.00000000,0.00000000,0.00000000,0.00000000,0.00000000,0.00000000,0.00000000,0.00000000,0.00000000,0.00000000,0.00000000,0.00000000,0.00000000,0.00000000,0.00000000,0.00000000,0.00000000,0.00000000,0.00000000,0.00000000,0.00000000,0.00000000,0.00000000,0.00000000,0.00000000,0.00000000,0.00000000,0.00000000,0.00000000,0.00000000,0.00000000,0.00000000,0.00000000,0.00000000,0.00000000,0.00000000,0.00000000,0.00000000,0.00000000,0.00000000,0.00000000,0.00000000,0.00000000,0.00000000,0.00000000,0.00000000,0.00000000
0.00000000,0.00000000,0.00000000,0.00000000,0.00000000,0.00000000,0.00000000,0.00000000,0.00000000,0.00000000,0.00000000,48.22406437,0.00000000,0.00000000,0.00000000,0.00000000,35.93603886,0.00000000,0.00000000,0.00000000,28.22494495,20.07437555,0.00000000,35.94971466,63.24199649,14.23633033,14.07282967,41.11096219,10.52153083,45.93878708,18.10954522,19.63472737,0.00000000,13.01994873,16.29021530,14.68667068,27.98932103,34.12106546,40.13276002,35.89126844,33.56467855,0.00000000,49.51373063,52.22196579,52.11374639,43.40860984,0.00000000,62.35442924,57.45535736,61.97152138,0.00000000,0.00000000,0.00000000,0.00000000,0.00000000,70.12581098,76.64885457,68.24506487,82.83750458,0.00000000,79.42772293,0.00000000,73.41477481,75.80419891,0.00000000,76.93684400,72.17834909,0.00000000,0.00000000,0.00000000,75.78464508,71.45886230,0.00000000,0.00000000,0.00000000,0.00000000,79.77809688,0.00000000,0.00000000,0.00000000,78.60210705,0.00000000,0.00000000,81.86948649,81.19419243,0.00000000,0.00000000,0.00000000,0.00000000,76.27698612,0.00000000,0.00000000,0.00000000,0.00000000,0.00000000,0.00000000,0.00000000,0.00000000,0.00000000,0.00000000,0.00000000,0.00000000,0.00000000,0.00000000,0.00000000,0.00000000,0.00000000,0.00000000,0.00000000,0.00000000,0.00000000,0.00000000,0.00000000,0.00000000,0.00000000,0.00000000,0.00000000,0.00000000,0.00000000,0.00000000,0.00000000,0.00000000,0.00000000,0.00000000,0.00000000,0.00000000,0.00000000,0.00000000,0.00000000,0.00000000,0.00000000,0.00000000,0.00000000,0.00000000,0.00000000,0.00000000,0.00000000,0.00000000,0.00000000,0.00000000,0.00000000,0.00000000,0.00000000,0.00000000,0.00000000,0.00000000,0.00000000,0.00000000,0.00000000,0.00000000,0.00000000,0.00000000,0.00000000,0.00000000,0.00000000,0.00000000,0.00000000,0.00000000,0.00000000,0.00000000,0.00000000,0.00000000,0.00000000,0.00000000,0.00000000,0.00000000,0.00000000,0.00000000,0.00000000,0.00000000,0.00000000,0.00000000,0.00000000,0.00000000,0.00000000,0.00000000,0.00000000,0.00000000,0.00000000,0.00000000,0.00000000,0.00000000,0.00000000,0.00000000,0.00000000,0.00000000,0.00000000,0.00000000,0.00000000,0.00000000,0.00000000,0.00000000,0.00000000,0.00000000
0.00000000,0.00000000,0.00000000,0.00000000,0.00000000,0.00000000,0.00000000,0.00000000,0.00000000,0.00000000,0.00000000,0.00000000,0.00000000,0.00000000,0.00000000,0.00000000,37.48301435,0.00000000,0.00000000,0.00000000,36.63961451,34.56440653,0.00000000,0.00000000,0.00000000,20.40550818,30.86570653,34.87826061,14.20094037,0.00000000,11.78932535,44.87654331,13.01994873,0.00000000,41.10574385,12.93036332,15.45319540,48.84000268,28.84294236,32.49311951,41.03315608,0.00000000,58.17835541,45.28593063,41.95559795,43.38714722,0.00000000,57.23731895,48.58363152,57.80377706,0.00000000,0.00000000,0.00000000,0.00000000,0.00000000,67.46685410,69.56043275,63.68004227,72.85302639,0.00000000,74.05683390,0.00000000,0.00000000,75.91811371,0.00000000,73.47490540,67.29528999,0.00000000,0.00000000,0.00000000,0.00000000,0.00000000,0.00000000,0.00000000,0.00000000,0.00000000,78.76661197,0.00000000,0.00000000,0.00000000,0.00000000,0.00000000,0.00000000,78.55995015,0.00000000,0.00000000,0.00000000,0.00000000,0.00000000,0.00000000,0.00000000,0.00000000,0.00000000,0.00000000,0.00000000,0.00000000,0.00000000,0.00000000,0.00000000,0.00000000,0.00000000,0.00000000,0.00000000,0.00000000,0.00000000,0.00000000,0.00000000,0.00000000,0.00000000,0.00000000,0.00000000,0.00000000,0.00000000,0.00000000,0.00000000,0.00000000,0.00000000,0.00000000,0.00000000,0.00000000,0.00000000,0.00000000,0.00000000,0.00000000,0.00000000,0.00000000,0.00000000,0.00000000,0.00000000,0.00000000,0.00000000,0.00000000,0.00000000,0.00000000,0.00000000,0.00000000,0.00000000,0.00000000,0.00000000,0.00000000,0.00000000,0.00000000,0.00000000,0.00000000,0.00000000,0.00000000,0.00000000,0.00000000,0.00000000,0.00000000,0.00000000,0.00000000,0.00000000,0.00000000,0.00000000,0.00000000,0.00000000,0.00000000,0.00000000,0.00000000,0.00000000,0.00000000,0.00000000,0.00000000,0.00000000,0.00000000,0.00000000,0.00000000,0.00000000,0.00000000,0.00000000,0.00000000,0.00000000,0.00000000,0.00000000,0.00000000,0.00000000,0.00000000,0.00000000,0.00000000,0.00000000,0.00000000,0.00000000,0.00000000,0.00000000,0.00000000,0.00000000,0.00000000,0.00000000,0.00000000,0.00000000,0.00000000,0.00000000,0.00000000
0.00000000,0.00000000,0.00000000,0.00000000,0.00000000,0.00000000,0.00000000,0.00000000,0.00000000,0.00000000,0.00000000,0.00000000,0.00000000,0.00000000,0.00000000,0.00000000,0.00000000,0.00000000,0.00000000,0.00000000,0.00000000,15.25765546,0.00000000,0.00000000,0.00000000,39.50980202,24.28617071,0.00000000,39.94594550,0.00000000,46.21790854,12.76396504,16.29021530,41.10574385,0.00000000,18.17557407,46.82015231,13.46441844,54.26493367,39.05353376,23.80652517,0.00000000,30.48850929,59.84555149,55.58365440,37.54924557,0.00000000,67.29973694,43.13867690,62.80318092,0.00000000,44.74644566,59.68363219,0.00000000,0.00000000,66.69152641,75.90282737,67.06248379,82.79974256,0.00000000,79.10706011,0.00000000,71.61281186,75.32091677,0.00000000,76.47484843,72.21407873,0.00000000,74.70795441,0.00000000,77.93949439,0.00000000,0.00000000,0.00000000,74.65068368,0.00000000,79.07887589,0.00000000,0.00000000,0.00000000,0.00000000,76.06814575,0.00000000,84.51270718,80.42705100,81.81165771,0.00000000,0.00000000,0.00000000,0.00000000,0.00000000,0.00000000,0.00000000,0.00000000,0.00000000,0.00000000,0.00000000,0.00000000,0.00000000,0.00000000,0.00000000,0.00000000,0.00000000,0.00000000,0.00000000,0.00000000,0.00000000,0.00000000,0.00000000,0.00000000,0.00000000,0.00000000,0.00000000,0.00000000,0.00000000,0.00000000,0.00000000,0.00000000,0.00000000,0.00000000,0.00000000,0.00000000,0.00000000,0.00000000,0.00000000,0.00000000,0.00000000,0.00000000,0.00000000,0.00000000,0.00000000,0.00000000,0.00000000,0.00000000,0.00000000,0.00000000,0.00000000,0.00000000,0.00000000,0.00000000,0.00000000,0.00000000,0.00000000,0.00000000,0.00000000,0.00000000,0.00000000,0.00000000,0.00000000,0.00000000,0.00000000,0.00000000,0.00000000,0.00000000,0.00000000,0.00000000,0.00000000,0.00000000,0.00000000,0.00000000,0.00000000,0.00000000,0.00000000,0.00000000,0.00000000,0.00000000,0.00000000,0.00000000,0.00000000,0.00000000,0.00000000,0.00000000,0.00000000,0.00000000,0.00000000,0.00000000,0.00000000,0.00000000,0.00000000,0.00000000,0.00000000,0.00000000,0.00000000,0.00000000,0.00000000,0.00000000,0.00000000,0.00000000,0.00000000,0.00000000,0.00000000,0.00000000,0.00000000,0.00000000
0.00000000,0.00000000,0.00000000,0.00000000,0.00000000,0.00000000,0.00000000,0.00000000,0.00000000,0.00000000,0.00000000,0.00000000,0.00000000,0.00000000,0.00000000,0.00000000,0.00000000,0.00000000,0.00000000,0.00000000,23.26499677,37.08457593,0.00000000,0.00000000,0.00000000,30.92398202,33.53889392,0.00000000,25.78923702,0.00000000,29.84414690,30.58300749,14.68667068,12.93036332,18.17557407,0.00000000,11.20229824,20.74378306,21.51696751,15.04753612,16.44041525,0.00000000,39.41775981,45.79567321,45.83794867,27.58552182,0.00000000,53.19839096,43.83061485,50.95926994,0.00000000,39.22762235,58.85803337,0.00000000,0.00000000,61.37898254,67.35030699,57.05258223,74.88879564,0.00000000,70.69758078,0.00000000,69.87672206,69.08216741,0.00000000,67.62560120,65.65092067,0.00000000,71.03186302,0.00000000,72.85992336,74.26921336,0.00000000,59.55317018,66.15637589,0.00000000,72.88629136,0.00000000,0.00000000,65.13295364,78.17755432,0.00000000,0.00000000,74.98221486,76.16989365,76.39756084,0.00000000,0.00000000,0.00000000,77.00825734,0.00000000,0.00000000,0.00000000,0.00000000,0.00000000,0.00000000,0.00000000,0.00000000,0.00000000,0.00000000,0.00000000,0.00000000,0.00000000,0.00000000,0.00000000,0.00000000,0.00000000,0.00000000,0.00000000,0.00000000,0.00000000,0.00000000,0.00000000,0.00000000,0.00000000,0.00000000,0.00000000,0.00000000,0.00000000,0.00000000,0.00000000,0.00000000,0.00000000,0.00000000,0.00000000,0.00000000,0.00000000,0.00000000,0.00000000,0.00000000,0.00000000,0.00000000,0.00000000,0.00000000,0.00000000,0.00000000,0.00000000,0.00000000,0.00000000,0.00000000,0.00000000,0.00000000,0.00000000,0.00000000,0.00000000,0.00000000,0.00000000,0.00000000,0.00000000,0.00000000,0.00000000,0.00000000,0.00000000,0.00000000,0.00000000,0.00000000,0.00000000,0.00000000,0.00000000,0.00000000,0.00000000,0.00000000,0.00000000,0.00000000,0.00000000,0.00000000,0.00000000,0.00000000,0.00000000,0.00000000,0.00000000,0.00000000,0.00000000,0.00000000,0.00000000,0.00000000,0.00000000,0.00000000,0.00000000,0.00000000,0.00000000,0.00000000,0.00000000,0.00000000,0.00000000,0.00000000,0.00000000,0.00000000,0.00000000,0.00000000,0.00000000,0.00000000,0.00000000,0.00000000
0.00000000,0.00000000,0.00000000,0.00000000,0.00000000,0.00000000,0.00000000,0.00000000,0.00000000,0.00000000,0.00000000,0.00000000,0.00000000,0.00000000,0.00000000,0.00000000,0.00000000,0.00000000,0.00000000,0.00000000,0.00000000,0.00000000,0.00000000,0.00000000,0.00000000,31.44022094,42.60128410,0.00000000,26.69583106,0.00000000,24.97905014,50.74410934,27.98932103,15.45319540,46.82015231,11.20229824,0.00000000,51.44072969,16.55454035,19.20803210,39.28802669,0.00000000,55.10028610,38.95384089,36.70506939,38.88947042,0.00000000,51.48421659,49.80637678,50.99988344,0.00000000,0.00000000,0.00000000,0.00000000,0.00000000,51.49147034,62.23644686,57.92992783,0.00000000,0.00000000,69.42866177,0.00000000,0.00000000,0.00000000,0.00000000,69.36886173,0.00000000,0.00000000,0.00000000,0.00000000,0.00000000,0.00000000,0.00000000,0.00000000,0.00000000,0.00000000,74.73815155,0.00000000,0.00000000,0.00000000,0.00000000,0.00000000,0.00000000,74.06711905,0.00000000,0.00000000,0.00000000,0.00000000,0.00000000,0.00000000,0.00000000,0.00000000,0.00000000,0.00000000,0.00000000,0.00000000,0.00000000,0.00000000,0.00000000,0.00000000,0.00000000,0.00000000,0.00000000,0.00000000,0.00000000,0.00000000,0.00000000,0.00000000,0.00000000,0.00000000,0.00000000,0.00000000,0.00000000,0.00000000,0.00000000,0.00000000,0.00000000,0.00000000,0.00000000,0.00000000,0.00000000,0.00000000,0.00000000,0.00000000,0.00000000,0.00000000,0.00000000,0.00000000,0.00000000,0.00000000,0.00000000,0.00000000,0.00000000,0.00000000,0.00000000,0.00000000,0.00000000,0.00000000,0.00000000,0.00000000,0.00000000,0.00000000,0.00000000,0.00000000,0.00000000,0.00000000,0.00000000,0.00000000,0.00000000,0.00000000,0.00000000,0.00000000,0.00000000,0.00000000,0.00000000,0.00000000,0.00000000,0.00000000,0.00000000,0.00000000,0.00000000,0.00000000,0.00000000,0.00000000,0.00000000,0.00000000,0.00000000,0.00000000,0.00000000,0.00000000,0.00000000,0.00000000,0.00000000,0.00000000,0.00000000,0.00000000,0.00000000,0.00000000,0.00000000,0.00000000,0.00000000,0.00000000,0.00000000,0.00000000,0.00000000,0.00000000,0.00000000,0.00000000,0.00000000,0.00000000,0.00000000,0.00000000,0.00000000,0.00000000
0.00000000,0.00000000,0.00000000,0.00000000,0.00000000,0.00000000,0.00000000,0.00000000,0.00000000,0.00000000,0.00000000,0.00000000,0.00000000,0.00000000,0.00000000,0.00000000,0.00000000,0.00000000,0.00000000,0.00000000,0.00000000,0.00000000,0.00000000,0.00000000,0.00000000,32.46918004,42.54727375,0.00000000,49.82690938,0.00000000,0.00000000,25.57255015,34.12106546,48.84000268,13.46441844,20.74378306,51.44072969,0.00000000,56.08744856,34.08149485,13.35653047,0.00000000,16.54584853,60.28656845,54.65852761,30.12299976,0.00000000,65.68950873,30.90895330,58.82651212,0.00000000,42.67753805,50.21588983,0.00000000,0.00000000,59.14481961,72.15057918,61.25439692,79.77292404,0.00000000,75.53012180,0.00000000,67.64939288,70.99319929,0.00000000,73.00401252,67.74574552,0.00000000,66.44673030,0.00000000,75.38898175,71.82156992,0.00000000,0.00000000,72.14969778,0.00000000,76.66410828,0.00000000,0.00000000,0.00000000,76.82204437,75.35304884,0.00000000,82.51140976,78.93069407,80.41287195,0.00000000,0.00000000,0.00000000,0.00000000,0.00000000,0.00000000,0.00000000,0.00000000,0.00000000,0.00000000,0.00000000,0.00000000,0.00000000,0.00000000,0.00000000,0.00000000,0.00000000,0.00000000,0.00000000,0.00000000,0.00000000,0.00000000,0.00000000,0.00000000,0.00000000,0.00000000,0.00000000,0.00000000,0.00000000,0.00000000,0.00000000,0.00000000,0.00000000,0.00000000,0.00000000,0.00000000,0.00000000,0.00000000,0.00000000,0.00000000,0.00000000,0.00000000,0.00000000,0.00000000,0.00000000,0.00000000,0.00000000,0.00000000,0.00000000,0.00000000,0.00000000,0.00000000,0.00000000,0.00000000,0.00000000,0.00000000,0.00000000,0.00000000,0.00000000,0.00000000,0.00000000,0.00000000,0.00000000,0.00000000,0.00000000,0.00000000,0.00000000,0.00000000,0.00000000,0.00000000,0.00000000,0.00000000,0.00000000,0.00000000,0.00000000,0.00000000,0.00000000,0.00000000,0.00000000,0.00000000,0.00000000,0.00000000,0.00000000,0.00000000,0.00000000,0.00000000,0.00000000,0.00000000,0.00000000,0.00000000,0.00000000,0.00000000,0.00000000,0.00000000,0.00000000,0.00000000,0.00000000,0.00000000,0.00000000,0.00000000,0.00000000,0.00000000,0.00000000,0.00000000,0.00000000,0.00000000,0.00000000,0.00000000
0.00000000,0.00000000,0.00000000,0.00000000,0.00000000,0.00000000,0.00000000,0.00000000,0.00000000,0.00000000,0.00000000,55.35618165,0.00000000,0.00000000,0.00000000,0.00000000,46.03435898,0.00000000,0.00000000,0.00000000,42.10917346,47.64362768,0.00000000,0.00000000,0.00000000,39.22260413,50.25302018,38.96378541,39.49974934,0.00000000,32.28984617,55.87056330,40.13276002,28.84294236,54.26493367,21.51696751,16.55454035,56.08744856,0.00000000,13.39418619,44.61703759,0.00000000,60.93781824,17.56104059,16.27570615,29.60168655,0.00000000,20.63025223,58.37985840,26.59975290,0.00000000,40.72454071,0.00000000,0.00000000,0.00000000,65.17184210,48.15317620,43.50715120,68.13220063,0.00000000,58.37747873,0.00000000,66.20484352,73.53123220,0.00000000,57.67136259,66.56627655,0.00000000,67.50936508,74.68790588,0.00000000,69.21709824,0.00000000,59.18111542,0.00000000,0.00000000,77.01335373,0.00000000,0.00000000,68.11780379,73.17986020,0.00000000,0.00000000,72.51389759,0.00000000,0.00000000,0.00000000,0.00000000,77.43842385,79.81028966,78.69305992,0.00000000,0.00000000,0.00000000,0.00000000,0.00000000,0.00000000,0.00000000,0.00000000,0.00000000,0.00000000,0.00000000,0.00000000,0.00000000,0.00000000,0.00000000,0.00000000,0.00000000,0.00000000,0.00000000,0.00000000,0.00000000,0.00000000,0.00000000,0.00000000,0.00000000,0.00000000,0.00000000,0.00000000,0.00000000,0.00000000,0.00000000,0.00000000,0.00000000,0.00000000,0.00000000,0.00000000,0.00000000,0.00000000,0.00000000,0.00000000,0.00000000,0.00000000,0.00000000,0.00000000,0.00000000,0.00000000,0.00000000,0.00000000,0.00000000,0.00000000,0.00000000,0.00000000,0.00000000,0.00000000,0.00000000,0.00000000,0.00000000,0.00000000,0.00000000,0.00000000,0.00000000,0.00000000,0.00000000,0.00000000,0.00000000,0.00000000,0.00000000,0.00000000,0.00000000,0.00000000,0.00000000,0.00000000,0.00000000,0.00000000,0.00000000,0.00000000,0.00000000,0.00000000,0.00000000,0.00000000,0.00000000,0.00000000,0.00000000,0.00000000,0.00000000,0.00000000,0.00000000,0.00000000,0.00000000,0.00000000,0.00000000,0.00000000,0.00000000,0.00000000,0.00000000,0.00000000,0.00000000,0.00000000,0.00000000,0.00000000,0.00000000,0.00000000,0.00000000
0.00000000,0.00000000,0.00000000,0.00000000,0.00000000,0.00000000,0.00000000,0.00000000,0.00000000,0.00000000,0.00000000,43.85365931,0.00000000,0.00000000,0.00000000,0.00000000,0.00000000,0.00000000,0.00000000,0.00000000,0.00000000,43.31114221,0.00000000,0.00000000,0.00000000,43.56890881,49.11625085,0.00000000,41.80162232,0.00000000,38.22362282,47.02473885,35.89126844,32.49311951,39.05353376,15.04753612,19.20803210,34.08149485,13.39418619,0.00000000,16.39015112,0.00000000,35.55525109,14.12269051,21.05937481,12.16733790,0.00000000,25.75305665,31.68517162,13.45126739,0.00000000,24.76094558,49.23130544,0.00000000,0.00000000,44.53755946,46.89912715,36.23350977,66.70366268,0.00000000,56.94952063,0.00000000,63.55773830,58.77642840,0.00000000,53.43874458,54.46031363,0.00000000,63.85695355,71.02097416,67.25877304,64.40086374,0.00000000,53.15310754,62.92525368,0.00000000,67.83914763,0.00000000,0.00000000,60.91612789,68.81739827,0.00000000,0.00000000,67.12751613,73.97328553,75.16584206,66.50954255,0.00000000,71.54322566,72.36959267,72.26034126,0.00000000,0.00000000,0.00000000,0.00000000,0.00000000,0.00000000,0.00000000,0.00000000,0.00000000,0.00000000,0.00000000,0.00000000,0.00000000,0.00000000,0.00000000,0.00000000,0.00000000,0.00000000,0.00000000,0.00000000,0.00000000,0.00000000,0.00000000,0.00000000,0.00000000,0.00000000,0.00000000,0.00000000,0.00000000,0.00000000,0.00000000,0.00000000,0.00000000,0.00000000,0.00000000,0.00000000,0.00000000,0.00000000,0.00000000,0.00000000,0.00000000,0.00000000,0.00000000,0.00000000,0.00000000,0.00000000,0.00000000,0.00000000,0.00000000,0.00000000,0.00000000,0.00000000,0.00000000,0.00000000,0.00000000,0.00000000,0.00000000,0.00000000,0.00000000,0.00000000,0.00000000,0.00000000,0.00000000,0.00000000,0.00000000,0.00000000,0.00000000,0.00000000,0.00000000,0.00000000,0.00000000,0.00000000,0.00000000,0.00000000,0.00000000,0.00000000,0.00000000,0.00000000,0.00000000,0.00000000,0.00000000,0.00000000,0.00000000,0.00000000,0.00000000,0.00000000,0.00000000,0.00000000,0.00000000,0.00000000,0.00000000,0.00000000,0.00000000,0.00000000,0.00000000,0.00000000,0.00000000,0.00000000,0.00000000,0.00000000,0.00000000,0.00000000,0.00000000
0.00000000,0.00000000,0.00000000,0.00000000,0.00000000,0.00000000,0.00000000,0.00000000,0.00000000,0.00000000,0.00000000,0.00000000,0.00000000,0.00000000,0.00000000,0.00000000,0.00000000,0.00000000,0.00000000,0.00000000,0.00000000,0.00000000,0.00000000,0.00000000,0.00000000,0.00000000,45.66558924,0.00000000,41.05982685,0.00000000,0.00000000,36.22041466,33.56467855,41.03315608,23.80652517,16.44041525,39.28802669,13.35653047,44.61703759,16.39015112,0.00000000,0.00000000,12.36210214,48.03218028,47.69108836,12.20214959,0.00000000,52.59360618,15.80129384,42.44331567,0.00000000,25.29661484,38.11776248,0.00000000,0.00000000,39.11865206,58.05706059,44.07406183,66.26628988,0.00000000,60.58408952,0.00000000,54.17534896,56.26210253,0.00000000,57.33802724,53.58187210,0.00000000,54.72223790,0.00000000,63.29466375,58.61084643,0.00000000,0.00000000,0.00000000,0.00000000,64.99845559,0.00000000,0.00000000,0.00000000,0.00000000,0.00000000,0.00000000,68.73838018,68.65291929,67.73546092,0.00000000,0.00000000,0.00000000,0.00000000,0.00000000,0.00000000,0.00000000,0.00000000,0.00000000,0.00000000,0.00000000,0.00000000,0.00000000,0.00000000,0.00000000,0.00000000,0.00000000,0.00000000,0.00000000,0.00000000,0.00000000,0.00000000,0.00000000,0.00000000,0.00000000,0.00000000,0.00000000,0.00000000,0.00000000,0.00000000,0.00000000,0.00000000,0.00000000,0.00000000,0.00000000,0.00000000,0.00000000,0.00000000,0.00000000,0.00000000,0.00000000,0.00000000,0.00000000,0.00000000,0.00000000,0.00000000,0.00000000,0.00000000,0.00000000,0.00000000,0.00000000,0.00000000,0.00000000,0.00000000,0.00000000,0.00000000,0.00000000,0.00000000,0.00000000,0.00000000,0.00000000,0.00000000,0.00000000,0.00000000,0.00000000,0.00000000,0.00000000,0.00000000,0.00000000,0.00000000,0.00000000,0.00000000,0.00000000,0.00000000,0.00000000,0.00000000,0.00000000,0.00000000,0.00000000,0.00000000,0.00000000,0.00000000,0.00000000,0.00000000,0.00000000,0.00000000,0.00000000,0.00000000,0.00000000,0.00000000,0.00000000,0.00000000,0.00000000,0.00000000,0.00000000,0.00000000,0.00000000,0.00000000,0.00000000,0.00000000,0.00000000,0.00000000,0.00000000,0.00000000,0.00000000,0.00000000,0.00000000,0.00000000
0.00000000,0.00000000,0.00000000,0.00000000,0.00000000,0.00000000,0.00000000,0.00000000,0.00000000,0.00000000,0.00000000,0.00000000,0.00000000,0.00000000,0.00000000,0.00000000,0.00000000,0.00000000,0.00000000,0.00000000,0.00000000,0.00000000,0.00000000,0.00000000,0.00000000,0.00000000,0.00000000,0.00000000,0.00000000,0.00000000,0.00000000,0.00000000,0.00000000,0.00000000,0.00000000,0.00000000,0.00000000,0.00000000,0.00000000,0.00000000,0.00000000,0.00000000,0.00000000,0.00000000,0.00000000,0.00000000,10.54585402,0.00000000,0.00000000,0.00000000,21.52079047,0.00000000,0.00000000,39.12407229,23.46798335,0.00000000,0.00000000,0.00000000,0.00000000,35.98567872,0.00000000,54.48704933,0.00000000,0.00000000,32.53498215,0.00000000,0.00000000,50.86199276,0.00000000,0.00000000,0.00000000,0.00000000,41.99757982,0.00000000,0.00000000,66.16332400,0.00000000,61.10484282,0.00000000,0.00000000,0.00000000,29.63932943,0.00000000,0.00000000,0.00000000,47.64788324,47.73739352,0.00000000,0.00000000,0.00000000,0.00000000,0.00000000,0.00000000,0.00000000,0.00000000,0.00000000,0.00000000,0.00000000,0.00000000,0.00000000,0.00000000,0.00000000,0.00000000,0.00000000,0.00000000,0.00000000,0.00000000,0.00000000,0.00000000,0.00000000,0.00000000,0.00000000,0.00000000,0.00000000,0.00000000,0.00000000,0.00000000,0.00000000,0.00000000,0.00000000,0.00000000,0.00000000,0.00000000,0.00000000,0.00000000,0.00000000,0.00000000,0.00000000,0.00000000,0.00000000,0.00000000,0.00000000,0.00000000,0.00000000,0.00000000,55.59971753,0.00000000,0.00000000,0.00000000,0.00000000,0.00000000,0.00000000,64.91895921,0.00000000,0.00000000,0.00000000,0.00000000,61.03872432,0.00000000,0.00000000,61.43485260,0.00000000,0.00000000,0.00000000,71.29812029,0.00000000,71.99453735,0.00000000,0.00000000,0.00000000,0.00000000,0.00000000,0.00000000,0.00000000,0.00000000,0.00000000,0.00000000,80.43144652,0.00000000,0.00000000,0.00000000,0.00000000,0.00000000,77.16104456,0.00000000,0.00000000,0.00000000,0.00000000,0.00000000,0.00000000,0.00000000,81.09890366,80.48282776,0.00000000,0.00000000,85.82195333,83.22020232,0.00000000,0.00000000,0.00000000,0.00000000,0.00000000,0.00000000,0.00000000
0.00000000,0.00000000,0.00000000,0.00000000,0.00000000,0.00000000,0.00000000,0.00000000,0.00000000,0.00000000,0.00000000,0.00000000,0.00000000,0.00000000,0.00000000,0.00000000,0.00000000,0.00000000,0.00000000,0.00000000,0.00000000,0.00000000,0.00000000,0.00000000,0.00000000,0.00000000,55.65158844,0.00000000,0.00000000,0.00000000,0.00000000,39.39383785,49.51373063,58.17835541,30.48850929,39.41775981,55.10028610,16.54584853,60.93781824,35.55525109,12.36210214,0.00000000,0.00000000,61.28063992,58.81909362,25.11841033,0.00000000,64.76656136,16.75165744,54.06842501,0.00000000,38.04160319,35.54646516,0.00000000,67.22261620,46.96350734,69.98625060,55.71215226,77.43062019,0.00000000,71.85738769,0.00000000,58.33785975,63.57972416,69.20666847,67.51861236,64.32077130,0.00000000,75.78595317,82.40314026,72.43763631,75.66428986,0.00000000,59.73011335,71.67294072,0.00000000,74.23673859,0.00000000,0.00000000,61.49356651,79.56577110,74.51065776,0.00000000,80.50454521,77.37706158,80.35981750,0.00000000,0.00000000,0.00000000,77.43380833,0.00000000,0.00000000,0.00000000,0.00000000,0.00000000,0.00000000,0.00000000,0.00000000,0.00000000,0.00000000,0.00000000,0.00000000,0.00000000,0.00000000,0.00000000,0.00000000,0.00000000,0.00000000,0.00000000,0.00000000,0.00000000,0.00000000,0.00000000,0.00000000,0.00000000,0.00000000,0.00000000,0.00000000,0.00000000,0.00000000,0.00000000,0.00000000,0.00000000,0.00000000,0.00000000,0.00000000,0.00000000,0.00000000,0.00000000,0.00000000,0.00000000,0.00000000,0.00000000,0.00000000,0.00000000,0.00000000,0.00000000,0.00000000,0.00000000,0.00000000,0.00000000,0.00000000,0.00000000,0.00000000,0.00000000,0.00000000,0.00000000,85.99668230,0.00000000,0.00000000,0.00000000,0.00000000,0.00000000,0.00000000,96.43661143,0.00000000,95.05990278,0.00000000,0.00000000,0.00000000,0.00000000,0.00000000,0.00000000,0.00000000,0.00000000,0.00000000,0.00000000,0.00000000,0.00000000,0.00000000,0.00000000,0.00000000,0.00000000,0.00000000,0.00000000,0.00000000,0.00000000,0.00000000,0.00000000,0.00000000,0.00000000,0.00000000,0.00000000,0.00000000,0.00000000,0.00000000,0.00000000,0.00000000,0.00000000,0.00000000,0.00000000,0.00000000,0.00000000,0.00000000
0.00000000,0.00000000,0.00000000,0.00000000,0.00000000,0.00000000,0.00000000,0.00000000,0.00000000,0.00000000,0.00000000,0.00000000,0.00000000,0.00000000,0.00000000,0.00000000,0.00000000,0.00000000,0.00000000,0.00000000,0.00000000,0.00000000,0.00000000,0.00000000,0.00000000,0.00000000,57.78399234,0.00000000,0.00000000,0.00000000,0.00000000,60.42919104,52.22196579,45.28593063,59.84555149,45.79567321,38.95384089,60.28656845,17.56104059,14.12269051,48.03218028,0.00000000,61.28063992,0.00000000,21.94701626,20.94867783,0.00000000,16.00411532,52.36071565,13.02766209,0.00000000,31.92561293,0.00000000,0.00000000,0.00000000,53.98467473,37.49460073,31.54314324,59.55759525,0.00000000,52.01884399,0.00000000,0.00000000,0.00000000,0.00000000,46.04608910,0.00000000,0.00000000,0.00000000,0.00000000,0.00000000,0.00000000,0.00000000,0.00000000,0.00000000,0.00000000,0.00000000,0.00000000,0.00000000,0.00000000,0.00000000,0.00000000,0.00000000,68.07611671,0.00000000,0.00000000,0.00000000,0.00000000,0.00000000,0.00000000,0.00000000,0.00000000,0.00000000,0.00000000,0.00000000,0.00000000,0.00000000,0.00000000,0.00000000,0.00000000,0.00000000,0.00000000,0.00000000,0.00000000,0.00000000,0.00000000,0.00000000,0.00000000,0.00000000,0.00000000,0.00000000,0.00000000,0.00000000,0.00000000,0.00000000,0.00000000,0.00000000,0.00000000,0.00000000,0.00000000,0.00000000,0.00000000,0.00000000,0.00000000,0.00000000,0.00000000,0.00000000,0.00000000,0.00000000,0.00000000,0.00000000,0.00000000,0.00000000,0.00000000,0.00000000,0.00000000,0.00000000,0.00000000,0.00000000,0.00000000,0.00000000,0.00000000,0.00000000,0.00000000,0.00000000,0.00000000,0.00000000,0.00000000,0.00000000,0.00000000,0.00000000,0.00000000,0.00000000,0.00000000,0.00000000,0.00000000,0.00000000,0.00000000,0.00000000,0.00000000,0.00000000,0.00000000,0.00000000,0.00000000,0.00000000,0.00000000,0.00000000,0.00000000,0.00000000,0.00000000,0.00000000,0.00000000,0.00000000,0.00000000,0.00000000,0.00000000,0.00000000,0.00000000,0.00000000,0.00000000,0.00000000,0.00000000,0.00000000,0.00000000,0.00000000,0.00000000,0.00000000,0.00000000,0.00000000,0.00000000,0.00000000,0.00000000,0.00000000,0.00000000
0.00000000,0.00000000,0.00000000,0.00000000,0.00000000,0.00000000,0.00000000,0.00000000,0.00000000,0.00000000,0.00000000,0.00000000,0.00000000,0.00000000,0.00000000,0.00000000,0.00000000,0.00000000,0.00000000,0.00000000,0.00000000,0.00000000,0.00000000,0.00000000,0.00000000,42.06700325,60.17047791,0.00000000,0.00000000,0.00000000,38.25450221,61.19599470,52.11374639,41.95559795,55.58365440,45.83794867,36.70506939,54.65852761,16.27570615,21.05937481,47.69108836,0.00000000,58.81909362,21.94701626,0.00000000,14.94690253,0.00000000,11.65588134,56.04119492,22.90297655,0.00000000,0.00000000,0.00000000,0.00000000,0.00000000,37.64841620,30.55871415,31.64771026,53.52930056,0.00000000,41.37240083,0.00000000,0.00000000,0.00000000,0.00000000,41.84844739,0.00000000,0.00000000,46.61596107,51.53361491,0.00000000,46.66755515,0.00000000,0.00000000,0.00000000,0.00000000,0.00000000,0.00000000,0.00000000,0.00000000,44.38348688,0.00000000,0.00000000,64.15190359,0.00000000,0.00000000,0.00000000,0.00000000,0.00000000,0.00000000,0.00000000,0.00000000,0.00000000,0.00000000,0.00000000,0.00000000,0.00000000,0.00000000,0.00000000,0.00000000,0.00000000,0.00000000,0.00000000,0.00000000,0.00000000,0.00000000,0.00000000,0.00000000,0.00000000,0.00000000,0.00000000,0.00000000,0.00000000,0.00000000,0.00000000,0.00000000,0.00000000,0.00000000,0.00000000,0.00000000,0.00000000,0.00000000,0.00000000,0.00000000,0.00000000,0.00000000,0.00000000,0.00000000,0.00000000,0.00000000,0.00000000,0.00000000,0.00000000,0.00000000,0.00000000,0.00000000,0.00000000,0.00000000,0.00000000,0.00000000,0.00000000,0.00000000,0.00000000,0.00000000,0.00000000,0.00000000,0.00000000,0.00000000,0.00000000,0.00000000,0.00000000,0.00000000,0.00000000,0.00000000,0.00000000,0.00000000,0.00000000,0.00000000,0.00000000,0.00000000,0.00000000,0.00000000,0.00000000,0.00000000,0.00000000,0.00000000,0.00000000,0.00000000,0.00000000,0.00000000,0.00000000,0.00000000,0.00000000,0.00000000,0.00000000,0.00000000,0.00000000,0.00000000,0.00000000,0.00000000,0.00000000,0.00000000,0.00000000,0.00000000,0.00000000,0.00000000,0.00000000,0.00000000,0.00000000,0.00000000,0.00000000,0.00000000,0.00000000,0.00000000
0.00000000,0.00000000,0.00000000,0.00000000,0.00000000,0.00000000,0.00000000,0.00000000,0.00000000,0.00000000,0.00000000,0.00000000,0.00000000,0.00000000,0.00000000,0.00000000,0.00000000,0.00000000,0.00000000,0.00000000,0.00000000,0.00000000,0.00000000,0.00000000,0.00000000,0.00000000,52.80045139,0.00000000,0.00000000,0.00000000,0.00000000,46.80305899,43.40860984,43.38714722,37.54924557,27.58552182,38.88947042,30.12299976,29.60168655,12.16733790,12.20214959,0.00000000,25.11841033,20.94867783,14.94690253,0.00000000,0.00000000,30.77576274,15.40403250,14.46031234,0.00000000,9.22052429,35.31611198,0.00000000,0.00000000,27.67034329,44.77142409,19.69466120,56.58545544,0.00000000,50.63253474,0.00000000,45.62528026,39.06263753,0.00000000,41.63791593,33.81013373,0.00000000,0.00000000,0.00000000,47.61105061,50.33133888,0.00000000,0.00000000,0.00000000,0.00000000,52.14387321,0.00000000,0.00000000,0.00000000,0.00000000,0.00000000,0.00000000,57.69754495,57.19820709,0.00000000,0.00000000,0.00000000,0.00000000,0.00000000,0.00000000,0.00000000,0.00000000,0.00000000,0.00000000,0.00000000,0.00000000,0.00000000,0.00000000,0.00000000,0.00000000,0.00000000,0.00000000,0.00000000,0.00000000,0.00000000,0.00000000,0.00000000,0.00000000,0.00000000,0.00000000,0.00000000,0.00000000,0.00000000,0.00000000,0.00000000,0.00000000,0.00000000,0.00000000,0.00000000,0.00000000,0.00000000,0.00000000,0.00000000,0.00000000,0.00000000,0.00000000,0.00000000,0.00000000,0.00000000,0.00000000,0.00000000,0.00000000,0.00000000,0.00000000,0.00000000,0.00000000,0.00000000,0.00000000,0.00000000,0.00000000,0.00000000,0.00000000,0.00000000,0.00000000,0.00000000,0.00000000,0.00000000,0.00000000,0.00000000,0.00000000,0.00000000,0.00000000,0.00000000,0.00000000,0.00000000,0.00000000,0.00000000,0.00000000,0.00000000,0.00000000,0.00000000,0.00000000,0.00000000,0.00000000,0.00000000,0.00000000,0.00000000,0.00000000,0.00000000,0.00000000,0.00000000,0.00000000,0.00000000,0.00000000,0.00000000,0.00000000,0.00000000,0.00000000,0.00000000,0.00000000,0.00000000,0.00000000,0.00000000,0.00000000,0.00000000,0.00000000,0.00000000,0.00000000,0.00000000,0.00000000,0.00000000,0.00000000,0.00000000
0.00000000,0.00000000,0.00000000,0.00000000,0.00000000,0.00000000,0.00000000,0.00000000,0.00000000,0.00000000,0.00000000,0.00000000,0.00000000,0.00000000,0.00000000,0.00000000,0.00000000,0.00000000,0.00000000,0.00000000,0.00000000,0.00000000,0.00000000,0.00000000,0.00000000,0.00000000,0.00000000,0.00000000,0.00000000,0.00000000,0.00000000,0.00000000,0.00000000,0.00000000,0.00000000,0.00000000,0.00000000,0.00000000,0.00000000,0.00000000,0.00000000,10.54585402,0.00000000,0.00000000,0.00000000,0.00000000,0.00000000,0.00000000,0.00000000,0.00000000,10.93229680,0.00000000,0.00000000,31.32022602,11.35258259,0.00000000,0.00000000,0.00000000,0.00000000,25.75274454,0.00000000,51.74702508,0.00000000,0.00000000,19.41844496,0.00000000,0.00000000,44.69756985,0.00000000,0.00000000,0.00000000,0.00000000,31.11983889,0.00000000,23.83740623,63.59393311,0.00000000,56.85842133,0.00000000,0.00000000,0.00000000,28.08437920,62.05232293,0.00000000,35.71356877,36.06928864,51.41102091,57.97828178,59.34038108,0.00000000,56.89482285,0.00000000,0.00000000,0.00000000,0.00000000,0.00000000,0.00000000,0.00000000,0.00000000,0.00000000,0.00000000,0.00000000,0.00000000,0.00000000,0.00000000,0.00000000,0.00000000,0.00000000,0.00000000,0.00000000,0.00000000,0.00000000,0.00000000,0.00000000,0.00000000,0.00000000,0.00000000,0.00000000,0.00000000,0.00000000,0.00000000,0.00000000,0.00000000,0.00000000,0.00000000,0.00000000,0.00000000,0.00000000,0.00000000,0.00000000,0.00000000,0.00000000,0.00000000,0.00000000,0.00000000,63.89553706,0.00000000,81.76055472,0.00000000,0.00000000,0.00000000,63.21949158,73.57041726,0.00000000,0.00000000,0.00000000,0.00000000,69.56596134,84.00371742,0.00000000,72.86731451,0.00000000,0.00000000,0.00000000,78.17640944,0.00000000,78.59548246,84.49371592,0.00000000,0.00000000,0.00000000,0.00000000,0.00000000,0.00000000,0.00000000,0.00000000,0.00000000,86.90373577,0.00000000,0.00000000,0.00000000,87.36081696,0.00000000,87.19816913,0.00000000,0.00000000,0.00000000,0.00000000,0.00000000,0.00000000,0.00000000,90.79756260,90.51357339,0.00000000,0.00000000,92.61925303,91.01211254,0.00000000,0.00000000,0.00000000,0.00000000,0.00000000,0.00000000,0.00000000
0.00000000,0.00000000,0.00000000,0.00000000,0.00000000,0.00000000,0.00000000,0.00000000,0.00000000,0.00000000,0.00000000,0.00000000,0.00000000,0.00000000,0.00000000,0.00000000,0.00000000,0.00000000,0.00000000,0.00000000,0.00000000,0.00000000,0.00000000,0.00000000,0.00000000,55.82170383,68.87429494,0.00000000,58.58642458,0.00000000,51.25007811,71.97215249,62.35442924,57.23731895,67.29973694,53.19839096,51.48421659,65.68950873,20.63025223,25.75305665,52.59360618,0.00000000,64.76656136,16.00411532,11.65588134,30.77576274,0.00000000,0.00000000,57.53650840,14.12995207,0.00000000,36.83476306,65.65540218,0.00000000,0.00000000,55.38537171,17.25360719,18.98429619,61.34195455,0.00000000,36.77777111,0.00000000,62.61733627,60.48875609,0.00000000,32.43398816,52.71010930,0.00000000,56.13941479,67.32440615,0.00000000,48.24507684,0.00000000,42.61702983,0.00000000,0.00000000,68.34887356,0.00000000,0.00000000,0.00000000,65.33783875,0.00000000,0.00000000,70.12721515,0.00000000,0.00000000,0.00000000,0.00000000,0.00000000,0.00000000,0.00000000,0.00000000,0.00000000,0.00000000,0.00000000,0.00000000,0.00000000,0.00000000,0.00000000,0.00000000,0.00000000,0.00000000,0.00000000,0.00000000,0.00000000,0.00000000,0.00000000,0.00000000,0.00000000,0.00000000,0.00000000,0.00000000,0.00000000,0.00000000,0.00000000,0.00000000,0.00000000,0.00000000,0.00000000,0.00000000,0.00000000,0.00000000,0.00000000,0.00000000,0.00000000,0.00000000,0.00000000,0.00000000,0.00000000,0.00000000,0.00000000,0.00000000,0.00000000,0.00000000,0.00000000,0.00000000,0.00000000,0.00000000,0.00000000,0.00000000,0.00000000,0.00000000,0.00000000,0.00000000,0.00000000,0.00000000,0.00000000,0.00000000,0.00000000,0.00000000,0.00000000,0.00000000,0.00000000,0.00000000,0.00000000,0.00000000,0.00000000,0.00000000,0.00000000,0.00000000,0.00000000,0.00000000,0.00000000,0.00000000,0.00000000,0.00000000,0.00000000,0.00000000,0.00000000,0.00000000,0.00000000,0.00000000,0.00000000,0.00000000,0.00000000,0.00000000,0.00000000,0.00000000,0.00000000,0.00000000,0.00000000,0.00000000,0.00000000,0.00000000,0.00000000,0.00000000,0.00000000,0.00000000,0.00000000,0.00000000,0.00000000,0.00000000,0.00000000,0.00000000
0.00000000,0.00000000,0.00000000,0.00000000,0.00000000,0.00000000,0.00000000,0.00000000,0.00000000,0.00000000,0.00000000,0.00000000,0.00000000,0.00000000,0.00000000,0.00000000,0.00000000,0.00000000,0.00000000,0.00000000,0.00000000,0.00000000,0.00000000,0.00000000,0.00000000,0.00000000,65.30932236,0.00000000,0.00000000,0.00000000,0.00000000,53.08672190,57.45535736,48.58363152,43.13867690,43.83061485,49.80637678,30.90895330,58.37985840,31.68517162,15.80129384,0.00000000,16.75165744,52.36071565,56.04119492,15.40403250,0.00000000,57.53650840,0.00000000,40.71569664,0.00000000,15.11425177,18.44698624,0.00000000,0.00000000,17.42518402,60.10427512,40.69295642,69.35967364,0.00000000,61.32065637,0.00000000,37.53618850,38.51798769,0.00000000,55.33004117,46.82827333,0.00000000,64.02068202,69.59345779,58.14359716,64.05760193,0.00000000,49.19307327,65.54503184,0.00000000,60.76621321,0.00000000,0.00000000,0.00000000,65.65454102,70.13328362,0.00000000,70.22259903,72.31832352,74.80159215,0.00000000,0.00000000,0.00000000,66.65831163,0.00000000,0.00000000,0.00000000,0.00000000,0.00000000,0.00000000,0.00000000,0.00000000,0.00000000,0.00000000,0.00000000,0.00000000,0.00000000,0.00000000,0.00000000,0.00000000,0.00000000,0.00000000,0.00000000,0.00000000,0.00000000,0.00000000,0.00000000,0.00000000,0.00000000,0.00000000,0.00000000,0.00000000,0.00000000,0.00000000,0.00000000,0.00000000,0.00000000,0.00000000,0.00000000,0.00000000,0.00000000,0.00000000,0.00000000,0.00000000,0.00000000,0.00000000,0.00000000,0.00000000,0.00000000,0.00000000,0.00000000,0.00000000,0.00000000,0.00000000,0.00000000,0.00000000,0.00000000,0.00000000,0.00000000,0.00000000,0.00000000,0.00000000,0.00000000,0.00000000,0.00000000,0.00000000,0.00000000,0.00000000,90.38693746,0.00000000,92.28070127,0.00000000,0.00000000,0.00000000,0.00000000,0.00000000,0.00000000,0.00000000,0.00000000,0.00000000,0.00000000,90.12630920,0.00000000,0.00000000,0.00000000,0.00000000,0.00000000,0.00000000,0.00000000,0.00000000,0.00000000,0.00000000,0.00000000,0.00000000,0.00000000,0.00000000,0.00000000,0.00000000,0.00000000,0.00000000,0.00000000,0.00000000,0.00000000,0.00000000,0.00000000,0.00000000,0.00000000,0.00000000
0.00000000,0.00000000,0.00000000,0.00000000,0.00000000,0.00000000,0.00000000,0.00000000,0.00000000,0.00000000,0.00000000,0.00000000,0.00000000,0.00000000,0.00000000,0.00000000,0.00000000,0.00000000,0.00000000,0.00000000,0.00000000,0.00000000,0.00000000,0.00000000,0.00000000,0.00000000,70.53060859,0.00000000,0.00000000,0.00000000,51.91753987,68.73800310,61.97152138,57.80377706,62.80318092,50.95926994,50.99988344,58.82651212,26.59975290,13.45126739,42.44331567,0.00000000,54.06842501,13.02766209,22.90297655,14.46031234,0.00000000,14.12995207,40.71569664,0.00000000,0.00000000,16.82979838,54.35201505,0.00000000,0.00000000,40.17331395,25.74927146,13.26396054,66.25275540,0.00000000,46.64238647,0.00000000,58.31743317,48.74904839,0.00000000,34.25587425,42.96937561,0.00000000,57.47160645,0.00000000,54.28115590,51.15376743,0.00000000,48.99185698,0.00000000,0.00000000,59.09633739,0.00000000,0.00000000,48.29273224,48.16935094,0.00000000,0.00000000,67.58966208,59.72142757,0.00000000,0.00000000,0.00000000,0.00000000,0.00000000,0.00000000,0.00000000,0.00000000,0.00000000,0.00000000,0.00000000,0.00000000,0.00000000,0.00000000,0.00000000,0.00000000,0.00000000,0.00000000,0.00000000,0.00000000,0.00000000,0.00000000,0.00000000,0.00000000,0.00000000,0.00000000,0.00000000,0.00000000,0.00000000,0.00000000,0.00000000,0.00000000,0.00000000,0.00000000,0.00000000,0.00000000,0.00000000,0.00000000,0.00000000,0.00000000,0.00000000,0.00000000,0.00000000,0.00000000,0.00000000,0.00000000,0.00000000,0.00000000,0.00000000,0.00000000,0.00000000,0.00000000,0.00000000,0.00000000,0.00000000,0.00000000,0.00000000,0.00000000,0.00000000,0.00000000,0.00000000,0.00000000,0.00000000,0.00000000,0.00000000,0.00000000,0.00000000,0.00000000,0.00000000,0.00000000,0.00000000,0.00000000,0.00000000,0.00000000,0.00000000,0.00000000,0.00000000,0.00000000,0.00000000,0.00000000,0.00000000,0.00000000,0.00000000,0.00000000,0.00000000,0.00000000,0.00000000,0.00000000,0.00000000,0.00000000,0.00000000,0.00000000,0.00000000,0.00000000,0.00000000,0.00000000,0.00000000,0.00000000,0.00000000,0.00000000,0.00000000,0.00000000,0.00000000,0.00000000,0.00000000,0.00000000,0.00000000,0.00000000,0.00000000
0.00000000,0.00000000,0.00000000,0.00000000,0.00000000,0.00000000,0.00000000,0.00000000,0.00000000,0.00000000,0.00000000,0.00000000,0.00000000,0.00000000,0.00000000,0.00000000,0.00000000,0.00000000,0.00000000,0.00000000,0.00000000,0.00000000,0.00000000,0.00000000,0.00000000,0.00000000,0.00000000,0.00000000,0.00000000,0.00000000,0.00000000,0.00000000,0.00000000,0.00000000,0.00000000,0.00000000,0.00000000,0.00000000,0.00000000,0.00000000,0.00000000,21.52079047,0.00000000,0.00000000,0.00000000,0.00000000,10.93229680,0.00000000,0.00000000,0.00000000,0.00000000,0.00000000,0.00000000,10.76786853,11.54874948,0.00000000,0.00000000,0.00000000,0.00000000,14.15858445,0.00000000,33.55105126,0.00000000,0.00000000,21.62144556,0.00000000,0.00000000,25.40888041,0.00000000,0.00000000,0.00000000,0.00000000,23.82720831,0.00000000,27.58721186,50.75622645,29.43677468,42.74026343,41.60129929,0.00000000,0.00000000,31.69498321,52.19755597,34.95937729,34.08158493,31.70336370,36.17203999,49.37827962,50.19769148,35.29794312,46.18378850,0.00000000,0.00000000,0.00000000,0.00000000,0.00000000,0.00000000,0.00000000,0.00000000,0.00000000,0.00000000,0.00000000,0.00000000,0.00000000,0.00000000,0.00000000,0.00000000,0.00000000,0.00000000,0.00000000,0.00000000,0.00000000,0.00000000,0.00000000,0.00000000,0.00000000,0.00000000,0.00000000,0.00000000,0.00000000,0.00000000,0.00000000,0.00000000,0.00000000,0.00000000,0.00000000,0.00000000,0.00000000,0.00000000,0.00000000,0.00000000,0.00000000,0.00000000,0.00000000,0.00000000,68.73673471,0.00000000,0.00000000,0.00000000,0.00000000,0.00000000,66.49205748,78.83094931,0.00000000,0.00000000,0.00000000,0.00000000,74.54557262,89.05010071,0.00000000,73.56271362,0.00000000,0.00000000,0.00000000,85.05323181,0.00000000,80.52574310,85.56858099,0.00000000,0.00000000,0.00000000,0.00000000,0.00000000,0.00000000,0.00000000,0.00000000,0.00000000,87.84491730,0.00000000,0.00000000,0.00000000,89.13713582,0.00000000,90.20597076,0.00000000,0.00000000,0.00000000,0.00000000,0.00000000,0.00000000,0.00000000,92.05802663,94.06393317,0.00000000,0.00000000,95.77097969,94.74835266,0.00000000,0.00000000,0.00000000,0.00000000,0.00000000,93.23475429,0.00000000
0.00000000,0.00000000,0.00000000,0.00000000,0.00000000,0.00000000,0.00000000,0.00000000,0.00000000,0.00000000,0.00000000,0.00000000,0.00000000,0.00000000,0.00000000,0.00000000,0.00000000,0.00000000,0.00000000,0.00000000,0.00000000,0.00000000,0.00000000,0.00000000,0.00000000,0.00000000,0.00000000,0.00000000,0.00000000,0.00000000,0.00000000,0.00000000,0.00000000,0.00000000,44.74644566,39.22762235,0.00000000,42.67753805,40.72454071,24.76094558,25.29661484,0.00000000,38.04160319,31.92561293,0.00000000,9.22052429,0.00000000,36.83476306,15.11425177,16.82979838,0.00000000,0.00000000,34.65115653,0.00000000,0.00000000,15.11438026,42.03160250,12.80950606,0.00000000,0.00000000,45.86149673,0.00000000,35.97309860,26.50839860,0.00000000,34.44684846,21.27214521,0.00000000,0.00000000,0.00000000,34.01046098,0.00000000,0.00000000,0.00000000,0.00000000,0.00000000,36.87259572,0.00000000,0.00000000,0.00000000,0.00000000,0.00000000,0.00000000,0.00000000,0.00000000,0.00000000,0.00000000,0.00000000,0.00000000,0.00000000,0.00000000,0.00000000,0.00000000,0.00000000,0.00000000,0.00000000,0.00000000,0.00000000,0.00000000,0.00000000,0.00000000,0.00000000,0.00000000,0.00000000,0.00000000,0.00000000,0.00000000,0.00000000,0.00000000,0.00000000,0.00000000,0.00000000,0.00000000,0.00000000,0.00000000,0.00000000,0.00000000,0.00000000,0.00000000,0.00000000,0.00000000,0.00000000,0.00000000,0.00000000,0.00000000,0.00000000,0.00000000,0.00000000,0.00000000,0.00000000,0.00000000,0.00000000,0.00000000,0.00000000,0.00000000,0.00000000,0.00000000,0.00000000,0.00000000,0.00000000,0.00000000,0.00000000,0.00000000,0.00000000,0.00000000,0.00000000,0.00000000,0.00000000,0.00000000,0.00000000,0.00000000,0.00000000,0.00000000,0.00000000,0.00000000,0.00000000,0.00000000,0.00000000,0.00000000,0.00000000,0.00000000,0.00000000,0.00000000,0.00000000,0.00000000,0.00000000,0.00000000,0.00000000,0.00000000,0.00000000,0.00000000,0.00000000,0.00000000,0.00000000,0.00000000,0.00000000,0.00000000,0.00000000,0.00000000,0.00000000,0.00000000,0.00000000,0.00000000,0.00000000,0.00000000,0.00000000,0.00000000,0.00000000,0.00000000,0.00000000,0.00000000,0.00000000,0.00000000,0.00000000
0.00000000,0.00000000,0.00000000,0.00000000,0.00000000,0.00000000,0.00000000,0.00000000,0.00000000,0.00000000,0.00000000,0.00000000,0.00000000,0.00000000,0.00000000,0.00000000,0.00000000,0.00000000,0.00000000,0.00000000,0.00000000,0.00000000,0.00000000,0.00000000,0.00000000,0.00000000,69.42327812,0.00000000,0.00000000,0.00000000,0.00000000,66.81599865,0.00000000,0.00000000,59.68363219,58.85803337,0.00000000,50.21588983,0.00000000,49.23130544,38.11776248,0.00000000,35.54646516,0.00000000,0.00000000,35.31611198,0.00000000,65.65540218,18.44698624,54.35201505,0.00000000,34.65115653,0.00000000,0.00000000,0.00000000,21.69358160,66.29872689,49.87581635,70.75213099,0.00000000,65.82598495,0.00000000,19.62114237,33.41006832,0.00000000,58.15697763,52.86288147,0.00000000,63.36805832,69.04269473,48.75261112,64.09553432,0.00000000,42.62030474,54.44194489,0.00000000,56.90405834,0.00000000,0.00000000,0.00000000,64.33633461,60.91751785,0.00000000,65.83547478,64.65234057,68.01162084,0.00000000,0.00000000,0.00000000,0.00000000,0.00000000,0.00000000,0.00000000,0.00000000,0.00000000,0.00000000,0.00000000,0.00000000,0.00000000,0.00000000,0.00000000,0.00000000,0.00000000,0.00000000,0.00000000,0.00000000,0.00000000,0.00000000,0.00000000,0.00000000,0.00000000,0.00000000,0.00000000,0.00000000,0.00000000,0.00000000,0.00000000,0.00000000,0.00000000,0.00000000,0.00000000,0.00000000,0.00000000,0.00000000,0.00000000,0.00000000,0.00000000,0.00000000,0.00000000,0.00000000,0.00000000,0.00000000,0.00000000,0.00000000,0.00000000,0.00000000,0.00000000,0.00000000,0.00000000,0.00000000,0.00000000,0.00000000,0.00000000,0.00000000,0.00000000,0.00000000,0.00000000,0.00000000,0.00000000,0.00000000,0.00000000,0.00000000,0.00000000,0.00000000,92.46867480,0.00000000,92.02021217,0.00000000,0.00000000,0.00000000,0.00000000,0.00000000,0.00000000,0.00000000,0.00000000,0.00000000,0.00000000,0.00000000,0.00000000,0.00000000,0.00000000,0.00000000,0.00000000,0.00000000,0.00000000,0.00000000,0.00000000,0.00000000,0.00000000,0.00000000,0.00000000,0.00000000,0.00000000,0.00000000,0.00000000,0.00000000,0.00000000,0.00000000,0.00000000,0.00000000,0.00000000,0.00000000,0.00000000,0.00000000
0.00000000,0.00000000,0.00000000,0.00000000,0.00000000,0.00000000,0.00000000,0.00000000,0.00000000,0.00000000,0.00000000,0.00000000,0.00000000,0.00000000,0.00000000,0.00000000,0.00000000,0.00000000,0.00000000,0.00000000,0.00000000,0.00000000,0.00000000,0.00000000,0.00000000,0.00000000,0.00000000,0.00000000,0.00000000,0.00000000,0.00000000,0.00000000,0.00000000,0.00000000,0.00000000,0.00000000,0.00000000,0.00000000,0.00000000,0.00000000,0.00000000,39.12407229,0.00000000,0.00000000,0.00000000,0.00000000,31.32022602,0.00000000,0.00000000,0.00000000,10.76786853,0.00000000,0.00000000,0.00000000,20.47579235,0.00000000,0.00000000,0.00000000,0.00000000,10.42910181,0.00000000,16.05884178,0.00000000,0.00000000,29.47765322,0.00000000,0.00000000,11.91520215,0.00000000,0.00000000,0.00000000,0.00000000,19.97941279,0.00000000,33.89307999,40.18671775,34.69824437,28.92206495,43.12976913,0.00000000,28.80409495,35.55580482,48.10552244,37.23920981,36.35544975,30.11472394,26.81652395,37.45334065,41.23240062,33.25119042,35.61517517,0.00000000,0.00000000,0.00000000,0.00000000,0.00000000,0.00000000,0.00000000,0.00000000,0.00000000,0.00000000,0.00000000,0.00000000,0.00000000,0.00000000,0.00000000,0.00000000,0.00000000,0.00000000,0.00000000,0.00000000,0.00000000,0.00000000,0.00000000,0.00000000,0.00000000,0.00000000,0.00000000,0.00000000,0.00000000,0.00000000,0.00000000,0.00000000,0.00000000,0.00000000,0.00000000,0.00000000,0.00000000,0.00000000,0.00000000,0.00000000,0.00000000,0.00000000,0.00000000,0.00000000,0.00000000,0.00000000,0.00000000,0.00000000,0.00000000,0.00000000,73.58563190,0.00000000,0.00000000,0.00000000,0.00000000,0.00000000,83.74122874,0.00000000,0.00000000,79.12625580,0.00000000,0.00000000,0.00000000,92.21359580,0.00000000,88.24717564,88.68601679,0.00000000,0.00000000,0.00000000,0.00000000,0.00000000,0.00000000,93.31313160,0.00000000,0.00000000,93.37041079,0.00000000,0.00000000,0.00000000,0.00000000,0.00000000,95.02747726,0.00000000,94.20978367,0.00000000,0.00000000,0.00000000,0.00000000,90.20383301,0.00000000,96.67252385,0.00000000,0.00000000,99.62875671,98.37122532,0.00000000,0.00000000,0.00000000,0.00000000,0.00000000,97.01589528,0.00000000
0.00000000,0.00000000,0.00000000,0.00000000,0.00000000,0.00000000,0.00000000,0.00000000,0.00000000,0.00000000,0.00000000,0.00000000,0.00000000,0.00000000,0.00000000,0.00000000,0.00000000,0.00000000,0.00000000,0.00000000,0.00000000,0.00000000,0.00000000,0.00000000,0.00000000,0.00000000,0.00000000,0.00000000,0.00000000,0.00000000,0.00000000,0.00000000,0.00000000,0.00000000,0.00000000,0.00000000,0.00000000,0.00000000,0.00000000,0.00000000,0.00000000,23.46798335,67.22261620,0.00000000,0.00000000,0.00000000,11.35258259,0.00000000,0.00000000,0.00000000,11.54874948,0.00000000,0.00000000,20.47579235,0.00000000,0.00000000,0.00000000,0.00000000,0.00000000,12.13566442,0.00000000,50.59909840,46.18970394,0.00000000,11.04573379,0.00000000,0.00000000,34.79210056,0.00000000,0.00000000,35.47625890,0.00000000,18.59956828,0.00000000,19.07402780,64.80855179,33.95146306,53.21713175,62.42672348,0.00000000,0.00000000,23.92489129,66.94958327,50.23874359,31.53868018,26.55270605,43.20599442,58.99024328,62.94645309,37.57975874,56.65320015,0.00000000,0.00000000,0.00000000,0.00000000,0.00000000,0.00000000,0.00000000,0.00000000,0.00000000,0.00000000,0.00000000,0.00000000,0.00000000,0.00000000,0.00000000,0.00000000,0.00000000,0.00000000,0.00000000,0.00000000,0.00000000,0.00000000,0.00000000,0.00000000,0.00000000,0.00000000,0.00000000,0.00000000,0.00000000,0.00000000,0.00000000,0.00000000,0.00000000,0.00000000,0.00000000,0.00000000,0.00000000,0.00000000,0.00000000,0.00000000,0.00000000,0.00000000,0.00000000,0.00000000,73.10599009,0.00000000,96.51657243,0.00000000,0.00000000,0.00000000,73.12121865,80.69186592,0.00000000,0.00000000,0.00000000,0.00000000,76.87364044,95.94558382,0.00000000,80.77419420,0.00000000,0.00000000,0.00000000,86.05151238,0.00000000,85.60749267,92.28495026,0.00000000,0.00000000,0.00000000,0.00000000,0.00000000,0.00000000,0.00000000,0.00000000,0.00000000,93.08928106,0.00000000,0.00000000,0.00000000,95.36356125,0.00000000,94.39800889,0.00000000,0.00000000,0.00000000,0.00000000,0.00000000,0.00000000,0.00000000,97.41602732,97.67645493,0.00000000,0.00000000,98.62649706,97.47770838,0.00000000,0.00000000,0.00000000,0.00000000,0.00000000,0.00000000,0.00000000
0.00000000,0.00000000,0.00000000,0.00000000,0.00000000,0.00000000,0.00000000,0.00000000,0.00000000,0.00000000,0.00000000,0.00000000,0.00000000,0.00000000,0.00000000,0.00000000,0.00000000,0.00000000,0.00000000,0.00000000,0.00000000,0.00000000,0.00000000,0.00000000,0.00000000,0.00000000,75.10080592,0.00000000,0.00000000,0.00000000,0.00000000,73.02795721,70.12581098,67.46685410,66.69152641,61.37898254,51.49147034,59.14481961,65.17184210,44.53755946,39.11865206,0.00000000,46.96350734,53.98467473,37.64841620,27.67034329,0.00000000,55.38537171,17.42518402,40.17331395,0.00000000,15.11438026,21.69358160,0.00000000,0.00000000,0.00000000,56.88890139,24.35171141,66.89658410,0.00000000,58.38036409,0.00000000,20.28504526,16.23208200,0.00000000,41.97789238,14.71623961,0.00000000,61.70518799,68.38875834,34.81639374,60.36302923,0.00000000,44.91153870,52.96679688,0.00000000,37.36606240,0.00000000,0.00000000,52.90883650,64.90937840,63.87652651,0.00000000,63.80000877,61.57061878,76.19928551,0.00000000,0.00000000,0.00000000,62.71650641,0.00000000,0.00000000,0.00000000,0.00000000,0.00000000,0.00000000,0.00000000,0.00000000,0.00000000,0.00000000,0.00000000,0.00000000,0.00000000,0.00000000,0.00000000,0.00000000,0.00000000,0.00000000,0.00000000,0.00000000,0.00000000,0.00000000,0.00000000,0.00000000,0.00000000,0.00000000,0.00000000,0.00000000,0.00000000,0.00000000,0.00000000,0.00000000,0.00000000,0.00000000,0.00000000,0.00000000,0.00000000,0.00000000,0.00000000,0.00000000,0.00000000,0.00000000,0.00000000,0.00000000,0.00000000,0.00000000,0.00000000,0.00000000,0.00000000,0.00000000,0.00000000,0.00000000,0.00000000,0.00000000,0.00000000,0.00000000,0.00000000,0.00000000,0.00000000,0.00000000,0.00000000,0.00000000,0.00000000,0.00000000,0.00000000,0.00000000,93.73209667,0.00000000,0.00000000,0.00000000,0.00000000,0.00000000,0.00000000,0.00000000,0.00000000,0.00000000,0.00000000,0.00000000,0.00000000,0.00000000,0.00000000,0.00000000,0.00000000,0.00000000,0.00000000,0.00000000,0.00000000,0.00000000,0.00000000,0.00000000,0.00000000,0.00000000,0.00000000,0.00000000,0.00000000,0.00000000,0.00000000,0.00000000,0.00000000,0.00000000,0.00000000,0.00000000,0.00000000,0.00000000
0.00000000,0.00000000,0.00000000,0.00000000,0.00000000,0.00000000,0.00000000,0.00000000,0.00000000,0.00000000,61.50398191,65.28877771,0.00000000,0.00000000,0.00000000,0.00000000,65.38735708,0.00000000,0.00000000,0.00000000,0.00000000,0.00000000,0.00000000,0.00000000,0.00000000,70.55828923,82.33240424,0.00000000,0.00000000,0.00000000,64.47418011,81.27988068,76.64885457,69.56043275,75.90282737,67.35030699,62.23644686,72.15057918,48.15317620,46.89912715,58.05706059,0.00000000,69.98625060,37.49460073,30.55871415,44.77142409,0.00000000,17.25360719,60.10427512,25.74927146,0.00000000,42.03160250,66.29872689,0.00000000,0.00000000,56.88890139,0.00000000,16.00385857,48.00609589,0.00000000,13.02874794,0.00000000,65.03996386,58.15452455,0.00000000,14.84025012,46.09627202,0.00000000,37.52935317,58.30985444,53.22967756,20.13767465,0.00000000,41.71944737,0.00000000,0.00000000,61.51509408,0.00000000,0.00000000,51.38687788,45.92037791,0.00000000,0.00000000,52.19157733,0.00000000,0.00000000,0.00000000,0.00000000,0.00000000,0.00000000,0.00000000,0.00000000,0.00000000,0.00000000,0.00000000,0.00000000,0.00000000,0.00000000,0.00000000,0.00000000,0.00000000,0.00000000,0.00000000,0.00000000,0.00000000,0.00000000,0.00000000,0.00000000,0.00000000,0.00000000,0.00000000,0.00000000,0.00000000,0.00000000,0.00000000,0.00000000,0.00000000,0.00000000,0.00000000,0.00000000,0.00000000,0.00000000,0.00000000,0.00000000,0.00000000,0.00000000,0.00000000,0.00000000,0.00000000,0.00000000,0.00000000,0.00000000,0.00000000,0.00000000,0.00000000,0.00000000,0.00000000,0.00000000,0.00000000,0.00000000,0.00000000,0.00000000,0.00000000,0.00000000,0.00000000,0.00000000,0.00000000,0.00000000,0.00000000,0.00000000,0.00000000,0.00000000,0.00000000,0.00000000,0.00000000,0.00000000,0.00000000,0.00000000,0.00000000,0.00000000,0.00000000,0.00000000,0.00000000,0.00000000,0.00000000,0.00000000,0.00000000,0.00000000,0.00000000,0.00000000,0.00000000,0.00000000,0.00000000,0.00000000,0.00000000,0.00000000,0.00000000,0.00000000,0.00000000,0.00000000,0.00000000,0.00000000,0.00000000,0.00000000,0.00000000,0.00000000,0.00000000,0.00000000,0.00000000,0.00000000,0.00000000,0.00000000,0.00000000,0.00000000
0.00000000,0.00000000,0.00000000,0.00000000,0.00000000,0.00000000,0.00000000,0.00000000,0.00000000,0.00000000,0.00000000,51.90573247,0.00000000,0.00000000,0.00000000,0.00000000,0.00000000,0.00000000,0.00000000,0.00000000,0.00000000,0.00000000,0.00000000,0.00000000,0.00000000,0.00000000,74.54528209,0.00000000,0.00000000,0.00000000,53.09835625,72.33396361,68.24506487,63.68004227,67.06248379,57.05258223,57.92992783,61.25439692,43.50715120,36.23350977,44.07406183,0.00000000,55.71215226,31.54314324,31.64771026,19.69466120,0.00000000,18.98429619,40.69295642,13.26396054,0.00000000,12.80950606,49.87581635,0.00000000,0.00000000,24.35171141,16.00385857,0.00000000,59.48568417,0.00000000,28.82847454,0.00000000,46.73935293,29.06683910,0.00000000,13.62813597,18.71806280,0.00000000,45.75087723,63.45876663,42.55368805,34.78934951,0.00000000,25.15032690,42.67416859,0.00000000,37.96002562,0.00000000,0.00000000,38.11540359,49.05086112,0.00000000,0.00000000,48.89155843,51.19033424,46.16100216,0.00000000,0.00000000,0.00000000,58.30272865,0.00000000,0.00000000,0.00000000,0.00000000,0.00000000,0.00000000,0.00000000,0.00000000,0.00000000,0.00000000,0.00000000,0.00000000,0.00000000,0.00000000,0.00000000,0.00000000,0.00000000,0.00000000,0.00000000,0.00000000,0.00000000,0.00000000,0.00000000,0.00000000,0.00000000,0.00000000,0.00000000,0.00000000,0.00000000,0.00000000,0.00000000,0.00000000,0.00000000,0.00000000,0.00000000,0.00000000,0.00000000,0.00000000,0.00000000,0.00000000,0.00000000,0.00000000,0.00000000,0.00000000,0.00000000,0.00000000,0.00000000,0.00000000,0.00000000,0.00000000,0.00000000,0.00000000,0.00000000,0.00000000,0.00000000,0.00000000,0.00000000,0.00000000,0.00000000,0.00000000,0.00000000,0.00000000,0.00000000,0.00000000,0.00000000,0.00000000,0.00000000,0.00000000,0.00000000,0.00000000,0.00000000,0.00000000,0.00000000,0.00000000,0.00000000,0.00000000,0.00000000,0.00000000,0.00000000,0.00000000,0.00000000,0.00000000,0.00000000,0.00000000,0.00000000,0.00000000,0.00000000,0.00000000,0.00000000,0.00000000,0.00000000,0.00000000,0.00000000,0.00000000,0.00000000,0.00000000,0.00000000,0.00000000,0.00000000,0.00000000,0.00000000,0.00000000,0.00000000,0.00000000
0.00000000,0.00000000,0.00000000,0.00000000,81.34920756,75.95799300,0.00000000,80.41193826,79.52261734,70.50793493,64.26734447,68.98466110,0.00000000,72.54587250,60.90949783,62.99545373,72.75747585,0.00000000,0.00000000,77.63777273,73.67401617,0.00000000,0.00000000,71.98711504,70.41915226,78.01011570,89.05987985,69.75346081,0.00000000,68.99680800,75.22028605,86.55808402,82.83750458,72.85302639,82.79974256,74.88879564,0.00000000,79.77292404,68.13220063,66.70366268,66.26628988,0.00000000,77.43062019,59.55759525,53.52930056,56.58545544,0.00000000,61.34195455,69.35967364,66.25275540,0.00000000,0.00000000,70.75213099,0.00000000,0.00000000,66.89658410,48.00609589,59.48568417,0.00000000,0.00000000,19.97725394,34.56104565,66.92521167,65.32336479,0.00000000,51.63524327,56.02078417,0.00000000,14.89331868,12.48993764,61.80088170,42.00671777,0.00000000,45.02280072,54.50270022,41.48991998,62.84333814,0.00000000,29.20650770,50.74866994,29.66002135,0.00000000,39.16534360,42.82891172,63.68076706,51.46769047,0.00000000,38.63836994,38.80288597,58.66683024,51.69931722,0.00000000,0.00000000,0.00000000,0.00000000,0.00000000,0.00000000,0.00000000,0.00000000,0.00000000,0.00000000,0.00000000,0.00000000,0.00000000,0.00000000,0.00000000,0.00000000,0.00000000,0.00000000,0.00000000,0.00000000,0.00000000,0.00000000,0.00000000,0.00000000,0.00000000,0.00000000,0.00000000,0.00000000,0.00000000,0.00000000,0.00000000,0.00000000,0.00000000,0.00000000,0.00000000,0.00000000,0.00000000,0.00000000,0.00000000,0.00000000,0.00000000,0.00000000,0.00000000,0.00000000,0.00000000,0.00000000,0.00000000,0.00000000,0.00000000,0.00000000,0.00000000,0.00000000,0.00000000,0.00000000,0.00000000,0.00000000,0.00000000,0.00000000,0.00000000,0.00000000,0.00000000,0.00000000,0.00000000,0.00000000,0.00000000,0.00000000,0.00000000,0.00000000,0.00000000,0.00000000,0.00000000,0.00000000,0.00000000,0.00000000,0.00000000,0.00000000,0.00000000,0.00000000,0.00000000,0.00000000,0.00000000,0.00000000,0.00000000,0.00000000,0.00000000,0.00000000,0.00000000,0.00000000,0.00000000,0.00000000,0.00000000,0.00000000,0.00000000,0.00000000,0.00000000,0.00000000,0.00000000,0.00000000,0.00000000,0.00000000,0.00000000,0.00000000,0.00000000
0.00000000,0.00000000,0.00000000,0.00000000,0.00000000,0.00000000,0.00000000,0.00000000,0.00000000,0.00000000,0.00000000,0.00000000,0.00000000,0.00000000,0.00000000,0.00000000,0.00000000,0.00000000,0.00000000,0.00000000,0.00000000,0.00000000,0.00000000,0.00000000,0.00000000,0.00000000,0.00000000,0.00000000,0.00000000,0.00000000,0.00000000,0.00000000,0.00000000,0.00000000,0.00000000,0.00000000,0.00000000,0.00000000,0.00000000,0.00000000,0.00000000,35.98567872,0.00000000,0.00000000,0.00000000,0.00000000,25.75274454,0.00000000,0.00000000,0.00000000,14.15858445,0.00000000,0.00000000,10.42910181,12.13566442,0.00000000,0.00000000,0.00000000,0.00000000,0.00000000,0.00000000,33.84338613,0.00000000,0.00000000,12.72512369,0.00000000,0.00000000,13.08758065,0.00000000,0.00000000,0.00000000,0.00000000,10.64790458,0.00000000,26.39975429,53.26881199,30.95942561,35.93941623,0.00000000,0.00000000,0.00000000,26.95534921,53.40730985,42.60744336,29.94386193,21.35424813,23.32954388,43.34839733,51.35771332,29.30051117,41.01162752,0.00000000,0.00000000,0.00000000,0.00000000,0.00000000,0.00000000,0.00000000,0.00000000,0.00000000,0.00000000,0.00000000,0.00000000,0.00000000,0.00000000,0.00000000,0.00000000,0.00000000,0.00000000,0.00000000,0.00000000,0.00000000,0.00000000,0.00000000,0.00000000,0.00000000,0.00000000,0.00000000,0.00000000,0.00000000,0.00000000,0.00000000,0.00000000,0.00000000,0.00000000,0.00000000,0.00000000,0.00000000,0.00000000,0.00000000,0.00000000,0.00000000,0.00000000,0.00000000,0.00000000,0.00000000,0.00000000,0.00000000,0.00000000,0.00000000,0.00000000,71.93812052,0.00000000,0.00000000,0.00000000,0.00000000,0.00000000,81.57438558,0.00000000,0.00000000,81.80102212,0.00000000,0.00000000,0.00000000,91.81415710,0.00000000,89.15649796,91.37339986,0.00000000,0.00000000,0.00000000,0.00000000,0.00000000,0.00000000,0.00000000,0.00000000,0.00000000,94.60677511,0.00000000,0.00000000,0.00000000,0.00000000,0.00000000,96.17153637,0.00000000,0.00000000,0.00000000,0.00000000,0.00000000,0.00000000,0.00000000,0.00000000,98.13040212,0.00000000,0.00000000,99.57177582,97.83864192,0.00000000,0.00000000,0.00000000,0.00000000,0.00000000,0.00000000,0.00000000
0.00000000,0.00000000,0.00000000,0.00000000,0.00000000,71.74700699,0.00000000,0.00000000,0.00000000,0.00000000,62.03602353,65.35591443,0.00000000,0.00000000,56.84782826,58.12376658,71.23358472,0.00000000,0.00000000,0.00000000,72.33891805,0.00000000,0.00000000,67.94249201,68.91614532,75.98745138,85.07522583,67.62540436,71.36162114,59.94746526,72.43504432,84.21398010,79.42772293,74.05683390,79.10706011,70.69758078,69.42866177,75.53012180,58.37747873,56.94952063,60.58408952,0.00000000,71.85738769,52.01884399,41.37240083,50.63253474,0.00000000,36.77777111,61.32065637,46.64238647,0.00000000,45.86149673,65.82598495,0.00000000,0.00000000,58.38036409,13.02874794,28.82847454,19.97725394,0.00000000,0.00000000,0.00000000,61.21134027,58.05978584,0.00000000,14.22306749,45.05794493,0.00000000,11.39777232,33.26868570,59.91983310,11.34292702,0.00000000,35.17448516,0.00000000,35.35769653,57.05843633,0.00000000,47.18385506,46.40558052,20.22951686,0.00000000,38.59034348,28.23934070,60.89911524,0.00000000,0.00000000,0.00000000,41.13735896,58.80941890,49.37002740,0.00000000,0.00000000,0.00000000,0.00000000,0.00000000,0.00000000,0.00000000,0.00000000,0.00000000,0.00000000,0.00000000,0.00000000,0.00000000,0.00000000,0.00000000,0.00000000,0.00000000,0.00000000,0.00000000,0.00000000,0.00000000,0.00000000,0.00000000,0.00000000,0.00000000,0.00000000,0.00000000,0.00000000,0.00000000,0.00000000,0.00000000,0.00000000,0.00000000,0.00000000,0.00000000,0.00000000,0.00000000,0.00000000,0.00000000,0.00000000,0.00000000,0.00000000,0.00000000,0.00000000,0.00000000,0.00000000,0.00000000,0.00000000,0.00000000,0.00000000,0.00000000,0.00000000,0.00000000,0.00000000,0.00000000,0.00000000,0.00000000,0.00000000,0.00000000,0.00000000,0.00000000,0.00000000,0.00000000,0.00000000,0.00000000,0.00000000,0.00000000,0.00000000,0.00000000,0.00000000,0.00000000,0.00000000,0.00000000,0.00000000,0.00000000,0.00000000,0.00000000,0.00000000,0.00000000,0.00000000,0.00000000,0.00000000,0.00000000,0.00000000,0.00000000,0.00000000,0.00000000,0.00000000,0.00000000,0.00000000,0.00000000,0.00000000,0.00000000,0.00000000,0.00000000,0.00000000,0.00000000,0.00000000,0.00000000,0.00000000,0.00000000,0.00000000,0.00000000
0.00000000,0.00000000,0.00000000,0.00000000,0.00000000,0.00000000,0.00000000,0.00000000,0.00000000,0.00000000,0.00000000,0.00000000,0.00000000,0.00000000,0.00000000,0.00000000,0.00000000,0.00000000,0.00000000,0.00000000,0.00000000,0.00000000,0.00000000,0.00000000,0.00000000,0.00000000,0.00000000,0.00000000,0.00000000,0.00000000,0.00000000,0.00000000,0.00000000,0.00000000,0.00000000,0.00000000,0.00000000,0.00000000,0.00000000,0.00000000,0.00000000,54.48704933,0.00000000,0.00000000,0.00000000,0.00000000,51.74702508,0.00000000,0.00000000,0.00000000,33.55105126,0.00000000,0.00000000,16.05884178,50.59909840,0.00000000,0.00000000,0.00000000,34.56104565,33.84338613,0.00000000,0.00000000,0.00000000,0.00000000,52.34657164,0.00000000,0.00000000,11.27138000,32.84997743,26.03550260,46.97294044,0.00000000,37.86854922,0.00000000,57.72802877,12.38800445,52.93782385,10.39049949,21.28082648,35.94481579,20.40651985,57.88841785,20.26239858,31.75117189,56.67608608,49.05424467,24.91626824,21.83286249,22.29701697,39.49836565,23.33686363,0.00000000,0.00000000,0.00000000,0.00000000,0.00000000,0.00000000,0.00000000,0.00000000,0.00000000,0.00000000,0.00000000,0.00000000,0.00000000,0.00000000,0.00000000,0.00000000,0.00000000,0.00000000,0.00000000,0.00000000,0.00000000,0.00000000,0.00000000,0.00000000,0.00000000,0.00000000,0.00000000,0.00000000,0.00000000,0.00000000,0.00000000,0.00000000,0.00000000,0.00000000,0.00000000,0.00000000,0.00000000,0.00000000,0.00000000,0.00000000,0.00000000,0.00000000,0.00000000,0.00000000,0.00000000,0.00000000,0.00000000,0.00000000,0.00000000,0.00000000,0.00000000,0.00000000,0.00000000,0.00000000,0.00000000,0.00000000,0.00000000,0.00000000,0.00000000,84.11608823,0.00000000,0.00000000,0.00000000,0.00000000,0.00000000,94.11683655,93.85265350,0.00000000,0.00000000,0.00000000,0.00000000,85.65092468,0.00000000,94.81898403,0.00000000,0.00000000,97.72537994,0.00000000,0.00000000,0.00000000,0.00000000,0.00000000,0.00000000,0.00000000,0.00000000,0.00000000,0.00000000,0.00000000,0.00000000,0.00000000,0.00000000,0.00000000,0.00000000,0.00000000,0.00000000,0.00000000,0.00000000,0.00000000,0.00000000,0.00000000,0.00000000,0.00000000,0.00000000
0.00000000,0.00000000,0.00000000,0.00000000,0.00000000,0.00000000,0.00000000,0.00000000,0.00000000,0.00000000,0.00000000,0.00000000,0.00000000,0.00000000,0.00000000,0.00000000,0.00000000,0.00000000,0.00000000,0.00000000,0.00000000,0.00000000,0.00000000,0.00000000,0.00000000,0.00000000,76.64618683,0.00000000,0.00000000,0.00000000,0.00000000,74.96251233,73.41477481,0.00000000,71.61281186,69.87672206,0.00000000,67.64939288,66.20484352,63.55773830,54.17534896,0.00000000,58.33785975,0.00000000,0.00000000,45.62528026,0.00000000,62.61733627,37.53618850,58.31743317,0.00000000,35.97309860,19.62114237,0.00000000,46.18970394,20.28504526,65.03996386,46.73935293,66.92521167,0.00000000,61.21134027,0.00000000,0.00000000,16.32903690,34.61468470,50.15429878,30.52426335,0.00000000,59.36875776,67.21449706,16.78047119,62.66660156,0.00000000,44.83682480,18.03735653,61.91358566,24.76034720,0.00000000,69.48046603,48.73895772,64.42064779,35.44308475,61.92494329,56.23986462,31.00837772,46.44773002,0.00000000,0.00000000,66.72245685,55.78950628,61.29107839,0.00000000,0.00000000,0.00000000,0.00000000,0.00000000,0.00000000,0.00000000,0.00000000,0.00000000,0.00000000,0.00000000,0.00000000,0.00000000,0.00000000,0.00000000,0.00000000,0.00000000,0.00000000,0.00000000,0.00000000,0.00000000,0.00000000,0.00000000,0.00000000,0.00000000,0.00000000,0.00000000,0.00000000,0.00000000,0.00000000,0.00000000,0.00000000,0.00000000,0.00000000,0.00000000,0.00000000,0.00000000,0.00000000,0.00000000,0.00000000,0.00000000,0.00000000,0.00000000,0.00000000,0.00000000,0.00000000,0.00000000,0.00000000,0.00000000,0.00000000,0.00000000,0.00000000,0.00000000,0.00000000,0.00000000,0.00000000,84.15086492,0.00000000,0.00000000,0.00000000,0.00000000,0.00000000,0.00000000,93.40214729,0.00000000,92.99779184,0.00000000,0.00000000,0.00000000,0.00000000,0.00000000,0.00000000,0.00000000,0.00000000,0.00000000,0.00000000,0.00000000,0.00000000,0.00000000,0.00000000,0.00000000,0.00000000,0.00000000,0.00000000,0.00000000,0.00000000,0.00000000,0.00000000,0.00000000,0.00000000,0.00000000,0.00000000,0.00000000,0.00000000,0.00000000,0.00000000,0.00000000,0.00000000,0.00000000,0.00000000,0.00000000,0.00000000,0.00000000
0.00000000,0.00000000,0.00000000,0.00000000,0.00000000,0.00000000,0.00000000,0.00000000,0.00000000,0.00000000,0.00000000,0.00000000,0.00000000,0.00000000,0.00000000,0.00000000,0.00000000,0.00000000,0.00000000,0.00000000,0.00000000,0.00000000,0.00000000,0.00000000,0.00000000,0.00000000,80.65689031,0.00000000,0.00000000,0.00000000,0.00000000,79.42713038,75.80419891,75.91811371,75.32091677,69.08216741,0.00000000,70.99319929,73.53123220,58.77642840,56.26210253,0.00000000,63.57972416,0.00000000,0.00000000,39.06263753,0.00000000,60.48875609,38.51798769,48.74904839,0.00000000,26.50839860,33.41006832,0.00000000,0.00000000,16.23208200,58.15452455,29.06683910,65.32336479,0.00000000,58.05978584,0.00000000,16.32903690,0.00000000,0.00000000,36.14882226,12.78154656,0.00000000,59.03058807,67.75255835,21.20046993,58.92349633,0.00000000,38.20859438,41.12830820,0.00000000,20.82662282,0.00000000,64.24777673,48.76224736,63.64386486,51.79680939,0.00000000,55.28365663,44.59396424,60.99886163,0.00000000,0.00000000,63.19816132,63.42269185,0.00000000,0.00000000,0.00000000,0.00000000,0.00000000,0.00000000,0.00000000,0.00000000,0.00000000,0.00000000,0.00000000,0.00000000,0.00000000,0.00000000,0.00000000,0.00000000,0.00000000,0.00000000,0.00000000,0.00000000,0.00000000,0.00000000,0.00000000,0.00000000,0.00000000,0.00000000,0.00000000,0.00000000,0.00000000,0.00000000,0.00000000,0.00000000,0.00000000,0.00000000,0.00000000,0.00000000,0.00000000,0.00000000,0.00000000,0.00000000,0.00000000,0.00000000,0.00000000,0.00000000,0.00000000,0.00000000,0.00000000,0.00000000,0.00000000,0.00000000,0.00000000,0.00000000,0.00000000,0.00000000,0.00000000,0.00000000,0.00000000,0.00000000,0.00000000,0.00000000,0.00000000,0.00000000,0.00000000,0.00000000,0.00000000,0.00000000,93.14768791,0.00000000,0.00000000,0.00000000,0.00000000,0.00000000,0.00000000,0.00000000,0.00000000,0.00000000,0.00000000,0.00000000,0.00000000,0.00000000,0.00000000,0.00000000,0.00000000,0.00000000,0.00000000,0.00000000,0.00000000,0.00000000,0.00000000,0.00000000,0.00000000,0.00000000,0.00000000,0.00000000,0.00000000,0.00000000,0.00000000,0.00000000,0.00000000,0.00000000,0.00000000,0.00000000,0.00000000,0.00000000
0.00000000,0.00000000,0.00000000,0.00000000,0.00000000,0.00000000,0.00000000,0.00000000,0.00000000,0.00000000,0.00000000,0.00000000,0.00000000,0.00000000,0.00000000,0.00000000,0.00000000,0.00000000,0.00000000,0.00000000,0.00000000,0.00000000,0.00000000,0.00000000,0.00000000,0.00000000,0.00000000,0.00000000,0.00000000,0.00000000,0.00000000,0.00000000,0.00000000,0.00000000,0.00000000,0.00000000,0.00000000,0.00000000,0.00000000,0.00000000,0.00000000,32.53498215,69.20666847,0.00000000,0.00000000,0.00000000,19.41844496,0.00000000,0.00000000,0.00000000,21.62144556,0.00000000,0.00000000,29.47765322,11.04573379,0.00000000,0.00000000,0.00000000,0.00000000,12.72512369,0.00000000,52.34657164,34.61468470,0.00000000,0.00000000,0.00000000,0.00000000,37.08622756,0.00000000,0.00000000,29.98135583,0.00000000,9.35585442,0.00000000,11.40754432,65.29989319,32.58579572,54.19221039,0.00000000,0.00000000,0.00000000,13.16687311,66.97515392,46.84212685,25.62336521,16.15026653,41.38430023,54.90716171,64.01576233,32.82019343,55.11606284,0.00000000,0.00000000,0.00000000,0.00000000,0.00000000,0.00000000,0.00000000,0.00000000,0.00000000,0.00000000,0.00000000,0.00000000,0.00000000,0.00000000,0.00000000,0.00000000,0.00000000,0.00000000,0.00000000,0.00000000,0.00000000,0.00000000,0.00000000,0.00000000,0.00000000,0.00000000,0.00000000,0.00000000,0.00000000,0.00000000,0.00000000,0.00000000,0.00000000,0.00000000,0.00000000,0.00000000,0.00000000,0.00000000,0.00000000,0.00000000,0.00000000,0.00000000,0.00000000,0.00000000,73.89793650,0.00000000,0.00000000,0.00000000,0.00000000,0.00000000,74.51434012,85.64603678,0.00000000,0.00000000,0.00000000,0.00000000,82.59044743,0.00000000,0.00000000,83.18084444,0.00000000,0.00000000,0.00000000,91.50354296,0.00000000,91.29588391,0.00000000,0.00000000,0.00000000,0.00000000,0.00000000,0.00000000,0.00000000,0.00000000,0.00000000,0.00000000,96.74119907,0.00000000,0.00000000,0.00000000,0.00000000,0.00000000,97.29496455,0.00000000,0.00000000,0.00000000,0.00000000,0.00000000,0.00000000,0.00000000,96.21274261,0.00000000,0.00000000,0.00000000,0.00000000,96.53458405,0.00000000,0.00000000,0.00000000,0.00000000,0.00000000,0.00000000,0.00000000
0.00000000,0.00000000,0.00000000,0.00000000,0.00000000,0.00000000,0.00000000,0.00000000,0.00000000,0.00000000,61.86685986,62.51086892,0.00000000,0.00000000,0.00000000,0.00000000,68.64511842,0.00000000,0.00000000,0.00000000,71.12034225,0.00000000,0.00000000,56.41092682,0.00000000,74.61445291,82.64693405,65.18501118,69.43870756,0.00000000,70.96353531,81.83067226,76.93684400,73.47490540,76.47484843,67.62560120,69.36886173,73.00401252,57.67136259,53.43874458,57.33802724,0.00000000,67.51861236,46.04608910,41.84844739,41.63791593,0.00000000,32.43398816,55.33004117,34.25587425,0.00000000,34.44684846,58.15697763,0.00000000,0.00000000,41.97789238,14.84025012,13.62813597,51.63524327,0.00000000,14.22306749,0.00000000,50.15429878,36.14882226,0.00000000,0.00000000,17.73556037,0.00000000,19.52013941,57.99643673,43.97847879,12.80591201,0.00000000,13.68443396,55.45079912,0.00000000,30.60966102,0.00000000,63.45155207,25.90504490,25.09454399,0.00000000,0.00000000,15.61371735,46.48478943,58.22577985,51.61886247,0.00000000,54.08111191,44.75361419,47.00937673,0.00000000,0.00000000,0.00000000,0.00000000,0.00000000,0.00000000,0.00000000,0.00000000,0.00000000,0.00000000,0.00000000,0.00000000,0.00000000,0.00000000,0.00000000,0.00000000,0.00000000,0.00000000,0.00000000,0.00000000,0.00000000,0.00000000,0.00000000,0.00000000,0.00000000,0.00000000,0.00000000,0.00000000,0.00000000,0.00000000,0.00000000,0.00000000,0.00000000,0.00000000,0.00000000,0.00000000,0.00000000,0.00000000,0.00000000,0.00000000,0.00000000,0.00000000,0.00000000,0.00000000,0.00000000,0.00000000,0.00000000,0.00000000,0.00000000,0.00000000,0.00000000,0.00000000,0.00000000,0.00000000,0.00000000,0.00000000,0.00000000,0.00000000,0.00000000,0.00000000,0.00000000,0.00000000,0.00000000,0.00000000,0.00000000,0.00000000,0.00000000,0.00000000,0.00000000,0.00000000,0.00000000,0.00000000,0.00000000,0.00000000,0.00000000,0.00000000,0.00000000,0.00000000,0.00000000,0.00000000,0.00000000,0.00000000,0.00000000,0.00000000,0.00000000,0.00000000,0.00000000,0.00000000,0.00000000,0.00000000,0.00000000,0.00000000,0.00000000,0.00000000,0.00000000,0.00000000,0.00000000,0.00000000,0.00000000,0.00000000,0.00000000,0.00000000,0.00000000
0.00000000,0.00000000,0.00000000,0.00000000,0.00000000,0.00000000,0.00000000,0.00000000,0.00000000,0.00000000,0.00000000,0.00000000,0.00000000,0.00000000,0.00000000,0.00000000,0.00000000,0.00000000,0.00000000,0.00000000,0.00000000,0.00000000,0.00000000,0.00000000,0.00000000,0.00000000,76.70693346,0.00000000,0.00000000,0.00000000,0.00000000,77.08302798,72.17834909,67.29528999,72.21407873,65.65092067,0.00000000,67.74574552,66.56627655,54.46031363,53.58187210,0.00000000,64.32077130,0.00000000,0.00000000,33.81013373,0.00000000,52.71010930,46.82827333,42.96937561,0.00000000,21.27214521,52.86288147,0.00000000,0.00000000,14.71623961,46.09627202,18.71806280,56.02078417,0.00000000,45.05794493,0.00000000,30.52426335,12.78154656,0.00000000,17.73556037,0.00000000,0.00000000,45.99108987,56.22561853,21.86269453,43.64924521,0.00000000,13.39562218,35.71865463,0.00000000,13.41004718,0.00000000,49.96289317,12.33340282,50.02188856,0.00000000,0.00000000,35.41363557,32.20580726,46.85794512,0.00000000,0.00000000,52.95804326,39.21612145,44.53030126,0.00000000,0.00000000,0.00000000,0.00000000,0.00000000,0.00000000,0.00000000,0.00000000,0.00000000,0.00000000,0.00000000,0.00000000,0.00000000,0.00000000,0.00000000,0.00000000,0.00000000,0.00000000,0.00000000,0.00000000,0.00000000,0.00000000,0.00000000,0.00000000,0.00000000,0.00000000,0.00000000,0.00000000,0.00000000,0.00000000,0.00000000,0.00000000,0.00000000,0.00000000,0.00000000,0.00000000,0.00000000,0.00000000,0.00000000,0.00000000,0.00000000,0.00000000,0.00000000,0.00000000,0.00000000,0.00000000,0.00000000,0.00000000,0.00000000,0.00000000,0.00000000,0.00000000,0.00000000,0.00000000,0.00000000,0.00000000,0.00000000,0.00000000,0.00000000,0.00000000,0.00000000,0.00000000,0.00000000,0.00000000,0.00000000,0.00000000,0.00000000,0.00000000,0.00000000,0.00000000,0.00000000,0.00000000,0.00000000,0.00000000,0.00000000,0.00000000,0.00000000,0.00000000,0.00000000,0.00000000,0.00000000,0.00000000,0.00000000,0.00000000,0.00000000,0.00000000,0.00000000,0.00000000,0.00000000,0.00000000,0.00000000,0.00000000,0.00000000,0.00000000,0.00000000,0.00000000,0.00000000,0.00000000,0.00000000,0.00000000,0.00000000,0.00000000,0.00000000
0.00000000,0.00000000,0.00000000,0.00000000,0.00000000,0.00000000,0.00000000,0.00000000,0.00000000,0.00000000,0.00000000,0.00000000,0.00000000,0.00000000,0.00000000,0.00000000,0.00000000,0.00000000,0.00000000,0.00000000,0.00000000,0.00000000,0.00000000,0.00000000,0.00000000,0.00000000,0.00000000,0.00000000,0.00000000,0.00000000,0.00000000,0.00000000,0.00000000,0.00000000,0.00000000,0.00000000,0.00000000,0.00000000,0.00000000,0.00000000,0.00000000,50.86199276,0.00000000,0.00000000,0.00000000,0.00000000,44.69756985,0.00000000,0.00000000,0.00000000,25.40888041,0.00000000,0.00000000,11.91520215,34.79210056,0.00000000,0.00000000,0.00000000,0.00000000,13.08758065,0.00000000,11.27138000,0.00000000,0.00000000,37.08622756,0.00000000,0.00000000,0.00000000,0.00000000,48.25427550,0.00000000,0.00000000,12.56173345,0.00000000,44.42881628,37.03980790,40.66240747,12.44832511,51.71601595,31.70350051,37.40011152,41.18979707,50.64429207,31.13435163,39.75043598,25.44406004,11.83506711,23.52242991,36.37030103,24.95451855,21.17682578,0.00000000,0.00000000,0.00000000,0.00000000,0.00000000,0.00000000,0.00000000,0.00000000,0.00000000,0.00000000,0.00000000,0.00000000,0.00000000,0.00000000,0.00000000,0.00000000,0.00000000,0.00000000,0.00000000,0.00000000,0.00000000,0.00000000,0.00000000,0.00000000,0.00000000,0.00000000,0.00000000,0.00000000,0.00000000,0.00000000,0.00000000,0.00000000,0.00000000,0.00000000,0.00000000,0.00000000,0.00000000,0.00000000,0.00000000,0.00000000,0.00000000,0.00000000,0.00000000,0.00000000,0.00000000,0.00000000,0.00000000,0.00000000,0.00000000,0.00000000,0.00000000,0.00000000,0.00000000,0.00000000,0.00000000,0.00000000,0.00000000,0.00000000,0.00000000,85.35296195,0.00000000,0.00000000,0.00000000,0.00000000,0.00000000,94.32565689,94.76876238,0.00000000,0.00000000,0.00000000,0.00000000,0.00000000,0.00000000,94.56804657,0.00000000,0.00000000,97.77946421,0.00000000,0.00000000,0.00000000,0.00000000,0.00000000,0.00000000,0.00000000,0.00000000,0.00000000,0.00000000,0.00000000,0.00000000,0.00000000,0.00000000,0.00000000,0.00000000,0.00000000,0.00000000,0.00000000,0.00000000,0.00000000,0.00000000,0.00000000,0.00000000,0.00000000,0.00000000
0.00000000,0.00000000,0.00000000,0.00000000,0.00000000,70.35629272,0.00000000,0.00000000,0.00000000,0.00000000,61.58193376,65.78791673,0.00000000,0.00000000,53.83987872,0.00000000,65.60240269,0.00000000,0.00000000,0.00000000,69.38293648,0.00000000,0.00000000,61.49742035,64.21462173,74.42160034,85.04192479,66.58693059,0.00000000,61.96198845,63.04676310,81.86517620,0.00000000,0.00000000,74.70795441,71.03186302,0.00000000,66.44673030,67.50936508,63.85695355,54.72223790,0.00000000,75.78595317,0.00000000,46.61596107,0.00000000,0.00000000,56.13941479,64.02068202,57.47160645,0.00000000,0.00000000,63.36805832,0.00000000,0.00000000,61.70518799,37.52935317,45.75087723,14.89331868,0.00000000,11.39777232,32.84997743,59.36875776,59.03058807,0.00000000,19.52013941,45.99108987,0.00000000,0.00000000,14.77258705,57.27414703,13.22542354,0.00000000,32.55095291,53.75422559,31.72366269,53.89755560,37.60906219,20.88041582,43.17290958,9.91375067,0.00000000,31.42381944,16.79247021,58.83060526,56.09912981,48.00935146,34.34581348,21.48856021,51.26964904,32.69300737,0.00000000,0.00000000,0.00000000,0.00000000,0.00000000,0.00000000,0.00000000,0.00000000,0.00000000,0.00000000,0.00000000,0.00000000,0.00000000,0.00000000,0.00000000,0.00000000,0.00000000,0.00000000,0.00000000,0.00000000,0.00000000,0.00000000,0.00000000,0.00000000,0.00000000,0.00000000,0.00000000,0.00000000,0.00000000,0.00000000,0.00000000,0.00000000,0.00000000,0.00000000,0.00000000,0.00000000,0.00000000,0.00000000,0.00000000,0.00000000,0.00000000,0.00000000,0.00000000,0.00000000,0.00000000,0.00000000,0.00000000,0.00000000,0.00000000,0.00000000,0.00000000,0.00000000,0.00000000,0.00000000,0.00000000,0.00000000,0.00000000,0.00000000,0.00000000,0.00000000,0.00000000,0.00000000,0.00000000,0.00000000,0.00000000,0.00000000,0.00000000,0.00000000,0.00000000,0.00000000,0.00000000,0.00000000,0.00000000,0.00000000,0.00000000,0.00000000,0.00000000,0.00000000,0.00000000,0.00000000,0.00000000,0.00000000,0.00000000,0.00000000,0.00000000,0.00000000,0.00000000,0.00000000,0.00000000,0.00000000,0.00000000,0.00000000,0.00000000,0.00000000,0.00000000,0.00000000,0.00000000,0.00000000,0.00000000,0.00000000,0.00000000,0.00000000,0.00000000
0.00000000,0.00000000,0.00000000,0.00000000,78.79967088,76.57192630,0.00000000,80.98510742,0.00000000,71.21884809,67.28140426,69.05216360,0.00000000,71.02266592,60.66172314,60.35061359,0.00000000,0.00000000,0.00000000,0.00000000,0.00000000,0.00000000,0.00000000,69.42764213,68.83530426,0.00000000,0.00000000,70.55635138,0.00000000,69.66053826,0.00000000,0.00000000,0.00000000,0.00000000,0.00000000,0.00000000,0.00000000,0.00000000,74.68790588,71.02097416,0.00000000,0.00000000,82.40314026,0.00000000,51.53361491,0.00000000,0.00000000,67.32440615,69.59345779,0.00000000,0.00000000,0.00000000,69.04269473,0.00000000,0.00000000,68.38875834,58.30985444,63.45876663,12.48993764,0.00000000,33.26868570,26.03550260,67.21449706,67.75255835,0.00000000,57.99643673,56.22561853,48.25427550,14.77258705,0.00000000,64.35548147,47.61281940,0.00000000,45.12508901,64.71742096,31.27304731,60.26608467,50.25070496,11.74046883,50.07457924,19.49758533,63.95342178,24.62619848,42.33059441,64.75390795,63.64815664,56.22055117,45.81973631,28.36808988,57.34049064,49.47657049,0.00000000,0.00000000,0.00000000,0.00000000,0.00000000,0.00000000,0.00000000,0.00000000,0.00000000,0.00000000,0.00000000,0.00000000,0.00000000,0.00000000,0.00000000,0.00000000,0.00000000,0.00000000,0.00000000,0.00000000,0.00000000,0.00000000,0.00000000,0.00000000,0.00000000,0.00000000,0.00000000,0.00000000,0.00000000,0.00000000,0.00000000,0.00000000,0.00000000,0.00000000,0.00000000,0.00000000,0.00000000,0.00000000,0.00000000,0.00000000,0.00000000,0.00000000,0.00000000,0.00000000,0.00000000,0.00000000,0.00000000,0.00000000,0.00000000,0.00000000,0.00000000,0.00000000,0.00000000,0.00000000,0.00000000,0.00000000,0.00000000,0.00000000,0.00000000,0.00000000,0.00000000,0.00000000,0.00000000,0.00000000,0.00000000,0.00000000,0.00000000,0.00000000,0.00000000,0.00000000,0.00000000,0.00000000,0.00000000,0.00000000,0.00000000,0.00000000,0.00000000,0.00000000,0.00000000,0.00000000,0.00000000,0.00000000,0.00000000,0.00000000,0.00000000,0.00000000,0.00000000,0.00000000,0.00000000,0.00000000,0.00000000,0.00000000,0.00000000,0.00000000,0.00000000,0.00000000,0.00000000,0.00000000,0.00000000,0.00000000,0.00000000,0.00000000,0.00000000
0.00000000,0.00000000,0.00000000,0.00000000,0.00000000,0.00000000,0.00000000,0.00000000,0.00000000,0.00000000,0.00000000,0.00000000,0.00000000,0.00000000,0.00000000,0.00000000,0.00000000,0.00000000,0.00000000,0.00000000,0.00000000,0.00000000,0.00000000,0.00000000,0.00000000,0.00000000,80.49829102,0.00000000,0.00000000,0.00000000,0.00000000,81.14256911,75.78464508,0.00000000,77.93949439,72.85992336,0.00000000,75.38898175,0.00000000,67.25877304,63.29466375,0.00000000,72.43763631,0.00000000,0.00000000,47.61105061,0.00000000,0.00000000,58.14359716,54.28115590,0.00000000,34.01046098,48.75261112,0.00000000,35.47625890,34.81639374,53.22967756,42.55368805,61.80088170,0.00000000,59.91983310,46.97294044,16.78047119,21.20046993,29.98135583,43.97847879,21.86269453,0.00000000,57.27414703,64.35548147,0.00000000,56.72737122,0.00000000,39.26973778,16.24187105,62.80779648,14.16336578,0.00000000,66.58464249,39.78094518,62.58998179,32.44969551,0.00000000,53.21362869,19.18603386,36.96207757,0.00000000,0.00000000,64.66918755,50.92360722,61.03330743,0.00000000,0.00000000,0.00000000,0.00000000,0.00000000,0.00000000,0.00000000,0.00000000,0.00000000,0.00000000,0.00000000,0.00000000,0.00000000,0.00000000,0.00000000,0.00000000,0.00000000,0.00000000,0.00000000,0.00000000,0.00000000,0.00000000,0.00000000,0.00000000,0.00000000,0.00000000,0.00000000,0.00000000,0.00000000,0.00000000,0.00000000,0.00000000,0.00000000,0.00000000,0.00000000,0.00000000,0.00000000,0.00000000,0.00000000,0.00000000,0.00000000,0.00000000,0.00000000,0.00000000,0.00000000,0.00000000,0.00000000,0.00000000,0.00000000,0.00000000,0.00000000,0.00000000,0.00000000,0.00000000,0.00000000,0.00000000,0.00000000,0.00000000,0.00000000,0.00000000,0.00000000,0.00000000,0.00000000,0.00000000,0.00000000,96.27546692,0.00000000,0.00000000,0.00000000,0.00000000,0.00000000,0.00000000,0.00000000,0.00000000,0.00000000,0.00000000,0.00000000,0.00000000,0.00000000,0.00000000,0.00000000,0.00000000,0.00000000,0.00000000,0.00000000,0.00000000,0.00000000,0.00000000,0.00000000,0.00000000,0.00000000,0.00000000,0.00000000,0.00000000,0.00000000,0.00000000,0.00000000,0.00000000,0.00000000,0.00000000,0.00000000,0.00000000,0.00000000
0.00000000,0.00000000,0.00000000,0.00000000,0.00000000,0.00000000,0.00000000,0.00000000,0.00000000,0.00000000,61.08264542,66.41367188,0.00000000,0.00000000,0.00000000,0.00000000,0.00000000,0.00000000,0.00000000,0.00000000,0.00000000,0.00000000,0.00000000,0.00000000,0.00000000,0.00000000,88.59097508,0.00000000,0.00000000,0.00000000,0.00000000,0.00000000,71.45886230,0.00000000,0.00000000,74.26921336,0.00000000,71.82156992,69.21709824,64.40086374,58.61084643,0.00000000,75.66428986,0.00000000,46.66755515,50.33133888,0.00000000,48.24507684,64.05760193,51.15376743,0.00000000,0.00000000,64.09553432,0.00000000,0.00000000,60.36302923,20.13767465,34.78934951,42.00671777,0.00000000,11.34292702,0.00000000,62.66660156,58.92349633,0.00000000,12.80591201,43.64924521,0.00000000,13.22542354,47.61281940,56.72737122,0.00000000,0.00000000,32.03091335,0.00000000,0.00000000,54.43843244,0.00000000,45.50075595,43.07794565,11.19052387,0.00000000,0.00000000,13.51605865,53.86823357,0.00000000,0.00000000,0.00000000,34.24099056,49.26690072,39.40750504,0.00000000,0.00000000,0.00000000,0.00000000,0.00000000,0.00000000,0.00000000,0.00000000,0.00000000,0.00000000,0.00000000,0.00000000,0.00000000,0.00000000,0.00000000,0.00000000,0.00000000,0.00000000,0.00000000,0.00000000,0.00000000,0.00000000,0.00000000,0.00000000,0.00000000,0.00000000,0.00000000,0.00000000,0.00000000,0.00000000,0.00000000,0.00000000,0.00000000,0.00000000,0.00000000,0.00000000,0.00000000,0.00000000,0.00000000,0.00000000,0.00000000,0.00000000,0.00000000,0.00000000,0.00000000,0.00000000,0.00000000,0.00000000,0.00000000,0.00000000,0.00000000,0.00000000,0.00000000,0.00000000,0.00000000,0.00000000,0.00000000,0.00000000,0.00000000,0.00000000,0.00000000,0.00000000,0.00000000,0.00000000,0.00000000,0.00000000,0.00000000,0.00000000,0.00000000,0.00000000,0.00000000,0.00000000,0.00000000,0.00000000,0.00000000,0.00000000,0.00000000,0.00000000,0.00000000,0.00000000,0.00000000,0.00000000,0.00000000,0.00000000,0.00000000,0.00000000,0.00000000,0.00000000,0.00000000,0.00000000,0.00000000,0.00000000,0.00000000,0.00000000,0.00000000,0.00000000,0.00000000,0.00000000,0.00000000,0.00000000,0.00000000,0.00000000,0.00000000
0.00000000,0.00000000,0.00000000,0.00000000,0.00000000,0.00000000,0.00000000,0.00000000,0.00000000,0.00000000,0.00000000,0.00000000,0.00000000,0.00000000,0.00000000,0.00000000,0.00000000,0.00000000,0.00000000,0.00000000,0.00000000,0.00000000,0.00000000,0.00000000,0.00000000,0.00000000,0.00000000,0.00000000,0.00000000,0.00000000,0.00000000,0.00000000,0.00000000,0.00000000,0.00000000,0.00000000,0.00000000,0.00000000,0.00000000,0.00000000,0.00000000,41.99757982,0.00000000,0.00000000,0.00000000,0.00000000,31.11983889,0.00000000,0.00000000,0.00000000,23.82720831,0.00000000,0.00000000,19.97941279,18.59956828,0.00000000,0.00000000,0.00000000,0.00000000,10.64790458,0.00000000,37.86854922,0.00000000,0.00000000,9.35585442,0.00000000,0.00000000,12.56173345,0.00000000,0.00000000,0.00000000,0.00000000,0.00000000,0.00000000,26.56963009,57.61074607,31.46948051,33.36534973,53.64498223,0.00000000,0.00000000,21.03412868,61.27182732,41.78407707,27.72434861,11.23176338,12.17582319,42.73389955,54.02406549,23.50564346,38.73788972,0.00000000,0.00000000,0.00000000,0.00000000,0.00000000,0.00000000,0.00000000,0.00000000,0.00000000,0.00000000,0.00000000,0.00000000,0.00000000,0.00000000,0.00000000,0.00000000,0.00000000,0.00000000,0.00000000,0.00000000,0.00000000,0.00000000,0.00000000,0.00000000,0.00000000,0.00000000,0.00000000,0.00000000,0.00000000,0.00000000,0.00000000,0.00000000,0.00000000,0.00000000,0.00000000,0.00000000,0.00000000,0.00000000,0.00000000,0.00000000,0.00000000,0.00000000,0.00000000,0.00000000,0.00000000,0.00000000,0.00000000,0.00000000,0.00000000,0.00000000,74.90833426,0.00000000,0.00000000,0.00000000,0.00000000,0.00000000,86.07515055,0.00000000,0.00000000,85.88353293,0.00000000,0.00000000,0.00000000,88.10121373,0.00000000,93.98351049,94.43707275,0.00000000,0.00000000,0.00000000,0.00000000,0.00000000,0.00000000,0.00000000,0.00000000,0.00000000,98.60749682,0.00000000,0.00000000,0.00000000,0.00000000,0.00000000,0.00000000,0.00000000,0.00000000,0.00000000,0.00000000,0.00000000,0.00000000,0.00000000,0.00000000,0.00000000,0.00000000,0.00000000,0.00000000,0.00000000,0.00000000,0.00000000,0.00000000,0.00000000,0.00000000,0.00000000,0.00000000
0.00000000,0.00000000,0.00000000,0.00000000,0.00000000,0.00000000,0.00000000,0.00000000,0.00000000,0.00000000,0.00000000,0.00000000,0.00000000,0.00000000,0.00000000,0.00000000,0.00000000,0.00000000,0.00000000,0.00000000,0.00000000,0.00000000,0.00000000,0.00000000,0.00000000,0.00000000,61.57058716,0.00000000,0.00000000,0.00000000,0.00000000,0.00000000,0.00000000,0.00000000,0.00000000,59.55317018,0.00000000,0.00000000,59.18111542,53.15310754,0.00000000,0.00000000,59.73011335,0.00000000,0.00000000,0.00000000,0.00000000,42.61702983,49.19307327,48.99185698,0.00000000,0.00000000,42.62030474,0.00000000,0.00000000,44.91153870,41.71944737,25.15032690,45.02280072,0.00000000,35.17448516,0.00000000,44.83682480,38.20859438,0.00000000,13.68443396,13.39562218,0.00000000,32.55095291,45.12508901,39.26973778,32.03091335,0.00000000,0.00000000,35.53790728,0.00000000,25.31723780,0.00000000,0.00000000,11.28990156,34.27121868,0.00000000,0.00000000,14.03565000,36.28620003,39.75636147,35.11695771,0.00000000,41.48208295,26.53529495,31.89589598,0.00000000,0.00000000,0.00000000,0.00000000,0.00000000,0.00000000,0.00000000,0.00000000,0.00000000,0.00000000,0.00000000,0.00000000,0.00000000,0.00000000,0.00000000,0.00000000,0.00000000,0.00000000,0.00000000,0.00000000,0.00000000,0.00000000,0.00000000,0.00000000,0.00000000,0.00000000,0.00000000,0.00000000,0.00000000,0.00000000,0.00000000,0.00000000,0.00000000,0.00000000,0.00000000,0.00000000,0.00000000,0.00000000,0.00000000,0.00000000,0.00000000,0.00000000,0.00000000,0.00000000,0.00000000,0.00000000,0.00000000,0.00000000,0.00000000,0.00000000,0.00000000,0.00000000,0.00000000,0.00000000,0.00000000,0.00000000,0.00000000,0.00000000,0.00000000,0.00000000,0.00000000,0.00000000,0.00000000,0.00000000,0.00000000,0.00000000,0.00000000,0.00000000,0.00000000,0.00000000,0.00000000,0.00000000,0.00000000,0.00000000,0.00000000,0.00000000,0.00000000,0.00000000,0.00000000,0.00000000,0.00000000,0.00000000,0.00000000,0.00000000,0.00000000,0.00000000,0.00000000,0.00000000,0.00000000,0.00000000,0.00000000,0.00000000,0.00000000,0.00000000,0.00000000,0.00000000,0.00000000,0.00000000,0.00000000,0.00000000,0.00000000,0.00000000,0.00000000
0.00000000,0.00000000,0.00000000,0.00000000,0.00000000,0.00000000,0.00000000,0.00000000,0.00000000,0.00000000,0.00000000,0.00000000,0.00000000,0.00000000,0.00000000,0.00000000,0.00000000,0.00000000,0.00000000,0.00000000,0.00000000,0.00000000,0.00000000,0.00000000,0.00000000,0.00000000,76.99846395,0.00000000,0.00000000,0.00000000,0.00000000,78.93184408,0.00000000,0.00000000,74.65068368,66.15637589,0.00000000,72.14969778,0.00000000,62.92525368,0.00000000,0.00000000,71.67294072,0.00000000,0.00000000,0.00000000,23.83740623,0.00000000,65.54503184,0.00000000,27.58721186,0.00000000,54.44194489,33.89307999,19.07402780,52.96679688,0.00000000,42.67416859,54.50270022,26.39975429,0.00000000,57.72802877,18.03735653,41.12830820,11.40754432,55.45079912,35.71865463,44.42881628,53.75422559,64.71742096,16.24187105,0.00000000,26.56963009,35.53790728,0.00000000,67.57642902,23.47873458,56.28150574,68.41667152,20.62007132,61.49380292,11.59518866,69.24948072,56.44698036,13.13723166,22.13223867,52.15395841,63.15901184,66.60583325,44.49622754,62.56197944,0.00000000,0.00000000,0.00000000,0.00000000,0.00000000,0.00000000,0.00000000,0.00000000,0.00000000,0.00000000,0.00000000,0.00000000,0.00000000,0.00000000,0.00000000,0.00000000,0.00000000,0.00000000,0.00000000,0.00000000,0.00000000,0.00000000,0.00000000,0.00000000,0.00000000,0.00000000,0.00000000,0.00000000,0.00000000,0.00000000,0.00000000,0.00000000,0.00000000,0.00000000,0.00000000,0.00000000,0.00000000,0.00000000,0.00000000,0.00000000,0.00000000,0.00000000,0.00000000,0.00000000,0.00000000,0.00000000,0.00000000,0.00000000,0.00000000,0.00000000,0.00000000,78.23898094,0.00000000,0.00000000,0.00000000,0.00000000,84.58178329,0.00000000,0.00000000,0.00000000,0.00000000,0.00000000,0.00000000,94.05558087,0.00000000,94.06786982,0.00000000,0.00000000,0.00000000,0.00000000,0.00000000,0.00000000,0.00000000,0.00000000,0.00000000,0.00000000,94.77118480,0.00000000,0.00000000,0.00000000,0.00000000,0.00000000,0.00000000,0.00000000,0.00000000,0.00000000,0.00000000,0.00000000,0.00000000,0.00000000,0.00000000,0.00000000,0.00000000,0.00000000,0.00000000,0.00000000,0.00000000,0.00000000,0.00000000,0.00000000,0.00000000,0.00000000,0.00000000
0.00000000,0.00000000,0.00000000,0.00000000,0.00000000,0.00000000,0.00000000,0.00000000,0.00000000,0.00000000,0.00000000,0.00000000,0.00000000,0.00000000,0.00000000,0.00000000,0.00000000,0.00000000,0.00000000,0.00000000,0.00000000,0.00000000,0.00000000,0.00000000,0.00000000,0.00000000,0.00000000,0.00000000,0.00000000,0.00000000,0.00000000,0.00000000,0.00000000,0.00000000,0.00000000,0.00000000,0.00000000,0.00000000,0.00000000,0.00000000,0.00000000,66.16332400,0.00000000,0.00000000,0.00000000,0.00000000,63.59393311,0.00000000,0.00000000,0.00000000,50.75622645,0.00000000,0.00000000,40.18671775,64.80855179,0.00000000,0.00000000,0.00000000,41.48991998,53.26881199,35.35769653,12.38800445,61.91358566,0.00000000,65.29989319,0.00000000,0.00000000,37.03980790,31.72366269,31.27304731,62.80779648,0.00000000,57.61074607,0.00000000,67.57642902,0.00000000,63.45087941,11.73726775,21.34413852,50.66792831,25.06757108,68.31065256,9.59898476,43.63513788,66.93137569,64.72791614,48.11623947,10.78587390,11.87151918,56.24424813,22.78932416,0.00000000,0.00000000,0.00000000,0.00000000,0.00000000,0.00000000,0.00000000,0.00000000,0.00000000,0.00000000,0.00000000,0.00000000,0.00000000,0.00000000,0.00000000,0.00000000,0.00000000,0.00000000,0.00000000,0.00000000,0.00000000,0.00000000,0.00000000,0.00000000,0.00000000,0.00000000,0.00000000,0.00000000,0.00000000,0.00000000,0.00000000,0.00000000,0.00000000,0.00000000,0.00000000,0.00000000,0.00000000,0.00000000,0.00000000,0.00000000,0.00000000,0.00000000,0.00000000,0.00000000,0.00000000,0.00000000,0.00000000,0.00000000,0.00000000,0.00000000,0.00000000,0.00000000,0.00000000,0.00000000,0.00000000,0.00000000,0.00000000,0.00000000,0.00000000,0.00000000,0.00000000,0.00000000,0.00000000,0.00000000,0.00000000,0.00000000,0.00000000,0.00000000,0.00000000,0.00000000,0.00000000,0.00000000,0.00000000,0.00000000,0.00000000,0.00000000,0.00000000,0.00000000,0.00000000,0.00000000,0.00000000,0.00000000,0.00000000,0.00000000,0.00000000,0.00000000,0.00000000,0.00000000,0.00000000,0.00000000,0.00000000,0.00000000,0.00000000,0.00000000,0.00000000,0.00000000,0.00000000,0.00000000,0.00000000,0.00000000,0.00000000,0.00000000,0.00000000
0.00000000,0.00000000,0.00000000,0.00000000,0.00000000,0.00000000,0.00000000,0.00000000,0.00000000,0.00000000,0.00000000,0.00000000,0.00000000,0.00000000,0.00000000,0.00000000,0.00000000,0.00000000,0.00000000,0.00000000,0.00000000,0.00000000,0.00000000,0.00000000,0.00000000,0.00000000,84.65760258,0.00000000,0.00000000,0.00000000,0.00000000,83.14613615,79.77809688,78.76661197,79.07887589,72.88629136,74.73815155,76.66410828,77.01335373,67.83914763,64.99845559,0.00000000,74.23673859,0.00000000,0.00000000,52.14387321,0.00000000,68.34887356,60.76621321,59.09633739,29.43677468,36.87259572,56.90405834,34.69824437,33.95146306,37.36606240,61.51509408,37.96002562,62.84333814,30.95942561,57.05843633,52.93782385,24.76034720,20.82662282,32.58579572,30.60966102,13.41004718,40.66240747,53.89755560,60.26608467,14.16336578,54.43843244,31.46948051,25.31723780,23.47873458,63.45087941,0.00000000,50.92350609,65.37470859,11.23962498,56.47024523,29.07167179,66.63770082,38.25371437,14.31246826,28.09110230,47.79812876,55.88156073,60.76770841,19.68988935,51.59273792,0.00000000,0.00000000,0.00000000,0.00000000,0.00000000,0.00000000,0.00000000,0.00000000,0.00000000,0.00000000,0.00000000,0.00000000,0.00000000,0.00000000,0.00000000,0.00000000,0.00000000,0.00000000,0.00000000,0.00000000,0.00000000,0.00000000,0.00000000,0.00000000,0.00000000,0.00000000,0.00000000,0.00000000,0.00000000,0.00000000,0.00000000,0.00000000,0.00000000,0.00000000,0.00000000,0.00000000,0.00000000,0.00000000,0.00000000,0.00000000,0.00000000,0.00000000,0.00000000,0.00000000,0.00000000,0.00000000,0.00000000,0.00000000,0.00000000,0.00000000,0.00000000,0.00000000,0.00000000,0.00000000,0.00000000,0.00000000,0.00000000,0.00000000,0.00000000,87.23484612,0.00000000,0.00000000,0.00000000,0.00000000,0.00000000,97.30228509,0.00000000,0.00000000,0.00000000,0.00000000,0.00000000,0.00000000,0.00000000,0.00000000,0.00000000,0.00000000,98.62488791,0.00000000,0.00000000,0.00000000,0.00000000,0.00000000,0.00000000,0.00000000,0.00000000,0.00000000,0.00000000,0.00000000,0.00000000,0.00000000,0.00000000,0.00000000,0.00000000,0.00000000,0.00000000,0.00000000,0.00000000,0.00000000,0.00000000,0.00000000,0.00000000,0.00000000,0.00000000
0.00000000,0.00000000,0.00000000,0.00000000,0.00000000,0.00000000,0.00000000,0.00000000,0.00000000,0.00000000,0.00000000,0.00000000,0.00000000,0.00000000,0.00000000,0.00000000,0.00000000,0.00000000,0.00000000,0.00000000,0.00000000,0.00000000,0.00000000,0.00000000,0.00000000,0.00000000,0.00000000,0.00000000,0.00000000,0.00000000,0.00000000,0.00000000,0.00000000,0.00000000,0.00000000,0.00000000,0.00000000,0.00000000,0.00000000,0.00000000,0.00000000,61.10484282,0.00000000,0.00000000,0.00000000,0.00000000,56.85842133,0.00000000,0.00000000,0.00000000,42.74026343,0.00000000,0.00000000,28.92206495,53.21713175,0.00000000,0.00000000,0.00000000,0.00000000,35.93941623,0.00000000,10.39049949,0.00000000,0.00000000,54.19221039,0.00000000,0.00000000,12.44832511,37.60906219,50.25070496,0.00000000,0.00000000,33.36534973,0.00000000,56.28150574,11.73726775,50.92350609,0.00000000,44.39394429,35.20998355,34.62632370,57.80757633,36.75395149,30.30388737,54.86400986,45.42240298,12.28966343,9.84571783,21.62355270,31.73131213,15.41989349,0.00000000,0.00000000,0.00000000,0.00000000,0.00000000,0.00000000,0.00000000,0.00000000,0.00000000,0.00000000,0.00000000,0.00000000,0.00000000,0.00000000,0.00000000,0.00000000,0.00000000,0.00000000,0.00000000,0.00000000,0.00000000,0.00000000,0.00000000,0.00000000,0.00000000,0.00000000,0.00000000,0.00000000,0.00000000,0.00000000,0.00000000,0.00000000,0.00000000,0.00000000,0.00000000,0.00000000,0.00000000,0.00000000,0.00000000,0.00000000,0.00000000,0.00000000,0.00000000,0.00000000,0.00000000,0.00000000,0.00000000,0.00000000,0.00000000,0.00000000,0.00000000,0.00000000,0.00000000,0.00000000,0.00000000,0.00000000,0.00000000,0.00000000,0.00000000,0.00000000,0.00000000,0.00000000,0.00000000,0.00000000,0.00000000,0.00000000,0.00000000,0.00000000,0.00000000,0.00000000,0.00000000,0.00000000,0.00000000,0.00000000,0.00000000,0.00000000,0.00000000,0.00000000,0.00000000,0.00000000,0.00000000,0.00000000,0.00000000,0.00000000,0.00000000,0.00000000,0.00000000,0.00000000,0.00000000,0.00000000,0.00000000,0.00000000,0.00000000,0.00000000,0.00000000,0.00000000,0.00000000,0.00000000,0.00000000,0.00000000,0.00000000,0.00000000,0.00000000
0.00000000,0.00000000,0.00000000,0.00000000,0.00000000,79.73674913,0.00000000,84.24007416,0.00000000,73.19959513,70.06791193,0.00000000,0.00000000,75.54469681,0.00000000,0.00000000,0.00000000,0.00000000,0.00000000,0.00000000,0.00000000,0.00000000,0.00000000,0.00000000,70.07623238,0.00000000,0.00000000,0.00000000,0.00000000,70.24272495,0.00000000,0.00000000,0.00000000,0.00000000,0.00000000,0.00000000,0.00000000,0.00000000,0.00000000,0.00000000,0.00000000,0.00000000,0.00000000,0.00000000,0.00000000,0.00000000,0.00000000,0.00000000,0.00000000,0.00000000,41.60129929,0.00000000,0.00000000,43.12976913,62.42672348,0.00000000,0.00000000,0.00000000,29.20650770,0.00000000,47.18385506,21.28082648,69.48046603,64.24777673,0.00000000,63.45155207,49.96289317,51.71601595,20.88041582,11.74046883,66.58464249,45.50075595,53.64498223,0.00000000,68.41667152,21.34413852,65.37470859,44.39394429,0.00000000,53.87677383,14.49761201,69.76670135,11.38788315,45.68027102,69.12379837,68.62747154,60.05021014,39.22789455,13.18011833,62.17816931,50.86038399,0.00000000,0.00000000,0.00000000,0.00000000,0.00000000,0.00000000,0.00000000,0.00000000,0.00000000,0.00000000,0.00000000,0.00000000,0.00000000,0.00000000,0.00000000,0.00000000,0.00000000,0.00000000,0.00000000,0.00000000,0.00000000,0.00000000,0.00000000,0.00000000,0.00000000,0.00000000,0.00000000,0.00000000,0.00000000,0.00000000,0.00000000,0.00000000,0.00000000,0.00000000,0.00000000,0.00000000,0.00000000,0.00000000,0.00000000,0.00000000,0.00000000,0.00000000,0.00000000,0.00000000,0.00000000,0.00000000,0.00000000,0.00000000,0.00000000,0.00000000,0.00000000,0.00000000,0.00000000,0.00000000,0.00000000,0.00000000,0.00000000,0.00000000,0.00000000,0.00000000,0.00000000,0.00000000,0.00000000,0.00000000,0.00000000,0.00000000,0.00000000,0.00000000,0.00000000,0.00000000,0.00000000,0.00000000,0.00000000,0.00000000,0.00000000,0.00000000,0.00000000,0.00000000,0.00000000,0.00000000,0.00000000,0.00000000,0.00000000,0.00000000,0.00000000,0.00000000,0.00000000,0.00000000,0.00000000,0.00000000,0.00000000,0.00000000,0.00000000,0.00000000,0.00000000,0.00000000,0.00000000,0.00000000,0.00000000,0.00000000,0.00000000,0.00000000,0.00000000
0.00000000,0.00000000,0.00000000,0.00000000,0.00000000,0.00000000,0.00000000,0.00000000,0.00000000,0.00000000,0.00000000,0.00000000,0.00000000,0.00000000,0.00000000,0.00000000,0.00000000,0.00000000,0.00000000,0.00000000,0.00000000,0.00000000,0.00000000,0.00000000,0.00000000,0.00000000,0.00000000,0.00000000,0.00000000,0.00000000,0.00000000,0.00000000,0.00000000,0.00000000,0.00000000,65.13295364,0.00000000,0.00000000,68.11780379,60.91612789,0.00000000,0.00000000,61.49356651,0.00000000,0.00000000,0.00000000,0.00000000,0.00000000,0.00000000,48.29273224,0.00000000,0.00000000,0.00000000,0.00000000,0.00000000,52.90883650,51.38687788,38.11540359,50.74866994,0.00000000,46.40558052,35.94481579,48.73895772,48.76224736,0.00000000,25.90504490,12.33340282,31.70350051,43.17290958,50.07457924,39.78094518,43.07794565,0.00000000,11.28990156,20.62007132,50.66792831,11.23962498,35.20998355,53.87677383,0.00000000,44.42863409,15.29161169,52.22340942,17.13524017,20.60591825,25.71521893,28.52087049,38.50206809,46.21217797,11.02560333,28.25463103,0.00000000,0.00000000,0.00000000,0.00000000,0.00000000,0.00000000,0.00000000,0.00000000,0.00000000,0.00000000,0.00000000,0.00000000,0.00000000,0.00000000,0.00000000,0.00000000,0.00000000,0.00000000,0.00000000,0.00000000,0.00000000,0.00000000,0.00000000,0.00000000,0.00000000,0.00000000,0.00000000,0.00000000,0.00000000,0.00000000,0.00000000,0.00000000,0.00000000,0.00000000,0.00000000,0.00000000,0.00000000,0.00000000,0.00000000,0.00000000,0.00000000,0.00000000,0.00000000,0.00000000,0.00000000,0.00000000,0.00000000,0.00000000,0.00000000,0.00000000,0.00000000,0.00000000,0.00000000,0.00000000,0.00000000,0.00000000,0.00000000,0.00000000,0.00000000,0.00000000,0.00000000,0.00000000,0.00000000,0.00000000,0.00000000,0.00000000,0.00000000,0.00000000,0.00000000,0.00000000,0.00000000,0.00000000,0.00000000,0.00000000,0.00000000,0.00000000,0.00000000,0.00000000,0.00000000,0.00000000,0.00000000,0.00000000,0.00000000,0.00000000,0.00000000,0.00000000,0.00000000,0.00000000,0.00000000,0.00000000,0.00000000,0.00000000,0.00000000,0.00000000,0.00000000,0.00000000,0.00000000,0.00000000,0.00000000,0.00000000,0.00000000,0.00000000,0.00000000
0.00000000,0.00000000,0.00000000,0.00000000,0.00000000,0.00000000,0.00000000,0.00000000,0.00000000,0.00000000,67.35436134,70.69055557,0.00000000,0.00000000,0.00000000,0.00000000,70.94885913,0.00000000,0.00000000,0.00000000,72.15862274,0.00000000,0.00000000,65.89371236,66.62383890,77.21459545,90.06091563,69.83760325,0.00000000,0.00000000,0.00000000,88.53659185,78.60210705,0.00000000,0.00000000,78.17755432,0.00000000,76.82204437,73.17986020,68.81739827,0.00000000,0.00000000,79.56577110,0.00000000,44.38348688,0.00000000,0.00000000,65.33783875,65.65454102,48.16935094,0.00000000,0.00000000,64.33633461,28.80409495,0.00000000,64.90937840,45.92037791,49.05086112,29.66002135,0.00000000,20.22951686,20.40651985,64.42064779,63.64386486,0.00000000,25.09454399,50.02188856,37.40011152,9.91375067,19.49758533,62.58998179,11.19052387,0.00000000,34.27121868,61.49380292,25.06757108,56.47024523,34.62632370,14.49761201,44.42863409,0.00000000,57.02155940,28.65035415,11.66477549,61.82918202,58.88649750,49.91230202,30.87999920,11.19428734,51.24326706,25.67000695,0.00000000,0.00000000,0.00000000,0.00000000,0.00000000,0.00000000,0.00000000,0.00000000,0.00000000,0.00000000,0.00000000,0.00000000,0.00000000,0.00000000,0.00000000,0.00000000,0.00000000,0.00000000,0.00000000,0.00000000,0.00000000,0.00000000,0.00000000,0.00000000,0.00000000,0.00000000,0.00000000,0.00000000,0.00000000,0.00000000,0.00000000,0.00000000,0.00000000,0.00000000,0.00000000,0.00000000,0.00000000,0.00000000,0.00000000,0.00000000,0.00000000,0.00000000,0.00000000,0.00000000,0.00000000,0.00000000,0.00000000,0.00000000,0.00000000,0.00000000,0.00000000,0.00000000,0.00000000,0.00000000,0.00000000,0.00000000,0.00000000,0.00000000,0.00000000,0.00000000,0.00000000,0.00000000,0.00000000,0.00000000,0.00000000,0.00000000,0.00000000,0.00000000,0.00000000,0.00000000,0.00000000,0.00000000,0.00000000,0.00000000,0.00000000,0.00000000,0.00000000,0.00000000,0.00000000,0.00000000,0.00000000,0.00000000,0.00000000,0.00000000,0.00000000,0.00000000,0.00000000,0.00000000,0.00000000,0.00000000,0.00000000,0.00000000,0.00000000,0.00000000,0.00000000,0.00000000,0.00000000,0.00000000,0.00000000,0.00000000,0.00000000,0.00000000,0.00000000
0.00000000,0.00000000,0.00000000,0.00000000,0.00000000,0.00000000,0.00000000,0.00000000,0.00000000,0.00000000,0.00000000,0.00000000,0.00000000,0.00000000,0.00000000,0.00000000,0.00000000,0.00000000,0.00000000,0.00000000,0.00000000,0.00000000,0.00000000,0.00000000,0.00000000,0.00000000,0.00000000,0.00000000,0.00000000,0.00000000,0.00000000,79.84281921,0.00000000,0.00000000,76.06814575,0.00000000,0.00000000,75.35304884,0.00000000,0.00000000,0.00000000,29.63932943,74.51065776,0.00000000,0.00000000,0.00000000,28.08437920,0.00000000,70.13328362,0.00000000,31.69498321,0.00000000,60.91751785,35.55580482,23.92489129,63.87652651,0.00000000,0.00000000,0.00000000,26.95534921,0.00000000,57.88841785,35.44308475,51.79680939,13.16687311,0.00000000,0.00000000,41.18979707,0.00000000,63.95342178,32.44969551,0.00000000,21.03412868,0.00000000,11.59518866,68.31065256,29.07167179,57.80757633,69.76670135,15.29161169,57.02155940,0.00000000,70.96260658,58.28233719,13.77201043,11.79471068,47.22411318,62.26072448,67.92898750,34.65355927,60.16308523,0.00000000,0.00000000,0.00000000,0.00000000,0.00000000,0.00000000,0.00000000,0.00000000,0.00000000,0.00000000,0.00000000,0.00000000,0.00000000,0.00000000,0.00000000,0.00000000,0.00000000,0.00000000,0.00000000,0.00000000,0.00000000,0.00000000,0.00000000,0.00000000,0.00000000,0.00000000,0.00000000,0.00000000,0.00000000,0.00000000,0.00000000,0.00000000,0.00000000,0.00000000,0.00000000,0.00000000,0.00000000,0.00000000,0.00000000,0.00000000,0.00000000,0.00000000,0.00000000,0.00000000,0.00000000,0.00000000,0.00000000,0.00000000,0.00000000,0.00000000,0.00000000,85.15425301,0.00000000,0.00000000,0.00000000,0.00000000,88.30442592,0.00000000,0.00000000,85.21167552,0.00000000,0.00000000,0.00000000,95.47379474,0.00000000,95.93689728,0.00000000,0.00000000,0.00000000,0.00000000,0.00000000,0.00000000,0.00000000,0.00000000,0.00000000,0.00000000,95.04309212,0.00000000,0.00000000,0.00000000,0.00000000,0.00000000,0.00000000,0.00000000,0.00000000,0.00000000,0.00000000,0.00000000,0.00000000,0.00000000,0.00000000,0.00000000,0.00000000,0.00000000,0.00000000,0.00000000,0.00000000,0.00000000,0.00000000,0.00000000,0.00000000,0.00000000,0.00000000
0.00000000,0.00000000,0.00000000,0.00000000,0.00000000,0.00000000,0.00000000,0.00000000,0.00000000,0.00000000,0.00000000,0.00000000,0.00000000,0.00000000,0.00000000,0.00000000,0.00000000,0.00000000,0.00000000,0.00000000,0.00000000,0.00000000,0.00000000,0.00000000,0.00000000,0.00000000,0.00000000,0.00000000,0.00000000,0.00000000,0.00000000,0.00000000,0.00000000,0.00000000,0.00000000,0.00000000,0.00000000,0.00000000,0.00000000,0.00000000,0.00000000,0.00000000,0.00000000,0.00000000,0.00000000,0.00000000,62.05232293,0.00000000,0.00000000,0.00000000,52.19755597,0.00000000,0.00000000,48.10552244,66.94958327,0.00000000,0.00000000,0.00000000,39.16534360,53.40730985,38.59034348,20.26239858,61.92494329,0.00000000,66.97515392,0.00000000,0.00000000,50.64429207,31.42381944,24.62619848,0.00000000,0.00000000,61.27182732,0.00000000,69.24948072,9.59898476,66.63770082,36.75395149,11.38788315,52.22340942,28.65035415,70.96260658,0.00000000,48.51961314,71.32463932,70.05096245,60.19431753,20.44410723,13.38040283,62.98259440,45.49571775,0.00000000,0.00000000,0.00000000,0.00000000,0.00000000,0.00000000,0.00000000,0.00000000,0.00000000,0.00000000,0.00000000,0.00000000,0.00000000,0.00000000,0.00000000,0.00000000,0.00000000,0.00000000,0.00000000,0.00000000,0.00000000,0.00000000,0.00000000,0.00000000,0.00000000,0.00000000,0.00000000,0.00000000,0.00000000,0.00000000,0.00000000,0.00000000,0.00000000,0.00000000,0.00000000,0.00000000,0.00000000,0.00000000,0.00000000,0.00000000,0.00000000,0.00000000,0.00000000,0.00000000,0.00000000,0.00000000,0.00000000,0.00000000,0.00000000,0.00000000,0.00000000,0.00000000,0.00000000,0.00000000,0.00000000,0.00000000,0.00000000,0.00000000,0.00000000,0.00000000,0.00000000,0.00000000,0.00000000,0.00000000,0.00000000,0.00000000,0.00000000,0.00000000,0.00000000,0.00000000,0.00000000,0.00000000,0.00000000,0.00000000,0.00000000,0.00000000,0.00000000,0.00000000,0.00000000,0.00000000,0.00000000,0.00000000,0.00000000,0.00000000,0.00000000,0.00000000,0.00000000,0.00000000,0.00000000,0.00000000,0.00000000,0.00000000,0.00000000,0.00000000,0.00000000,0.00000000,0.00000000,0.00000000,0.00000000,0.00000000,0.00000000,0.00000000,0.00000000
0.00000000,0.00000000,0.00000000,0.00000000,0.00000000,71.33055735,0.00000000,0.00000000,0.00000000,0.00000000,67.82573654,69.66120815,0.00000000,0.00000000,59.14254951,0.00000000,74.87163544,0.00000000,0.00000000,0.00000000,76.06165504,0.00000000,0.00000000,68.69223022,72.70227323,81.13818715,89.22686492,72.30059687,78.75160408,70.85589006,78.08782053,88.58547128,81.86948649,78.55995015,84.51270718,74.98221486,74.06711905,82.51140976,72.51389759,67.12751613,68.73838018,0.00000000,80.50454521,68.07611671,64.15190359,57.69754495,0.00000000,70.12721515,70.22259903,67.58966208,34.95937729,0.00000000,65.83547478,37.23920981,50.23874359,63.80000877,52.19157733,48.89155843,42.82891172,42.60744336,28.23934070,31.75117189,56.23986462,55.28365663,46.84212685,15.61371735,35.41363557,31.13435163,16.79247021,42.33059441,53.21362869,13.51605865,41.78407707,14.03565000,56.44698036,43.63513788,38.25371437,30.30388737,45.68027102,17.13524017,11.66477549,58.28233719,48.51961314,0.00000000,45.44577675,41.88465148,27.51980324,29.95105855,14.49501304,22.58829854,12.55751100,0.00000000,0.00000000,0.00000000,0.00000000,0.00000000,0.00000000,0.00000000,0.00000000,0.00000000,0.00000000,0.00000000,0.00000000,0.00000000,0.00000000,0.00000000,0.00000000,0.00000000,0.00000000,0.00000000,0.00000000,0.00000000,0.00000000,0.00000000,0.00000000,0.00000000,0.00000000,0.00000000,0.00000000,0.00000000,0.00000000,0.00000000,0.00000000,0.00000000,0.00000000,0.00000000,0.00000000,0.00000000,0.00000000,0.00000000,0.00000000,0.00000000,0.00000000,0.00000000,0.00000000,0.00000000,0.00000000,0.00000000,0.00000000,0.00000000,0.00000000,0.00000000,0.00000000,0.00000000,0.00000000,0.00000000,0.00000000,0.00000000,0.00000000,0.00000000,0.00000000,0.00000000,0.00000000,0.00000000,0.00000000,0.00000000,0.00000000,0.00000000,0.00000000,0.00000000,0.00000000,0.00000000,0.00000000,0.00000000,0.00000000,0.00000000,0.00000000,0.00000000,0.00000000,0.00000000,0.00000000,0.00000000,0.00000000,0.00000000,0.00000000,0.00000000,0.00000000,0.00000000,0.00000000,0.00000000,0.00000000,0.00000000,0.00000000,0.00000000,0.00000000,0.00000000,0.00000000,0.00000000,0.00000000,0.00000000,0.00000000,0.00000000,0.00000000,0.00000000
0.00000000,0.00000000,0.00000000,0.00000000,0.00000000,0.00000000,0.00000000,0.00000000,0.00000000,0.00000000,0.00000000,0.00000000,0.00000000,0.00000000,0.00000000,0.00000000,0.00000000,0.00000000,0.00000000,0.00000000,0.00000000,0.00000000,0.00000000,0.00000000,0.00000000,0.00000000,83.98586854,0.00000000,0.00000000,0.00000000,0.00000000,84.39662001,81.19419243,0.00000000,80.42705100,76.16989365,0.00000000,78.93069407,0.00000000,73.97328553,68.65291929,0.00000000,77.37706158,0.00000000,0.00000000,57.19820709,35.71356877,0.00000000,72.31832352,59.72142757,34.08158493,0.00000000,64.65234057,36.35544975,31.53868018,61.57061878,0.00000000,51.19033424,63.68076706,29.94386193,60.89911524,56.67608608,31.00837772,44.59396424,25.62336521,46.48478943,32.20580726,39.75043598,58.83060526,64.75390795,19.18603386,53.86823357,27.72434861,36.28620003,13.13723166,66.93137569,14.31246826,54.86400986,69.12379837,20.60591825,61.82918202,13.77201043,71.32463932,45.44577675,0.00000000,16.20955950,44.98099788,61.60518392,64.79264999,17.61045435,54.09688121,0.00000000,0.00000000,0.00000000,0.00000000,0.00000000,0.00000000,0.00000000,0.00000000,0.00000000,0.00000000,0.00000000,0.00000000,0.00000000,0.00000000,0.00000000,0.00000000,0.00000000,0.00000000,0.00000000,0.00000000,0.00000000,0.00000000,0.00000000,0.00000000,0.00000000,0.00000000,0.00000000,0.00000000,0.00000000,0.00000000,0.00000000,0.00000000,0.00000000,0.00000000,0.00000000,0.00000000,0.00000000,0.00000000,0.00000000,0.00000000,0.00000000,0.00000000,0.00000000,0.00000000,0.00000000,0.00000000,0.00000000,0.00000000,0.00000000,0.00000000,83.08521967,0.00000000,0.00000000,0.00000000,0.00000000,0.00000000,91.80143907,0.00000000,0.00000000,92.12065351,0.00000000,0.00000000,0.00000000,96.44129944,0.00000000,98.40623093,0.00000000,0.00000000,0.00000000,0.00000000,0.00000000,0.00000000,0.00000000,0.00000000,0.00000000,0.00000000,99.53649041,0.00000000,0.00000000,0.00000000,0.00000000,0.00000000,0.00000000,0.00000000,0.00000000,0.00000000,0.00000000,0.00000000,0.00000000,0.00000000,0.00000000,0.00000000,0.00000000,0.00000000,0.00000000,0.00000000,0.00000000,0.00000000,0.00000000,0.00000000,0.00000000,0.00000000,0.00000000
0.00000000,0.00000000,0.00000000,0.00000000,0.00000000,0.00000000,0.00000000,0.00000000,0.00000000,0.00000000,0.00000000,0.00000000,0.00000000,0.00000000,0.00000000,0.00000000,0.00000000,0.00000000,0.00000000,0.00000000,0.00000000,0.00000000,0.00000000,0.00000000,0.00000000,0.00000000,0.00000000,0.00000000,0.00000000,0.00000000,0.00000000,84.57691345,0.00000000,0.00000000,81.81165771,76.39756084,0.00000000,80.41287195,0.00000000,75.16584206,67.73546092,47.64788324,80.35981750,0.00000000,0.00000000,0.00000000,36.06928864,0.00000000,74.80159215,0.00000000,31.70336370,0.00000000,68.01162084,30.11472394,26.55270605,76.19928551,0.00000000,46.16100216,51.46769047,21.35424813,0.00000000,49.05424467,46.44773002,60.99886163,16.15026653,58.22577985,46.85794512,25.44406004,56.09912981,63.64815664,36.96207757,0.00000000,11.23176338,39.75636147,22.13223867,64.72791614,28.09110230,45.42240298,68.62747154,25.71521893,58.88649750,11.79471068,70.05096245,41.88465148,16.20955950,0.00000000,17.66516047,51.56286412,61.39316362,16.00914780,41.27930146,0.00000000,0.00000000,0.00000000,0.00000000,0.00000000,0.00000000,0.00000000,0.00000000,0.00000000,0.00000000,0.00000000,0.00000000,0.00000000,0.00000000,0.00000000,0.00000000,0.00000000,0.00000000,0.00000000,0.00000000,0.00000000,0.00000000,0.00000000,0.00000000,0.00000000,0.00000000,0.00000000,0.00000000,0.00000000,0.00000000,0.00000000,0.00000000,0.00000000,0.00000000,0.00000000,0.00000000,0.00000000,0.00000000,0.00000000,0.00000000,0.00000000,0.00000000,0.00000000,0.00000000,78.36842537,0.00000000,0.00000000,0.00000000,0.00000000,0.00000000,86.70471191,87.86629931,0.00000000,0.00000000,0.00000000,0.00000000,92.27025986,0.00000000,0.00000000,93.70220802,0.00000000,0.00000000,0.00000000,97.39899034,0.00000000,98.11478901,98.41093191,0.00000000,0.00000000,0.00000000,0.00000000,0.00000000,0.00000000,0.00000000,0.00000000,0.00000000,100.07882402,0.00000000,0.00000000,0.00000000,0.00000000,0.00000000,0.00000000,0.00000000,0.00000000,0.00000000,0.00000000,0.00000000,0.00000000,0.00000000,0.00000000,0.00000000,0.00000000,0.00000000,0.00000000,0.00000000,0.00000000,0.00000000,0.00000000,0.00000000,0.00000000,0.00000000,0.00000000
0.00000000,0.00000000,0.00000000,0.00000000,0.00000000,0.00000000,0.00000000,0.00000000,0.00000000,0.00000000,0.00000000,0.00000000,0.00000000,0.00000000,0.00000000,0.00000000,0.00000000,0.00000000,0.00000000,0.00000000,0.00000000,0.00000000,0.00000000,0.00000000,0.00000000,0.00000000,0.00000000,0.00000000,0.00000000,0.00000000,0.00000000,0.00000000,0.00000000,0.00000000,0.00000000,0.00000000,0.00000000,0.00000000,0.00000000,66.50954255,0.00000000,47.73739352,0.00000000,0.00000000,0.00000000,0.00000000,51.41102091,0.00000000,0.00000000,0.00000000,36.17203999,0.00000000,0.00000000,26.81652395,43.20599442,0.00000000,0.00000000,0.00000000,0.00000000,23.32954388,0.00000000,24.91626824,0.00000000,0.00000000,41.38430023,51.61886247,0.00000000,11.83506711,48.00935146,56.22055117,0.00000000,0.00000000,12.17582319,35.11695771,52.15395841,48.11623947,47.79812876,12.28966343,60.05021014,28.52087049,49.91230202,47.22411318,60.19431753,27.51980324,44.98099788,17.66516047,0.00000000,14.87402294,42.32082769,14.43442266,15.87966839,0.00000000,0.00000000,0.00000000,0.00000000,0.00000000,0.00000000,0.00000000,0.00000000,0.00000000,0.00000000,0.00000000,0.00000000,0.00000000,0.00000000,0.00000000,0.00000000,0.00000000,0.00000000,0.00000000,0.00000000,0.00000000,0.00000000,0.00000000,0.00000000,0.00000000,0.00000000,0.00000000,0.00000000,0.00000000,0.00000000,0.00000000,0.00000000,0.00000000,0.00000000,0.00000000,0.00000000,0.00000000,0.00000000,0.00000000,0.00000000,0.00000000,0.00000000,0.00000000,0.00000000,0.00000000,0.00000000,0.00000000,0.00000000,0.00000000,0.00000000,0.00000000,0.00000000,0.00000000,0.00000000,0.00000000,0.00000000,0.00000000,0.00000000,0.00000000,91.24256134,0.00000000,0.00000000,0.00000000,0.00000000,0.00000000,0.00000000,97.54076546,0.00000000,0.00000000,0.00000000,0.00000000,0.00000000,0.00000000,0.00000000,0.00000000,0.00000000,0.00000000,0.00000000,0.00000000,0.00000000,0.00000000,0.00000000,0.00000000,0.00000000,0.00000000,0.00000000,0.00000000,0.00000000,0.00000000,0.00000000,0.00000000,0.00000000,0.00000000,0.00000000,0.00000000,0.00000000,0.00000000,0.00000000,0.00000000,0.00000000,0.00000000,0.00000000,0.00000000
0.00000000,0.00000000,0.00000000,0.00000000,0.00000000,0.00000000,0.00000000,0.00000000,0.00000000,0.00000000,0.00000000,0.00000000,0.00000000,0.00000000,0.00000000,0.00000000,0.00000000,0.00000000,0.00000000,0.00000000,0.00000000,0.00000000,0.00000000,0.00000000,0.00000000,0.00000000,0.00000000,0.00000000,0.00000000,0.00000000,0.00000000,0.00000000,0.00000000,0.00000000,0.00000000,0.00000000,0.00000000,0.00000000,0.00000000,0.00000000,0.00000000,0.00000000,0.00000000,0.00000000,0.00000000,0.00000000,57.97828178,0.00000000,0.00000000,0.00000000,49.37827962,0.00000000,0.00000000,37.45334065,58.99024328,0.00000000,0.00000000,0.00000000,38.63836994,43.34839733,0.00000000,21.83286249,0.00000000,0.00000000,54.90716171,0.00000000,0.00000000,23.52242991,34.34581348,45.81973631,0.00000000,0.00000000,42.73389955,0.00000000,63.15901184,10.78587390,55.88156073,9.84571783,39.22789455,38.50206809,30.87999920,62.26072448,20.44410723,29.95105855,61.60518392,51.56286412,14.87402294,0.00000000,12.36049565,33.80582441,10.05109377,0.00000000,0.00000000,0.00000000,0.00000000,0.00000000,0.00000000,0.00000000,0.00000000,0.00000000,0.00000000,0.00000000,0.00000000,0.00000000,0.00000000,0.00000000,0.00000000,0.00000000,0.00000000,0.00000000,0.00000000,0.00000000,0.00000000,0.00000000,0.00000000,0.00000000,0.00000000,0.00000000,0.00000000,0.00000000,0.00000000,0.00000000,0.00000000,0.00000000,0.00000000,0.00000000,0.00000000,0.00000000,0.00000000,0.00000000,0.00000000,0.00000000,0.00000000,0.00000000,0.00000000,0.00000000,0.00000000,0.00000000,0.00000000,0.00000000,0.00000000,0.00000000,0.00000000,0.00000000,0.00000000,0.00000000,0.00000000,0.00000000,0.00000000,0.00000000,0.00000000,0.00000000,0.00000000,0.00000000,0.00000000,0.00000000,0.00000000,0.00000000,0.00000000,0.00000000,0.00000000,0.00000000,0.00000000,0.00000000,0.00000000,0.00000000,0.00000000,0.00000000,0.00000000,0.00000000,0.00000000,0.00000000,0.00000000,0.00000000,0.00000000,0.00000000,0.00000000,0.00000000,0.00000000,0.00000000,0.00000000,0.00000000,0.00000000,0.00000000,0.00000000,0.00000000,0.00000000,0.00000000,0.00000000,0.00000000,0.00000000,0.00000000,0.00000000,0.00000000
0.00000000,0.00000000,0.00000000,0.00000000,0.00000000,0.00000000,0.00000000,0.00000000,0.00000000,0.00000000,67.81331944,0.00000000,0.00000000,0.00000000,0.00000000,0.00000000,0.00000000,0.00000000,0.00000000,0.00000000,0.00000000,0.00000000,0.00000000,0.00000000,0.00000000,0.00000000,0.00000000,0.00000000,0.00000000,0.00000000,0.00000000,0.00000000,0.00000000,0.00000000,0.00000000,0.00000000,0.00000000,0.00000000,77.43842385,71.54322566,0.00000000,0.00000000,0.00000000,0.00000000,0.00000000,0.00000000,59.34038108,0.00000000,0.00000000,0.00000000,50.19769148,0.00000000,0.00000000,41.23240062,62.94645309,0.00000000,0.00000000,0.00000000,38.80288597,51.35771332,41.13735896,22.29701697,66.72245685,63.19816132,64.01576233,54.08111191,52.95804326,36.37030103,21.48856021,28.36808988,64.66918755,34.24099056,54.02406549,41.48208295,66.60583325,11.87151918,60.76770841,21.62355270,13.18011833,46.21217797,11.19428734,67.92898750,13.38040283,14.49501304,64.79264999,61.39316362,42.32082769,12.36049565,0.00000000,46.47778673,11.00996100,0.00000000,0.00000000,0.00000000,0.00000000,0.00000000,0.00000000,0.00000000,0.00000000,0.00000000,0.00000000,0.00000000,0.00000000,0.00000000,0.00000000,0.00000000,0.00000000,0.00000000,0.00000000,0.00000000,0.00000000,0.00000000,0.00000000,0.00000000,0.00000000,0.00000000,0.00000000,0.00000000,0.00000000,0.00000000,0.00000000,0.00000000,0.00000000,0.00000000,0.00000000,0.00000000,0.00000000,0.00000000,0.00000000,0.00000000,0.00000000,0.00000000,0.00000000,0.00000000,0.00000000,0.00000000,0.00000000,0.00000000,0.00000000,0.00000000,0.00000000,0.00000000,0.00000000,0.00000000,0.00000000,0.00000000,0.00000000,0.00000000,0.00000000,0.00000000,0.00000000,0.00000000,0.00000000,0.00000000,0.00000000,0.00000000,0.00000000,0.00000000,0.00000000,0.00000000,0.00000000,0.00000000,0.00000000,0.00000000,0.00000000,0.00000000,0.00000000,0.00000000,0.00000000,0.00000000,0.00000000,0.00000000,0.00000000,0.00000000,0.00000000,0.00000000,0.00000000,0.00000000,0.00000000,0.00000000,0.00000000,0.00000000,0.00000000,0.00000000,0.00000000,0.00000000,0.00000000,0.00000000,0.00000000,0.00000000,0.00000000,0.00000000,0.00000000,0.00000000
0.00000000,0.00000000,0.00000000,0.00000000,0.00000000,0.00000000,0.00000000,0.00000000,0.00000000,0.00000000,0.00000000,0.00000000,0.00000000,0.00000000,0.00000000,0.00000000,0.00000000,0.00000000,0.00000000,0.00000000,0.00000000,0.00000000,0.00000000,0.00000000,0.00000000,0.00000000,0.00000000,0.00000000,0.00000000,0.00000000,0.00000000,0.00000000,76.27698612,0.00000000,0.00000000,77.00825734,0.00000000,0.00000000,79.81028966,72.36959267,0.00000000,0.00000000,77.43380833,0.00000000,0.00000000,0.00000000,0.00000000,0.00000000,66.65831163,0.00000000,35.29794312,0.00000000,0.00000000,33.25119042,37.57975874,62.71650641,0.00000000,58.30272865,58.66683024,29.30051117,58.80941890,39.49836565,55.78950628,63.42269185,32.82019343,44.75361419,39.21612145,24.95451855,51.26964904,57.34049064,50.92360722,49.26690072,23.50564346,26.53529495,44.49622754,56.24424813,19.68988935,31.73131213,62.17816931,11.02560333,51.24326706,34.65355927,62.98259440,22.58829854,17.61045435,16.00914780,14.43442266,33.80582441,46.47778673,0.00000000,16.55682404,0.00000000,0.00000000,0.00000000,0.00000000,0.00000000,0.00000000,0.00000000,0.00000000,0.00000000,0.00000000,0.00000000,0.00000000,0.00000000,0.00000000,0.00000000,0.00000000,0.00000000,0.00000000,0.00000000,0.00000000,0.00000000,0.00000000,0.00000000,0.00000000,0.00000000,0.00000000,0.00000000,0.00000000,0.00000000,0.00000000,0.00000000,0.00000000,0.00000000,0.00000000,0.00000000,0.00000000,0.00000000,0.00000000,0.00000000,0.00000000,0.00000000,0.00000000,0.00000000,0.00000000,0.00000000,0.00000000,0.00000000,0.00000000,0.00000000,0.00000000,0.00000000,0.00000000,0.00000000,0.00000000,0.00000000,0.00000000,0.00000000,0.00000000,0.00000000,90.07004801,0.00000000,0.00000000,0.00000000,0.00000000,0.00000000,95.78637695,97.22913615,0.00000000,0.00000000,0.00000000,0.00000000,0.00000000,0.00000000,0.00000000,0.00000000,0.00000000,0.00000000,0.00000000,0.00000000,0.00000000,0.00000000,0.00000000,0.00000000,0.00000000,0.00000000,0.00000000,0.00000000,0.00000000,0.00000000,0.00000000,0.00000000,0.00000000,0.00000000,0.00000000,0.00000000,0.00000000,0.00000000,0.00000000,0.00000000,0.00000000,0.00000000,0.00000000,0.00000000
0.00000000,0.00000000,0.00000000,0.00000000,0.00000000,0.00000000,0.00000000,0.00000000,0.00000000,0.00000000,0.00000000,0.00000000,0.00000000,0.00000000,0.00000000,0.00000000,0.00000000,0.00000000,0.00000000,0.00000000,0.00000000,0.00000000,0.00000000,0.00000000,0.00000000,0.00000000,0.00000000,0.00000000,0.00000000,0.00000000,0.00000000,0.00000000,0.00000000,0.00000000,0.00000000,0.00000000,0.00000000,0.00000000,78.69305992,72.26034126,0.00000000,0.00000000,0.00000000,0.00000000,0.00000000,0.00000000,56.89482285,0.00000000,0.00000000,0.00000000,46.18378850,0.00000000,0.00000000,35.61517517,56.65320015,0.00000000,0.00000000,0.00000000,51.69931722,41.01162752,49.37002740,23.33686363,61.29107839,0.00000000,55.11606284,47.00937673,44.53030126,21.17682578,32.69300737,49.47657049,61.03330743,39.40750504,38.73788972,31.89589598,62.56197944,22.78932416,51.59273792,15.41989349,50.86038399,28.25463103,25.67000695,60.16308523,45.49571775,12.55751100,54.09688121,41.27930146,15.87966839,10.05109377,11.00996100,16.55682404,0.00000000,0.00000000,0.00000000,0.00000000,0.00000000,0.00000000,0.00000000,0.00000000,0.00000000,0.00000000,0.00000000,0.00000000,0.00000000,0.00000000,0.00000000,0.00000000,0.00000000,0.00000000,0.00000000,0.00000000,0.00000000,0.00000000,0.00000000,0.00000000,0.00000000,0.00000000,0.00000000,0.00000000,0.00000000,0.00000000,0.00000000,0.00000000,0.00000000,0.00000000,0.00000000,0.00000000,0.00000000,0.00000000,0.00000000,0.00000000,0.00000000,0.00000000,0.00000000,0.00000000,0.00000000,0.00000000,0.00000000,0.00000000,0.00000000,0.00000000,0.00000000,0.00000000,0.00000000,0.00000000,0.00000000,0.00000000,0.00000000,0.00000000,0.00000000,0.00000000,0.00000000,0.00000000,0.00000000,0.00000000,0.00000000,0.00000000,0.00000000,0.00000000,0.00000000,0.00000000,0.00000000,0.00000000,0.00000000,0.00000000,0.00000000,0.00000000,0.00000000,0.00000000,0.00000000,0.00000000,0.00000000,0.00000000,0.00000000,0.00000000,0.00000000,0.00000000,0.00000000,0.00000000,0.00000000,0.00000000,0.00000000,0.00000000,0.00000000,0.00000000,0.00000000,0.00000000,0.00000000,0.00000000,0.00000000,0.00000000,0.00000000,0.00000000,0.00000000,0.00000000
0.00000000,0.00000000,0.00000000,0.00000000,0.00000000,0.00000000,0.00000000,0.00000000,0.00000000,0.00000000,0.00000000,0.00000000,0.00000000,0.00000000,0.00000000,0.00000000,0.00000000,0.00000000,0.00000000,0.00000000,0.00000000,0.00000000,0.00000000,0.00000000,0.00000000,0.00000000,0.00000000,0.00000000,0.00000000,0.00000000,0.00000000,0.00000000,0.00000000,0.00000000,0.00000000,0.00000000,0.00000000,0.00000000,0.00000000,0.00000000,0.00000000,0.00000000,0.00000000,0.00000000,0.00000000,0.00000000,0.00000000,0.00000000,0.00000000,0.00000000,0.00000000,0.00000000,0.00000000,0.00000000,0.00000000,0.00000000,0.00000000,0.00000000,0.00000000,0.00000000,0.00000000,0.00000000,0.00000000,0.00000000,0.00000000,0.00000000,0.00000000,0.00000000,0.00000000,0.00000000,0.00000000,0.00000000,0.00000000,0.00000000,0.00000000,0.00000000,0.00000000,0.00000000,0.00000000,0.00000000,0.00000000,0.00000000,0.00000000,0.00000000,0.00000000,0.00000000,0.00000000,0.00000000,0.00000000,0.00000000,0.00000000,0.00000000,20.14971885,8.73881195,32.68410360,28.45860119,26.86613036,39.71649122,0.00000000,35.22809251,37.16864700,39.34356567,49.65807457,0.00000000,50.44282055,0.00000000,0.00000000,0.00000000,49.94042475,0.00000000,0.00000000,0.00000000,0.00000000,0.00000000,0.00000000,0.00000000,0.00000000,0.00000000,0.00000000,0.00000000,0.00000000,0.00000000,0.00000000,0.00000000,0.00000000,0.00000000,0.00000000,0.00000000,0.00000000,0.00000000,0.00000000,0.00000000,0.00000000,0.00000000,0.00000000,0.00000000,0.00000000,0.00000000,0.00000000,0.00000000,0.00000000,0.00000000,0.00000000,0.00000000,0.00000000,0.00000000,0.00000000,0.00000000,0.00000000,0.00000000,0.00000000,0.00000000,0.00000000,0.00000000,0.00000000,0.00000000,0.00000000,0.00000000,0.00000000,0.00000000,0.00000000,0.00000000,0.00000000,0.00000000,0.00000000,0.00000000,0.00000000,0.00000000,0.00000000,0.00000000,0.00000000,0.00000000,0.00000000,0.00000000,0.00000000,0.00000000,0.00000000,0.00000000,0.00000000,0.00000000,0.00000000,0.00000000,0.00000000,0.00000000,0.00000000,0.00000000,0.00000000,0.00000000,0.00000000,0.00000000,0.00000000,0.00000000,0.00000000,0.00000000
0.00000000,0.00000000,0.00000000,0.00000000,0.00000000,0.00000000,0.00000000,0.00000000,0.00000000,0.00000000,0.00000000,0.00000000,0.00000000,0.00000000,0.00000000,0.00000000,0.00000000,0.00000000,0.00000000,0.00000000,0.00000000,0.00000000,0.00000000,0.00000000,0.00000000,0.00000000,0.00000000,0.00000000,0.00000000,0.00000000,0.00000000,0.00000000,0.00000000,0.00000000,0.00000000,0.00000000,0.00000000,0.00000000,0.00000000,0.00000000,0.00000000,0.00000000,0.00000000,0.00000000,0.00000000,0.00000000,0.00000000,0.00000000,0.00000000,0.00000000,0.00000000,0.00000000,0.00000000,0.00000000,0.00000000,0.00000000,0.00000000,0.00000000,0.00000000,0.00000000,0.00000000,0.00000000,0.00000000,0.00000000,0.00000000,0.00000000,0.00000000,0.00000000,0.00000000,0.00000000,0.00000000,0.00000000,0.00000000,0.00000000,0.00000000,0.00000000,0.00000000,0.00000000,0.00000000,0.00000000,0.00000000,0.00000000,0.00000000,0.00000000,0.00000000,0.00000000,0.00000000,0.00000000,0.00000000,0.00000000,0.00000000,20.14971885,0.00000000,10.46375234,11.24141739,9.39715951,19.63084474,18.32529279,0.00000000,15.62617862,24.77435813,31.23114406,31.82282243,50.38376951,43.98623349,0.00000000,41.22175074,0.00000000,35.89767471,0.00000000,48.43972061,0.00000000,0.00000000,55.79944372,48.63241078,0.00000000,62.31858635,57.89175224,0.00000000,0.00000000,0.00000000,0.00000000,0.00000000,0.00000000,0.00000000,0.00000000,0.00000000,0.00000000,0.00000000,0.00000000,0.00000000,0.00000000,0.00000000,0.00000000,0.00000000,0.00000000,0.00000000,0.00000000,0.00000000,0.00000000,0.00000000,0.00000000,0.00000000,0.00000000,0.00000000,0.00000000,0.00000000,0.00000000,0.00000000,0.00000000,0.00000000,0.00000000,0.00000000,0.00000000,0.00000000,0.00000000,0.00000000,0.00000000,0.00000000,0.00000000,0.00000000,0.00000000,0.00000000,0.00000000,0.00000000,0.00000000,0.00000000,0.00000000,0.00000000,0.00000000,0.00000000,0.00000000,0.00000000,0.00000000,0.00000000,0.00000000,0.00000000,0.00000000,0.00000000,0.00000000,0.00000000,0.00000000,0.00000000,0.00000000,0.00000000,0.00000000,0.00000000,0.00000000,0.00000000,0.00000000,0.00000000,0.00000000,0.00000000,0.00000000
0.00000000,0.00000000,0.00000000,0.00000000,0.00000000,0.00000000,0.00000000,0.00000000,0.00000000,0.00000000,0.00000000,0.00000000,0.00000000,0.00000000,0.00000000,0.00000000,0.00000000,0.00000000,0.00000000,0.00000000,0.00000000,0.00000000,0.00000000,0.00000000,0.00000000,0.00000000,0.00000000,0.00000000,0.00000000,0.00000000,0.00000000,0.00000000,0.00000000,0.00000000,0.00000000,0.00000000,0.00000000,0.00000000,0.00000000,0.00000000,0.00000000,0.00000000,0.00000000,0.00000000,0.00000000,0.00000000,0.00000000,0.00000000,0.00000000,0.00000000,0.00000000,0.00000000,0.00000000,0.00000000,0.00000000,0.00000000,0.00000000,0.00000000,0.00000000,0.00000000,0.00000000,0.00000000,0.00000000,0.00000000,0.00000000,0.00000000,0.00000000,0.00000000,0.00000000,0.00000000,0.00000000,0.00000000,0.00000000,0.00000000,0.00000000,0.00000000,0.00000000,0.00000000,0.00000000,0.00000000,0.00000000,0.00000000,0.00000000,0.00000000,0.00000000,0.00000000,0.00000000,0.00000000,0.00000000,0.00000000,0.00000000,8.73881195,10.46375234,0.00000000,21.14004291,20.27278618,12.31278424,27.06450031,0.00000000,13.96143309,30.03200051,28.44010563,38.30209906,0.00000000,48.67327976,0.00000000,36.82024424,51.14081828,37.81157373,0.00000000,44.95952861,0.00000000,51.81694921,57.64464327,52.77063794,0.00000000,60.40615167,61.27631251,0.00000000,0.00000000,0.00000000,0.00000000,0.00000000,0.00000000,0.00000000,0.00000000,0.00000000,0.00000000,0.00000000,0.00000000,0.00000000,0.00000000,0.00000000,0.00000000,0.00000000,0.00000000,0.00000000,0.00000000,0.00000000,0.00000000,0.00000000,0.00000000,0.00000000,0.00000000,0.00000000,0.00000000,0.00000000,0.00000000,0.00000000,0.00000000,0.00000000,0.00000000,0.00000000,0.00000000,0.00000000,0.00000000,0.00000000,0.00000000,0.00000000,0.00000000,0.00000000,0.00000000,0.00000000,0.00000000,0.00000000,0.00000000,0.00000000,0.00000000,0.00000000,0.00000000,0.00000000,0.00000000,0.00000000,0.00000000,0.00000000,0.00000000,0.00000000,0.00000000,0.00000000,0.00000000,0.00000000,0.00000000,0.00000000,0.00000000,0.00000000,0.00000000,0.00000000,0.00000000,0.00000000,0.00000000,0.00000000,0.00000000,0.00000000,0.00000000
0.00000000,0.00000000,0.00000000,0.00000000,0.00000000,0.00000000,0.00000000,0.00000000,0.00000000,0.00000000,0.00000000,0.00000000,0.00000000,0.00000000,0.00000000,0.00000000,0.00000000,0.00000000,0.00000000,0.00000000,0.00000000,0.00000000,0.00000000,0.00000000,0.00000000,0.00000000,0.00000000,0.00000000,0.00000000,0.00000000,0.00000000,0.00000000,0.00000000,0.00000000,0.00000000,0.00000000,0.00000000,0.00000000,0.00000000,0.00000000,0.00000000,0.00000000,0.00000000,0.00000000,0.00000000,0.00000000,0.00000000,0.00000000,0.00000000,0.00000000,0.00000000,0.00000000,0.00000000,0.00000000,0.00000000,0.00000000,0.00000000,0.00000000,0.00000000,0.00000000,0.00000000,0.00000000,0.00000000,0.00000000,0.00000000,0.00000000,0.00000000,0.00000000,0.00000000,0.00000000,0.00000000,0.00000000,0.00000000,0.00000000,0.00000000,0.00000000,0.00000000,0.00000000,0.00000000,0.00000000,0.00000000,0.00000000,0.00000000,0.00000000,0.00000000,0.00000000,0.00000000,0.00000000,0.00000000,0.00000000,0.00000000,32.68410360,11.24141739,21.14004291,0.00000000,9.04572057,16.72085651,8.72829904,0.00000000,17.06803661,20.81795441,27.20222961,17.17084677,40.58474948,31.07183131,0.00000000,0.00000000,0.00000000,33.41476851,0.00000000,44.15221227,0.00000000,0.00000000,47.95802034,44.28080382,0.00000000,54.77899065,50.18926859,0.00000000,0.00000000,0.00000000,0.00000000,0.00000000,0.00000000,0.00000000,0.00000000,0.00000000,0.00000000,0.00000000,0.00000000,0.00000000,0.00000000,0.00000000,0.00000000,0.00000000,0.00000000,0.00000000,0.00000000,0.00000000,0.00000000,0.00000000,0.00000000,0.00000000,0.00000000,0.00000000,0.00000000,0.00000000,0.00000000,0.00000000,0.00000000,0.00000000,0.00000000,0.00000000,0.00000000,0.00000000,0.00000000,0.00000000,0.00000000,0.00000000,0.00000000,0.00000000,0.00000000,0.00000000,0.00000000,0.00000000,0.00000000,0.00000000,0.00000000,0.00000000,0.00000000,0.00000000,0.00000000,0.00000000,0.00000000,0.00000000,0.00000000,0.00000000,0.00000000,0.00000000,0.00000000,0.00000000,0.00000000,0.00000000,0.00000000,0.00000000,0.00000000,0.00000000,0.00000000,0.00000000,0.00000000,0.00000000,0.00000000,0.00000000,0.00000000
0.00000000,0.00000000,0.00000000,0.00000000,0.00000000,0.00000000,0.00000000,0.00000000,0.00000000,0.00000000,0.00000000,0.00000000,0.00000000,0.00000000,0.00000000,0.00000000,0.00000000,0.00000000,0.00000000,0.00000000,0.00000000,0.00000000,0.00000000,0.00000000,0.00000000,0.00000000,0.00000000,0.00000000,0.00000000,0.00000000,0.00000000,0.00000000,0.00000000,0.00000000,0.00000000,0.00000000,0.00000000,0.00000000,0.00000000,0.00000000,0.00000000,0.00000000,0.00000000,0.00000000,0.00000000,0.00000000,0.00000000,0.00000000,0.00000000,0.00000000,0.00000000,0.00000000,0.00000000,0.00000000,0.00000000,0.00000000,0.00000000,0.00000000,0.00000000,0.00000000,0.00000000,0.00000000,0.00000000,0.00000000,0.00000000,0.00000000,0.00000000,0.00000000,0.00000000,0.00000000,0.00000000,0.00000000,0.00000000,0.00000000,0.00000000,0.00000000,0.00000000,0.00000000,0.00000000,0.00000000,0.00000000,0.00000000,0.00000000,0.00000000,0.00000000,0.00000000,0.00000000,0.00000000,0.00000000,0.00000000,0.00000000,28.45860119,9.39715951,20.27278618,9.04572057,0.00000000,22.48390933,8.07573181,0.00000000,11.39660139,12.80677683,32.19353326,22.63746341,0.00000000,36.41082855,0.00000000,0.00000000,0.00000000,25.35356843,0.00000000,40.64277554,0.00000000,0.00000000,39.52752209,35.83876889,0.00000000,0.00000000,42.64991760,0.00000000,0.00000000,0.00000000,0.00000000,0.00000000,0.00000000,0.00000000,0.00000000,0.00000000,0.00000000,0.00000000,0.00000000,0.00000000,0.00000000,0.00000000,0.00000000,0.00000000,0.00000000,0.00000000,0.00000000,0.00000000,0.00000000,0.00000000,0.00000000,0.00000000,0.00000000,0.00000000,0.00000000,0.00000000,0.00000000,0.00000000,0.00000000,0.00000000,0.00000000,0.00000000,0.00000000,0.00000000,0.00000000,0.00000000,0.00000000,0.00000000,0.00000000,0.00000000,0.00000000,0.00000000,0.00000000,0.00000000,0.00000000,0.00000000,0.00000000,0.00000000,0.00000000,0.00000000,0.00000000,0.00000000,0.00000000,0.00000000,0.00000000,0.00000000,0.00000000,0.00000000,0.00000000,0.00000000,0.00000000,0.00000000,0.00000000,0.00000000,0.00000000,0.00000000,0.00000000,0.00000000,0.00000000,0.00000000,0.00000000,0.00000000,0.00000000
0.00000000,0.00000000,0.00000000,0.00000000,0.00000000,0.00000000,0.00000000,0.00000000,0.00000000,0.00000000,0.00000000,0.00000000,0.00000000,0.00000000,0.00000000,0.00000000,0.00000000,0.00000000,0.00000000,0.00000000,0.00000000,0.00000000,0.00000000,0.00000000,0.00000000,0.00000000,0.00000000,0.00000000,0.00000000,0.00000000,0.00000000,0.00000000,0.00000000,0.00000000,0.00000000,0.00000000,0.00000000,0.00000000,0.00000000,0.00000000,0.00000000,0.00000000,0.00000000,0.00000000,0.00000000,0.00000000,0.00000000,0.00000000,0.00000000,0.00000000,0.00000000,0.00000000,0.00000000,0.00000000,0.00000000,0.00000000,0.00000000,0.00000000,0.00000000,0.00000000,0.00000000,0.00000000,0.00000000,0.00000000,0.00000000,0.00000000,0.00000000,0.00000000,0.00000000,0.00000000,0.00000000,0.00000000,0.00000000,0.00000000,0.00000000,0.00000000,0.00000000,0.00000000,0.00000000,0.00000000,0.00000000,0.00000000,0.00000000,0.00000000,0.00000000,0.00000000,0.00000000,0.00000000,0.00000000,0.00000000,0.00000000,26.86613036,19.63084474,12.31278424,16.72085651,22.48390933,0.00000000,25.57220602,0.00000000,10.24691955,27.99326388,9.35993148,33.77456019,0.00000000,34.88079422,0.00000000,19.39621296,39.16574465,31.86271003,0.00000000,27.36632524,0.00000000,35.86219915,48.80551147,45.87875983,0.00000000,43.20821762,46.71551361,0.00000000,0.00000000,0.00000000,42.89184666,0.00000000,0.00000000,0.00000000,0.00000000,0.00000000,0.00000000,0.00000000,0.00000000,0.00000000,0.00000000,0.00000000,0.00000000,0.00000000,0.00000000,0.00000000,0.00000000,0.00000000,0.00000000,0.00000000,0.00000000,0.00000000,0.00000000,0.00000000,0.00000000,0.00000000,0.00000000,0.00000000,0.00000000,0.00000000,0.00000000,0.00000000,0.00000000,0.00000000,0.00000000,0.00000000,0.00000000,0.00000000,0.00000000,0.00000000,0.00000000,0.00000000,0.00000000,0.00000000,0.00000000,0.00000000,0.00000000,0.00000000,0.00000000,0.00000000,0.00000000,0.00000000,0.00000000,0.00000000,0.00000000,0.00000000,0.00000000,0.00000000,0.00000000,0.00000000,0.00000000,0.00000000,0.00000000,0.00000000,0.00000000,0.00000000,0.00000000,0.00000000,0.00000000,0.00000000,0.00000000,0.00000000,0.00000000
0.00000000,0.00000000,0.00000000,0.00000000,0.00000000,0.00000000,0.00000000,0.00000000,0.00000000,0.00000000,0.00000000,0.00000000,0.00000000,0.00000000,0.00000000,0.00000000,0.00000000,0.00000000,0.00000000,0.00000000,0.00000000,0.00000000,0.00000000,0.00000000,0.00000000,0.00000000,0.00000000,0.00000000,0.00000000,0.00000000,0.00000000,0.00000000,0.00000000,0.00000000,0.00000000,0.00000000,0.00000000,0.00000000,0.00000000,0.00000000,0.00000000,0.00000000,0.00000000,0.00000000,0.00000000,0.00000000,0.00000000,0.00000000,0.00000000,0.00000000,0.00000000,0.00000000,0.00000000,0.00000000,0.00000000,0.00000000,0.00000000,0.00000000,0.00000000,0.00000000,0.00000000,0.00000000,0.00000000,0.00000000,0.00000000,0.00000000,0.00000000,0.00000000,0.00000000,0.00000000,0.00000000,0.00000000,0.00000000,0.00000000,0.00000000,0.00000000,0.00000000,0.00000000,0.00000000,0.00000000,0.00000000,0.00000000,0.00000000,0.00000000,0.00000000,0.00000000,0.00000000,0.00000000,0.00000000,0.00000000,0.00000000,39.71649122,18.32529279,27.06450031,8.72829904,8.07573181,25.57220602,0.00000000,0.00000000,13.92713411,8.08411322,34.69279344,12.03108051,40.78019867,28.18534202,0.00000000,36.15866461,0.00000000,19.76242930,0.00000000,42.14376047,0.00000000,0.00000000,38.94149189,33.27164263,0.00000000,57.02311464,51.03297525,0.00000000,0.00000000,0.00000000,0.00000000,0.00000000,0.00000000,0.00000000,0.00000000,0.00000000,0.00000000,0.00000000,0.00000000,0.00000000,0.00000000,0.00000000,0.00000000,0.00000000,0.00000000,0.00000000,0.00000000,0.00000000,0.00000000,0.00000000,0.00000000,0.00000000,0.00000000,0.00000000,0.00000000,0.00000000,0.00000000,0.00000000,0.00000000,0.00000000,0.00000000,0.00000000,0.00000000,0.00000000,0.00000000,0.00000000,0.00000000,0.00000000,0.00000000,0.00000000,0.00000000,0.00000000,0.00000000,0.00000000,0.00000000,0.00000000,0.00000000,0.00000000,0.00000000,0.00000000,0.00000000,0.00000000,0.00000000,0.00000000,0.00000000,0.00000000,0.00000000,0.00000000,0.00000000,0.00000000,0.00000000,0.00000000,0.00000000,0.00000000,0.00000000,0.00000000,0.00000000,0.00000000,0.00000000,0.00000000,0.00000000,0.00000000,0.00000000
0.00000000,0.00000000,0.00000000,0.00000000,0.00000000,0.00000000,0.00000000,0.00000000,0.00000000,0.00000000,0.00000000,0.00000000,0.00000000,0.00000000,0.00000000,0.00000000,0.00000000,0.00000000,0.00000000,0.00000000,0.00000000,0.00000000,0.00000000,0.00000000,0.00000000,0.00000000,0.00000000,0.00000000,0.00000000,0.00000000,0.00000000,0.00000000,0.00000000,0.00000000,0.00000000,0.00000000,0.00000000,0.00000000,0.00000000,0.00000000,0.00000000,0.00000000,0.00000000,0.00000000,0.00000000,0.00000000,0.00000000,0.00000000,0.00000000,0.00000000,0.00000000,0.00000000,0.00000000,0.00000000,0.00000000,0.00000000,0.00000000,0.00000000,0.00000000,0.00000000,0.00000000,0.00000000,0.00000000,0.00000000,0.00000000,0.00000000,0.00000000,0.00000000,0.00000000,0.00000000,0.00000000,0.00000000,0.00000000,0.00000000,0.00000000,0.00000000,0.00000000,0.00000000,0.00000000,0.00000000,0.00000000,0.00000000,0.00000000,0.00000000,0.00000000,0.00000000,0.00000000,0.00000000,0.00000000,0.00000000,0.00000000,0.00000000,0.00000000,0.00000000,0.00000000,0.00000000,0.00000000,0.00000000,0.00000000,63.49371881,0.00000000,38.94683430,81.42528598,0.00000000,77.71730259,8.78293456,40.61965844,25.30922026,73.24945910,18.23847069,53.54221357,24.53385746,29.81283136,82.38930511,78.54340973,29.80756660,42.70264135,58.60501913,41.72017148,43.79051519,53.46677897,51.75641022,53.02276770,52.16390805,61.33268314,61.62382880,61.81908001,61.30833296,58.29682405,62.12223498,62.24095408,0.00000000,61.54548727,0.00000000,60.00603485,0.00000000,0.00000000,61.42588425,59.80645407,0.00000000,64.97659302,0.00000000,0.00000000,0.00000000,65.23369630,53.07690048,69.02896309,0.00000000,64.05557060,50.99781264,0.00000000,72.33174967,58.73508586,69.13463375,0.00000000,63.11599477,0.00000000,0.00000000,61.79333954,68.77537982,72.94132124,62.27518234,0.00000000,74.45567300,0.00000000,68.99469588,81.15904349,0.00000000,67.30301545,74.93515323,65.50377502,69.92891778,0.00000000,0.00000000,70.61297150,0.00000000,71.68272204,81.51748138,79.01553612,0.00000000,70.39024099,0.00000000,72.99938583,0.00000000,0.00000000,75.20023600,71.51347504,81.71257248,78.03578985,0.00000000,0.00000000,0.00000000,76.88577271,0.00000000
0.00000000,0.00000000,0.00000000,0.00000000,0.00000000,0.00000000,0.00000000,0.00000000,0.00000000,0.00000000,0.00000000,0.00000000,0.00000000,0.00000000,0.00000000,0.00000000,0.00000000,0.00000000,0.00000000,0.00000000,0.00000000,0.00000000,0.00000000,0.00000000,0.00000000,0.00000000,0.00000000,0.00000000,0.00000000,0.00000000,0.00000000,0.00000000,0.00000000,0.00000000,0.00000000,0.00000000,0.00000000,0.00000000,0.00000000,0.00000000,0.00000000,0.00000000,0.00000000,0.00000000,0.00000000,0.00000000,0.00000000,0.00000000,0.00000000,0.00000000,0.00000000,0.00000000,0.00000000,0.00000000,0.00000000,0.00000000,0.00000000,0.00000000,0.00000000,0.00000000,0.00000000,0.00000000,0.00000000,0.00000000,0.00000000,0.00000000,0.00000000,0.00000000,0.00000000,0.00000000,0.00000000,0.00000000,0.00000000,0.00000000,0.00000000,0.00000000,0.00000000,0.00000000,0.00000000,0.00000000,0.00000000,0.00000000,0.00000000,0.00000000,0.00000000,0.00000000,0.00000000,0.00000000,0.00000000,0.00000000,0.00000000,35.22809251,15.62617862,13.96143309,17.06803661,11.39660139,10.24691955,13.92713411,63.49371881,0.00000000,13.30490642,15.19843574,25.73373907,53.75288086,38.74072789,59.07762451,12.50678372,38.17214675,14.83038562,56.37219967,14.04325014,0.00000000,31.00960645,47.65348159,37.12995380,57.57234464,31.80284277,36.06066879,51.01915169,56.40412576,0.00000000,47.00796385,68.15973282,59.27059650,0.00000000,0.00000000,0.00000000,0.00000000,0.00000000,0.00000000,0.00000000,0.00000000,0.00000000,0.00000000,0.00000000,0.00000000,0.00000000,0.00000000,0.00000000,0.00000000,0.00000000,0.00000000,0.00000000,0.00000000,0.00000000,0.00000000,0.00000000,0.00000000,0.00000000,0.00000000,0.00000000,0.00000000,0.00000000,0.00000000,0.00000000,0.00000000,0.00000000,0.00000000,0.00000000,0.00000000,0.00000000,0.00000000,0.00000000,0.00000000,0.00000000,0.00000000,83.99222480,0.00000000,0.00000000,78.43402557,0.00000000,0.00000000,0.00000000,0.00000000,0.00000000,0.00000000,0.00000000,83.39160422,80.31595357,0.00000000,0.00000000,0.00000000,0.00000000,0.00000000,0.00000000,0.00000000,0.00000000,0.00000000,0.00000000,0.00000000,0.00000000,0.00000000,0.00000000,0.00000000
0.00000000,0.00000000,0.00000000,0.00000000,0.00000000,0.00000000,0.00000000,0.00000000,0.00000000,0.00000000,0.00000000,0.00000000,0.00000000,0.00000000,0.00000000,0.00000000,0.00000000,0.00000000,0.00000000,0.00000000,0.00000000,0.00000000,0.00000000,0.00000000,0.00000000,0.00000000,0.00000000,0.00000000,0.00000000,0.00000000,0.00000000,0.00000000,0.00000000,0.00000000,0.00000000,0.00000000,0.00000000,0.00000000,0.00000000,0.00000000,0.00000000,0.00000000,0.00000000,0.00000000,0.00000000,0.00000000,0.00000000,0.00000000,0.00000000,0.00000000,0.00000000,0.00000000,0.00000000,0.00000000,0.00000000,0.00000000,0.00000000,0.00000000,0.00000000,0.00000000,0.00000000,0.00000000,0.00000000,0.00000000,0.00000000,0.00000000,0.00000000,0.00000000,0.00000000,0.00000000,0.00000000,0.00000000,0.00000000,0.00000000,0.00000000,0.00000000,0.00000000,0.00000000,0.00000000,0.00000000,0.00000000,0.00000000,0.00000000,0.00000000,0.00000000,0.00000000,0.00000000,0.00000000,0.00000000,0.00000000,0.00000000,37.16864700,24.77435813,30.03200051,20.81795441,12.80677683,27.99326388,8.08411322,0.00000000,13.30490642,0.00000000,36.46222107,11.71892217,0.00000000,29.52910024,0.00000000,34.44311142,0.00000000,11.90629005,0.00000000,37.71794207,0.00000000,0.00000000,36.25341246,27.08033175,0.00000000,54.00601845,46.54857077,0.00000000,0.00000000,0.00000000,0.00000000,0.00000000,0.00000000,0.00000000,0.00000000,0.00000000,0.00000000,0.00000000,0.00000000,0.00000000,0.00000000,0.00000000,0.00000000,0.00000000,0.00000000,0.00000000,0.00000000,0.00000000,0.00000000,0.00000000,0.00000000,0.00000000,0.00000000,0.00000000,0.00000000,0.00000000,0.00000000,0.00000000,0.00000000,0.00000000,0.00000000,0.00000000,0.00000000,0.00000000,0.00000000,0.00000000,0.00000000,0.00000000,0.00000000,0.00000000,0.00000000,0.00000000,0.00000000,0.00000000,0.00000000,0.00000000,0.00000000,0.00000000,0.00000000,0.00000000,0.00000000,0.00000000,0.00000000,0.00000000,0.00000000,0.00000000,0.00000000,0.00000000,0.00000000,0.00000000,0.00000000,0.00000000,0.00000000,0.00000000,0.00000000,0.00000000,0.00000000,0.00000000,0.00000000,0.00000000,0.00000000,0.00000000,0.00000000
0.00000000,0.00000000,0.00000000,0.00000000,0.00000000,0.00000000,0.00000000,0.00000000,0.00000000,0.00000000,0.00000000,0.00000000,0.00000000,0.00000000,0.00000000,0.00000000,0.00000000,0.00000000,0.00000000,0.00000000,0.00000000,0.00000000,0.00000000,0.00000000,0.00000000,0.00000000,0.00000000,0.00000000,0.00000000,0.00000000,0.00000000,0.00000000,0.00000000,0.00000000,0.00000000,0.00000000,0.00000000,0.00000000,0.00000000,0.00000000,0.00000000,0.00000000,0.00000000,0.00000000,0.00000000,0.00000000,0.00000000,0.00000000,0.00000000,0.00000000,0.00000000,0.00000000,0.00000000,0.00000000,0.00000000,0.00000000,0.00000000,0.00000000,0.00000000,0.00000000,0.00000000,0.00000000,0.00000000,0.00000000,0.00000000,0.00000000,0.00000000,0.00000000,0.00000000,0.00000000,0.00000000,0.00000000,0.00000000,0.00000000,0.00000000,0.00000000,0.00000000,0.00000000,0.00000000,0.00000000,0.00000000,0.00000000,0.00000000,0.00000000,0.00000000,0.00000000,0.00000000,0.00000000,0.00000000,0.00000000,0.00000000,39.34356567,31.23114406,28.44010563,27.20222961,32.19353326,9.35993148,34.69279344,38.94683430,15.19843574,36.46222107,0.00000000,42.09034252,0.00000000,45.41686397,39.77243684,8.54487243,14.01914533,38.06611875,37.76271057,17.00990026,0.00000000,21.11645793,58.17435703,56.04254258,44.36643703,30.94303799,44.29903450,0.00000000,46.42896826,0.00000000,43.68715525,0.00000000,52.30787977,0.00000000,0.00000000,0.00000000,0.00000000,0.00000000,0.00000000,0.00000000,0.00000000,0.00000000,0.00000000,0.00000000,0.00000000,0.00000000,0.00000000,0.00000000,0.00000000,0.00000000,0.00000000,0.00000000,0.00000000,0.00000000,0.00000000,0.00000000,0.00000000,0.00000000,0.00000000,0.00000000,0.00000000,0.00000000,0.00000000,0.00000000,0.00000000,0.00000000,0.00000000,0.00000000,0.00000000,65.94215775,0.00000000,0.00000000,0.00000000,0.00000000,0.00000000,76.43672416,0.00000000,0.00000000,74.39439646,0.00000000,0.00000000,0.00000000,0.00000000,0.00000000,0.00000000,0.00000000,75.40399576,72.26037707,0.00000000,0.00000000,0.00000000,0.00000000,0.00000000,0.00000000,0.00000000,0.00000000,0.00000000,0.00000000,0.00000000,0.00000000,0.00000000,0.00000000,0.00000000
0.00000000,0.00000000,0.00000000,0.00000000,0.00000000,0.00000000,0.00000000,0.00000000,0.00000000,0.00000000,0.00000000,0.00000000,0.00000000,0.00000000,0.00000000,0.00000000,0.00000000,0.00000000,0.00000000,0.00000000,0.00000000,0.00000000,0.00000000,0.00000000,0.00000000,0.00000000,0.00000000,0.00000000,0.00000000,0.00000000,0.00000000,0.00000000,0.00000000,0.00000000,0.00000000,0.00000000,0.00000000,0.00000000,0.00000000,0.00000000,0.00000000,0.00000000,0.00000000,0.00000000,0.00000000,0.00000000,0.00000000,0.00000000,0.00000000,0.00000000,0.00000000,0.00000000,0.00000000,0.00000000,0.00000000,0.00000000,0.00000000,0.00000000,0.00000000,0.00000000,0.00000000,0.00000000,0.00000000,0.00000000,0.00000000,0.00000000,0.00000000,0.00000000,0.00000000,0.00000000,0.00000000,0.00000000,0.00000000,0.00000000,0.00000000,0.00000000,0.00000000,0.00000000,0.00000000,0.00000000,0.00000000,0.00000000,0.00000000,0.00000000,0.00000000,0.00000000,0.00000000,0.00000000,0.00000000,0.00000000,0.00000000,49.65807457,31.82282243,38.30209906,17.17084677,22.63746341,33.77456019,12.03108051,81.42528598,25.73373907,11.71892217,42.09034252,0.00000000,30.84139425,11.58911672,72.81987476,46.57272224,58.54014587,14.39272739,0.00000000,39.85687646,0.00000000,59.17893473,21.14977854,17.21008500,0.00000000,53.97629280,42.74369068,0.00000000,0.00000000,0.00000000,58.91346565,0.00000000,68.93931046,0.00000000,0.00000000,0.00000000,0.00000000,0.00000000,0.00000000,0.00000000,0.00000000,0.00000000,0.00000000,0.00000000,0.00000000,0.00000000,0.00000000,0.00000000,0.00000000,0.00000000,0.00000000,0.00000000,0.00000000,0.00000000,0.00000000,0.00000000,0.00000000,0.00000000,0.00000000,0.00000000,0.00000000,0.00000000,0.00000000,0.00000000,0.00000000,0.00000000,0.00000000,0.00000000,0.00000000,0.00000000,0.00000000,0.00000000,0.00000000,0.00000000,0.00000000,88.36830711,0.00000000,0.00000000,0.00000000,0.00000000,0.00000000,0.00000000,0.00000000,0.00000000,0.00000000,0.00000000,0.00000000,0.00000000,0.00000000,0.00000000,0.00000000,0.00000000,0.00000000,0.00000000,0.00000000,0.00000000,0.00000000,0.00000000,0.00000000,0.00000000,0.00000000,0.00000000,0.00000000
0.00000000,0.00000000,0.00000000,0.00000000,0.00000000,0.00000000,0.00000000,0.00000000,0.00000000,0.00000000,0.00000000,0.00000000,0.00000000,0.00000000,0.00000000,0.00000000,0.00000000,0.00000000,0.00000000,0.00000000,0.00000000,0.00000000,0.00000000,0.00000000,0.00000000,0.00000000,0.00000000,0.00000000,0.00000000,0.00000000,0.00000000,0.00000000,0.00000000,0.00000000,0.00000000,0.00000000,0.00000000,0.00000000,0.00000000,0.00000000,0.00000000,0.00000000,0.00000000,0.00000000,0.00000000,0.00000000,0.00000000,0.00000000,0.00000000,0.00000000,0.00000000,0.00000000,0.00000000,0.00000000,0.00000000,0.00000000,0.00000000,0.00000000,0.00000000,0.00000000,0.00000000,0.00000000,0.00000000,0.00000000,0.00000000,0.00000000,0.00000000,0.00000000,0.00000000,0.00000000,0.00000000,0.00000000,0.00000000,0.00000000,0.00000000,0.00000000,0.00000000,0.00000000,0.00000000,0.00000000,0.00000000,0.00000000,0.00000000,0.00000000,0.00000000,0.00000000,0.00000000,0.00000000,0.00000000,0.00000000,0.00000000,0.00000000,50.38376951,0.00000000,40.58474948,0.00000000,0.00000000,40.78019867,0.00000000,53.75288086,0.00000000,0.00000000,30.84139425,0.00000000,13.31549316,0.00000000,0.00000000,0.00000000,46.82891744,0.00000000,0.00000000,0.00000000,0.00000000,30.32383700,41.36562036,0.00000000,0.00000000,41.88866091,0.00000000,0.00000000,0.00000000,0.00000000,0.00000000,0.00000000,0.00000000,0.00000000,0.00000000,0.00000000,0.00000000,0.00000000,0.00000000,0.00000000,0.00000000,0.00000000,0.00000000,0.00000000,0.00000000,0.00000000,0.00000000,0.00000000,0.00000000,0.00000000,0.00000000,0.00000000,0.00000000,0.00000000,0.00000000,0.00000000,0.00000000,0.00000000,0.00000000,0.00000000,0.00000000,0.00000000,0.00000000,0.00000000,0.00000000,0.00000000,0.00000000,0.00000000,0.00000000,0.00000000,0.00000000,0.00000000,0.00000000,0.00000000,0.00000000,0.00000000,0.00000000,0.00000000,0.00000000,0.00000000,0.00000000,0.00000000,0.00000000,0.00000000,0.00000000,0.00000000,0.00000000,0.00000000,0.00000000,0.00000000,0.00000000,0.00000000,0.00000000,0.00000000,0.00000000,0.00000000,0.00000000,0.00000000,0.00000000,0.00000000,0.00000000,0.00000000
0.00000000,0.00000000,0.00000000,0.00000000,0.00000000,0.00000000,0.00000000,0.00000000,0.00000000,0.00000000,0.00000000,0.00000000,0.00000000,0.00000000,0.00000000,0.00000000,0.00000000,0.00000000,0.00000000,0.00000000,0.00000000,0.00000000,0.00000000,0.00000000,0.00000000,0.00000000,0.00000000,0.00000000,0.00000000,0.00000000,0.00000000,0.00000000,0.00000000,0.00000000,0.00000000,0.00000000,0.00000000,0.00000000,0.00000000,0.00000000,0.00000000,0.00000000,0.00000000,0.00000000,0.00000000,0.00000000,0.00000000,0.00000000,0.00000000,0.00000000,0.00000000,0.00000000,0.00000000,0.00000000,0.00000000,0.00000000,0.00000000,0.00000000,0.00000000,0.00000000,0.00000000,0.00000000,0.00000000,0.00000000,0.00000000,0.00000000,0.00000000,0.00000000,0.00000000,0.00000000,0.00000000,0.00000000,0.00000000,0.00000000,0.00000000,0.00000000,0.00000000,0.00000000,0.00000000,0.00000000,0.00000000,0.00000000,0.00000000,0.00000000,0.00000000,0.00000000,0.00000000,0.00000000,0.00000000,0.00000000,0.00000000,50.44282055,43.98623349,48.67327976,31.07183131,36.41082855,34.88079422,28.18534202,77.71730259,38.74072789,29.52910024,45.41686397,11.58911672,13.31549316,0.00000000,62.52363259,0.00000000,0.00000000,20.62619767,0.00000000,39.97342895,0.00000000,0.00000000,14.74323086,20.69431569,0.00000000,52.19887662,40.22556559,0.00000000,0.00000000,0.00000000,51.22057125,0.00000000,0.00000000,0.00000000,0.00000000,0.00000000,0.00000000,0.00000000,0.00000000,0.00000000,0.00000000,0.00000000,0.00000000,0.00000000,0.00000000,0.00000000,0.00000000,0.00000000,0.00000000,0.00000000,0.00000000,0.00000000,0.00000000,0.00000000,0.00000000,0.00000000,0.00000000,0.00000000,0.00000000,0.00000000,0.00000000,0.00000000,0.00000000,0.00000000,0.00000000,0.00000000,0.00000000,0.00000000,0.00000000,0.00000000,0.00000000,0.00000000,0.00000000,0.00000000,0.00000000,0.00000000,0.00000000,0.00000000,0.00000000,0.00000000,0.00000000,0.00000000,0.00000000,0.00000000,0.00000000,0.00000000,0.00000000,0.00000000,0.00000000,0.00000000,0.00000000,0.00000000,0.00000000,0.00000000,0.00000000,0.00000000,0.00000000,0.00000000,0.00000000,0.00000000,0.00000000,0.00000000,0.00000000
0.00000000,0.00000000,0.00000000,0.00000000,0.00000000,0.00000000,0.00000000,0.00000000,0.00000000,0.00000000,0.00000000,0.00000000,0.00000000,0.00000000,0.00000000,0.00000000,0.00000000,0.00000000,0.00000000,0.00000000,0.00000000,0.00000000,0.00000000,0.00000000,0.00000000,0.00000000,0.00000000,0.00000000,0.00000000,0.00000000,0.00000000,0.00000000,0.00000000,0.00000000,0.00000000,0.00000000,0.00000000,0.00000000,0.00000000,0.00000000,0.00000000,0.00000000,0.00000000,0.00000000,0.00000000,0.00000000,0.00000000,0.00000000,0.00000000,0.00000000,0.00000000,0.00000000,0.00000000,0.00000000,0.00000000,0.00000000,0.00000000,0.00000000,0.00000000,0.00000000,0.00000000,0.00000000,0.00000000,0.00000000,0.00000000,0.00000000,0.00000000,0.00000000,0.00000000,0.00000000,0.00000000,0.00000000,0.00000000,0.00000000,0.00000000,0.00000000,0.00000000,0.00000000,0.00000000,0.00000000,0.00000000,0.00000000,0.00000000,0.00000000,0.00000000,0.00000000,0.00000000,0.00000000,0.00000000,0.00000000,0.00000000,0.00000000,0.00000000,0.00000000,0.00000000,0.00000000,0.00000000,0.00000000,8.78293456,59.07762451,0.00000000,39.77243684,72.81987476,0.00000000,62.52363259,0.00000000,34.79752402,10.21274463,67.63946491,8.38988089,46.24530816,15.75204032,17.21976041,77.12982972,71.22782974,19.34312417,33.04635432,50.29078878,30.79879659,33.07819653,44.30504326,42.92217267,42.69697065,42.37681740,51.48848695,56.32260895,55.42796256,53.63346767,0.00000000,54.55039501,0.00000000,0.00000000,54.21863683,0.00000000,0.00000000,0.00000000,0.00000000,0.00000000,51.89919701,0.00000000,0.00000000,0.00000000,0.00000000,0.00000000,49.05972214,0.00000000,0.00000000,0.00000000,0.00000000,0.00000000,0.00000000,63.58635076,48.21478462,0.00000000,0.00000000,0.00000000,0.00000000,0.00000000,50.61190236,57.61879461,67.23035927,55.27597631,0.00000000,67.41045227,0.00000000,61.87238611,76.77190781,0.00000000,60.91182637,69.76835759,58.54959352,59.69307539,0.00000000,0.00000000,61.35958417,0.00000000,67.17142798,73.88497093,71.91134567,0.00000000,63.17349679,0.00000000,65.22605515,0.00000000,0.00000000,0.00000000,0.00000000,0.00000000,69.66239929,0.00000000,0.00000000,0.00000000,67.42084067,0.00000000
0.00000000,0.00000000,0.00000000,0.00000000,0.00000000,0.00000000,0.00000000,0.00000000,0.00000000,0.00000000,0.00000000,0.00000000,0.00000000,0.00000000,0.00000000,0.00000000,0.00000000,0.00000000,0.00000000,0.00000000,0.00000000,0.00000000,0.00000000,0.00000000,0.00000000,0.00000000,0.00000000,0.00000000,0.00000000,0.00000000,0.00000000,0.00000000,0.00000000,0.00000000,0.00000000,0.00000000,0.00000000,0.00000000,0.00000000,0.00000000,0.00000000,0.00000000,0.00000000,0.00000000,0.00000000,0.00000000,0.00000000,0.00000000,0.00000000,0.00000000,0.00000000,0.00000000,0.00000000,0.00000000,0.00000000,0.00000000,0.00000000,0.00000000,0.00000000,0.00000000,0.00000000,0.00000000,0.00000000,0.00000000,0.00000000,0.00000000,0.00000000,0.00000000,0.00000000,0.00000000,0.00000000,0.00000000,0.00000000,0.00000000,0.00000000,0.00000000,0.00000000,0.00000000,0.00000000,0.00000000,0.00000000,0.00000000,0.00000000,0.00000000,0.00000000,0.00000000,0.00000000,0.00000000,0.00000000,0.00000000,0.00000000,0.00000000,41.22175074,36.82024424,0.00000000,0.00000000,19.39621296,36.15866461,40.61965844,12.50678372,34.44311142,8.54487243,46.57272224,0.00000000,0.00000000,34.79752402,0.00000000,11.07142897,29.06519780,36.45254059,7.84679775,0.00000000,9.96358145,54.00060947,49.10978413,39.72916822,20.10191478,35.30738185,0.00000000,39.86899066,0.00000000,34.06157500,46.88067463,44.86393848,0.00000000,0.00000000,0.00000000,0.00000000,0.00000000,0.00000000,0.00000000,0.00000000,0.00000000,0.00000000,0.00000000,0.00000000,0.00000000,0.00000000,0.00000000,0.00000000,0.00000000,0.00000000,0.00000000,0.00000000,0.00000000,0.00000000,0.00000000,0.00000000,0.00000000,0.00000000,0.00000000,0.00000000,0.00000000,0.00000000,0.00000000,0.00000000,0.00000000,0.00000000,0.00000000,0.00000000,0.00000000,0.00000000,0.00000000,0.00000000,0.00000000,0.00000000,69.66215706,0.00000000,0.00000000,65.82744884,0.00000000,0.00000000,0.00000000,0.00000000,0.00000000,0.00000000,0.00000000,63.43526459,0.00000000,0.00000000,0.00000000,0.00000000,0.00000000,0.00000000,0.00000000,0.00000000,0.00000000,0.00000000,0.00000000,0.00000000,0.00000000,0.00000000,0.00000000,0.00000000
0.00000000,0.00000000,0.00000000,0.00000000,0.00000000,0.00000000,0.00000000,0.00000000,0.00000000,0.00000000,0.00000000,0.00000000,0.00000000,0.00000000,0.00000000,0.00000000,0.00000000,0.00000000,0.00000000,0.00000000,0.00000000,0.00000000,0.00000000,0.00000000,0.00000000,0.00000000,0.00000000,0.00000000,0.00000000,0.00000000,0.00000000,0.00000000,0.00000000,0.00000000,0.00000000,0.00000000,0.00000000,0.00000000,0.00000000,0.00000000,0.00000000,0.00000000,0.00000000,0.00000000,0.00000000,0.00000000,0.00000000,0.00000000,0.00000000,0.00000000,0.00000000,0.00000000,0.00000000,0.00000000,0.00000000,0.00000000,0.00000000,0.00000000,0.00000000,0.00000000,0.00000000,0.00000000,0.00000000,0.00000000,0.00000000,0.00000000,0.00000000,0.00000000,0.00000000,0.00000000,0.00000000,0.00000000,0.00000000,0.00000000,0.00000000,0.00000000,0.00000000,0.00000000,0.00000000,0.00000000,0.00000000,0.00000000,0.00000000,0.00000000,0.00000000,0.00000000,0.00000000,0.00000000,0.00000000,0.00000000,0.00000000,0.00000000,0.00000000,51.14081828,0.00000000,0.00000000,39.16574465,0.00000000,25.30922026,38.17214675,0.00000000,14.01914533,58.54014587,0.00000000,0.00000000,10.21274463,11.07142897,0.00000000,53.95289289,7.72457478,28.26893645,0.00000000,8.71752881,66.82152430,63.31837056,17.69588781,22.02150089,42.21139371,38.58043925,29.94616297,50.48331197,34.55608216,45.44764964,37.98075676,0.00000000,0.00000000,0.00000000,0.00000000,0.00000000,0.00000000,0.00000000,0.00000000,0.00000000,0.00000000,0.00000000,0.00000000,0.00000000,0.00000000,0.00000000,0.00000000,0.00000000,0.00000000,0.00000000,0.00000000,0.00000000,0.00000000,0.00000000,0.00000000,0.00000000,0.00000000,0.00000000,0.00000000,0.00000000,0.00000000,0.00000000,0.00000000,0.00000000,0.00000000,0.00000000,52.25444158,59.61561783,0.00000000,0.00000000,0.00000000,0.00000000,0.00000000,67.59961216,0.00000000,52.61310308,62.69793392,0.00000000,0.00000000,0.00000000,0.00000000,0.00000000,0.00000000,62.92204571,66.63611167,64.78375549,0.00000000,0.00000000,0.00000000,0.00000000,0.00000000,0.00000000,0.00000000,0.00000000,0.00000000,0.00000000,0.00000000,0.00000000,0.00000000,0.00000000,0.00000000
0.00000000,0.00000000,0.00000000,0.00000000,0.00000000,0.00000000,0.00000000,0.00000000,0.00000000,0.00000000,0.00000000,0.00000000,0.00000000,0.00000000,0.00000000,0.00000000,0.00000000,0.00000000,0.00000000,0.00000000,0.00000000,0.00000000,0.00000000,0.00000000,0.00000000,0.00000000,0.00000000,0.00000000,0.00000000,0.00000000,0.00000000,0.00000000,0.00000000,0.00000000,0.00000000,0.00000000,0.00000000,0.00000000,0.00000000,0.00000000,0.00000000,0.00000000,0.00000000,0.00000000,0.00000000,0.00000000,0.00000000,0.00000000,0.00000000,0.00000000,0.00000000,0.00000000,0.00000000,0.00000000,0.00000000,0.00000000,0.00000000,0.00000000,0.00000000,0.00000000,0.00000000,0.00000000,0.00000000,0.00000000,0.00000000,0.00000000,0.00000000,0.00000000,0.00000000,0.00000000,0.00000000,0.00000000,0.00000000,0.00000000,0.00000000,0.00000000,0.00000000,0.00000000,0.00000000,0.00000000,0.00000000,0.00000000,0.00000000,0.00000000,0.00000000,0.00000000,0.00000000,0.00000000,0.00000000,0.00000000,0.00000000,49.94042475,35.89767471,37.81157373,33.41476851,25.35356843,31.86271003,19.76242930,73.24945910,14.83038562,11.90629005,38.06611875,14.39272739,46.82891744,20.62619767,67.63946491,29.06519780,53.95289289,0.00000000,63.26888371,16.70404137,0.00000000,43.90541674,25.07374661,12.56269932,64.12169571,35.44177379,15.54739777,71.85896645,60.77523994,0.00000000,46.28453142,72.43638611,61.50802383,0.00000000,0.00000000,0.00000000,0.00000000,0.00000000,0.00000000,0.00000000,0.00000000,0.00000000,0.00000000,0.00000000,0.00000000,0.00000000,0.00000000,0.00000000,0.00000000,0.00000000,0.00000000,0.00000000,0.00000000,0.00000000,0.00000000,0.00000000,0.00000000,0.00000000,0.00000000,0.00000000,0.00000000,0.00000000,0.00000000,0.00000000,0.00000000,0.00000000,0.00000000,0.00000000,0.00000000,0.00000000,0.00000000,0.00000000,0.00000000,0.00000000,0.00000000,85.57058068,0.00000000,0.00000000,76.88244193,0.00000000,0.00000000,0.00000000,0.00000000,0.00000000,0.00000000,0.00000000,85.42839684,77.57771628,0.00000000,0.00000000,0.00000000,0.00000000,0.00000000,0.00000000,0.00000000,0.00000000,0.00000000,0.00000000,0.00000000,0.00000000,0.00000000,0.00000000,0.00000000
0.00000000,0.00000000,0.00000000,0.00000000,0.00000000,0.00000000,0.00000000,0.00000000,0.00000000,0.00000000,0.00000000,0.00000000,0.00000000,0.00000000,0.00000000,0.00000000,0.00000000,0.00000000,0.00000000,0.00000000,0.00000000,0.00000000,0.00000000,0.00000000,0.00000000,0.00000000,0.00000000,0.00000000,0.00000000,0.00000000,0.00000000,0.00000000,0.00000000,0.00000000,0.00000000,0.00000000,0.00000000,0.00000000,0.00000000,0.00000000,0.00000000,0.00000000,0.00000000,0.00000000,0.00000000,0.00000000,0.00000000,0.00000000,0.00000000,0.00000000,0.00000000,0.00000000,0.00000000,0.00000000,0.00000000,0.00000000,0.00000000,0.00000000,0.00000000,0.00000000,0.00000000,0.00000000,0.00000000,0.00000000,0.00000000,0.00000000,0.00000000,0.00000000,0.00000000,0.00000000,0.00000000,0.00000000,0.00000000,0.00000000,0.00000000,0.00000000,0.00000000,0.00000000,0.00000000,0.00000000,0.00000000,0.00000000,0.00000000,0.00000000,0.00000000,0.00000000,0.00000000,0.00000000,0.00000000,0.00000000,0.00000000,0.00000000,0.00000000,0.00000000,0.00000000,0.00000000,0.00000000,0.00000000,18.23847069,56.37219967,0.00000000,37.76271057,0.00000000,0.00000000,0.00000000,8.38988089,36.45254059,7.72457478,63.26888371,0.00000000,43.04705772,8.90546712,10.21335352,66.64725217,61.18048986,8.82939390,26.52458716,46.52175418,19.33665227,22.91837154,32.82097606,35.37116625,30.69845558,34.06681137,39.53958336,36.86449695,41.25009809,30.67584839,0.00000000,0.00000000,0.00000000,0.00000000,0.00000000,0.00000000,0.00000000,0.00000000,0.00000000,0.00000000,0.00000000,0.00000000,0.00000000,0.00000000,0.00000000,0.00000000,0.00000000,0.00000000,0.00000000,0.00000000,0.00000000,0.00000000,0.00000000,0.00000000,0.00000000,0.00000000,0.00000000,0.00000000,0.00000000,0.00000000,0.00000000,0.00000000,0.00000000,0.00000000,0.00000000,0.00000000,0.00000000,0.00000000,62.33329264,0.00000000,0.00000000,69.50008202,0.00000000,0.00000000,0.00000000,0.00000000,0.00000000,0.00000000,65.50504812,0.00000000,0.00000000,0.00000000,0.00000000,0.00000000,0.00000000,0.00000000,0.00000000,0.00000000,0.00000000,0.00000000,0.00000000,0.00000000,0.00000000,0.00000000,0.00000000,0.00000000
0.00000000,0.00000000,0.00000000,0.00000000,0.00000000,0.00000000,0.00000000,0.00000000,0.00000000,0.00000000,0.00000000,0.00000000,0.00000000,0.00000000,0.00000000,0.00000000,0.00000000,0.00000000,0.00000000,0.00000000,0.00000000,0.00000000,0.00000000,0.00000000,0.00000000,0.00000000,0.00000000,0.00000000,0.00000000,0.00000000,0.00000000,0.00000000,0.00000000,0.00000000,0.00000000,0.00000000,0.00000000,0.00000000,0.00000000,0.00000000,0.00000000,0.00000000,0.00000000,0.00000000,0.00000000,0.00000000,0.00000000,0.00000000,0.00000000,0.00000000,0.00000000,0.00000000,0.00000000,0.00000000,0.00000000,0.00000000,0.00000000,0.00000000,0.00000000,0.00000000,0.00000000,0.00000000,0.00000000,0.00000000,0.00000000,0.00000000,0.00000000,0.00000000,0.00000000,0.00000000,0.00000000,0.00000000,0.00000000,0.00000000,0.00000000,0.00000000,0.00000000,0.00000000,0.00000000,0.00000000,0.00000000,0.00000000,0.00000000,0.00000000,0.00000000,0.00000000,0.00000000,0.00000000,0.00000000,0.00000000,0.00000000,0.00000000,48.43972061,44.95952861,44.15221227,40.64277554,27.36632524,42.14376047,53.54221357,14.04325014,37.71794207,17.00990026,39.85687646,0.00000000,39.97342895,46.24530816,7.84679775,28.26893645,16.70404137,43.04705772,0.00000000,0.00000000,14.01189331,43.85629860,32.76045792,43.52625336,12.25429904,12.58224556,55.26163483,39.50445491,0.00000000,28.71391453,59.39153235,41.27028363,0.00000000,0.00000000,0.00000000,0.00000000,0.00000000,0.00000000,0.00000000,0.00000000,0.00000000,0.00000000,0.00000000,0.00000000,0.00000000,0.00000000,0.00000000,0.00000000,0.00000000,0.00000000,0.00000000,0.00000000,0.00000000,0.00000000,0.00000000,0.00000000,0.00000000,0.00000000,0.00000000,0.00000000,0.00000000,0.00000000,0.00000000,0.00000000,0.00000000,0.00000000,0.00000000,0.00000000,0.00000000,0.00000000,0.00000000,0.00000000,0.00000000,0.00000000,70.79970837,0.00000000,0.00000000,66.65702438,0.00000000,0.00000000,0.00000000,0.00000000,0.00000000,0.00000000,0.00000000,70.00189908,62.07012558,0.00000000,0.00000000,0.00000000,0.00000000,0.00000000,0.00000000,0.00000000,0.00000000,0.00000000,0.00000000,0.00000000,0.00000000,0.00000000,0.00000000,0.00000000
0.00000000,0.00000000,0.00000000,0.00000000,0.00000000,0.00000000,0.00000000,0.00000000,0.00000000,0.00000000,0.00000000,0.00000000,0.00000000,0.00000000,0.00000000,0.00000000,0.00000000,0.00000000,0.00000000,0.00000000,0.00000000,0.00000000,0.00000000,0.00000000,0.00000000,0.00000000,0.00000000,0.00000000,0.00000000,0.00000000,0.00000000,0.00000000,0.00000000,0.00000000,0.00000000,0.00000000,0.00000000,0.00000000,0.00000000,0.00000000,0.00000000,0.00000000,0.00000000,0.00000000,0.00000000,0.00000000,0.00000000,0.00000000,0.00000000,0.00000000,0.00000000,0.00000000,0.00000000,0.00000000,0.00000000,0.00000000,0.00000000,0.00000000,0.00000000,0.00000000,0.00000000,0.00000000,0.00000000,0.00000000,0.00000000,0.00000000,0.00000000,0.00000000,0.00000000,0.00000000,0.00000000,0.00000000,0.00000000,0.00000000,0.00000000,0.00000000,0.00000000,0.00000000,0.00000000,0.00000000,0.00000000,0.00000000,0.00000000,0.00000000,0.00000000,0.00000000,0.00000000,0.00000000,0.00000000,0.00000000,0.00000000,0.00000000,0.00000000,0.00000000,0.00000000,0.00000000,0.00000000,0.00000000,24.53385746,0.00000000,0.00000000,0.00000000,0.00000000,0.00000000,0.00000000,15.75204032,0.00000000,0.00000000,0.00000000,8.90546712,0.00000000,0.00000000,0.00000000,0.00000000,0.00000000,7.88581431,43.81946716,55.16480806,16.81217244,31.67616520,29.33486409,0.00000000,34.62183296,39.90986813,0.00000000,0.00000000,0.00000000,0.00000000,0.00000000,0.00000000,0.00000000,0.00000000,0.00000000,0.00000000,0.00000000,0.00000000,0.00000000,0.00000000,0.00000000,0.00000000,0.00000000,0.00000000,0.00000000,0.00000000,0.00000000,0.00000000,0.00000000,0.00000000,0.00000000,0.00000000,0.00000000,0.00000000,0.00000000,0.00000000,0.00000000,0.00000000,0.00000000,0.00000000,0.00000000,0.00000000,0.00000000,0.00000000,0.00000000,0.00000000,0.00000000,0.00000000,0.00000000,0.00000000,0.00000000,0.00000000,0.00000000,0.00000000,0.00000000,0.00000000,0.00000000,0.00000000,0.00000000,0.00000000,0.00000000,0.00000000,0.00000000,0.00000000,0.00000000,0.00000000,0.00000000,0.00000000,0.00000000,0.00000000,0.00000000,0.00000000,0.00000000,0.00000000,0.00000000,0.00000000
0.00000000,0.00000000,0.00000000,0.00000000,0.00000000,0.00000000,0.00000000,0.00000000,0.00000000,0.00000000,0.00000000,0.00000000,0.00000000,0.00000000,0.00000000,0.00000000,0.00000000,0.00000000,0.00000000,0.00000000,0.00000000,0.00000000,0.00000000,0.00000000,0.00000000,0.00000000,0.00000000,0.00000000,0.00000000,0.00000000,0.00000000,0.00000000,0.00000000,0.00000000,0.00000000,0.00000000,0.00000000,0.00000000,0.00000000,0.00000000,0.00000000,0.00000000,0.00000000,0.00000000,0.00000000,0.00000000,0.00000000,0.00000000,0.00000000,0.00000000,0.00000000,0.00000000,0.00000000,0.00000000,0.00000000,0.00000000,0.00000000,0.00000000,0.00000000,0.00000000,0.00000000,0.00000000,0.00000000,0.00000000,0.00000000,0.00000000,0.00000000,0.00000000,0.00000000,0.00000000,0.00000000,0.00000000,0.00000000,0.00000000,0.00000000,0.00000000,0.00000000,0.00000000,0.00000000,0.00000000,0.00000000,0.00000000,0.00000000,0.00000000,0.00000000,0.00000000,0.00000000,0.00000000,0.00000000,0.00000000,0.00000000,0.00000000,0.00000000,51.81694921,0.00000000,0.00000000,35.86219915,0.00000000,29.81283136,31.00960645,0.00000000,21.11645793,59.17893473,0.00000000,0.00000000,17.21976041,9.96358145,8.71752881,43.90541674,10.21335352,14.01189331,0.00000000,0.00000000,60.44417048,55.29895687,10.21279446,10.15578260,32.43786199,32.54049070,19.59947156,51.36485707,24.06596358,37.83552142,28.09846398,0.00000000,0.00000000,0.00000000,0.00000000,0.00000000,0.00000000,0.00000000,0.00000000,0.00000000,0.00000000,0.00000000,0.00000000,0.00000000,0.00000000,0.00000000,0.00000000,0.00000000,0.00000000,0.00000000,0.00000000,0.00000000,0.00000000,0.00000000,0.00000000,0.00000000,0.00000000,0.00000000,0.00000000,0.00000000,0.00000000,0.00000000,0.00000000,0.00000000,0.00000000,0.00000000,0.00000000,55.34453583,0.00000000,0.00000000,0.00000000,0.00000000,0.00000000,66.37091764,0.00000000,0.00000000,63.05409050,0.00000000,0.00000000,0.00000000,0.00000000,0.00000000,0.00000000,51.62736053,57.40345972,0.00000000,0.00000000,0.00000000,0.00000000,0.00000000,0.00000000,0.00000000,0.00000000,0.00000000,0.00000000,0.00000000,0.00000000,0.00000000,0.00000000,0.00000000,0.00000000
0.00000000,0.00000000,0.00000000,0.00000000,0.00000000,0.00000000,0.00000000,0.00000000,0.00000000,0.00000000,0.00000000,0.00000000,0.00000000,0.00000000,0.00000000,0.00000000,0.00000000,0.00000000,0.00000000,0.00000000,0.00000000,0.00000000,0.00000000,0.00000000,0.00000000,0.00000000,0.00000000,0.00000000,0.00000000,0.00000000,0.00000000,0.00000000,0.00000000,0.00000000,0.00000000,0.00000000,0.00000000,0.00000000,0.00000000,0.00000000,0.00000000,0.00000000,0.00000000,0.00000000,0.00000000,0.00000000,0.00000000,0.00000000,0.00000000,0.00000000,0.00000000,0.00000000,0.00000000,0.00000000,0.00000000,0.00000000,0.00000000,0.00000000,0.00000000,0.00000000,0.00000000,0.00000000,0.00000000,0.00000000,0.00000000,0.00000000,0.00000000,0.00000000,0.00000000,0.00000000,0.00000000,0.00000000,0.00000000,0.00000000,0.00000000,0.00000000,0.00000000,0.00000000,0.00000000,0.00000000,0.00000000,0.00000000,0.00000000,0.00000000,0.00000000,0.00000000,0.00000000,0.00000000,0.00000000,0.00000000,0.00000000,0.00000000,55.79944372,57.64464327,47.95802034,39.52752209,48.80551147,38.94149189,82.38930511,47.65348159,36.25341246,58.17435703,21.14977854,30.32383700,14.74323086,77.12982972,54.00060947,66.82152430,25.07374661,66.64725217,43.85629860,0.00000000,60.44417048,0.00000000,13.31073938,71.58563614,53.65572589,34.38465366,0.00000000,65.03978729,0.00000000,52.67913177,0.00000000,67.66586914,0.00000000,0.00000000,0.00000000,0.00000000,0.00000000,0.00000000,0.00000000,0.00000000,0.00000000,0.00000000,0.00000000,0.00000000,0.00000000,0.00000000,0.00000000,0.00000000,0.00000000,0.00000000,0.00000000,0.00000000,0.00000000,0.00000000,0.00000000,0.00000000,0.00000000,0.00000000,0.00000000,0.00000000,0.00000000,0.00000000,0.00000000,0.00000000,0.00000000,0.00000000,0.00000000,0.00000000,0.00000000,0.00000000,0.00000000,0.00000000,0.00000000,0.00000000,87.93393250,0.00000000,0.00000000,0.00000000,0.00000000,0.00000000,0.00000000,0.00000000,0.00000000,0.00000000,0.00000000,0.00000000,0.00000000,0.00000000,0.00000000,0.00000000,0.00000000,0.00000000,0.00000000,0.00000000,0.00000000,0.00000000,0.00000000,0.00000000,0.00000000,0.00000000,0.00000000,0.00000000
0.00000000,0.00000000,0.00000000,0.00000000,0.00000000,0.00000000,0.00000000,0.00000000,0.00000000,0.00000000,0.00000000,0.00000000,0.00000000,0.00000000,0.00000000,0.00000000,0.00000000,0.00000000,0.00000000,0.00000000,0.00000000,0.00000000,0.00000000,0.00000000,0.00000000,0.00000000,0.00000000,0.00000000,0.00000000,0.00000000,0.00000000,0.00000000,0.00000000,0.00000000,0.00000000,0.00000000,0.00000000,0.00000000,0.00000000,0.00000000,0.00000000,0.00000000,0.00000000,0.00000000,0.00000000,0.00000000,0.00000000,0.00000000,0.00000000,0.00000000,0.00000000,0.00000000,0.00000000,0.00000000,0.00000000,0.00000000,0.00000000,0.00000000,0.00000000,0.00000000,0.00000000,0.00000000,0.00000000,0.00000000,0.00000000,0.00000000,0.00000000,0.00000000,0.00000000,0.00000000,0.00000000,0.00000000,0.00000000,0.00000000,0.00000000,0.00000000,0.00000000,0.00000000,0.00000000,0.00000000,0.00000000,0.00000000,0.00000000,0.00000000,0.00000000,0.00000000,0.00000000,0.00000000,0.00000000,0.00000000,0.00000000,0.00000000,48.63241078,52.77063794,44.28080382,35.83876889,45.87875983,33.27164263,78.54340973,37.12995380,27.08033175,56.04254258,17.21008500,41.36562036,20.69431569,71.22782974,49.10978413,63.31837056,12.56269932,61.18048986,32.76045792,0.00000000,55.29895687,13.31073938,0.00000000,66.82586074,43.38716408,15.87906902,0.00000000,60.97352110,0.00000000,42.73839818,0.00000000,61.74389807,0.00000000,0.00000000,0.00000000,0.00000000,0.00000000,0.00000000,0.00000000,0.00000000,0.00000000,0.00000000,0.00000000,0.00000000,0.00000000,0.00000000,0.00000000,0.00000000,0.00000000,0.00000000,0.00000000,0.00000000,0.00000000,0.00000000,0.00000000,0.00000000,0.00000000,0.00000000,0.00000000,0.00000000,0.00000000,0.00000000,0.00000000,0.00000000,0.00000000,0.00000000,0.00000000,0.00000000,0.00000000,0.00000000,0.00000000,0.00000000,0.00000000,0.00000000,84.25187683,0.00000000,0.00000000,0.00000000,0.00000000,0.00000000,0.00000000,0.00000000,0.00000000,0.00000000,0.00000000,76.59926224,0.00000000,0.00000000,0.00000000,0.00000000,0.00000000,0.00000000,0.00000000,0.00000000,0.00000000,0.00000000,0.00000000,0.00000000,0.00000000,0.00000000,0.00000000,0.00000000
0.00000000,0.00000000,0.00000000,0.00000000,0.00000000,0.00000000,0.00000000,0.00000000,0.00000000,0.00000000,0.00000000,0.00000000,0.00000000,0.00000000,0.00000000,0.00000000,0.00000000,0.00000000,0.00000000,0.00000000,0.00000000,0.00000000,0.00000000,0.00000000,0.00000000,0.00000000,0.00000000,0.00000000,0.00000000,0.00000000,0.00000000,0.00000000,0.00000000,0.00000000,0.00000000,0.00000000,0.00000000,0.00000000,0.00000000,0.00000000,0.00000000,0.00000000,0.00000000,0.00000000,0.00000000,0.00000000,0.00000000,0.00000000,0.00000000,0.00000000,0.00000000,0.00000000,0.00000000,0.00000000,0.00000000,0.00000000,0.00000000,0.00000000,0.00000000,0.00000000,0.00000000,0.00000000,0.00000000,0.00000000,0.00000000,0.00000000,0.00000000,0.00000000,0.00000000,0.00000000,0.00000000,0.00000000,0.00000000,0.00000000,0.00000000,0.00000000,0.00000000,0.00000000,0.00000000,0.00000000,0.00000000,0.00000000,0.00000000,0.00000000,0.00000000,0.00000000,0.00000000,0.00000000,0.00000000,0.00000000,0.00000000,0.00000000,0.00000000,0.00000000,0.00000000,0.00000000,0.00000000,0.00000000,29.80756660,57.57234464,0.00000000,44.36643703,0.00000000,0.00000000,0.00000000,19.34312417,39.72916822,17.69588781,64.12169571,8.82939390,43.52625336,7.88581431,10.21279446,71.58563614,66.82586074,0.00000000,12.87950437,46.66689231,9.58224000,10.03740825,25.80707317,28.20298359,20.12907730,21.19129807,34.18353974,40.37018108,41.61492021,36.62497807,0.00000000,40.24923801,0.00000000,0.00000000,0.00000000,0.00000000,0.00000000,0.00000000,0.00000000,0.00000000,0.00000000,0.00000000,0.00000000,0.00000000,0.00000000,0.00000000,0.00000000,0.00000000,0.00000000,0.00000000,0.00000000,0.00000000,0.00000000,0.00000000,0.00000000,0.00000000,0.00000000,0.00000000,0.00000000,0.00000000,0.00000000,0.00000000,69.97047882,0.00000000,0.00000000,0.00000000,0.00000000,0.00000000,76.73457661,0.00000000,66.54187393,74.18020734,0.00000000,0.00000000,0.00000000,0.00000000,0.00000000,0.00000000,72.33394768,0.00000000,73.77692795,0.00000000,0.00000000,0.00000000,0.00000000,0.00000000,0.00000000,0.00000000,0.00000000,0.00000000,0.00000000,0.00000000,0.00000000,0.00000000,0.00000000,0.00000000
0.00000000,0.00000000,0.00000000,0.00000000,0.00000000,0.00000000,0.00000000,0.00000000,0.00000000,0.00000000,0.00000000,0.00000000,0.00000000,0.00000000,0.00000000,0.00000000,0.00000000,0.00000000,0.00000000,0.00000000,0.00000000,0.00000000,0.00000000,0.00000000,0.00000000,0.00000000,0.00000000,0.00000000,0.00000000,0.00000000,0.00000000,0.00000000,0.00000000,0.00000000,0.00000000,0.00000000,0.00000000,0.00000000,0.00000000,0.00000000,0.00000000,0.00000000,0.00000000,0.00000000,0.00000000,0.00000000,0.00000000,0.00000000,0.00000000,0.00000000,0.00000000,0.00000000,0.00000000,0.00000000,0.00000000,0.00000000,0.00000000,0.00000000,0.00000000,0.00000000,0.00000000,0.00000000,0.00000000,0.00000000,0.00000000,0.00000000,0.00000000,0.00000000,0.00000000,0.00000000,0.00000000,0.00000000,0.00000000,0.00000000,0.00000000,0.00000000,0.00000000,0.00000000,0.00000000,0.00000000,0.00000000,0.00000000,0.00000000,0.00000000,0.00000000,0.00000000,0.00000000,0.00000000,0.00000000,0.00000000,0.00000000,0.00000000,62.31858635,60.40615167,54.77899065,0.00000000,43.20821762,57.02311464,42.70264135,31.80284277,54.00601845,30.94303799,53.97629280,0.00000000,52.19887662,33.04635432,20.10191478,22.02150089,35.44177379,26.52458716,12.25429904,43.81946716,10.15578260,53.65572589,43.38716408,12.87950437,0.00000000,13.68376114,33.50995174,10.49588483,57.18975978,10.97851754,35.58109591,19.04216336,50.55048709,58.70247412,49.28322919,0.00000000,0.00000000,0.00000000,0.00000000,0.00000000,0.00000000,0.00000000,0.00000000,0.00000000,0.00000000,0.00000000,0.00000000,0.00000000,0.00000000,0.00000000,0.00000000,0.00000000,0.00000000,0.00000000,0.00000000,0.00000000,0.00000000,0.00000000,0.00000000,0.00000000,0.00000000,0.00000000,0.00000000,0.00000000,0.00000000,0.00000000,0.00000000,0.00000000,68.19000244,0.00000000,0.00000000,0.00000000,0.00000000,0.00000000,71.51641730,0.00000000,0.00000000,71.66148867,0.00000000,0.00000000,0.00000000,0.00000000,0.00000000,0.00000000,70.32335136,67.41332722,67.20993451,0.00000000,0.00000000,0.00000000,0.00000000,0.00000000,0.00000000,0.00000000,0.00000000,0.00000000,0.00000000,0.00000000,0.00000000,0.00000000,0.00000000,0.00000000
0.00000000,0.00000000,0.00000000,0.00000000,0.00000000,0.00000000,0.00000000,0.00000000,0.00000000,0.00000000,0.00000000,0.00000000,0.00000000,0.00000000,0.00000000,0.00000000,0.00000000,0.00000000,0.00000000,0.00000000,0.00000000,0.00000000,0.00000000,0.00000000,0.00000000,0.00000000,0.00000000,0.00000000,0.00000000,0.00000000,0.00000000,0.00000000,0.00000000,0.00000000,0.00000000,0.00000000,0.00000000,0.00000000,0.00000000,0.00000000,0.00000000,0.00000000,0.00000000,0.00000000,0.00000000,0.00000000,0.00000000,0.00000000,0.00000000,0.00000000,0.00000000,0.00000000,0.00000000,0.00000000,0.00000000,0.00000000,0.00000000,0.00000000,0.00000000,0.00000000,0.00000000,0.00000000,0.00000000,0.00000000,0.00000000,0.00000000,0.00000000,0.00000000,0.00000000,0.00000000,0.00000000,0.00000000,0.00000000,0.00000000,0.00000000,0.00000000,0.00000000,0.00000000,0.00000000,0.00000000,0.00000000,0.00000000,0.00000000,0.00000000,0.00000000,0.00000000,0.00000000,0.00000000,0.00000000,0.00000000,0.00000000,0.00000000,57.89175224,61.27631251,50.18926859,42.64991760,46.71551361,51.03297525,58.60501913,36.06066879,46.54857077,44.29903450,42.74369068,41.88866091,40.22556559,50.29078878,35.30738185,42.21139371,15.54739777,46.52175418,12.58224556,55.16480806,32.43786199,34.38465366,15.87906902,46.66689231,13.68376114,0.00000000,59.48346242,40.67093535,71.09816445,13.05349588,60.25004491,36.90930474,0.00000000,0.00000000,0.00000000,0.00000000,0.00000000,0.00000000,0.00000000,0.00000000,0.00000000,0.00000000,0.00000000,0.00000000,0.00000000,0.00000000,0.00000000,0.00000000,0.00000000,0.00000000,0.00000000,0.00000000,0.00000000,0.00000000,0.00000000,0.00000000,0.00000000,0.00000000,0.00000000,0.00000000,0.00000000,0.00000000,0.00000000,0.00000000,0.00000000,0.00000000,0.00000000,0.00000000,0.00000000,0.00000000,0.00000000,0.00000000,0.00000000,0.00000000,74.75316861,0.00000000,0.00000000,70.03434788,0.00000000,0.00000000,0.00000000,0.00000000,0.00000000,0.00000000,0.00000000,72.01873440,70.94832018,0.00000000,0.00000000,0.00000000,0.00000000,0.00000000,0.00000000,0.00000000,0.00000000,0.00000000,0.00000000,0.00000000,0.00000000,0.00000000,0.00000000,0.00000000
0.00000000,0.00000000,0.00000000,0.00000000,0.00000000,0.00000000,0.00000000,0.00000000,0.00000000,0.00000000,0.00000000,0.00000000,0.00000000,0.00000000,0.00000000,0.00000000,0.00000000,0.00000000,0.00000000,0.00000000,0.00000000,0.00000000,0.00000000,0.00000000,0.00000000,0.00000000,0.00000000,0.00000000,0.00000000,0.00000000,0.00000000,0.00000000,0.00000000,0.00000000,0.00000000,0.00000000,0.00000000,0.00000000,0.00000000,0.00000000,0.00000000,0.00000000,0.00000000,0.00000000,0.00000000,0.00000000,0.00000000,0.00000000,0.00000000,0.00000000,0.00000000,0.00000000,0.00000000,0.00000000,0.00000000,0.00000000,0.00000000,0.00000000,0.00000000,0.00000000,0.00000000,0.00000000,0.00000000,0.00000000,0.00000000,0.00000000,0.00000000,0.00000000,0.00000000,0.00000000,0.00000000,0.00000000,0.00000000,0.00000000,0.00000000,0.00000000,0.00000000,0.00000000,0.00000000,0.00000000,0.00000000,0.00000000,0.00000000,0.00000000,0.00000000,0.00000000,0.00000000,0.00000000,0.00000000,0.00000000,0.00000000,0.00000000,0.00000000,0.00000000,0.00000000,0.00000000,0.00000000,0.00000000,41.72017148,51.01915169,0.00000000,0.00000000,0.00000000,0.00000000,0.00000000,30.79879659,0.00000000,38.58043925,71.85896645,19.33665227,55.26163483,16.81217244,32.54049070,0.00000000,0.00000000,9.58224000,33.50995174,59.48346242,0.00000000,11.51436622,10.60560887,40.37297566,9.84386952,20.38110951,23.19355209,22.60306551,31.20484500,31.83743803,8.08723259,38.44864702,0.00000000,0.00000000,36.97897688,0.00000000,37.62379837,0.00000000,0.00000000,0.00000000,35.04448318,0.00000000,42.96912311,0.00000000,0.00000000,0.00000000,0.00000000,0.00000000,0.00000000,0.00000000,0.00000000,0.00000000,0.00000000,0.00000000,0.00000000,0.00000000,0.00000000,0.00000000,0.00000000,0.00000000,0.00000000,0.00000000,66.35745366,0.00000000,0.00000000,0.00000000,0.00000000,0.00000000,0.00000000,0.00000000,0.00000000,77.43763606,0.00000000,0.00000000,0.00000000,0.00000000,0.00000000,0.00000000,77.29532623,0.00000000,0.00000000,0.00000000,0.00000000,0.00000000,0.00000000,0.00000000,0.00000000,0.00000000,0.00000000,0.00000000,0.00000000,0.00000000,0.00000000,0.00000000,0.00000000,0.00000000
0.00000000,0.00000000,0.00000000,0.00000000,0.00000000,0.00000000,0.00000000,0.00000000,0.00000000,0.00000000,0.00000000,0.00000000,0.00000000,0.00000000,0.00000000,0.00000000,0.00000000,0.00000000,0.00000000,0.00000000,0.00000000,0.00000000,0.00000000,0.00000000,0.00000000,0.00000000,0.00000000,0.00000000,0.00000000,0.00000000,0.00000000,0.00000000,0.00000000,0.00000000,0.00000000,0.00000000,0.00000000,0.00000000,0.00000000,0.00000000,0.00000000,0.00000000,0.00000000,0.00000000,0.00000000,0.00000000,0.00000000,0.00000000,0.00000000,0.00000000,0.00000000,0.00000000,0.00000000,0.00000000,0.00000000,0.00000000,0.00000000,0.00000000,0.00000000,0.00000000,0.00000000,0.00000000,0.00000000,0.00000000,0.00000000,0.00000000,0.00000000,0.00000000,0.00000000,0.00000000,0.00000000,0.00000000,0.00000000,0.00000000,0.00000000,0.00000000,0.00000000,0.00000000,0.00000000,0.00000000,0.00000000,0.00000000,0.00000000,0.00000000,0.00000000,0.00000000,0.00000000,0.00000000,0.00000000,0.00000000,0.00000000,0.00000000,0.00000000,0.00000000,0.00000000,0.00000000,0.00000000,0.00000000,43.79051519,56.40412576,0.00000000,46.42896826,0.00000000,0.00000000,0.00000000,33.07819653,39.86899066,29.94616297,60.77523994,22.91837154,39.50445491,31.67616520,19.59947156,65.03978729,60.97352110,10.03740825,10.49588483,40.67093535,11.51436622,0.00000000,34.74434810,12.36781030,12.82788736,9.17444377,31.88623755,31.55039673,35.17962251,28.02300248,0.00000000,25.26500681,0.00000000,0.00000000,0.00000000,0.00000000,0.00000000,0.00000000,0.00000000,0.00000000,0.00000000,0.00000000,0.00000000,0.00000000,0.00000000,0.00000000,0.00000000,0.00000000,0.00000000,0.00000000,0.00000000,0.00000000,0.00000000,0.00000000,0.00000000,0.00000000,0.00000000,0.00000000,0.00000000,0.00000000,0.00000000,0.00000000,0.00000000,0.00000000,0.00000000,0.00000000,0.00000000,0.00000000,70.52292061,0.00000000,0.00000000,68.96283063,0.00000000,0.00000000,0.00000000,0.00000000,0.00000000,0.00000000,65.04782639,0.00000000,63.91081916,0.00000000,0.00000000,0.00000000,0.00000000,0.00000000,0.00000000,0.00000000,0.00000000,0.00000000,0.00000000,0.00000000,0.00000000,0.00000000,0.00000000,0.00000000
0.00000000,0.00000000,0.00000000,0.00000000,0.00000000,0.00000000,0.00000000,0.00000000,0.00000000,0.00000000,0.00000000,0.00000000,0.00000000,0.00000000,0.00000000,0.00000000,0.00000000,0.00000000,0.00000000,0.00000000,0.00000000,0.00000000,0.00000000,0.00000000,0.00000000,0.00000000,0.00000000,0.00000000,0.00000000,0.00000000,0.00000000,0.00000000,0.00000000,0.00000000,0.00000000,0.00000000,0.00000000,0.00000000,0.00000000,0.00000000,0.00000000,0.00000000,0.00000000,0.00000000,0.00000000,0.00000000,0.00000000,0.00000000,0.00000000,0.00000000,0.00000000,0.00000000,0.00000000,0.00000000,0.00000000,0.00000000,0.00000000,0.00000000,0.00000000,0.00000000,0.00000000,0.00000000,0.00000000,0.00000000,0.00000000,0.00000000,0.00000000,0.00000000,0.00000000,0.00000000,0.00000000,0.00000000,0.00000000,0.00000000,0.00000000,0.00000000,0.00000000,0.00000000,0.00000000,0.00000000,0.00000000,0.00000000,0.00000000,0.00000000,0.00000000,0.00000000,0.00000000,0.00000000,0.00000000,0.00000000,0.00000000,0.00000000,0.00000000,0.00000000,0.00000000,0.00000000,0.00000000,0.00000000,53.46677897,0.00000000,0.00000000,0.00000000,0.00000000,0.00000000,0.00000000,44.30504326,0.00000000,50.48331197,0.00000000,32.82097606,0.00000000,29.33486409,51.36485707,0.00000000,0.00000000,25.80707317,57.18975978,71.09816445,10.60560887,34.74434810,0.00000000,58.29874475,15.52750348,40.38920610,18.45579068,14.10176061,21.22834512,35.80554873,19.22828540,43.41034575,36.41135531,46.57891105,40.93939166,38.14740435,48.98065720,0.00000000,55.73840819,53.72779594,49.06829288,48.38755341,56.02844639,0.00000000,0.00000000,58.46334118,63.69003184,55.81477857,66.86188305,0.00000000,67.14062386,0.00000000,0.00000000,73.46000688,61.70353699,70.06689344,0.00000000,68.77124956,0.00000000,0.00000000,73.26371765,0.00000000,83.55011150,73.18144608,0.00000000,84.46799927,0.00000000,80.49547161,92.26145744,0.00000000,80.95449760,89.30605469,78.33744199,79.47749939,0.00000000,0.00000000,82.30430071,0.00000000,86.67615301,0.00000000,90.02162806,0.00000000,83.87999411,79.74239655,84.17607989,0.00000000,0.00000000,85.41816493,83.98338079,0.00000000,84.11065292,0.00000000,0.00000000,0.00000000,87.94108582,0.00000000
0.00000000,0.00000000,0.00000000,0.00000000,0.00000000,0.00000000,0.00000000,0.00000000,0.00000000,0.00000000,0.00000000,0.00000000,0.00000000,0.00000000,0.00000000,0.00000000,0.00000000,0.00000000,0.00000000,0.00000000,0.00000000,0.00000000,0.00000000,0.00000000,0.00000000,0.00000000,0.00000000,0.00000000,0.00000000,0.00000000,0.00000000,0.00000000,0.00000000,0.00000000,0.00000000,0.00000000,0.00000000,0.00000000,0.00000000,0.00000000,0.00000000,0.00000000,0.00000000,0.00000000,0.00000000,0.00000000,0.00000000,0.00000000,0.00000000,0.00000000,0.00000000,0.00000000,0.00000000,0.00000000,0.00000000,0.00000000,0.00000000,0.00000000,0.00000000,0.00000000,0.00000000,0.00000000,0.00000000,0.00000000,0.00000000,0.00000000,0.00000000,0.00000000,0.00000000,0.00000000,0.00000000,0.00000000,0.00000000,0.00000000,0.00000000,0.00000000,0.00000000,0.00000000,0.00000000,0.00000000,0.00000000,0.00000000,0.00000000,0.00000000,0.00000000,0.00000000,0.00000000,0.00000000,0.00000000,0.00000000,0.00000000,0.00000000,0.00000000,0.00000000,0.00000000,0.00000000,42.89184666,0.00000000,51.75641022,47.00796385,0.00000000,43.68715525,58.91346565,0.00000000,51.22057125,42.92217267,34.06157500,34.55608216,46.28453142,35.37116625,28.71391453,0.00000000,24.06596358,52.67913177,42.73839818,28.20298359,10.97851754,13.05349588,40.37297566,12.36781030,58.29874475,0.00000000,39.75930116,12.83039364,45.16754357,0.00000000,0.00000000,0.00000000,0.00000000,0.00000000,0.00000000,0.00000000,0.00000000,0.00000000,0.00000000,0.00000000,0.00000000,0.00000000,0.00000000,0.00000000,0.00000000,0.00000000,0.00000000,0.00000000,0.00000000,0.00000000,0.00000000,0.00000000,0.00000000,0.00000000,0.00000000,0.00000000,0.00000000,0.00000000,0.00000000,0.00000000,0.00000000,0.00000000,0.00000000,0.00000000,0.00000000,0.00000000,0.00000000,0.00000000,0.00000000,0.00000000,68.15518917,0.00000000,0.00000000,65.87654160,0.00000000,0.00000000,0.00000000,0.00000000,0.00000000,0.00000000,0.00000000,61.66109314,0.00000000,0.00000000,0.00000000,0.00000000,0.00000000,0.00000000,0.00000000,0.00000000,0.00000000,0.00000000,0.00000000,0.00000000,0.00000000,0.00000000,0.00000000,0.00000000
0.00000000,0.00000000,0.00000000,0.00000000,0.00000000,0.00000000,0.00000000,0.00000000,0.00000000,0.00000000,0.00000000,0.00000000,0.00000000,0.00000000,0.00000000,0.00000000,0.00000000,0.00000000,0.00000000,0.00000000,0.00000000,0.00000000,0.00000000,0.00000000,0.00000000,0.00000000,0.00000000,0.00000000,0.00000000,0.00000000,0.00000000,0.00000000,0.00000000,0.00000000,0.00000000,0.00000000,0.00000000,0.00000000,0.00000000,0.00000000,0.00000000,0.00000000,0.00000000,0.00000000,0.00000000,0.00000000,0.00000000,0.00000000,0.00000000,0.00000000,0.00000000,0.00000000,0.00000000,0.00000000,0.00000000,0.00000000,0.00000000,0.00000000,0.00000000,0.00000000,0.00000000,0.00000000,0.00000000,0.00000000,0.00000000,0.00000000,0.00000000,0.00000000,0.00000000,0.00000000,0.00000000,0.00000000,0.00000000,0.00000000,0.00000000,0.00000000,0.00000000,0.00000000,0.00000000,0.00000000,0.00000000,0.00000000,0.00000000,0.00000000,0.00000000,0.00000000,0.00000000,0.00000000,0.00000000,0.00000000,0.00000000,0.00000000,0.00000000,0.00000000,0.00000000,0.00000000,0.00000000,0.00000000,53.02276770,68.15973282,0.00000000,0.00000000,0.00000000,0.00000000,0.00000000,42.69697065,46.88067463,45.44764964,72.43638611,30.69845558,59.39153235,34.62183296,37.83552142,0.00000000,0.00000000,20.12907730,35.58109591,60.25004491,9.84386952,12.82788736,15.52750348,39.75930116,0.00000000,13.71004106,10.70239449,28.25610036,15.68216003,14.48005165,23.94217463,23.44316132,44.76200444,34.53267969,34.34619541,33.14492289,36.38890239,0.00000000,42.16561586,0.00000000,43.19680588,0.00000000,43.40308269,0.00000000,0.00000000,0.00000000,49.73412732,0.00000000,52.57826309,0.00000000,0.00000000,0.00000000,0.00000000,59.01980209,0.00000000,0.00000000,0.00000000,0.00000000,0.00000000,0.00000000,0.00000000,0.00000000,75.94878521,0.00000000,0.00000000,76.37688446,0.00000000,0.00000000,83.64936829,0.00000000,73.44989034,81.02019374,71.37917328,0.00000000,0.00000000,0.00000000,0.00000000,0.00000000,78.71134504,0.00000000,81.36662547,0.00000000,76.21458435,0.00000000,0.00000000,0.00000000,0.00000000,0.00000000,0.00000000,0.00000000,80.58571625,0.00000000,0.00000000,0.00000000,80.40849086,0.00000000
0.00000000,0.00000000,0.00000000,0.00000000,0.00000000,0.00000000,0.00000000,0.00000000,0.00000000,0.00000000,0.00000000,0.00000000,0.00000000,0.00000000,0.00000000,0.00000000,0.00000000,0.00000000,0.00000000,0.00000000,0.00000000,0.00000000,0.00000000,0.00000000,0.00000000,0.00000000,0.00000000,0.00000000,0.00000000,0.00000000,0.00000000,0.00000000,0.00000000,0.00000000,0.00000000,0.00000000,0.00000000,0.00000000,0.00000000,0.00000000,0.00000000,0.00000000,0.00000000,0.00000000,0.00000000,0.00000000,0.00000000,0.00000000,0.00000000,0.00000000,0.00000000,0.00000000,0.00000000,0.00000000,0.00000000,0.00000000,0.00000000,0.00000000,0.00000000,0.00000000,0.00000000,0.00000000,0.00000000,0.00000000,0.00000000,0.00000000,0.00000000,0.00000000,0.00000000,0.00000000,0.00000000,0.00000000,0.00000000,0.00000000,0.00000000,0.00000000,0.00000000,0.00000000,0.00000000,0.00000000,0.00000000,0.00000000,0.00000000,0.00000000,0.00000000,0.00000000,0.00000000,0.00000000,0.00000000,0.00000000,0.00000000,0.00000000,0.00000000,0.00000000,0.00000000,0.00000000,0.00000000,0.00000000,52.16390805,59.27059650,0.00000000,52.30787977,68.93931046,0.00000000,0.00000000,42.37681740,44.86393848,37.98075676,61.50802383,34.06681137,41.27028363,39.90986813,28.09846398,67.66586914,61.74389807,21.19129807,19.04216336,36.90930474,20.38110951,9.17444377,40.38920610,12.83039364,13.71004106,0.00000000,31.52087723,46.96998914,38.66848112,24.90354740,0.00000000,17.17631863,0.00000000,0.00000000,0.00000000,0.00000000,23.21331429,0.00000000,0.00000000,0.00000000,0.00000000,0.00000000,27.95722549,0.00000000,0.00000000,0.00000000,0.00000000,0.00000000,0.00000000,0.00000000,0.00000000,0.00000000,0.00000000,0.00000000,0.00000000,0.00000000,0.00000000,0.00000000,0.00000000,0.00000000,0.00000000,0.00000000,63.59267044,0.00000000,0.00000000,0.00000000,0.00000000,0.00000000,72.89316368,0.00000000,57.72014999,70.78849506,0.00000000,0.00000000,0.00000000,0.00000000,0.00000000,0.00000000,68.73934234,71.77299239,71.97872014,0.00000000,0.00000000,0.00000000,0.00000000,0.00000000,0.00000000,0.00000000,0.00000000,0.00000000,66.47953351,0.00000000,0.00000000,0.00000000,0.00000000,0.00000000
0.00000000,0.00000000,0.00000000,0.00000000,0.00000000,0.00000000,0.00000000,0.00000000,0.00000000,0.00000000,0.00000000,0.00000000,0.00000000,0.00000000,0.00000000,0.00000000,0.00000000,0.00000000,0.00000000,0.00000000,0.00000000,0.00000000,0.00000000,0.00000000,0.00000000,0.00000000,0.00000000,0.00000000,0.00000000,0.00000000,0.00000000,0.00000000,0.00000000,0.00000000,0.00000000,0.00000000,0.00000000,0.00000000,0.00000000,0.00000000,0.00000000,0.00000000,0.00000000,0.00000000,0.00000000,0.00000000,0.00000000,0.00000000,0.00000000,0.00000000,0.00000000,0.00000000,0.00000000,0.00000000,0.00000000,0.00000000,0.00000000,0.00000000,0.00000000,0.00000000,0.00000000,0.00000000,0.00000000,0.00000000,0.00000000,0.00000000,0.00000000,0.00000000,0.00000000,0.00000000,0.00000000,0.00000000,0.00000000,0.00000000,0.00000000,0.00000000,0.00000000,0.00000000,0.00000000,0.00000000,0.00000000,0.00000000,0.00000000,0.00000000,0.00000000,0.00000000,0.00000000,0.00000000,0.00000000,0.00000000,0.00000000,0.00000000,0.00000000,0.00000000,0.00000000,0.00000000,0.00000000,0.00000000,61.33268314,0.00000000,0.00000000,0.00000000,0.00000000,0.00000000,0.00000000,51.48848695,0.00000000,0.00000000,0.00000000,39.53958336,0.00000000,0.00000000,0.00000000,0.00000000,0.00000000,34.18353974,50.55048709,0.00000000,23.19355209,31.88623755,18.45579068,45.16754357,10.70239449,31.52087723,0.00000000,25.10164929,11.66102073,12.17838267,23.90575985,26.03805533,43.98596319,31.98966088,32.06755580,38.58826724,39.15949866,0.00000000,43.81609917,48.89958191,44.02257754,47.99229311,48.83211902,0.00000000,0.00000000,43.01877441,55.60212555,0.00000000,57.19314098,0.00000000,0.00000000,0.00000000,0.00000000,61.43726836,0.00000000,0.00000000,0.00000000,0.00000000,0.00000000,0.00000000,0.00000000,0.00000000,76.50684079,0.00000000,0.00000000,0.00000000,0.00000000,0.00000000,0.00000000,0.00000000,74.42216873,82.37022400,73.68896437,0.00000000,0.00000000,0.00000000,0.00000000,0.00000000,80.51969692,0.00000000,0.00000000,0.00000000,76.19953728,0.00000000,0.00000000,0.00000000,0.00000000,0.00000000,0.00000000,0.00000000,0.00000000,0.00000000,0.00000000,0.00000000,0.00000000,0.00000000
0.00000000,0.00000000,0.00000000,0.00000000,0.00000000,0.00000000,0.00000000,0.00000000,0.00000000,0.00000000,0.00000000,0.00000000,0.00000000,0.00000000,0.00000000,0.00000000,0.00000000,0.00000000,0.00000000,0.00000000,0.00000000,0.00000000,0.00000000,0.00000000,0.00000000,0.00000000,0.00000000,0.00000000,0.00000000,0.00000000,0.00000000,0.00000000,0.00000000,0.00000000,0.00000000,0.00000000,0.00000000,0.00000000,0.00000000,0.00000000,0.00000000,0.00000000,0.00000000,0.00000000,0.00000000,0.00000000,0.00000000,0.00000000,0.00000000,0.00000000,0.00000000,0.00000000,0.00000000,0.00000000,0.00000000,0.00000000,0.00000000,0.00000000,0.00000000,0.00000000,0.00000000,0.00000000,0.00000000,0.00000000,0.00000000,0.00000000,0.00000000,0.00000000,0.00000000,0.00000000,0.00000000,0.00000000,0.00000000,0.00000000,0.00000000,0.00000000,0.00000000,0.00000000,0.00000000,0.00000000,0.00000000,0.00000000,0.00000000,0.00000000,0.00000000,0.00000000,0.00000000,0.00000000,0.00000000,0.00000000,0.00000000,0.00000000,0.00000000,0.00000000,0.00000000,0.00000000,0.00000000,0.00000000,61.62382880,0.00000000,0.00000000,0.00000000,0.00000000,0.00000000,0.00000000,56.32260895,0.00000000,0.00000000,0.00000000,36.86449695,0.00000000,0.00000000,0.00000000,0.00000000,0.00000000,40.37018108,58.70247412,0.00000000,22.60306551,31.55039673,14.10176061,0.00000000,28.25610036,46.96998914,25.10164929,0.00000000,23.75926258,41.20811915,14.22382957,46.82088785,16.00922418,49.82536272,37.15229014,22.79584221,51.83624285,0.00000000,58.19663208,33.37474228,45.52944205,37.66294437,58.50166766,0.00000000,0.00000000,64.04556942,63.88832451,49.76246814,68.89027119,0.00000000,53.94653484,57.61992550,0.00000000,75.38107402,64.68865585,74.07736359,0.00000000,73.28664780,0.00000000,0.00000000,72.31521861,77.18850861,81.58779907,71.62046755,0.00000000,83.52873039,0.00000000,79.28271811,90.97936334,0.00000000,80.02847417,88.28067271,77.52809111,78.35578641,0.00000000,0.00000000,82.56850243,0.00000000,85.63105797,0.00000000,90.26081657,0.00000000,82.73807526,82.21613407,83.36405208,0.00000000,0.00000000,87.65584617,84.49047752,0.00000000,86.98863275,0.00000000,0.00000000,0.00000000,87.72229156,0.00000000
0.00000000,0.00000000,0.00000000,0.00000000,0.00000000,0.00000000,0.00000000,0.00000000,0.00000000,0.00000000,0.00000000,0.00000000,0.00000000,0.00000000,0.00000000,0.00000000,0.00000000,0.00000000,0.00000000,0.00000000,0.00000000,0.00000000,0.00000000,0.00000000,0.00000000,0.00000000,0.00000000,0.00000000,0.00000000,0.00000000,0.00000000,0.00000000,0.00000000,0.00000000,0.00000000,0.00000000,0.00000000,0.00000000,0.00000000,0.00000000,0.00000000,0.00000000,0.00000000,0.00000000,0.00000000,0.00000000,0.00000000,0.00000000,0.00000000,0.00000000,0.00000000,0.00000000,0.00000000,0.00000000,0.00000000,0.00000000,0.00000000,0.00000000,0.00000000,0.00000000,0.00000000,0.00000000,0.00000000,0.00000000,0.00000000,0.00000000,0.00000000,0.00000000,0.00000000,0.00000000,0.00000000,0.00000000,0.00000000,0.00000000,0.00000000,0.00000000,0.00000000,0.00000000,0.00000000,0.00000000,0.00000000,0.00000000,0.00000000,0.00000000,0.00000000,0.00000000,0.00000000,0.00000000,0.00000000,0.00000000,0.00000000,0.00000000,0.00000000,0.00000000,0.00000000,0.00000000,0.00000000,0.00000000,61.81908001,0.00000000,0.00000000,0.00000000,0.00000000,0.00000000,0.00000000,55.42796256,0.00000000,0.00000000,0.00000000,41.25009809,0.00000000,0.00000000,0.00000000,0.00000000,0.00000000,41.61492021,49.28322919,0.00000000,31.20484500,35.17962251,21.22834512,0.00000000,15.68216003,38.66848112,11.66102073,23.75926258,0.00000000,10.26871567,14.52923687,17.70688593,40.32866642,20.32468525,14.33230946,28.70074993,33.22063244,0.00000000,41.01064401,50.66330482,33.51378273,39.48568953,44.88639638,0.00000000,0.00000000,52.54170799,54.97493760,46.23683548,57.70756291,0.00000000,59.71545448,51.98562508,0.00000000,67.37597506,57.58529143,66.28950972,0.00000000,64.57272348,0.00000000,0.00000000,67.36287079,0.00000000,76.24529897,66.62919464,0.00000000,78.14811770,0.00000000,77.99022522,85.08763123,0.00000000,73.58896981,82.52527064,73.06157930,78.08836670,0.00000000,0.00000000,80.31859080,0.00000000,78.61646226,0.00000000,83.81860638,0.00000000,78.22042124,0.00000000,83.12872887,0.00000000,0.00000000,87.18973732,83.32954661,0.00000000,82.38030752,0.00000000,0.00000000,0.00000000,83.69130993,0.00000000
0.00000000,0.00000000,0.00000000,0.00000000,0.00000000,0.00000000,0.00000000,0.00000000,0.00000000,0.00000000,0.00000000,0.00000000,0.00000000,0.00000000,0.00000000,0.00000000,0.00000000,0.00000000,0.00000000,0.00000000,0.00000000,0.00000000,0.00000000,0.00000000,0.00000000,0.00000000,0.00000000,0.00000000,0.00000000,0.00000000,0.00000000,0.00000000,0.00000000,0.00000000,0.00000000,0.00000000,0.00000000,0.00000000,0.00000000,0.00000000,0.00000000,0.00000000,0.00000000,0.00000000,0.00000000,0.00000000,0.00000000,0.00000000,0.00000000,0.00000000,0.00000000,0.00000000,0.00000000,0.00000000,0.00000000,0.00000000,0.00000000,0.00000000,0.00000000,0.00000000,0.00000000,0.00000000,0.00000000,0.00000000,0.00000000,0.00000000,0.00000000,0.00000000,0.00000000,0.00000000,0.00000000,0.00000000,0.00000000,0.00000000,0.00000000,0.00000000,0.00000000,0.00000000,0.00000000,0.00000000,0.00000000,0.00000000,0.00000000,0.00000000,0.00000000,0.00000000,0.00000000,0.00000000,0.00000000,0.00000000,0.00000000,0.00000000,0.00000000,0.00000000,0.00000000,0.00000000,0.00000000,0.00000000,61.30833296,0.00000000,0.00000000,0.00000000,0.00000000,0.00000000,0.00000000,53.63346767,0.00000000,0.00000000,0.00000000,30.67584839,0.00000000,0.00000000,0.00000000,0.00000000,0.00000000,36.62497807,0.00000000,0.00000000,31.83743803,28.02300248,35.80554873,0.00000000,14.48005165,24.90354740,12.17838267,41.20811915,10.26871567,0.00000000,31.52321980,11.00997086,48.81367445,19.85753584,19.39920702,35.23135437,25.19726213,0.00000000,35.10322583,37.81049466,34.13540143,40.66320038,36.70564527,0.00000000,0.00000000,40.54746012,46.89943377,0.00000000,48.50542628,0.00000000,0.00000000,0.00000000,0.00000000,55.76143417,0.00000000,0.00000000,0.00000000,0.00000000,0.00000000,0.00000000,0.00000000,0.00000000,68.80251884,55.86211141,0.00000000,0.00000000,0.00000000,0.00000000,71.02793503,0.00000000,70.42561213,76.11486598,69.19393697,0.00000000,0.00000000,0.00000000,0.00000000,0.00000000,76.49918270,0.00000000,0.00000000,0.00000000,72.96797562,0.00000000,0.00000000,0.00000000,0.00000000,0.00000000,0.00000000,0.00000000,0.00000000,0.00000000,0.00000000,0.00000000,0.00000000,0.00000000
0.00000000,0.00000000,0.00000000,0.00000000,0.00000000,0.00000000,0.00000000,0.00000000,0.00000000,0.00000000,0.00000000,0.00000000,0.00000000,0.00000000,0.00000000,0.00000000,0.00000000,0.00000000,0.00000000,0.00000000,0.00000000,0.00000000,0.00000000,0.00000000,0.00000000,0.00000000,0.00000000,0.00000000,0.00000000,0.00000000,0.00000000,0.00000000,0.00000000,0.00000000,0.00000000,0.00000000,0.00000000,0.00000000,0.00000000,0.00000000,0.00000000,0.00000000,0.00000000,0.00000000,0.00000000,0.00000000,0.00000000,0.00000000,0.00000000,0.00000000,0.00000000,0.00000000,0.00000000,0.00000000,0.00000000,0.00000000,0.00000000,0.00000000,0.00000000,0.00000000,0.00000000,0.00000000,0.00000000,0.00000000,0.00000000,0.00000000,0.00000000,0.00000000,0.00000000,0.00000000,0.00000000,0.00000000,0.00000000,0.00000000,0.00000000,0.00000000,0.00000000,0.00000000,0.00000000,0.00000000,0.00000000,0.00000000,0.00000000,0.00000000,0.00000000,0.00000000,0.00000000,0.00000000,0.00000000,0.00000000,0.00000000,0.00000000,0.00000000,0.00000000,0.00000000,0.00000000,0.00000000,0.00000000,58.29682405,0.00000000,0.00000000,0.00000000,0.00000000,0.00000000,0.00000000,0.00000000,0.00000000,0.00000000,0.00000000,0.00000000,0.00000000,0.00000000,0.00000000,0.00000000,0.00000000,0.00000000,0.00000000,0.00000000,8.08723259,0.00000000,19.22828540,0.00000000,23.94217463,0.00000000,23.90575985,14.22382957,14.52923687,31.52321980,0.00000000,32.77922264,18.72972049,36.95470289,16.29466921,11.62572272,40.92406143,0.00000000,46.58334131,34.31959472,30.96366390,28.06021104,49.33197890,0.00000000,0.00000000,49.49875514,55.19597077,38.32482139,59.27365971,0.00000000,48.15730887,43.58466848,0.00000000,66.64685113,54.48565407,63.66482417,0.00000000,59.11329971,0.00000000,0.00000000,61.34853172,0.00000000,72.64341941,61.27783797,0.00000000,73.27290090,0.00000000,71.46897634,80.56289257,0.00000000,71.76056951,77.99940300,69.34627151,73.02324804,0.00000000,0.00000000,74.51295802,0.00000000,77.05611483,0.00000000,0.00000000,0.00000000,74.96733623,0.00000000,77.10634093,0.00000000,0.00000000,80.35762215,75.76461487,0.00000000,0.00000000,0.00000000,0.00000000,0.00000000,78.51781006,0.00000000
0.00000000,0.00000000,0.00000000,0.00000000,0.00000000,0.00000000,0.00000000,0.00000000,0.00000000,0.00000000,0.00000000,0.00000000,0.00000000,0.00000000,0.00000000,0.00000000,0.00000000,0.00000000,0.00000000,0.00000000,0.00000000,0.00000000,0.00000000,0.00000000,0.00000000,0.00000000,0.00000000,0.00000000,0.00000000,0.00000000,0.00000000,0.00000000,0.00000000,0.00000000,0.00000000,0.00000000,0.00000000,0.00000000,0.00000000,0.00000000,0.00000000,0.00000000,0.00000000,0.00000000,0.00000000,0.00000000,0.00000000,0.00000000,0.00000000,0.00000000,0.00000000,0.00000000,0.00000000,0.00000000,0.00000000,0.00000000,0.00000000,0.00000000,0.00000000,0.00000000,0.00000000,0.00000000,0.00000000,0.00000000,0.00000000,0.00000000,0.00000000,0.00000000,0.00000000,0.00000000,0.00000000,0.00000000,0.00000000,0.00000000,0.00000000,0.00000000,0.00000000,0.00000000,0.00000000,0.00000000,0.00000000,0.00000000,0.00000000,0.00000000,0.00000000,0.00000000,0.00000000,0.00000000,0.00000000,0.00000000,0.00000000,0.00000000,0.00000000,0.00000000,0.00000000,0.00000000,0.00000000,0.00000000,62.12223498,0.00000000,0.00000000,0.00000000,0.00000000,0.00000000,0.00000000,54.55039501,0.00000000,0.00000000,0.00000000,0.00000000,0.00000000,0.00000000,0.00000000,0.00000000,0.00000000,40.24923801,0.00000000,0.00000000,38.44864702,25.26500681,43.41034575,0.00000000,23.44316132,17.17631863,26.03805533,46.82088785,17.70688593,11.00997086,32.77922264,0.00000000,51.56590250,11.36051886,11.64041217,35.69862008,11.17218670,0.00000000,23.74325321,54.41307488,20.51178265,39.46546722,24.17966669,0.00000000,0.00000000,36.90863102,40.13577529,36.68566380,43.02410742,0.00000000,53.41627312,0.00000000,0.00000000,51.48270158,45.50750780,52.98360803,0.00000000,0.00000000,0.00000000,0.00000000,0.00000000,55.09057247,64.86071253,55.62213287,0.00000000,65.83023089,0.00000000,69.58894475,75.19914246,0.00000000,67.41311734,73.78946228,68.59075437,0.00000000,0.00000000,0.00000000,0.00000000,0.00000000,71.92798843,0.00000000,77.62457041,0.00000000,72.24073029,0.00000000,0.00000000,0.00000000,0.00000000,78.20183563,0.00000000,0.00000000,76.81757185,0.00000000,0.00000000,0.00000000,78.17870585,0.00000000
0.00000000,0.00000000,0.00000000,0.00000000,0.00000000,0.00000000,0.00000000,0.00000000,0.00000000,0.00000000,0.00000000,0.00000000,0.00000000,0.00000000,0.00000000,0.00000000,0.00000000,0.00000000,0.00000000,0.00000000,0.00000000,0.00000000,0.00000000,0.00000000,0.00000000,0.00000000,0.00000000,0.00000000,0.00000000,0.00000000,0.00000000,0.00000000,0.00000000,0.00000000,0.00000000,0.00000000,0.00000000,0.00000000,0.00000000,0.00000000,0.00000000,0.00000000,0.00000000,0.00000000,0.00000000,0.00000000,0.00000000,0.00000000,0.00000000,0.00000000,0.00000000,0.00000000,0.00000000,0.00000000,0.00000000,0.00000000,0.00000000,0.00000000,0.00000000,0.00000000,0.00000000,0.00000000,0.00000000,0.00000000,0.00000000,0.00000000,0.00000000,0.00000000,0.00000000,0.00000000,0.00000000,0.00000000,0.00000000,0.00000000,0.00000000,0.00000000,0.00000000,0.00000000,0.00000000,0.00000000,0.00000000,0.00000000,0.00000000,0.00000000,0.00000000,0.00000000,0.00000000,0.00000000,0.00000000,0.00000000,0.00000000,0.00000000,0.00000000,0.00000000,0.00000000,0.00000000,0.00000000,0.00000000,62.24095408,0.00000000,0.00000000,0.00000000,0.00000000,0.00000000,0.00000000,0.00000000,0.00000000,0.00000000,0.00000000,0.00000000,0.00000000,0.00000000,0.00000000,0.00000000,0.00000000,0.00000000,0.00000000,0.00000000,0.00000000,0.00000000,36.41135531,0.00000000,44.76200444,0.00000000,43.98596319,16.00922418,40.32866642,48.81367445,18.72972049,51.56590250,0.00000000,50.72689928,36.49953342,12.12485502,55.35087776,0.00000000,58.51510675,16.96466994,41.44507027,25.59416365,61.82093678,0.00000000,0.00000000,60.23096212,62.19163971,41.90355279,68.49249005,0.00000000,38.05840506,46.90206313,0.00000000,71.64107005,58.23754513,71.17141838,64.08772786,65.22599907,0.00000000,0.00000000,64.78472440,65.93964038,76.81854175,65.03805669,0.00000000,77.26943970,0.00000000,74.41394501,86.38470078,0.00000000,75.56852519,83.44489670,73.61307373,74.20778283,0.00000000,0.00000000,77.95048103,0.00000000,82.11139170,0.00000000,79.02704926,0.00000000,78.20949763,79.27319204,78.98271822,0.00000000,0.00000000,82.88007762,81.03325339,0.00000000,0.00000000,0.00000000,0.00000000,0.00000000,81.55118243,0.00000000
0.00000000,0.00000000,0.00000000,0.00000000,0.00000000,0.00000000,0.00000000,0.00000000,0.00000000,0.00000000,0.00000000,0.00000000,0.00000000,0.00000000,0.00000000,0.00000000,0.00000000,0.00000000,0.00000000,0.00000000,0.00000000,0.00000000,0.00000000,0.00000000,0.00000000,0.00000000,0.00000000,0.00000000,0.00000000,0.00000000,0.00000000,0.00000000,0.00000000,0.00000000,0.00000000,0.00000000,0.00000000,0.00000000,0.00000000,0.00000000,0.00000000,0.00000000,0.00000000,0.00000000,0.00000000,0.00000000,0.00000000,0.00000000,0.00000000,0.00000000,0.00000000,0.00000000,0.00000000,0.00000000,0.00000000,0.00000000,0.00000000,0.00000000,0.00000000,0.00000000,0.00000000,0.00000000,0.00000000,0.00000000,0.00000000,0.00000000,0.00000000,0.00000000,0.00000000,0.00000000,0.00000000,0.00000000,0.00000000,0.00000000,0.00000000,0.00000000,0.00000000,0.00000000,0.00000000,0.00000000,0.00000000,0.00000000,0.00000000,0.00000000,0.00000000,0.00000000,0.00000000,0.00000000,0.00000000,0.00000000,0.00000000,0.00000000,0.00000000,0.00000000,0.00000000,0.00000000,0.00000000,0.00000000,0.00000000,0.00000000,0.00000000,0.00000000,0.00000000,0.00000000,0.00000000,0.00000000,0.00000000,0.00000000,0.00000000,0.00000000,0.00000000,0.00000000,0.00000000,0.00000000,0.00000000,0.00000000,0.00000000,0.00000000,0.00000000,0.00000000,46.57891105,0.00000000,34.53267969,0.00000000,31.98966088,49.82536272,20.32468525,19.85753584,36.95470289,11.36051886,50.72689928,0.00000000,11.34394693,36.47068062,14.15253185,0.00000000,14.68746843,46.79123476,17.27780329,38.57902737,27.62102563,0.00000000,0.00000000,34.02568913,36.54898947,31.30586079,41.68506470,0.00000000,0.00000000,0.00000000,0.00000000,49.11883177,0.00000000,0.00000000,0.00000000,0.00000000,0.00000000,0.00000000,0.00000000,0.00000000,62.68168716,0.00000000,0.00000000,0.00000000,0.00000000,0.00000000,0.00000000,0.00000000,63.83981196,64.91257191,0.00000000,0.00000000,0.00000000,0.00000000,0.00000000,0.00000000,69.41961479,0.00000000,0.00000000,0.00000000,0.00000000,0.00000000,0.00000000,0.00000000,0.00000000,0.00000000,0.00000000,0.00000000,0.00000000,0.00000000,0.00000000,0.00000000,0.00000000,0.00000000
0.00000000,0.00000000,0.00000000,0.00000000,0.00000000,0.00000000,0.00000000,0.00000000,0.00000000,0.00000000,0.00000000,0.00000000,0.00000000,0.00000000,0.00000000,0.00000000,0.00000000,0.00000000,0.00000000,0.00000000,0.00000000,0.00000000,0.00000000,0.00000000,0.00000000,0.00000000,0.00000000,0.00000000,0.00000000,0.00000000,0.00000000,0.00000000,0.00000000,0.00000000,0.00000000,0.00000000,0.00000000,0.00000000,0.00000000,0.00000000,0.00000000,0.00000000,0.00000000,0.00000000,0.00000000,0.00000000,0.00000000,0.00000000,0.00000000,0.00000000,0.00000000,0.00000000,0.00000000,0.00000000,0.00000000,0.00000000,0.00000000,0.00000000,0.00000000,0.00000000,0.00000000,0.00000000,0.00000000,0.00000000,0.00000000,0.00000000,0.00000000,0.00000000,0.00000000,0.00000000,0.00000000,0.00000000,0.00000000,0.00000000,0.00000000,0.00000000,0.00000000,0.00000000,0.00000000,0.00000000,0.00000000,0.00000000,0.00000000,0.00000000,0.00000000,0.00000000,0.00000000,0.00000000,0.00000000,0.00000000,0.00000000,0.00000000,0.00000000,0.00000000,0.00000000,0.00000000,0.00000000,0.00000000,61.54548727,0.00000000,0.00000000,0.00000000,0.00000000,0.00000000,0.00000000,54.21863683,0.00000000,0.00000000,0.00000000,0.00000000,0.00000000,0.00000000,0.00000000,0.00000000,0.00000000,0.00000000,0.00000000,0.00000000,36.97897688,0.00000000,40.93939166,0.00000000,34.34619541,0.00000000,32.06755580,37.15229014,14.33230946,19.39920702,16.29466921,11.64041217,36.49953342,11.34394693,0.00000000,14.12797572,18.44361282,0.00000000,22.61998058,40.01966663,12.34121894,23.53928950,31.07622982,0.00000000,0.00000000,41.66843666,42.35492877,29.83055962,47.79788633,0.00000000,45.51591733,41.72885391,0.00000000,57.23682805,47.73044410,55.52451712,0.00000000,59.94554361,0.00000000,0.00000000,58.37701171,60.83177585,66.15985632,54.47464211,0.00000000,66.82922145,0.00000000,67.91828191,77.49849404,0.00000000,64.65477070,73.74882317,63.84581032,72.13422394,0.00000000,0.00000000,71.92042255,0.00000000,70.43543800,0.00000000,75.67690398,0.00000000,70.33946864,0.00000000,76.77564716,0.00000000,0.00000000,80.16560078,78.05692153,0.00000000,75.56730143,0.00000000,0.00000000,0.00000000,75.86338749,0.00000000
0.00000000,0.00000000,0.00000000,0.00000000,0.00000000,0.00000000,0.00000000,0.00000000,0.00000000,0.00000000,0.00000000,0.00000000,0.00000000,0.00000000,0.00000000,0.00000000,0.00000000,0.00000000,0.00000000,0.00000000,0.00000000,0.00000000,0.00000000,0.00000000,0.00000000,0.00000000,0.00000000,0.00000000,0.00000000,0.00000000,0.00000000,0.00000000,0.00000000,0.00000000,0.00000000,0.00000000,0.00000000,0.00000000,0.00000000,0.00000000,0.00000000,0.00000000,0.00000000,0.00000000,0.00000000,0.00000000,0.00000000,0.00000000,0.00000000,0.00000000,0.00000000,0.00000000,0.00000000,0.00000000,0.00000000,0.00000000,0.00000000,0.00000000,0.00000000,0.00000000,0.00000000,0.00000000,0.00000000,0.00000000,0.00000000,0.00000000,0.00000000,0.00000000,0.00000000,0.00000000,0.00000000,0.00000000,0.00000000,0.00000000,0.00000000,0.00000000,0.00000000,0.00000000,0.00000000,0.00000000,0.00000000,0.00000000,0.00000000,0.00000000,0.00000000,0.00000000,0.00000000,0.00000000,0.00000000,0.00000000,0.00000000,0.00000000,0.00000000,0.00000000,0.00000000,0.00000000,0.00000000,0.00000000,0.00000000,0.00000000,0.00000000,0.00000000,0.00000000,0.00000000,0.00000000,0.00000000,0.00000000,0.00000000,0.00000000,0.00000000,0.00000000,0.00000000,0.00000000,0.00000000,0.00000000,0.00000000,0.00000000,0.00000000,0.00000000,0.00000000,38.14740435,0.00000000,33.14492289,0.00000000,38.58826724,22.79584221,28.70074993,35.23135437,11.62572272,35.69862008,12.12485502,36.47068062,14.12797572,0.00000000,38.06619303,0.00000000,43.97955017,16.14572756,17.43420412,11.59184766,46.64072752,0.00000000,0.00000000,43.35273870,46.98546253,25.26250612,54.06063080,0.00000000,32.04959294,30.36210817,0.00000000,59.28084893,43.22779250,56.05435605,0.00000000,49.73275445,0.00000000,0.00000000,50.70505142,0.00000000,63.39653213,50.38110428,0.00000000,64.64807645,0.00000000,63.27001495,70.54786597,0.00000000,61.94541908,67.06711833,62.28324509,65.72363336,0.00000000,0.00000000,65.49975061,0.00000000,69.01143799,0.00000000,0.00000000,0.00000000,64.73184259,0.00000000,70.29200363,0.00000000,0.00000000,68.43876553,0.00000000,0.00000000,0.00000000,0.00000000,0.00000000,0.00000000,0.00000000,0.00000000
0.00000000,0.00000000,0.00000000,0.00000000,0.00000000,0.00000000,0.00000000,0.00000000,0.00000000,0.00000000,0.00000000,0.00000000,0.00000000,0.00000000,0.00000000,0.00000000,0.00000000,0.00000000,0.00000000,0.00000000,0.00000000,0.00000000,0.00000000,0.00000000,0.00000000,0.00000000,0.00000000,0.00000000,0.00000000,0.00000000,0.00000000,0.00000000,0.00000000,0.00000000,0.00000000,0.00000000,0.00000000,0.00000000,0.00000000,0.00000000,0.00000000,0.00000000,0.00000000,0.00000000,0.00000000,0.00000000,0.00000000,0.00000000,0.00000000,0.00000000,0.00000000,0.00000000,0.00000000,0.00000000,0.00000000,0.00000000,0.00000000,0.00000000,0.00000000,0.00000000,0.00000000,0.00000000,0.00000000,0.00000000,0.00000000,0.00000000,0.00000000,0.00000000,0.00000000,0.00000000,0.00000000,0.00000000,0.00000000,0.00000000,0.00000000,0.00000000,0.00000000,0.00000000,0.00000000,0.00000000,0.00000000,0.00000000,0.00000000,0.00000000,0.00000000,0.00000000,0.00000000,0.00000000,0.00000000,0.00000000,0.00000000,0.00000000,0.00000000,0.00000000,0.00000000,0.00000000,0.00000000,0.00000000,60.00603485,0.00000000,0.00000000,0.00000000,0.00000000,0.00000000,0.00000000,0.00000000,0.00000000,0.00000000,0.00000000,0.00000000,0.00000000,0.00000000,0.00000000,0.00000000,0.00000000,0.00000000,0.00000000,0.00000000,37.62379837,0.00000000,48.98065720,0.00000000,36.38890239,23.21331429,39.15949866,51.83624285,33.22063244,25.19726213,40.92406143,11.17218670,55.35087776,14.15253185,18.44361282,38.06619303,0.00000000,0.00000000,15.21931888,52.13800430,12.51365792,38.41777282,10.58007468,0.00000000,0.00000000,24.17750815,29.47111658,29.74826550,32.31907597,0.00000000,28.31169515,0.00000000,0.00000000,40.93981433,38.24407820,43.61900711,0.00000000,0.00000000,0.00000000,0.00000000,0.00000000,49.76264572,55.75525163,46.79477628,0.00000000,55.86621545,0.00000000,0.00000000,68.16401182,0.00000000,61.66092597,67.83768972,61.62562084,0.00000000,0.00000000,0.00000000,0.00000000,0.00000000,68.47370402,0.00000000,70.36673273,0.00000000,65.34771142,0.00000000,0.00000000,0.00000000,0.00000000,0.00000000,0.00000000,0.00000000,70.02962240,0.00000000,0.00000000,0.00000000,73.78816605,0.00000000
0.00000000,0.00000000,0.00000000,0.00000000,0.00000000,0.00000000,0.00000000,0.00000000,0.00000000,0.00000000,0.00000000,0.00000000,0.00000000,0.00000000,0.00000000,0.00000000,0.00000000,0.00000000,0.00000000,0.00000000,0.00000000,0.00000000,0.00000000,0.00000000,0.00000000,0.00000000,0.00000000,0.00000000,0.00000000,0.00000000,0.00000000,0.00000000,0.00000000,0.00000000,0.00000000,0.00000000,0.00000000,0.00000000,0.00000000,0.00000000,0.00000000,55.59971753,0.00000000,0.00000000,0.00000000,0.00000000,63.89553706,0.00000000,0.00000000,0.00000000,68.73673471,0.00000000,0.00000000,0.00000000,73.10599009,0.00000000,0.00000000,0.00000000,0.00000000,0.00000000,0.00000000,0.00000000,0.00000000,0.00000000,73.89793650,0.00000000,0.00000000,0.00000000,0.00000000,0.00000000,0.00000000,0.00000000,0.00000000,0.00000000,0.00000000,0.00000000,0.00000000,0.00000000,0.00000000,0.00000000,0.00000000,0.00000000,0.00000000,0.00000000,0.00000000,78.36842537,0.00000000,0.00000000,0.00000000,0.00000000,0.00000000,0.00000000,0.00000000,0.00000000,0.00000000,0.00000000,0.00000000,0.00000000,0.00000000,0.00000000,0.00000000,0.00000000,0.00000000,0.00000000,0.00000000,0.00000000,0.00000000,0.00000000,0.00000000,0.00000000,0.00000000,0.00000000,0.00000000,0.00000000,0.00000000,0.00000000,0.00000000,0.00000000,0.00000000,0.00000000,0.00000000,0.00000000,0.00000000,0.00000000,0.00000000,0.00000000,0.00000000,0.00000000,0.00000000,0.00000000,0.00000000,0.00000000,0.00000000,0.00000000,0.00000000,0.00000000,0.00000000,0.00000000,0.00000000,0.00000000,0.00000000,14.88209939,10.82273187,0.00000000,0.00000000,0.00000000,0.00000000,12.85225296,0.00000000,0.00000000,30.38998604,0.00000000,0.00000000,0.00000000,24.76684702,0.00000000,29.05483716,46.67424827,0.00000000,0.00000000,0.00000000,0.00000000,56.94523493,0.00000000,55.45705795,0.00000000,0.00000000,47.43416246,0.00000000,0.00000000,0.00000000,0.00000000,62.83953629,37.04777595,0.00000000,0.00000000,0.00000000,0.00000000,0.00000000,0.00000000,0.00000000,0.00000000,0.00000000,0.00000000,0.00000000,50.94802688,0.00000000,0.00000000,0.00000000,0.00000000,0.00000000,0.00000000,0.00000000,0.00000000
0.00000000,0.00000000,0.00000000,0.00000000,0.00000000,0.00000000,0.00000000,0.00000000,0.00000000,0.00000000,0.00000000,0.00000000,0.00000000,0.00000000,0.00000000,0.00000000,0.00000000,0.00000000,0.00000000,0.00000000,0.00000000,0.00000000,0.00000000,0.00000000,0.00000000,0.00000000,0.00000000,0.00000000,0.00000000,0.00000000,0.00000000,0.00000000,0.00000000,0.00000000,0.00000000,0.00000000,0.00000000,0.00000000,0.00000000,0.00000000,0.00000000,0.00000000,0.00000000,0.00000000,0.00000000,0.00000000,0.00000000,0.00000000,0.00000000,0.00000000,0.00000000,0.00000000,0.00000000,0.00000000,0.00000000,0.00000000,0.00000000,0.00000000,0.00000000,0.00000000,0.00000000,0.00000000,0.00000000,0.00000000,0.00000000,0.00000000,0.00000000,0.00000000,0.00000000,0.00000000,0.00000000,0.00000000,0.00000000,0.00000000,0.00000000,0.00000000,0.00000000,0.00000000,0.00000000,0.00000000,0.00000000,0.00000000,0.00000000,0.00000000,0.00000000,0.00000000,0.00000000,0.00000000,0.00000000,0.00000000,0.00000000,0.00000000,0.00000000,0.00000000,0.00000000,0.00000000,0.00000000,0.00000000,0.00000000,0.00000000,0.00000000,0.00000000,0.00000000,0.00000000,0.00000000,0.00000000,0.00000000,0.00000000,0.00000000,0.00000000,0.00000000,0.00000000,0.00000000,0.00000000,0.00000000,0.00000000,0.00000000,0.00000000,0.00000000,0.00000000,55.73840819,0.00000000,42.16561586,0.00000000,43.81609917,58.19663208,41.01064401,35.10322583,46.58334131,23.74325321,58.51510675,14.68746843,22.61998058,43.97955017,15.21931888,0.00000000,0.00000000,54.55829525,10.05430131,40.97727023,12.37676794,0.00000000,0.00000000,24.10092066,12.79700201,27.60663194,18.29419630,0.00000000,49.65382303,41.48268949,0.00000000,38.41922981,28.86711728,31.20191174,0.00000000,0.00000000,0.00000000,0.00000000,0.00000000,0.00000000,55.35178884,41.51460902,0.00000000,48.54522969,0.00000000,0.00000000,59.62319098,0.00000000,57.01623050,66.05683975,57.17419561,0.00000000,0.00000000,0.00000000,0.00000000,0.00000000,69.48210144,0.00000000,0.00000000,0.00000000,0.00000000,0.00000000,0.00000000,0.00000000,0.00000000,0.00000000,0.00000000,0.00000000,0.00000000,0.00000000,0.00000000,0.00000000,0.00000000,0.00000000
0.00000000,0.00000000,0.00000000,0.00000000,0.00000000,0.00000000,0.00000000,0.00000000,0.00000000,0.00000000,0.00000000,0.00000000,0.00000000,0.00000000,0.00000000,0.00000000,0.00000000,0.00000000,0.00000000,0.00000000,0.00000000,0.00000000,0.00000000,0.00000000,0.00000000,0.00000000,0.00000000,0.00000000,0.00000000,0.00000000,0.00000000,0.00000000,0.00000000,0.00000000,0.00000000,0.00000000,0.00000000,0.00000000,0.00000000,0.00000000,0.00000000,0.00000000,0.00000000,0.00000000,0.00000000,0.00000000,81.76055472,0.00000000,0.00000000,0.00000000,0.00000000,0.00000000,0.00000000,0.00000000,96.51657243,0.00000000,0.00000000,0.00000000,0.00000000,0.00000000,0.00000000,0.00000000,0.00000000,0.00000000,0.00000000,0.00000000,0.00000000,0.00000000,0.00000000,0.00000000,0.00000000,0.00000000,0.00000000,0.00000000,0.00000000,0.00000000,0.00000000,0.00000000,0.00000000,0.00000000,0.00000000,0.00000000,0.00000000,0.00000000,0.00000000,0.00000000,0.00000000,0.00000000,0.00000000,0.00000000,0.00000000,0.00000000,0.00000000,0.00000000,0.00000000,0.00000000,0.00000000,0.00000000,61.42588425,0.00000000,0.00000000,0.00000000,0.00000000,0.00000000,0.00000000,0.00000000,0.00000000,0.00000000,0.00000000,0.00000000,0.00000000,0.00000000,0.00000000,0.00000000,0.00000000,0.00000000,0.00000000,0.00000000,0.00000000,0.00000000,53.72779594,0.00000000,0.00000000,0.00000000,48.89958191,33.37474228,50.66330482,37.81049466,34.31959472,54.41307488,16.96466994,46.79123476,40.01966663,16.14572756,52.13800430,0.00000000,54.55829525,0.00000000,38.13145757,13.74989611,61.87877543,0.00000000,0.00000000,59.93156624,56.04326813,33.00760746,64.79006141,0.00000000,17.55940842,31.52533525,0.00000000,67.98490783,50.42752295,64.42856055,0.00000000,48.93854344,0.00000000,0.00000000,53.22963917,65.87586145,69.98112762,56.67448686,0.00000000,71.01784615,0.00000000,64.17101140,80.54218445,0.00000000,66.88534203,76.01560211,66.00968684,67.13422557,0.00000000,63.51746368,71.78291306,0.00000000,75.94111557,0.00000000,76.94909058,0.00000000,72.21651840,75.64338875,74.28604355,0.00000000,0.00000000,79.77225138,76.76201842,0.00000000,0.00000000,0.00000000,0.00000000,0.00000000,77.61605835,0.00000000
0.00000000,0.00000000,0.00000000,0.00000000,0.00000000,0.00000000,0.00000000,0.00000000,0.00000000,0.00000000,0.00000000,0.00000000,0.00000000,0.00000000,0.00000000,0.00000000,0.00000000,0.00000000,0.00000000,0.00000000,0.00000000,0.00000000,0.00000000,0.00000000,0.00000000,0.00000000,0.00000000,0.00000000,0.00000000,0.00000000,0.00000000,0.00000000,0.00000000,0.00000000,0.00000000,0.00000000,0.00000000,0.00000000,0.00000000,0.00000000,0.00000000,0.00000000,0.00000000,0.00000000,0.00000000,0.00000000,0.00000000,0.00000000,0.00000000,0.00000000,0.00000000,0.00000000,0.00000000,0.00000000,0.00000000,0.00000000,0.00000000,0.00000000,0.00000000,0.00000000,0.00000000,0.00000000,0.00000000,0.00000000,0.00000000,0.00000000,0.00000000,0.00000000,0.00000000,0.00000000,0.00000000,0.00000000,0.00000000,0.00000000,0.00000000,0.00000000,0.00000000,0.00000000,0.00000000,0.00000000,0.00000000,0.00000000,0.00000000,0.00000000,0.00000000,0.00000000,0.00000000,0.00000000,0.00000000,0.00000000,0.00000000,0.00000000,0.00000000,0.00000000,0.00000000,0.00000000,0.00000000,0.00000000,59.80645407,0.00000000,0.00000000,0.00000000,0.00000000,0.00000000,0.00000000,51.89919701,0.00000000,0.00000000,0.00000000,0.00000000,0.00000000,0.00000000,0.00000000,0.00000000,0.00000000,0.00000000,0.00000000,0.00000000,35.04448318,0.00000000,49.06829288,0.00000000,43.19680588,0.00000000,44.02257754,45.52944205,33.51378273,34.13540143,30.96366390,20.51178265,41.44507027,17.27780329,12.34121894,17.43420412,12.51365792,0.00000000,10.05430131,38.13145757,0.00000000,13.90468243,12.37511026,0.00000000,0.00000000,23.24687245,12.96389350,13.78632529,23.82683163,0.00000000,37.34816555,31.10778340,0.00000000,40.92499651,32.36287012,36.62943924,0.00000000,51.70318365,0.00000000,0.00000000,46.66819772,52.98739461,55.23817074,41.32583237,0.00000000,53.20608266,0.00000000,58.64807269,69.53062439,0.00000000,55.34776497,65.57819294,56.18755032,67.56495424,0.00000000,0.00000000,66.57551498,0.00000000,62.74876344,65.17838375,70.29876680,0.00000000,62.54572906,0.00000000,72.10763532,0.00000000,0.00000000,76.87560688,68.31972392,0.00000000,69.14040826,0.00000000,0.00000000,0.00000000,71.03562832,72.46882837
0.00000000,0.00000000,0.00000000,0.00000000,0.00000000,0.00000000,0.00000000,0.00000000,0.00000000,0.00000000,0.00000000,0.00000000,0.00000000,0.00000000,0.00000000,0.00000000,0.00000000,0.00000000,0.00000000,0.00000000,0.00000000,0.00000000,0.00000000,0.00000000,0.00000000,0.00000000,0.00000000,0.00000000,0.00000000,0.00000000,0.00000000,0.00000000,0.00000000,0.00000000,0.00000000,0.00000000,0.00000000,0.00000000,0.00000000,0.00000000,0.00000000,0.00000000,0.00000000,0.00000000,0.00000000,0.00000000,0.00000000,0.00000000,0.00000000,0.00000000,0.00000000,0.00000000,0.00000000,0.00000000,0.00000000,0.00000000,0.00000000,0.00000000,0.00000000,0.00000000,0.00000000,0.00000000,0.00000000,0.00000000,0.00000000,0.00000000,0.00000000,0.00000000,0.00000000,0.00000000,0.00000000,0.00000000,0.00000000,0.00000000,0.00000000,0.00000000,0.00000000,0.00000000,0.00000000,0.00000000,0.00000000,0.00000000,0.00000000,0.00000000,0.00000000,0.00000000,0.00000000,0.00000000,0.00000000,0.00000000,0.00000000,0.00000000,0.00000000,0.00000000,0.00000000,0.00000000,0.00000000,0.00000000,0.00000000,0.00000000,0.00000000,0.00000000,0.00000000,0.00000000,0.00000000,0.00000000,0.00000000,0.00000000,0.00000000,0.00000000,0.00000000,0.00000000,0.00000000,0.00000000,0.00000000,0.00000000,0.00000000,0.00000000,0.00000000,0.00000000,48.38755341,0.00000000,0.00000000,0.00000000,47.99229311,37.66294437,39.48568953,40.66320038,28.06021104,39.46546722,25.59416365,38.57902737,23.53928950,11.59184766,38.41777282,0.00000000,40.97727023,13.74989611,13.90468243,0.00000000,43.95096710,0.00000000,0.00000000,45.42754030,37.68872507,12.82530301,48.05347704,0.00000000,15.15776184,14.49343176,0.00000000,53.49847490,33.98476764,49.28730513,0.00000000,38.00391272,0.00000000,0.00000000,37.28418201,48.84957286,56.57002977,41.72425009,0.00000000,56.30766441,0.00000000,50.04310712,68.25680420,0.00000000,52.90839052,62.29454486,50.77637482,61.08111590,0.00000000,0.00000000,60.68468447,0.00000000,62.62550507,0.00000000,0.00000000,0.00000000,60.15911341,0.00000000,67.87300212,0.00000000,0.00000000,69.84865655,66.60610199,0.00000000,0.00000000,0.00000000,0.00000000,0.00000000,63.38399696,0.00000000
0.00000000,0.00000000,0.00000000,0.00000000,0.00000000,0.00000000,0.00000000,0.00000000,0.00000000,0.00000000,0.00000000,0.00000000,0.00000000,0.00000000,0.00000000,0.00000000,0.00000000,0.00000000,0.00000000,0.00000000,0.00000000,0.00000000,0.00000000,0.00000000,0.00000000,0.00000000,0.00000000,0.00000000,0.00000000,0.00000000,0.00000000,0.00000000,0.00000000,0.00000000,0.00000000,0.00000000,0.00000000,0.00000000,0.00000000,0.00000000,0.00000000,0.00000000,0.00000000,0.00000000,0.00000000,0.00000000,0.00000000,0.00000000,0.00000000,0.00000000,0.00000000,0.00000000,0.00000000,0.00000000,0.00000000,0.00000000,0.00000000,0.00000000,0.00000000,0.00000000,0.00000000,0.00000000,0.00000000,0.00000000,0.00000000,0.00000000,0.00000000,0.00000000,0.00000000,0.00000000,0.00000000,0.00000000,0.00000000,0.00000000,0.00000000,0.00000000,0.00000000,0.00000000,0.00000000,0.00000000,0.00000000,0.00000000,0.00000000,0.00000000,0.00000000,0.00000000,0.00000000,0.00000000,0.00000000,0.00000000,0.00000000,0.00000000,0.00000000,0.00000000,0.00000000,0.00000000,0.00000000,0.00000000,64.97659302,0.00000000,0.00000000,0.00000000,0.00000000,0.00000000,0.00000000,0.00000000,0.00000000,0.00000000,0.00000000,0.00000000,0.00000000,0.00000000,0.00000000,0.00000000,0.00000000,0.00000000,0.00000000,0.00000000,42.96912311,0.00000000,56.02844639,0.00000000,43.40308269,27.95722549,48.83211902,58.50166766,44.88639638,36.70564527,49.33197890,24.17966669,61.82093678,27.62102563,31.07622982,46.64072752,10.58007468,0.00000000,12.37676794,61.87877543,12.37511026,43.95096710,0.00000000,0.00000000,0.00000000,10.93148295,14.37717569,26.47656781,14.53645763,0.00000000,59.18961304,44.20846916,0.00000000,30.00212500,33.83233929,31.41738097,0.00000000,0.00000000,0.00000000,0.00000000,53.22903633,52.78054105,48.94323880,40.11685581,0.00000000,45.46164450,0.00000000,62.85224787,67.75073807,0.00000000,58.01279068,64.26241925,63.74063746,0.00000000,0.00000000,0.00000000,0.00000000,0.00000000,67.02612462,63.63287562,69.99481392,0.00000000,68.04784470,0.00000000,0.00000000,0.00000000,0.00000000,0.00000000,0.00000000,0.00000000,71.94336319,0.00000000,0.00000000,0.00000000,0.00000000,0.00000000
0.00000000,0.00000000,0.00000000,0.00000000,0.00000000,0.00000000,0.00000000,0.00000000,0.00000000,0.00000000,0.00000000,0.00000000,0.00000000,0.00000000,0.00000000,0.00000000,0.00000000,0.00000000,0.00000000,0.00000000,0.00000000,0.00000000,0.00000000,0.00000000,0.00000000,0.00000000,0.00000000,0.00000000,0.00000000,0.00000000,0.00000000,0.00000000,0.00000000,0.00000000,0.00000000,0.00000000,0.00000000,0.00000000,0.00000000,0.00000000,0.00000000,0.00000000,0.00000000,0.00000000,0.00000000,0.00000000,63.21949158,0.00000000,0.00000000,0.00000000,66.49205748,0.00000000,0.00000000,73.58563190,73.12121865,0.00000000,0.00000000,0.00000000,0.00000000,71.93812052,0.00000000,0.00000000,0.00000000,0.00000000,74.51434012,0.00000000,0.00000000,0.00000000,0.00000000,0.00000000,0.00000000,0.00000000,74.90833426,0.00000000,0.00000000,0.00000000,0.00000000,0.00000000,0.00000000,0.00000000,0.00000000,0.00000000,0.00000000,0.00000000,83.08521967,86.70471191,0.00000000,0.00000000,0.00000000,0.00000000,0.00000000,0.00000000,0.00000000,0.00000000,0.00000000,0.00000000,0.00000000,0.00000000,0.00000000,0.00000000,0.00000000,0.00000000,0.00000000,0.00000000,0.00000000,0.00000000,0.00000000,0.00000000,0.00000000,0.00000000,0.00000000,0.00000000,0.00000000,0.00000000,0.00000000,0.00000000,0.00000000,0.00000000,0.00000000,0.00000000,0.00000000,0.00000000,0.00000000,0.00000000,0.00000000,0.00000000,0.00000000,0.00000000,0.00000000,0.00000000,0.00000000,0.00000000,0.00000000,0.00000000,0.00000000,14.88209939,0.00000000,0.00000000,0.00000000,0.00000000,0.00000000,0.00000000,22.49327766,0.00000000,0.00000000,0.00000000,0.00000000,9.64212329,0.00000000,0.00000000,8.78695543,0.00000000,0.00000000,0.00000000,30.37734674,0.00000000,15.55556958,27.14256357,0.00000000,0.00000000,0.00000000,0.00000000,43.23330443,0.00000000,39.77878976,0.00000000,0.00000000,29.00245052,0.00000000,0.00000000,0.00000000,0.00000000,46.60042508,31.61864558,0.00000000,34.88302898,0.00000000,0.00000000,0.00000000,0.00000000,0.00000000,0.00000000,0.00000000,0.00000000,0.00000000,43.05466755,0.00000000,0.00000000,0.00000000,0.00000000,0.00000000,0.00000000,0.00000000,0.00000000
0.00000000,0.00000000,0.00000000,0.00000000,0.00000000,0.00000000,0.00000000,0.00000000,0.00000000,0.00000000,0.00000000,0.00000000,0.00000000,0.00000000,0.00000000,0.00000000,0.00000000,0.00000000,0.00000000,0.00000000,0.00000000,0.00000000,0.00000000,0.00000000,0.00000000,0.00000000,0.00000000,0.00000000,0.00000000,0.00000000,0.00000000,0.00000000,0.00000000,0.00000000,0.00000000,0.00000000,0.00000000,0.00000000,0.00000000,0.00000000,0.00000000,64.91895921,0.00000000,0.00000000,0.00000000,0.00000000,73.57041726,0.00000000,0.00000000,0.00000000,78.83094931,0.00000000,0.00000000,0.00000000,80.69186592,0.00000000,0.00000000,0.00000000,0.00000000,0.00000000,0.00000000,0.00000000,0.00000000,0.00000000,85.64603678,0.00000000,0.00000000,0.00000000,0.00000000,0.00000000,0.00000000,0.00000000,0.00000000,0.00000000,78.23898094,0.00000000,0.00000000,0.00000000,0.00000000,0.00000000,0.00000000,85.15425301,0.00000000,0.00000000,0.00000000,87.86629931,0.00000000,0.00000000,0.00000000,0.00000000,0.00000000,0.00000000,0.00000000,0.00000000,0.00000000,0.00000000,0.00000000,0.00000000,0.00000000,0.00000000,0.00000000,0.00000000,0.00000000,0.00000000,0.00000000,0.00000000,0.00000000,0.00000000,0.00000000,0.00000000,0.00000000,0.00000000,0.00000000,0.00000000,0.00000000,0.00000000,0.00000000,0.00000000,0.00000000,0.00000000,0.00000000,0.00000000,0.00000000,0.00000000,0.00000000,0.00000000,0.00000000,0.00000000,0.00000000,0.00000000,0.00000000,0.00000000,0.00000000,0.00000000,0.00000000,10.82273187,0.00000000,0.00000000,0.00000000,0.00000000,0.00000000,22.49327766,0.00000000,0.00000000,0.00000000,0.00000000,0.00000000,10.21812040,0.00000000,0.00000000,34.65352176,0.00000000,0.00000000,0.00000000,11.16185452,0.00000000,27.54080567,51.65094087,0.00000000,0.00000000,0.00000000,0.00000000,57.47825909,0.00000000,56.86366743,0.00000000,0.00000000,47.06717211,0.00000000,0.00000000,0.00000000,0.00000000,64.58812541,35.83784794,0.00000000,0.00000000,0.00000000,0.00000000,0.00000000,0.00000000,0.00000000,33.01726333,0.00000000,0.00000000,0.00000000,49.57966317,37.90196228,0.00000000,0.00000000,0.00000000,0.00000000,0.00000000,0.00000000,0.00000000
0.00000000,0.00000000,0.00000000,0.00000000,0.00000000,0.00000000,0.00000000,0.00000000,0.00000000,0.00000000,0.00000000,0.00000000,0.00000000,0.00000000,0.00000000,0.00000000,0.00000000,0.00000000,0.00000000,0.00000000,0.00000000,0.00000000,0.00000000,0.00000000,0.00000000,0.00000000,0.00000000,0.00000000,0.00000000,0.00000000,0.00000000,0.00000000,0.00000000,0.00000000,0.00000000,0.00000000,0.00000000,0.00000000,0.00000000,0.00000000,0.00000000,0.00000000,0.00000000,0.00000000,0.00000000,0.00000000,0.00000000,0.00000000,0.00000000,0.00000000,0.00000000,0.00000000,0.00000000,0.00000000,0.00000000,0.00000000,0.00000000,0.00000000,0.00000000,0.00000000,0.00000000,0.00000000,0.00000000,0.00000000,0.00000000,0.00000000,0.00000000,0.00000000,0.00000000,0.00000000,0.00000000,0.00000000,0.00000000,0.00000000,0.00000000,0.00000000,0.00000000,0.00000000,0.00000000,0.00000000,0.00000000,0.00000000,0.00000000,0.00000000,0.00000000,0.00000000,0.00000000,0.00000000,0.00000000,0.00000000,0.00000000,0.00000000,0.00000000,0.00000000,0.00000000,0.00000000,0.00000000,0.00000000,0.00000000,0.00000000,0.00000000,0.00000000,0.00000000,0.00000000,0.00000000,0.00000000,0.00000000,0.00000000,0.00000000,0.00000000,0.00000000,0.00000000,0.00000000,0.00000000,0.00000000,0.00000000,0.00000000,0.00000000,0.00000000,0.00000000,58.46334118,0.00000000,0.00000000,0.00000000,43.01877441,64.04556942,52.54170799,40.54746012,49.49875514,36.90863102,60.23096212,34.02568913,41.66843666,43.35273870,24.17750815,0.00000000,24.10092066,59.93156624,23.24687245,45.42754030,10.93148295,0.00000000,0.00000000,0.00000000,16.60209404,29.54569666,10.78474796,0.00000000,55.92209625,35.13172086,0.00000000,11.86830181,21.61479751,22.16469124,0.00000000,0.00000000,0.00000000,0.00000000,41.62504807,44.93168831,33.50105743,29.96711200,0.00000000,33.01081334,0.00000000,40.05723461,62.33440908,0.00000000,44.54307547,56.77843312,54.65131760,0.00000000,0.00000000,0.00000000,0.00000000,0.00000000,62.22967275,0.00000000,56.30223497,0.00000000,0.00000000,0.00000000,0.00000000,0.00000000,0.00000000,0.00000000,0.00000000,0.00000000,0.00000000,0.00000000,0.00000000,0.00000000,0.00000000,0.00000000
0.00000000,0.00000000,0.00000000,0.00000000,0.00000000,0.00000000,0.00000000,0.00000000,0.00000000,0.00000000,0.00000000,0.00000000,0.00000000,0.00000000,0.00000000,0.00000000,0.00000000,0.00000000,0.00000000,0.00000000,0.00000000,0.00000000,0.00000000,0.00000000,0.00000000,0.00000000,0.00000000,0.00000000,0.00000000,0.00000000,0.00000000,0.00000000,0.00000000,0.00000000,0.00000000,0.00000000,0.00000000,0.00000000,0.00000000,0.00000000,0.00000000,0.00000000,0.00000000,0.00000000,0.00000000,0.00000000,0.00000000,0.00000000,0.00000000,0.00000000,0.00000000,0.00000000,0.00000000,0.00000000,0.00000000,0.00000000,0.00000000,0.00000000,0.00000000,0.00000000,0.00000000,0.00000000,0.00000000,0.00000000,0.00000000,0.00000000,0.00000000,0.00000000,0.00000000,0.00000000,0.00000000,0.00000000,0.00000000,0.00000000,0.00000000,0.00000000,0.00000000,0.00000000,0.00000000,0.00000000,0.00000000,0.00000000,0.00000000,0.00000000,0.00000000,0.00000000,0.00000000,0.00000000,0.00000000,0.00000000,0.00000000,0.00000000,0.00000000,0.00000000,0.00000000,0.00000000,0.00000000,0.00000000,65.23369630,0.00000000,0.00000000,0.00000000,0.00000000,0.00000000,0.00000000,49.05972214,0.00000000,0.00000000,0.00000000,0.00000000,0.00000000,0.00000000,0.00000000,0.00000000,0.00000000,0.00000000,0.00000000,0.00000000,0.00000000,0.00000000,63.69003184,0.00000000,49.73412732,0.00000000,55.60212555,63.88832451,54.97493760,46.89943377,55.19597077,40.13577529,62.19163971,36.54898947,42.35492877,46.98546253,29.47111658,0.00000000,12.79700201,56.04326813,12.96389350,37.68872507,14.37717569,0.00000000,0.00000000,16.60209404,0.00000000,12.96012446,10.57423427,0.00000000,50.84419242,35.32530226,0.00000000,26.09713768,11.25065181,12.38987304,0.00000000,52.42705340,0.00000000,0.00000000,42.72475697,52.37584835,46.03790727,28.93848153,0.00000000,35.83989581,0.00000000,51.74928290,71.42078871,0.00000000,49.12449996,62.84273791,49.38657655,59.02959366,0.00000000,0.00000000,61.64404721,0.00000000,65.42353949,0.00000000,70.17972597,0.00000000,66.07351615,0.00000000,64.21064758,0.00000000,0.00000000,0.00000000,0.00000000,0.00000000,67.02534421,0.00000000,0.00000000,0.00000000,72.95096334,0.00000000
0.00000000,0.00000000,0.00000000,0.00000000,0.00000000,0.00000000,0.00000000,0.00000000,0.00000000,0.00000000,0.00000000,0.00000000,0.00000000,0.00000000,0.00000000,0.00000000,0.00000000,0.00000000,0.00000000,0.00000000,0.00000000,0.00000000,0.00000000,0.00000000,0.00000000,0.00000000,0.00000000,0.00000000,0.00000000,0.00000000,0.00000000,0.00000000,0.00000000,0.00000000,0.00000000,0.00000000,0.00000000,0.00000000,0.00000000,0.00000000,0.00000000,0.00000000,0.00000000,0.00000000,0.00000000,0.00000000,0.00000000,0.00000000,0.00000000,0.00000000,0.00000000,0.00000000,0.00000000,0.00000000,0.00000000,0.00000000,0.00000000,0.00000000,0.00000000,0.00000000,0.00000000,0.00000000,0.00000000,0.00000000,0.00000000,0.00000000,0.00000000,0.00000000,0.00000000,0.00000000,0.00000000,0.00000000,0.00000000,0.00000000,0.00000000,0.00000000,0.00000000,0.00000000,0.00000000,0.00000000,0.00000000,0.00000000,0.00000000,0.00000000,0.00000000,0.00000000,0.00000000,0.00000000,0.00000000,0.00000000,0.00000000,0.00000000,0.00000000,0.00000000,0.00000000,0.00000000,0.00000000,0.00000000,53.07690048,0.00000000,0.00000000,0.00000000,0.00000000,0.00000000,0.00000000,0.00000000,0.00000000,0.00000000,0.00000000,0.00000000,0.00000000,0.00000000,0.00000000,0.00000000,0.00000000,0.00000000,0.00000000,0.00000000,0.00000000,0.00000000,55.81477857,0.00000000,0.00000000,0.00000000,0.00000000,49.76246814,46.23683548,0.00000000,38.32482139,36.68566380,41.90355279,31.30586079,29.83055962,25.26250612,29.74826550,0.00000000,27.60663194,33.00760746,13.78632529,12.82530301,26.47656781,0.00000000,0.00000000,29.54569666,12.96012446,0.00000000,25.96200595,0.00000000,26.16783214,12.19529577,0.00000000,39.07624248,10.76522608,26.73611420,0.00000000,33.04078693,0.00000000,0.00000000,24.56674808,0.00000000,47.40719134,21.69925956,0.00000000,43.34750236,0.00000000,34.44486866,60.56600418,0.00000000,39.11009872,53.61150106,31.13946196,45.02732137,0.00000000,0.00000000,45.17155017,0.00000000,53.82685375,0.00000000,0.00000000,0.00000000,51.34040466,0.00000000,56.57175859,0.00000000,0.00000000,0.00000000,0.00000000,0.00000000,0.00000000,0.00000000,0.00000000,0.00000000,57.28345315,0.00000000
0.00000000,0.00000000,0.00000000,0.00000000,0.00000000,0.00000000,0.00000000,0.00000000,0.00000000,0.00000000,0.00000000,0.00000000,0.00000000,0.00000000,0.00000000,0.00000000,0.00000000,0.00000000,0.00000000,0.00000000,0.00000000,0.00000000,0.00000000,0.00000000,0.00000000,0.00000000,0.00000000,0.00000000,0.00000000,0.00000000,0.00000000,0.00000000,0.00000000,0.00000000,0.00000000,0.00000000,0.00000000,0.00000000,0.00000000,0.00000000,0.00000000,0.00000000,0.00000000,0.00000000,0.00000000,0.00000000,0.00000000,0.00000000,0.00000000,0.00000000,0.00000000,0.00000000,0.00000000,0.00000000,0.00000000,0.00000000,0.00000000,0.00000000,0.00000000,0.00000000,0.00000000,0.00000000,0.00000000,0.00000000,0.00000000,0.00000000,0.00000000,0.00000000,0.00000000,0.00000000,0.00000000,0.00000000,0.00000000,0.00000000,0.00000000,0.00000000,0.00000000,0.00000000,0.00000000,0.00000000,0.00000000,0.00000000,0.00000000,0.00000000,0.00000000,0.00000000,0.00000000,0.00000000,0.00000000,0.00000000,0.00000000,0.00000000,0.00000000,0.00000000,0.00000000,0.00000000,0.00000000,0.00000000,69.02896309,0.00000000,0.00000000,0.00000000,0.00000000,0.00000000,0.00000000,0.00000000,0.00000000,0.00000000,0.00000000,0.00000000,0.00000000,0.00000000,0.00000000,0.00000000,0.00000000,0.00000000,0.00000000,0.00000000,0.00000000,0.00000000,66.86188305,0.00000000,52.57826309,0.00000000,57.19314098,68.89027119,57.70756291,48.50542628,59.27365971,43.02410742,68.49249005,41.68506470,47.79788633,54.06063080,32.31907597,0.00000000,18.29419630,64.79006141,23.82683163,48.05347704,14.53645763,0.00000000,0.00000000,10.78474796,10.57423427,25.96200595,0.00000000,0.00000000,60.39238930,46.27564031,0.00000000,15.67823529,19.20804180,12.54555851,0.00000000,59.39882898,0.00000000,0.00000000,51.68191294,56.06183771,37.18891878,27.10103316,0.00000000,28.36606118,0.00000000,59.81082408,70.84684841,0.00000000,46.46536959,59.16001617,56.35479965,0.00000000,0.00000000,0.00000000,0.00000000,0.00000000,66.57672418,0.00000000,69.49453572,0.00000000,67.97238604,0.00000000,0.00000000,0.00000000,0.00000000,0.00000000,0.00000000,0.00000000,72.16171265,0.00000000,0.00000000,0.00000000,0.00000000,0.00000000
0.00000000,0.00000000,0.00000000,0.00000000,0.00000000,0.00000000,0.00000000,0.00000000,0.00000000,0.00000000,0.00000000,0.00000000,0.00000000,0.00000000,0.00000000,0.00000000,0.00000000,0.00000000,0.00000000,0.00000000,0.00000000,0.00000000,0.00000000,0.00000000,0.00000000,0.00000000,0.00000000,0.00000000,0.00000000,0.00000000,0.00000000,0.00000000,0.00000000,0.00000000,0.00000000,0.00000000,0.00000000,0.00000000,0.00000000,0.00000000,0.00000000,61.03872432,85.99668230,0.00000000,0.00000000,0.00000000,69.56596134,0.00000000,0.00000000,0.00000000,74.54557262,0.00000000,0.00000000,83.74122874,76.87364044,0.00000000,0.00000000,0.00000000,0.00000000,81.57438558,0.00000000,0.00000000,84.15086492,0.00000000,82.59044743,0.00000000,0.00000000,0.00000000,0.00000000,0.00000000,0.00000000,0.00000000,86.07515055,0.00000000,84.58178329,0.00000000,0.00000000,0.00000000,0.00000000,0.00000000,0.00000000,88.30442592,0.00000000,0.00000000,91.80143907,92.27025986,0.00000000,0.00000000,0.00000000,0.00000000,0.00000000,0.00000000,0.00000000,0.00000000,0.00000000,0.00000000,0.00000000,0.00000000,0.00000000,0.00000000,0.00000000,0.00000000,0.00000000,0.00000000,0.00000000,0.00000000,0.00000000,0.00000000,0.00000000,0.00000000,0.00000000,0.00000000,0.00000000,0.00000000,0.00000000,0.00000000,0.00000000,0.00000000,0.00000000,0.00000000,0.00000000,0.00000000,0.00000000,0.00000000,0.00000000,0.00000000,0.00000000,0.00000000,0.00000000,0.00000000,0.00000000,0.00000000,0.00000000,0.00000000,0.00000000,12.85225296,0.00000000,0.00000000,0.00000000,0.00000000,0.00000000,9.64212329,10.21812040,0.00000000,0.00000000,0.00000000,0.00000000,0.00000000,0.00000000,0.00000000,17.56045594,0.00000000,0.00000000,0.00000000,11.42111801,0.00000000,11.36358367,36.17956794,0.00000000,0.00000000,0.00000000,0.00000000,51.70042572,0.00000000,46.80995263,0.00000000,0.00000000,28.00961679,0.00000000,0.00000000,0.00000000,0.00000000,54.87501878,24.59146277,0.00000000,45.25851313,0.00000000,0.00000000,0.00000000,50.25840473,0.00000000,31.15067818,30.34151484,0.00000000,0.00000000,37.07239921,33.43911107,0.00000000,0.00000000,0.00000000,0.00000000,0.00000000,0.00000000,0.00000000
0.00000000,0.00000000,0.00000000,0.00000000,0.00000000,0.00000000,0.00000000,0.00000000,0.00000000,0.00000000,0.00000000,0.00000000,0.00000000,0.00000000,0.00000000,0.00000000,0.00000000,0.00000000,0.00000000,0.00000000,0.00000000,0.00000000,0.00000000,0.00000000,0.00000000,0.00000000,0.00000000,0.00000000,0.00000000,0.00000000,0.00000000,0.00000000,0.00000000,0.00000000,0.00000000,0.00000000,0.00000000,0.00000000,0.00000000,0.00000000,0.00000000,0.00000000,0.00000000,0.00000000,0.00000000,0.00000000,84.00371742,0.00000000,0.00000000,0.00000000,89.05010071,0.00000000,0.00000000,0.00000000,95.94558382,0.00000000,0.00000000,0.00000000,0.00000000,0.00000000,0.00000000,0.00000000,0.00000000,0.00000000,0.00000000,0.00000000,0.00000000,0.00000000,0.00000000,0.00000000,0.00000000,0.00000000,0.00000000,0.00000000,0.00000000,0.00000000,0.00000000,0.00000000,0.00000000,0.00000000,0.00000000,0.00000000,0.00000000,0.00000000,0.00000000,0.00000000,0.00000000,0.00000000,0.00000000,0.00000000,0.00000000,0.00000000,0.00000000,0.00000000,0.00000000,0.00000000,0.00000000,0.00000000,64.05557060,0.00000000,0.00000000,0.00000000,0.00000000,0.00000000,0.00000000,0.00000000,0.00000000,0.00000000,0.00000000,0.00000000,0.00000000,0.00000000,0.00000000,0.00000000,0.00000000,0.00000000,0.00000000,0.00000000,0.00000000,0.00000000,67.14062386,0.00000000,0.00000000,0.00000000,0.00000000,53.94653484,59.71545448,0.00000000,48.15730887,53.41627312,38.05840506,0.00000000,45.51591733,32.04959294,28.31169515,0.00000000,49.65382303,17.55940842,37.34816555,15.15776184,59.18961304,0.00000000,0.00000000,55.92209625,50.84419242,26.16783214,60.39238930,0.00000000,0.00000000,12.75167160,0.00000000,63.55681896,41.46354386,59.63402638,0.00000000,21.42338702,0.00000000,0.00000000,33.72096951,61.08803558,64.14510553,49.13954960,0.00000000,65.41973866,0.00000000,42.89701039,75.68090166,0.00000000,58.35319437,68.11658040,54.02372206,48.19219872,0.00000000,0.00000000,59.14658268,0.00000000,68.55410113,0.00000000,70.17240791,0.00000000,66.80186844,71.05931796,65.95140960,0.00000000,0.00000000,75.62402217,73.44457245,0.00000000,0.00000000,0.00000000,0.00000000,0.00000000,68.92758226,0.00000000
0.00000000,0.00000000,0.00000000,0.00000000,0.00000000,0.00000000,0.00000000,0.00000000,0.00000000,0.00000000,0.00000000,0.00000000,0.00000000,0.00000000,0.00000000,0.00000000,0.00000000,0.00000000,0.00000000,0.00000000,0.00000000,0.00000000,0.00000000,0.00000000,0.00000000,0.00000000,0.00000000,0.00000000,0.00000000,0.00000000,0.00000000,0.00000000,0.00000000,0.00000000,0.00000000,0.00000000,0.00000000,0.00000000,0.00000000,0.00000000,0.00000000,0.00000000,0.00000000,0.00000000,0.00000000,0.00000000,0.00000000,0.00000000,0.00000000,0.00000000,0.00000000,0.00000000,0.00000000,0.00000000,0.00000000,0.00000000,0.00000000,0.00000000,0.00000000,0.00000000,0.00000000,0.00000000,0.00000000,0.00000000,0.00000000,0.00000000,0.00000000,0.00000000,0.00000000,0.00000000,0.00000000,0.00000000,0.00000000,0.00000000,0.00000000,0.00000000,0.00000000,0.00000000,0.00000000,0.00000000,0.00000000,0.00000000,0.00000000,0.00000000,0.00000000,0.00000000,0.00000000,0.00000000,0.00000000,0.00000000,0.00000000,0.00000000,0.00000000,0.00000000,0.00000000,0.00000000,0.00000000,0.00000000,50.99781264,0.00000000,0.00000000,0.00000000,0.00000000,0.00000000,0.00000000,0.00000000,0.00000000,0.00000000,0.00000000,0.00000000,0.00000000,0.00000000,0.00000000,0.00000000,0.00000000,0.00000000,0.00000000,0.00000000,0.00000000,0.00000000,0.00000000,0.00000000,0.00000000,0.00000000,0.00000000,57.61992550,51.98562508,0.00000000,43.58466848,0.00000000,46.90206313,0.00000000,41.72885391,30.36210817,0.00000000,0.00000000,41.48268949,31.52533525,31.10778340,14.49343176,44.20846916,0.00000000,0.00000000,35.13172086,35.32530226,12.19529577,46.27564031,0.00000000,12.75167160,0.00000000,0.00000000,50.70252644,14.85855154,44.34381715,0.00000000,15.41743592,0.00000000,0.00000000,12.85337695,37.13055547,53.04561887,32.62830913,0.00000000,52.76925575,0.00000000,26.30337415,62.18325329,0.00000000,47.05188996,57.12603651,31.23757417,37.70944104,0.00000000,0.00000000,40.79318024,0.00000000,56.55739466,0.00000000,0.00000000,0.00000000,49.47978338,0.00000000,52.48272222,0.00000000,0.00000000,0.00000000,0.00000000,0.00000000,0.00000000,0.00000000,0.00000000,0.00000000,0.00000000,0.00000000
0.00000000,0.00000000,0.00000000,0.00000000,0.00000000,0.00000000,0.00000000,0.00000000,0.00000000,0.00000000,0.00000000,0.00000000,0.00000000,0.00000000,0.00000000,0.00000000,0.00000000,0.00000000,0.00000000,0.00000000,0.00000000,0.00000000,0.00000000,0.00000000,0.00000000,0.00000000,0.00000000,0.00000000,0.00000000,0.00000000,0.00000000,0.00000000,0.00000000,0.00000000,0.00000000,0.00000000,0.00000000,0.00000000,0.00000000,0.00000000,0.00000000,61.43485260,0.00000000,0.00000000,0.00000000,0.00000000,72.86731451,0.00000000,0.00000000,0.00000000,73.56271362,0.00000000,0.00000000,79.12625580,80.77419420,0.00000000,0.00000000,0.00000000,0.00000000,81.80102212,0.00000000,84.11608823,0.00000000,0.00000000,83.18084444,0.00000000,0.00000000,85.35296195,0.00000000,0.00000000,0.00000000,0.00000000,85.88353293,0.00000000,0.00000000,0.00000000,87.23484612,0.00000000,0.00000000,0.00000000,0.00000000,85.21167552,0.00000000,0.00000000,92.12065351,93.70220802,91.24256134,0.00000000,0.00000000,90.07004801,0.00000000,0.00000000,0.00000000,0.00000000,0.00000000,0.00000000,0.00000000,0.00000000,0.00000000,0.00000000,0.00000000,0.00000000,0.00000000,0.00000000,0.00000000,0.00000000,0.00000000,0.00000000,0.00000000,0.00000000,0.00000000,0.00000000,0.00000000,0.00000000,0.00000000,0.00000000,0.00000000,0.00000000,0.00000000,0.00000000,0.00000000,0.00000000,0.00000000,0.00000000,0.00000000,0.00000000,0.00000000,0.00000000,0.00000000,0.00000000,0.00000000,0.00000000,0.00000000,0.00000000,0.00000000,30.38998604,0.00000000,0.00000000,0.00000000,0.00000000,0.00000000,8.78695543,34.65352176,0.00000000,0.00000000,0.00000000,0.00000000,17.56045594,0.00000000,0.00000000,0.00000000,0.00000000,0.00000000,0.00000000,36.42168298,0.00000000,9.36708696,10.24022138,0.00000000,0.00000000,0.00000000,0.00000000,35.20085760,0.00000000,25.76690804,0.00000000,0.00000000,17.06788856,0.00000000,0.00000000,0.00000000,0.00000000,35.38562696,32.04883587,0.00000000,30.22235892,0.00000000,0.00000000,0.00000000,38.16142827,0.00000000,0.00000000,0.00000000,37.33952489,0.00000000,36.57934678,32.72973696,0.00000000,0.00000000,0.00000000,0.00000000,43.44877179,0.00000000,39.36179543
0.00000000,0.00000000,0.00000000,0.00000000,0.00000000,0.00000000,0.00000000,0.00000000,0.00000000,0.00000000,0.00000000,0.00000000,0.00000000,0.00000000,0.00000000,0.00000000,0.00000000,0.00000000,0.00000000,0.00000000,0.00000000,0.00000000,0.00000000,0.00000000,0.00000000,0.00000000,0.00000000,0.00000000,0.00000000,0.00000000,0.00000000,0.00000000,0.00000000,0.00000000,0.00000000,0.00000000,0.00000000,0.00000000,0.00000000,0.00000000,0.00000000,0.00000000,0.00000000,0.00000000,0.00000000,0.00000000,0.00000000,0.00000000,0.00000000,0.00000000,0.00000000,0.00000000,0.00000000,0.00000000,0.00000000,0.00000000,0.00000000,0.00000000,0.00000000,0.00000000,0.00000000,0.00000000,0.00000000,0.00000000,0.00000000,0.00000000,0.00000000,0.00000000,0.00000000,0.00000000,0.00000000,0.00000000,0.00000000,0.00000000,0.00000000,0.00000000,0.00000000,0.00000000,0.00000000,0.00000000,0.00000000,0.00000000,0.00000000,0.00000000,0.00000000,0.00000000,0.00000000,0.00000000,0.00000000,0.00000000,0.00000000,0.00000000,0.00000000,0.00000000,0.00000000,0.00000000,0.00000000,0.00000000,72.33174967,0.00000000,0.00000000,0.00000000,0.00000000,0.00000000,0.00000000,63.58635076,0.00000000,0.00000000,0.00000000,0.00000000,0.00000000,0.00000000,0.00000000,0.00000000,0.00000000,0.00000000,0.00000000,0.00000000,0.00000000,0.00000000,73.46000688,0.00000000,59.01980209,0.00000000,61.43726836,75.38107402,67.37597506,55.76143417,66.64685113,51.48270158,71.64107005,49.11883177,57.23682805,59.28084893,40.93981433,0.00000000,38.41922981,67.98490783,40.92499651,53.49847490,30.00212500,0.00000000,0.00000000,11.86830181,26.09713768,39.07624248,15.67823529,0.00000000,63.55681896,50.70252644,0.00000000,0.00000000,25.85339419,12.84374443,0.00000000,62.94132294,0.00000000,0.00000000,52.69673157,46.62123884,14.90715066,20.35204978,0.00000000,15.78735931,0.00000000,60.57758100,61.10223643,0.00000000,31.93274742,42.00437497,50.25177947,53.26329117,0.00000000,0.00000000,55.55173969,0.00000000,57.60404093,59.01053047,59.02677345,0.00000000,60.86581764,0.00000000,0.00000000,0.00000000,0.00000000,0.00000000,0.00000000,0.00000000,64.10863113,0.00000000,0.00000000,0.00000000,0.00000000,0.00000000
0.00000000,0.00000000,0.00000000,0.00000000,0.00000000,0.00000000,0.00000000,0.00000000,0.00000000,0.00000000,0.00000000,0.00000000,0.00000000,0.00000000,0.00000000,0.00000000,0.00000000,0.00000000,0.00000000,0.00000000,0.00000000,0.00000000,0.00000000,0.00000000,0.00000000,0.00000000,0.00000000,0.00000000,0.00000000,0.00000000,0.00000000,0.00000000,0.00000000,0.00000000,0.00000000,0.00000000,0.00000000,0.00000000,0.00000000,0.00000000,0.00000000,0.00000000,0.00000000,0.00000000,0.00000000,0.00000000,0.00000000,0.00000000,0.00000000,0.00000000,0.00000000,0.00000000,0.00000000,0.00000000,0.00000000,0.00000000,0.00000000,0.00000000,0.00000000,0.00000000,0.00000000,0.00000000,0.00000000,0.00000000,0.00000000,0.00000000,0.00000000,0.00000000,0.00000000,0.00000000,0.00000000,0.00000000,0.00000000,0.00000000,0.00000000,0.00000000,0.00000000,0.00000000,0.00000000,0.00000000,0.00000000,0.00000000,0.00000000,0.00000000,0.00000000,0.00000000,0.00000000,0.00000000,0.00000000,0.00000000,0.00000000,0.00000000,0.00000000,0.00000000,0.00000000,0.00000000,0.00000000,0.00000000,58.73508586,0.00000000,0.00000000,0.00000000,0.00000000,0.00000000,0.00000000,48.21478462,0.00000000,0.00000000,0.00000000,0.00000000,0.00000000,0.00000000,0.00000000,0.00000000,0.00000000,0.00000000,0.00000000,0.00000000,0.00000000,0.00000000,61.70353699,0.00000000,0.00000000,0.00000000,0.00000000,64.68865585,57.58529143,0.00000000,54.48565407,45.50750780,58.23754513,0.00000000,47.73044410,43.22779250,38.24407820,0.00000000,28.86711728,50.42752295,32.36287012,33.98476764,33.83233929,0.00000000,0.00000000,21.61479751,11.25065181,10.76522608,19.20804180,0.00000000,41.46354386,14.85855154,0.00000000,25.85339419,0.00000000,11.96620944,0.00000000,31.95666682,0.00000000,0.00000000,14.53369471,0.00000000,38.68169708,10.68638437,0.00000000,29.83726543,0.00000000,26.31896733,59.40213928,0.00000000,30.12169587,47.86586348,21.23622337,37.75877816,0.00000000,0.00000000,38.84103348,0.00000000,49.57083106,0.00000000,45.54945297,0.00000000,46.19694908,0.00000000,47.43044714,0.00000000,0.00000000,0.00000000,0.00000000,0.00000000,0.00000000,0.00000000,0.00000000,0.00000000,38.79945246,0.00000000
0.00000000,0.00000000,0.00000000,0.00000000,0.00000000,0.00000000,0.00000000,0.00000000,0.00000000,0.00000000,0.00000000,0.00000000,0.00000000,0.00000000,0.00000000,0.00000000,0.00000000,0.00000000,0.00000000,0.00000000,0.00000000,0.00000000,0.00000000,0.00000000,0.00000000,0.00000000,0.00000000,0.00000000,0.00000000,0.00000000,0.00000000,0.00000000,0.00000000,0.00000000,0.00000000,0.00000000,0.00000000,0.00000000,0.00000000,0.00000000,0.00000000,0.00000000,0.00000000,0.00000000,0.00000000,0.00000000,0.00000000,0.00000000,0.00000000,0.00000000,0.00000000,0.00000000,0.00000000,0.00000000,0.00000000,0.00000000,0.00000000,0.00000000,0.00000000,0.00000000,0.00000000,0.00000000,0.00000000,0.00000000,0.00000000,0.00000000,0.00000000,0.00000000,0.00000000,0.00000000,0.00000000,0.00000000,0.00000000,0.00000000,0.00000000,0.00000000,0.00000000,0.00000000,0.00000000,0.00000000,0.00000000,0.00000000,0.00000000,0.00000000,0.00000000,0.00000000,0.00000000,0.00000000,0.00000000,0.00000000,0.00000000,0.00000000,0.00000000,0.00000000,0.00000000,0.00000000,0.00000000,0.00000000,69.13463375,0.00000000,0.00000000,0.00000000,0.00000000,0.00000000,0.00000000,0.00000000,0.00000000,0.00000000,0.00000000,0.00000000,0.00000000,0.00000000,0.00000000,0.00000000,0.00000000,0.00000000,0.00000000,0.00000000,0.00000000,0.00000000,70.06689344,0.00000000,0.00000000,0.00000000,0.00000000,74.07736359,66.28950972,0.00000000,63.66482417,52.98360803,71.17141838,0.00000000,55.52451712,56.05435605,43.61900711,0.00000000,31.20191174,64.42856055,36.62943924,49.28730513,31.41738097,0.00000000,0.00000000,22.16469124,12.38987304,26.73611420,12.54555851,0.00000000,59.63402638,44.34381715,0.00000000,12.84374443,11.96620944,0.00000000,0.00000000,59.48828697,0.00000000,0.00000000,47.37317796,50.31298685,29.92304471,10.79342991,0.00000000,15.21228415,0.00000000,56.59685546,67.26714230,0.00000000,32.11978250,51.50016260,48.07100598,57.22535019,0.00000000,0.00000000,58.19103368,0.00000000,59.19925308,0.00000000,45.83209101,0.00000000,57.79534022,0.00000000,0.00000000,0.00000000,0.00000000,0.00000000,0.00000000,0.00000000,0.00000000,0.00000000,0.00000000,0.00000000,0.00000000,0.00000000
0.00000000,0.00000000,0.00000000,0.00000000,0.00000000,0.00000000,0.00000000,0.00000000,0.00000000,0.00000000,0.00000000,0.00000000,0.00000000,0.00000000,0.00000000,0.00000000,0.00000000,0.00000000,0.00000000,0.00000000,0.00000000,0.00000000,0.00000000,0.00000000,0.00000000,0.00000000,0.00000000,0.00000000,0.00000000,0.00000000,0.00000000,0.00000000,0.00000000,0.00000000,0.00000000,0.00000000,0.00000000,0.00000000,0.00000000,0.00000000,0.00000000,71.29812029,96.43661143,0.00000000,0.00000000,0.00000000,78.17640944,0.00000000,90.38693746,0.00000000,85.05323181,0.00000000,92.46867480,92.21359580,86.05151238,0.00000000,0.00000000,0.00000000,0.00000000,91.81415710,0.00000000,0.00000000,93.40214729,0.00000000,91.50354296,0.00000000,0.00000000,0.00000000,0.00000000,0.00000000,0.00000000,0.00000000,88.10121373,0.00000000,94.05558087,0.00000000,0.00000000,0.00000000,0.00000000,0.00000000,0.00000000,95.47379474,0.00000000,0.00000000,96.44129944,97.39899034,0.00000000,0.00000000,0.00000000,0.00000000,0.00000000,0.00000000,0.00000000,0.00000000,0.00000000,0.00000000,0.00000000,0.00000000,0.00000000,0.00000000,0.00000000,0.00000000,0.00000000,0.00000000,0.00000000,0.00000000,0.00000000,0.00000000,0.00000000,0.00000000,0.00000000,0.00000000,0.00000000,0.00000000,0.00000000,0.00000000,0.00000000,0.00000000,0.00000000,0.00000000,0.00000000,0.00000000,0.00000000,0.00000000,0.00000000,0.00000000,0.00000000,0.00000000,0.00000000,0.00000000,64.08772786,0.00000000,0.00000000,0.00000000,0.00000000,24.76684702,0.00000000,0.00000000,0.00000000,0.00000000,0.00000000,30.37734674,11.16185452,0.00000000,0.00000000,0.00000000,0.00000000,11.42111801,0.00000000,0.00000000,36.42168298,0.00000000,0.00000000,0.00000000,0.00000000,0.00000000,14.77938383,49.17950494,0.00000000,0.00000000,0.00000000,0.00000000,62.75931639,0.00000000,56.36143398,0.00000000,0.00000000,37.15037799,0.00000000,0.00000000,0.00000000,31.72193615,63.07001659,21.65697613,0.00000000,44.83944936,0.00000000,0.00000000,0.00000000,60.49623506,0.00000000,25.75682951,39.23940623,0.00000000,0.00000000,37.76836291,33.84029894,0.00000000,0.00000000,0.00000000,0.00000000,0.00000000,0.00000000,0.00000000
0.00000000,0.00000000,0.00000000,0.00000000,0.00000000,0.00000000,0.00000000,0.00000000,0.00000000,0.00000000,0.00000000,0.00000000,0.00000000,0.00000000,0.00000000,0.00000000,0.00000000,0.00000000,0.00000000,0.00000000,0.00000000,0.00000000,0.00000000,0.00000000,0.00000000,0.00000000,0.00000000,0.00000000,0.00000000,0.00000000,0.00000000,0.00000000,0.00000000,0.00000000,0.00000000,0.00000000,0.00000000,0.00000000,0.00000000,0.00000000,0.00000000,0.00000000,0.00000000,0.00000000,0.00000000,0.00000000,0.00000000,0.00000000,0.00000000,0.00000000,0.00000000,0.00000000,0.00000000,0.00000000,0.00000000,0.00000000,0.00000000,0.00000000,0.00000000,0.00000000,0.00000000,0.00000000,0.00000000,0.00000000,0.00000000,0.00000000,0.00000000,0.00000000,0.00000000,0.00000000,0.00000000,0.00000000,0.00000000,0.00000000,0.00000000,0.00000000,0.00000000,0.00000000,0.00000000,0.00000000,0.00000000,0.00000000,0.00000000,0.00000000,0.00000000,0.00000000,0.00000000,0.00000000,0.00000000,0.00000000,0.00000000,0.00000000,0.00000000,0.00000000,0.00000000,0.00000000,0.00000000,0.00000000,63.11599477,0.00000000,0.00000000,0.00000000,0.00000000,0.00000000,0.00000000,0.00000000,0.00000000,0.00000000,0.00000000,0.00000000,0.00000000,0.00000000,0.00000000,0.00000000,0.00000000,0.00000000,0.00000000,0.00000000,0.00000000,0.00000000,68.77124956,0.00000000,0.00000000,0.00000000,0.00000000,73.28664780,64.57272348,0.00000000,59.11329971,0.00000000,65.22599907,0.00000000,59.94554361,49.73275445,0.00000000,0.00000000,0.00000000,48.93854344,51.70318365,38.00391272,0.00000000,0.00000000,0.00000000,0.00000000,52.42705340,33.04078693,59.39882898,0.00000000,21.42338702,15.41743592,0.00000000,62.94132294,31.95666682,59.48828697,0.00000000,0.00000000,0.00000000,0.00000000,12.12018038,0.00000000,63.38288093,44.41189857,0.00000000,63.78959298,0.00000000,19.09890015,70.22427495,0.00000000,53.69455995,63.82157186,37.32427184,25.88156534,0.00000000,0.00000000,35.25603350,0.00000000,60.16492157,0.00000000,0.00000000,0.00000000,50.35738055,0.00000000,47.46763943,0.00000000,0.00000000,0.00000000,49.81437302,0.00000000,0.00000000,0.00000000,0.00000000,0.00000000,0.00000000,0.00000000
0.00000000,0.00000000,0.00000000,0.00000000,0.00000000,0.00000000,0.00000000,0.00000000,0.00000000,0.00000000,0.00000000,0.00000000,0.00000000,0.00000000,0.00000000,0.00000000,0.00000000,0.00000000,0.00000000,0.00000000,0.00000000,0.00000000,0.00000000,0.00000000,0.00000000,0.00000000,0.00000000,0.00000000,0.00000000,0.00000000,0.00000000,0.00000000,0.00000000,0.00000000,0.00000000,0.00000000,0.00000000,0.00000000,0.00000000,0.00000000,0.00000000,71.99453735,95.05990278,0.00000000,0.00000000,0.00000000,78.59548246,0.00000000,92.28070127,0.00000000,80.52574310,0.00000000,92.02021217,88.24717564,85.60749267,93.73209667,0.00000000,0.00000000,0.00000000,89.15649796,0.00000000,94.11683655,92.99779184,93.14768791,91.29588391,0.00000000,0.00000000,94.32565689,0.00000000,0.00000000,96.27546692,0.00000000,93.98351049,0.00000000,94.06786982,0.00000000,97.30228509,0.00000000,0.00000000,0.00000000,0.00000000,95.93689728,0.00000000,0.00000000,98.40623093,98.11478901,0.00000000,0.00000000,0.00000000,95.78637695,0.00000000,0.00000000,0.00000000,0.00000000,0.00000000,0.00000000,0.00000000,0.00000000,0.00000000,0.00000000,0.00000000,0.00000000,0.00000000,0.00000000,0.00000000,0.00000000,0.00000000,0.00000000,0.00000000,0.00000000,0.00000000,0.00000000,0.00000000,0.00000000,0.00000000,0.00000000,0.00000000,0.00000000,0.00000000,0.00000000,0.00000000,0.00000000,0.00000000,0.00000000,0.00000000,0.00000000,0.00000000,0.00000000,0.00000000,0.00000000,0.00000000,0.00000000,0.00000000,0.00000000,0.00000000,29.05483716,0.00000000,0.00000000,0.00000000,0.00000000,0.00000000,15.55556958,27.54080567,0.00000000,0.00000000,0.00000000,0.00000000,11.36358367,0.00000000,0.00000000,9.36708696,0.00000000,0.00000000,0.00000000,14.77938383,0.00000000,0.00000000,15.76408256,0.00000000,0.00000000,0.00000000,0.00000000,47.75349365,0.00000000,29.87395375,0.00000000,0.00000000,13.13423994,0.00000000,0.00000000,0.00000000,26.95912607,42.77356860,14.59834750,0.00000000,33.81373078,0.00000000,0.00000000,0.00000000,48.94005313,30.15432505,29.73351029,33.01845852,46.80528988,47.85136032,26.20854281,27.55547467,51.50492852,42.23158945,0.00000000,41.40579645,54.58863252,38.25987373,50.03146184
0.00000000,0.00000000,0.00000000,0.00000000,0.00000000,0.00000000,0.00000000,0.00000000,0.00000000,0.00000000,0.00000000,0.00000000,0.00000000,0.00000000,0.00000000,0.00000000,0.00000000,0.00000000,0.00000000,0.00000000,0.00000000,0.00000000,0.00000000,0.00000000,0.00000000,0.00000000,0.00000000,0.00000000,0.00000000,0.00000000,0.00000000,0.00000000,0.00000000,0.00000000,0.00000000,0.00000000,0.00000000,0.00000000,0.00000000,0.00000000,0.00000000,0.00000000,0.00000000,0.00000000,0.00000000,0.00000000,84.49371592,0.00000000,0.00000000,0.00000000,85.56858099,0.00000000,0.00000000,88.68601679,92.28495026,0.00000000,0.00000000,0.00000000,0.00000000,91.37339986,0.00000000,93.85265350,0.00000000,0.00000000,0.00000000,0.00000000,0.00000000,94.76876238,0.00000000,0.00000000,0.00000000,0.00000000,94.43707275,0.00000000,0.00000000,0.00000000,0.00000000,0.00000000,0.00000000,0.00000000,0.00000000,0.00000000,0.00000000,0.00000000,0.00000000,98.41093191,97.54076546,0.00000000,0.00000000,97.22913615,0.00000000,0.00000000,0.00000000,0.00000000,0.00000000,0.00000000,0.00000000,0.00000000,0.00000000,0.00000000,0.00000000,0.00000000,0.00000000,0.00000000,0.00000000,0.00000000,0.00000000,0.00000000,0.00000000,0.00000000,0.00000000,0.00000000,0.00000000,0.00000000,0.00000000,0.00000000,0.00000000,0.00000000,0.00000000,0.00000000,0.00000000,0.00000000,0.00000000,0.00000000,0.00000000,0.00000000,0.00000000,0.00000000,0.00000000,0.00000000,0.00000000,0.00000000,0.00000000,0.00000000,0.00000000,46.67424827,0.00000000,0.00000000,0.00000000,0.00000000,0.00000000,27.14256357,51.65094087,0.00000000,0.00000000,0.00000000,0.00000000,36.17956794,0.00000000,0.00000000,10.24022138,0.00000000,0.00000000,0.00000000,49.17950494,0.00000000,15.76408256,0.00000000,0.00000000,0.00000000,0.00000000,0.00000000,26.52588009,0.00000000,9.70120042,0.00000000,0.00000000,11.67372376,0.00000000,0.00000000,0.00000000,0.00000000,19.78816348,37.44103025,0.00000000,17.83954488,0.00000000,32.15745433,34.61312151,30.07455516,0.00000000,47.38225351,33.41787965,29.37416203,37.95298331,33.04882202,37.91140457,37.40263176,29.50435502,26.09602483,29.85766993,36.43442487,34.14556535,33.39816257
0.00000000,0.00000000,0.00000000,0.00000000,0.00000000,0.00000000,0.00000000,0.00000000,0.00000000,0.00000000,0.00000000,0.00000000,0.00000000,0.00000000,0.00000000,0.00000000,0.00000000,0.00000000,0.00000000,0.00000000,0.00000000,0.00000000,0.00000000,0.00000000,0.00000000,0.00000000,0.00000000,0.00000000,0.00000000,0.00000000,0.00000000,0.00000000,0.00000000,0.00000000,0.00000000,0.00000000,0.00000000,0.00000000,0.00000000,0.00000000,0.00000000,0.00000000,0.00000000,0.00000000,0.00000000,0.00000000,0.00000000,0.00000000,0.00000000,0.00000000,0.00000000,0.00000000,0.00000000,0.00000000,0.00000000,0.00000000,0.00000000,0.00000000,0.00000000,0.00000000,0.00000000,0.00000000,0.00000000,0.00000000,0.00000000,0.00000000,0.00000000,0.00000000,0.00000000,0.00000000,0.00000000,0.00000000,0.00000000,0.00000000,0.00000000,0.00000000,0.00000000,0.00000000,0.00000000,0.00000000,0.00000000,0.00000000,0.00000000,0.00000000,0.00000000,0.00000000,0.00000000,0.00000000,0.00000000,0.00000000,0.00000000,0.00000000,0.00000000,0.00000000,0.00000000,0.00000000,0.00000000,0.00000000,61.79333954,0.00000000,0.00000000,0.00000000,0.00000000,0.00000000,0.00000000,50.61190236,0.00000000,0.00000000,0.00000000,0.00000000,0.00000000,0.00000000,0.00000000,0.00000000,0.00000000,0.00000000,0.00000000,0.00000000,0.00000000,0.00000000,73.26371765,0.00000000,0.00000000,0.00000000,0.00000000,72.31521861,67.36287079,0.00000000,61.34853172,0.00000000,64.78472440,0.00000000,58.37701171,50.70505142,0.00000000,0.00000000,0.00000000,53.22963917,46.66819772,37.28418201,53.22903633,0.00000000,0.00000000,41.62504807,42.72475697,24.56674808,51.68191294,0.00000000,33.72096951,12.85337695,0.00000000,52.69673157,14.53369471,47.37317796,0.00000000,12.12018038,0.00000000,0.00000000,0.00000000,46.88592672,54.74916458,19.55969536,0.00000000,52.30707753,0.00000000,13.18403706,64.94341736,0.00000000,41.66517149,57.64022923,12.33232583,26.11570832,0.00000000,0.00000000,29.54049706,0.00000000,55.04021174,0.00000000,0.00000000,0.00000000,45.27359454,0.00000000,41.94661166,0.00000000,0.00000000,0.00000000,45.04808044,0.00000000,0.00000000,0.00000000,0.00000000,0.00000000,0.00000000,0.00000000
0.00000000,0.00000000,0.00000000,0.00000000,0.00000000,0.00000000,0.00000000,0.00000000,0.00000000,0.00000000,0.00000000,0.00000000,0.00000000,0.00000000,0.00000000,0.00000000,0.00000000,0.00000000,0.00000000,0.00000000,0.00000000,0.00000000,0.00000000,0.00000000,0.00000000,0.00000000,0.00000000,0.00000000,0.00000000,0.00000000,0.00000000,0.00000000,0.00000000,0.00000000,0.00000000,0.00000000,0.00000000,0.00000000,0.00000000,0.00000000,0.00000000,0.00000000,0.00000000,0.00000000,0.00000000,0.00000000,0.00000000,0.00000000,0.00000000,0.00000000,0.00000000,0.00000000,0.00000000,0.00000000,0.00000000,0.00000000,0.00000000,0.00000000,0.00000000,0.00000000,0.00000000,0.00000000,0.00000000,0.00000000,0.00000000,0.00000000,0.00000000,0.00000000,0.00000000,0.00000000,0.00000000,0.00000000,0.00000000,0.00000000,0.00000000,0.00000000,0.00000000,0.00000000,0.00000000,0.00000000,0.00000000,0.00000000,0.00000000,0.00000000,0.00000000,0.00000000,0.00000000,0.00000000,0.00000000,0.00000000,0.00000000,0.00000000,0.00000000,0.00000000,0.00000000,0.00000000,0.00000000,0.00000000,68.77537982,0.00000000,0.00000000,0.00000000,0.00000000,0.00000000,0.00000000,57.61879461,0.00000000,52.25444158,0.00000000,0.00000000,0.00000000,0.00000000,0.00000000,0.00000000,0.00000000,0.00000000,0.00000000,0.00000000,0.00000000,0.00000000,0.00000000,0.00000000,0.00000000,0.00000000,0.00000000,77.18850861,0.00000000,0.00000000,0.00000000,55.09057247,65.93964038,0.00000000,60.83177585,0.00000000,49.76264572,0.00000000,0.00000000,65.87586145,52.98739461,48.84957286,52.78054105,0.00000000,0.00000000,44.93168831,52.37584835,0.00000000,56.06183771,0.00000000,61.08803558,37.13055547,0.00000000,46.62123884,0.00000000,50.31298685,0.00000000,0.00000000,0.00000000,0.00000000,46.88592672,0.00000000,19.64533498,43.19289303,0.00000000,39.87383591,0.00000000,55.50736448,12.13657138,0.00000000,34.27132913,11.91824890,45.32542223,0.00000000,0.00000000,0.00000000,0.00000000,0.00000000,32.33674211,22.78351924,20.73013151,0.00000000,42.50218667,0.00000000,0.00000000,0.00000000,0.00000000,0.00000000,0.00000000,30.00750232,31.31794643,21.01516229,0.00000000,0.00000000,36.19600121,32.57184219
0.00000000,0.00000000,0.00000000,0.00000000,0.00000000,0.00000000,0.00000000,0.00000000,0.00000000,0.00000000,0.00000000,0.00000000,0.00000000,0.00000000,0.00000000,0.00000000,0.00000000,0.00000000,0.00000000,0.00000000,0.00000000,0.00000000,0.00000000,0.00000000,0.00000000,0.00000000,0.00000000,0.00000000,0.00000000,0.00000000,0.00000000,0.00000000,0.00000000,0.00000000,0.00000000,0.00000000,0.00000000,0.00000000,0.00000000,0.00000000,0.00000000,0.00000000,0.00000000,0.00000000,0.00000000,0.00000000,0.00000000,0.00000000,0.00000000,0.00000000,0.00000000,0.00000000,0.00000000,0.00000000,0.00000000,0.00000000,0.00000000,0.00000000,0.00000000,0.00000000,0.00000000,0.00000000,0.00000000,0.00000000,0.00000000,0.00000000,0.00000000,0.00000000,0.00000000,0.00000000,0.00000000,0.00000000,0.00000000,0.00000000,0.00000000,0.00000000,0.00000000,0.00000000,0.00000000,0.00000000,0.00000000,0.00000000,0.00000000,0.00000000,0.00000000,0.00000000,0.00000000,0.00000000,0.00000000,0.00000000,0.00000000,0.00000000,0.00000000,0.00000000,0.00000000,0.00000000,0.00000000,0.00000000,72.94132124,0.00000000,0.00000000,65.94215775,0.00000000,0.00000000,0.00000000,67.23035927,0.00000000,59.61561783,0.00000000,0.00000000,0.00000000,0.00000000,55.34453583,0.00000000,0.00000000,69.97047882,68.19000244,0.00000000,66.35745366,0.00000000,83.55011150,0.00000000,75.94878521,63.59267044,76.50684079,81.58779907,76.24529897,68.80251884,72.64341941,64.86071253,76.81854175,62.68168716,66.15985632,63.39653213,55.75525163,0.00000000,55.35178884,69.98112762,55.23817074,56.57002977,48.94323880,0.00000000,0.00000000,33.50105743,46.03790727,47.40719134,37.18891878,0.00000000,64.14510553,53.04561887,0.00000000,14.90715066,38.68169708,29.92304471,0.00000000,63.38288093,0.00000000,0.00000000,54.74916458,19.64533498,0.00000000,25.82046271,0.00000000,11.60550604,0.00000000,58.87256050,39.96514221,0.00000000,15.72435801,11.98080233,44.31194426,64.86817169,0.00000000,0.00000000,58.23483658,0.00000000,29.06360372,44.71076461,34.13387431,0.00000000,54.05307248,0.00000000,66.71935749,0.00000000,0.00000000,0.00000000,0.00000000,43.81252755,48.23202731,0.00000000,0.00000000,0.00000000,64.36951116,46.41967392
0.00000000,0.00000000,0.00000000,0.00000000,0.00000000,0.00000000,0.00000000,0.00000000,0.00000000,0.00000000,0.00000000,0.00000000,0.00000000,0.00000000,0.00000000,0.00000000,0.00000000,0.00000000,0.00000000,0.00000000,0.00000000,0.00000000,0.00000000,0.00000000,0.00000000,0.00000000,0.00000000,0.00000000,0.00000000,0.00000000,0.00000000,0.00000000,0.00000000,0.00000000,0.00000000,0.00000000,0.00000000,0.00000000,0.00000000,0.00000000,0.00000000,0.00000000,0.00000000,0.00000000,0.00000000,0.00000000,0.00000000,0.00000000,0.00000000,0.00000000,0.00000000,0.00000000,0.00000000,0.00000000,0.00000000,0.00000000,0.00000000,0.00000000,0.00000000,0.00000000,0.00000000,0.00000000,0.00000000,0.00000000,0.00000000,0.00000000,0.00000000,0.00000000,0.00000000,0.00000000,0.00000000,0.00000000,0.00000000,0.00000000,0.00000000,0.00000000,0.00000000,0.00000000,0.00000000,0.00000000,0.00000000,0.00000000,0.00000000,0.00000000,0.00000000,0.00000000,0.00000000,0.00000000,0.00000000,0.00000000,0.00000000,0.00000000,0.00000000,0.00000000,0.00000000,0.00000000,0.00000000,0.00000000,62.27518234,0.00000000,0.00000000,0.00000000,0.00000000,0.00000000,0.00000000,55.27597631,0.00000000,0.00000000,0.00000000,0.00000000,0.00000000,0.00000000,0.00000000,0.00000000,0.00000000,0.00000000,0.00000000,0.00000000,0.00000000,0.00000000,73.18144608,0.00000000,0.00000000,0.00000000,0.00000000,71.62046755,66.62919464,55.86211141,61.27783797,55.62213287,65.03805669,0.00000000,54.47464211,50.38110428,46.79477628,0.00000000,41.51460902,56.67448686,41.32583237,41.72425009,40.11685581,0.00000000,0.00000000,29.96711200,28.93848153,21.69925956,27.10103316,0.00000000,49.13954960,32.62830913,0.00000000,20.35204978,10.68638437,10.79342991,0.00000000,44.41189857,0.00000000,0.00000000,19.55969536,43.19289303,25.82046271,0.00000000,0.00000000,14.22108194,0.00000000,30.08046023,61.34583415,0.00000000,12.25822596,36.50337220,16.82377491,42.01578685,0.00000000,0.00000000,35.34835828,0.00000000,36.62545021,0.00000000,49.89374955,0.00000000,36.19048343,0.00000000,45.26717228,0.00000000,0.00000000,52.81588840,41.91925685,0.00000000,51.69823551,0.00000000,0.00000000,0.00000000,50.50972858,0.00000000
0.00000000,0.00000000,0.00000000,0.00000000,0.00000000,0.00000000,0.00000000,0.00000000,0.00000000,0.00000000,0.00000000,0.00000000,0.00000000,0.00000000,0.00000000,0.00000000,0.00000000,0.00000000,0.00000000,0.00000000,0.00000000,0.00000000,0.00000000,0.00000000,0.00000000,0.00000000,0.00000000,0.00000000,0.00000000,0.00000000,0.00000000,0.00000000,0.00000000,0.00000000,0.00000000,0.00000000,0.00000000,0.00000000,0.00000000,0.00000000,0.00000000,0.00000000,0.00000000,0.00000000,0.00000000,0.00000000,0.00000000,0.00000000,0.00000000,0.00000000,0.00000000,0.00000000,0.00000000,0.00000000,0.00000000,0.00000000,0.00000000,0.00000000,0.00000000,0.00000000,0.00000000,85.65092468,0.00000000,0.00000000,0.00000000,0.00000000,0.00000000,0.00000000,0.00000000,0.00000000,0.00000000,0.00000000,0.00000000,0.00000000,0.00000000,0.00000000,0.00000000,0.00000000,0.00000000,0.00000000,0.00000000,0.00000000,0.00000000,0.00000000,0.00000000,0.00000000,0.00000000,0.00000000,0.00000000,0.00000000,0.00000000,0.00000000,0.00000000,0.00000000,0.00000000,0.00000000,0.00000000,0.00000000,0.00000000,0.00000000,0.00000000,0.00000000,0.00000000,0.00000000,0.00000000,0.00000000,0.00000000,0.00000000,0.00000000,0.00000000,0.00000000,0.00000000,0.00000000,0.00000000,0.00000000,0.00000000,0.00000000,0.00000000,0.00000000,0.00000000,0.00000000,0.00000000,0.00000000,0.00000000,0.00000000,0.00000000,0.00000000,0.00000000,0.00000000,0.00000000,0.00000000,0.00000000,0.00000000,0.00000000,0.00000000,56.94523493,0.00000000,0.00000000,0.00000000,0.00000000,0.00000000,43.23330443,57.47825909,0.00000000,0.00000000,0.00000000,0.00000000,51.70042572,0.00000000,0.00000000,35.20085760,0.00000000,0.00000000,0.00000000,62.75931639,0.00000000,47.75349365,26.52588009,0.00000000,0.00000000,0.00000000,0.00000000,0.00000000,0.00000000,18.53574278,0.00000000,6.92288933,42.49701490,0.00000000,0.00000000,0.00000000,0.00000000,9.12614352,55.71998051,0.00000000,37.91909637,0.00000000,23.90700626,26.97460530,12.64559997,0.00000000,62.97394053,51.46929303,28.44383122,22.01457306,57.93927002,55.48350382,30.21261038,35.85104724,0.00000000,42.80532106,30.02518998,49.52560361,40.04430665
0.00000000,0.00000000,0.00000000,0.00000000,0.00000000,0.00000000,0.00000000,0.00000000,0.00000000,0.00000000,0.00000000,0.00000000,0.00000000,0.00000000,0.00000000,0.00000000,0.00000000,0.00000000,0.00000000,0.00000000,0.00000000,0.00000000,0.00000000,0.00000000,0.00000000,0.00000000,0.00000000,0.00000000,0.00000000,0.00000000,0.00000000,0.00000000,0.00000000,0.00000000,0.00000000,0.00000000,0.00000000,0.00000000,0.00000000,0.00000000,0.00000000,0.00000000,0.00000000,0.00000000,0.00000000,0.00000000,0.00000000,0.00000000,0.00000000,0.00000000,0.00000000,0.00000000,0.00000000,0.00000000,0.00000000,0.00000000,0.00000000,0.00000000,0.00000000,0.00000000,0.00000000,0.00000000,0.00000000,0.00000000,0.00000000,0.00000000,0.00000000,0.00000000,0.00000000,0.00000000,0.00000000,0.00000000,0.00000000,0.00000000,0.00000000,0.00000000,0.00000000,0.00000000,0.00000000,0.00000000,0.00000000,0.00000000,0.00000000,0.00000000,0.00000000,0.00000000,0.00000000,0.00000000,0.00000000,0.00000000,0.00000000,0.00000000,0.00000000,0.00000000,0.00000000,0.00000000,0.00000000,0.00000000,74.45567300,0.00000000,0.00000000,0.00000000,0.00000000,0.00000000,0.00000000,67.41045227,0.00000000,0.00000000,0.00000000,0.00000000,0.00000000,0.00000000,0.00000000,0.00000000,0.00000000,0.00000000,0.00000000,0.00000000,0.00000000,0.00000000,84.46799927,0.00000000,76.37688446,0.00000000,0.00000000,83.52873039,78.14811770,0.00000000,73.27290090,65.83023089,77.26943970,0.00000000,66.82922145,64.64807645,55.86621545,0.00000000,48.54522969,71.01784615,53.20608266,56.30766441,45.46164450,0.00000000,0.00000000,33.01081334,35.83989581,43.34750236,28.36606118,0.00000000,65.41973866,52.76925575,0.00000000,15.78735931,29.83726543,15.21228415,0.00000000,63.78959298,0.00000000,0.00000000,52.30707753,39.87383591,11.60550604,14.22108194,0.00000000,0.00000000,0.00000000,58.63072248,57.26592814,0.00000000,11.04010612,17.96172785,42.17091020,63.60649490,0.00000000,0.00000000,59.46890891,0.00000000,29.63430122,29.66165860,40.12970273,0.00000000,54.02548790,0.00000000,64.76284875,0.00000000,0.00000000,0.00000000,0.00000000,0.00000000,38.47868625,0.00000000,0.00000000,0.00000000,58.55455640,0.00000000
0.00000000,0.00000000,0.00000000,0.00000000,0.00000000,0.00000000,0.00000000,0.00000000,0.00000000,0.00000000,0.00000000,0.00000000,0.00000000,0.00000000,0.00000000,0.00000000,0.00000000,0.00000000,0.00000000,0.00000000,0.00000000,0.00000000,0.00000000,0.00000000,0.00000000,0.00000000,0.00000000,0.00000000,0.00000000,0.00000000,0.00000000,0.00000000,0.00000000,0.00000000,0.00000000,0.00000000,0.00000000,0.00000000,0.00000000,0.00000000,0.00000000,0.00000000,0.00000000,0.00000000,0.00000000,0.00000000,0.00000000,0.00000000,0.00000000,0.00000000,0.00000000,0.00000000,0.00000000,93.31313160,0.00000000,0.00000000,0.00000000,0.00000000,0.00000000,0.00000000,0.00000000,94.81898403,0.00000000,0.00000000,0.00000000,0.00000000,0.00000000,94.56804657,0.00000000,0.00000000,0.00000000,0.00000000,0.00000000,0.00000000,0.00000000,0.00000000,0.00000000,0.00000000,0.00000000,0.00000000,0.00000000,0.00000000,0.00000000,0.00000000,0.00000000,0.00000000,0.00000000,0.00000000,0.00000000,0.00000000,0.00000000,0.00000000,0.00000000,0.00000000,0.00000000,0.00000000,0.00000000,0.00000000,0.00000000,0.00000000,0.00000000,0.00000000,0.00000000,0.00000000,0.00000000,0.00000000,0.00000000,0.00000000,0.00000000,0.00000000,0.00000000,0.00000000,0.00000000,0.00000000,0.00000000,0.00000000,0.00000000,0.00000000,0.00000000,0.00000000,0.00000000,0.00000000,0.00000000,0.00000000,0.00000000,0.00000000,0.00000000,0.00000000,0.00000000,0.00000000,0.00000000,0.00000000,0.00000000,0.00000000,0.00000000,55.45705795,0.00000000,0.00000000,0.00000000,0.00000000,0.00000000,39.77878976,56.86366743,0.00000000,0.00000000,0.00000000,0.00000000,46.80995263,0.00000000,0.00000000,25.76690804,0.00000000,0.00000000,0.00000000,56.36143398,0.00000000,29.87395375,9.70120042,0.00000000,0.00000000,0.00000000,0.00000000,18.53574278,0.00000000,0.00000000,0.00000000,0.00000000,13.63741057,0.00000000,0.00000000,0.00000000,0.00000000,9.04552085,41.94321235,0.00000000,10.73298284,30.21018197,31.81816246,31.94061537,21.38084826,0.00000000,49.14857292,31.78821087,19.07369618,30.88806111,33.55984243,43.16528215,32.57148656,25.76838920,27.86011076,24.79291014,27.52921652,32.65269709,26.31817390
0.00000000,0.00000000,0.00000000,0.00000000,0.00000000,0.00000000,0.00000000,0.00000000,0.00000000,0.00000000,0.00000000,0.00000000,0.00000000,0.00000000,0.00000000,0.00000000,0.00000000,0.00000000,0.00000000,0.00000000,0.00000000,0.00000000,0.00000000,0.00000000,0.00000000,0.00000000,0.00000000,0.00000000,0.00000000,0.00000000,0.00000000,0.00000000,0.00000000,0.00000000,0.00000000,0.00000000,0.00000000,0.00000000,0.00000000,0.00000000,0.00000000,0.00000000,0.00000000,0.00000000,0.00000000,0.00000000,0.00000000,0.00000000,0.00000000,0.00000000,0.00000000,0.00000000,0.00000000,0.00000000,0.00000000,0.00000000,0.00000000,0.00000000,0.00000000,0.00000000,0.00000000,0.00000000,0.00000000,0.00000000,0.00000000,0.00000000,0.00000000,0.00000000,0.00000000,0.00000000,0.00000000,0.00000000,0.00000000,0.00000000,0.00000000,0.00000000,0.00000000,0.00000000,0.00000000,0.00000000,0.00000000,0.00000000,0.00000000,0.00000000,0.00000000,0.00000000,0.00000000,0.00000000,0.00000000,0.00000000,0.00000000,0.00000000,0.00000000,0.00000000,0.00000000,0.00000000,0.00000000,0.00000000,68.99469588,0.00000000,0.00000000,0.00000000,0.00000000,0.00000000,0.00000000,61.87238611,0.00000000,0.00000000,0.00000000,0.00000000,0.00000000,0.00000000,0.00000000,0.00000000,0.00000000,0.00000000,0.00000000,0.00000000,0.00000000,0.00000000,80.49547161,0.00000000,0.00000000,0.00000000,0.00000000,79.28271811,77.99022522,0.00000000,71.46897634,69.58894475,74.41394501,0.00000000,67.91828191,63.27001495,0.00000000,0.00000000,0.00000000,64.17101140,58.64807269,50.04310712,62.85224787,0.00000000,0.00000000,40.05723461,51.74928290,34.44486866,59.81082408,0.00000000,42.89701039,26.30337415,0.00000000,60.57758100,26.31896733,56.59685546,0.00000000,19.09890015,0.00000000,0.00000000,13.18403706,55.50736448,58.87256050,30.08046023,0.00000000,58.63072248,0.00000000,0.00000000,68.35251999,0.00000000,43.84020470,59.97920789,14.50537395,14.70167269,0.00000000,0.00000000,19.27247812,0.00000000,54.22289720,67.40694714,61.15057144,0.00000000,45.13246231,58.15432453,32.84195054,0.00000000,0.00000000,58.41078663,51.90279042,0.00000000,57.91623535,0.00000000,0.00000000,0.00000000,54.58188438,0.00000000
0.00000000,0.00000000,0.00000000,0.00000000,0.00000000,0.00000000,0.00000000,0.00000000,0.00000000,0.00000000,0.00000000,0.00000000,0.00000000,0.00000000,0.00000000,0.00000000,0.00000000,0.00000000,0.00000000,0.00000000,0.00000000,0.00000000,0.00000000,0.00000000,0.00000000,0.00000000,0.00000000,0.00000000,0.00000000,0.00000000,0.00000000,0.00000000,0.00000000,0.00000000,0.00000000,0.00000000,0.00000000,0.00000000,0.00000000,0.00000000,0.00000000,0.00000000,0.00000000,0.00000000,0.00000000,0.00000000,0.00000000,0.00000000,0.00000000,0.00000000,0.00000000,0.00000000,0.00000000,0.00000000,0.00000000,0.00000000,0.00000000,0.00000000,0.00000000,0.00000000,0.00000000,0.00000000,0.00000000,0.00000000,0.00000000,0.00000000,0.00000000,0.00000000,0.00000000,0.00000000,0.00000000,0.00000000,0.00000000,0.00000000,0.00000000,0.00000000,0.00000000,0.00000000,0.00000000,0.00000000,0.00000000,0.00000000,0.00000000,0.00000000,0.00000000,0.00000000,0.00000000,0.00000000,0.00000000,0.00000000,0.00000000,0.00000000,0.00000000,0.00000000,0.00000000,0.00000000,0.00000000,0.00000000,81.15904349,83.99222480,0.00000000,76.43672416,88.36830711,0.00000000,0.00000000,76.77190781,69.66215706,67.59961216,85.57058068,62.33329264,70.79970837,0.00000000,66.37091764,87.93393250,84.25187683,76.73457661,71.51641730,74.75316861,0.00000000,70.52292061,92.26145744,68.15518917,83.64936829,72.89316368,0.00000000,90.97936334,85.08763123,71.02793503,80.56289257,75.19914246,86.38470078,0.00000000,77.49849404,70.54786597,68.16401182,0.00000000,59.62319098,80.54218445,69.53062439,68.25680420,67.75073807,0.00000000,0.00000000,62.33440908,71.42078871,60.56600418,70.84684841,0.00000000,75.68090166,62.18325329,0.00000000,61.10223643,59.40213928,67.26714230,0.00000000,70.22427495,0.00000000,0.00000000,64.94341736,12.13657138,39.96514221,61.34583415,6.92288933,57.26592814,0.00000000,68.35251999,0.00000000,0.00000000,54.21677637,19.88237649,55.78656031,66.47980165,40.00291462,0.00000000,63.67792066,0.00000000,45.93969164,11.60267033,23.25650611,33.43865803,55.75915889,0.00000000,65.98803215,40.19330819,33.60341371,64.67474289,63.23353078,29.70955251,45.81413370,40.80367279,50.32431030,44.49389969,59.23922737,49.03139613
0.00000000,0.00000000,0.00000000,0.00000000,0.00000000,0.00000000,0.00000000,0.00000000,0.00000000,0.00000000,0.00000000,0.00000000,0.00000000,0.00000000,0.00000000,0.00000000,0.00000000,0.00000000,0.00000000,0.00000000,0.00000000,0.00000000,0.00000000,0.00000000,0.00000000,0.00000000,0.00000000,0.00000000,0.00000000,0.00000000,0.00000000,0.00000000,0.00000000,0.00000000,0.00000000,0.00000000,0.00000000,0.00000000,0.00000000,0.00000000,0.00000000,80.43144652,0.00000000,0.00000000,0.00000000,0.00000000,86.90373577,0.00000000,90.12630920,0.00000000,87.84491730,0.00000000,0.00000000,93.37041079,93.08928106,0.00000000,0.00000000,0.00000000,0.00000000,94.60677511,0.00000000,97.72537994,0.00000000,0.00000000,96.74119907,0.00000000,0.00000000,97.77946421,0.00000000,0.00000000,0.00000000,0.00000000,98.60749682,0.00000000,94.77118480,0.00000000,98.62488791,0.00000000,0.00000000,0.00000000,0.00000000,95.04309212,0.00000000,0.00000000,99.53649041,100.07882402,0.00000000,0.00000000,0.00000000,0.00000000,0.00000000,0.00000000,0.00000000,0.00000000,0.00000000,0.00000000,0.00000000,0.00000000,0.00000000,0.00000000,0.00000000,0.00000000,0.00000000,0.00000000,0.00000000,0.00000000,0.00000000,0.00000000,0.00000000,0.00000000,0.00000000,0.00000000,0.00000000,0.00000000,0.00000000,0.00000000,0.00000000,0.00000000,0.00000000,0.00000000,0.00000000,0.00000000,0.00000000,0.00000000,0.00000000,0.00000000,0.00000000,0.00000000,0.00000000,0.00000000,0.00000000,0.00000000,0.00000000,0.00000000,0.00000000,47.43416246,0.00000000,0.00000000,0.00000000,0.00000000,0.00000000,29.00245052,47.06717211,0.00000000,0.00000000,0.00000000,0.00000000,28.00961679,0.00000000,0.00000000,17.06788856,0.00000000,0.00000000,0.00000000,37.15037799,0.00000000,13.13423994,11.67372376,0.00000000,0.00000000,0.00000000,0.00000000,42.49701490,0.00000000,13.63741057,0.00000000,0.00000000,0.00000000,0.00000000,0.00000000,0.00000000,0.00000000,22.09319370,12.41135615,0.00000000,11.53888824,46.88976780,50.85685654,46.61462838,41.44555876,38.18640165,40.16400426,33.89751480,28.89377455,47.73951530,15.47763390,22.84214799,48.77982696,37.85936034,37.86179264,20.84884844,42.09579437,29.38581938,37.73785614
0.00000000,0.00000000,0.00000000,0.00000000,0.00000000,0.00000000,0.00000000,0.00000000,0.00000000,0.00000000,0.00000000,0.00000000,0.00000000,0.00000000,0.00000000,0.00000000,0.00000000,0.00000000,0.00000000,0.00000000,0.00000000,0.00000000,0.00000000,0.00000000,0.00000000,0.00000000,0.00000000,0.00000000,0.00000000,0.00000000,0.00000000,0.00000000,0.00000000,0.00000000,0.00000000,0.00000000,0.00000000,0.00000000,0.00000000,0.00000000,0.00000000,0.00000000,0.00000000,0.00000000,0.00000000,0.00000000,0.00000000,0.00000000,0.00000000,0.00000000,0.00000000,0.00000000,0.00000000,0.00000000,0.00000000,0.00000000,0.00000000,0.00000000,0.00000000,0.00000000,0.00000000,0.00000000,0.00000000,0.00000000,0.00000000,0.00000000,0.00000000,0.00000000,0.00000000,0.00000000,0.00000000,0.00000000,0.00000000,0.00000000,0.00000000,0.00000000,0.00000000,0.00000000,0.00000000,0.00000000,0.00000000,0.00000000,0.00000000,0.00000000,0.00000000,0.00000000,0.00000000,0.00000000,0.00000000,0.00000000,0.00000000,0.00000000,0.00000000,0.00000000,0.00000000,0.00000000,0.00000000,0.00000000,67.30301545,0.00000000,0.00000000,0.00000000,0.00000000,0.00000000,0.00000000,60.91182637,0.00000000,52.61310308,0.00000000,0.00000000,0.00000000,0.00000000,0.00000000,0.00000000,0.00000000,66.54187393,0.00000000,0.00000000,0.00000000,0.00000000,80.95449760,0.00000000,73.44989034,57.72014999,74.42216873,80.02847417,73.58896981,70.42561213,71.76056951,67.41311734,75.56852519,63.83981196,64.65477070,61.94541908,61.66092597,0.00000000,57.01623050,66.88534203,55.34776497,52.90839052,58.01279068,0.00000000,0.00000000,44.54307547,49.12449996,39.11009872,46.46536959,0.00000000,58.35319437,47.05188996,0.00000000,31.93274742,30.12169587,32.11978250,0.00000000,53.69455995,0.00000000,0.00000000,41.66517149,34.27132913,15.72435801,12.25822596,0.00000000,11.04010612,0.00000000,43.84020470,54.21677637,0.00000000,0.00000000,13.71505954,18.93662577,49.18499660,0.00000000,0.00000000,39.57227133,0.00000000,10.97953616,53.87256705,30.34512802,0.00000000,27.89638538,0.00000000,46.78197614,0.00000000,0.00000000,54.01296432,49.74072413,36.38467369,34.72227027,0.00000000,0.00000000,0.00000000,39.45066202,45.85677767
0.00000000,0.00000000,0.00000000,0.00000000,0.00000000,0.00000000,0.00000000,0.00000000,0.00000000,0.00000000,0.00000000,0.00000000,0.00000000,0.00000000,0.00000000,0.00000000,0.00000000,0.00000000,0.00000000,0.00000000,0.00000000,0.00000000,0.00000000,0.00000000,0.00000000,0.00000000,0.00000000,0.00000000,0.00000000,0.00000000,0.00000000,0.00000000,0.00000000,0.00000000,0.00000000,0.00000000,0.00000000,0.00000000,0.00000000,0.00000000,0.00000000,0.00000000,0.00000000,0.00000000,0.00000000,0.00000000,0.00000000,0.00000000,0.00000000,0.00000000,0.00000000,0.00000000,0.00000000,0.00000000,0.00000000,0.00000000,0.00000000,0.00000000,0.00000000,0.00000000,0.00000000,0.00000000,0.00000000,0.00000000,0.00000000,0.00000000,0.00000000,0.00000000,0.00000000,0.00000000,0.00000000,0.00000000,0.00000000,0.00000000,0.00000000,0.00000000,0.00000000,0.00000000,0.00000000,0.00000000,0.00000000,0.00000000,0.00000000,0.00000000,0.00000000,0.00000000,0.00000000,0.00000000,0.00000000,0.00000000,0.00000000,0.00000000,0.00000000,0.00000000,0.00000000,0.00000000,0.00000000,0.00000000,74.93515323,78.43402557,0.00000000,74.39439646,0.00000000,0.00000000,0.00000000,69.76835759,65.82744884,62.69793392,76.88244193,69.50008202,66.65702438,0.00000000,63.05409050,0.00000000,0.00000000,74.18020734,71.66148867,70.03434788,77.43763606,68.96283063,89.30605469,65.87654160,81.02019374,70.78849506,82.37022400,88.28067271,82.52527064,76.11486598,77.99940300,73.78946228,83.44489670,64.91257191,73.74882317,67.06711833,67.83768972,0.00000000,66.05683975,76.01560211,65.57819294,62.29454486,64.26241925,0.00000000,0.00000000,56.77843312,62.84273791,53.61150106,59.16001617,0.00000000,68.11658040,57.12603651,0.00000000,42.00437497,47.86586348,51.50016260,0.00000000,63.82157186,0.00000000,0.00000000,57.64022923,11.91824890,11.98080233,36.50337220,0.00000000,17.96172785,0.00000000,59.97920789,19.88237649,0.00000000,13.71505954,0.00000000,41.28135917,62.63976985,39.58790334,0.00000000,57.66270336,0.00000000,12.93434664,19.91215268,11.24936111,29.60403230,46.43264487,0.00000000,62.63269166,34.05728626,30.83111429,60.63976765,59.35427693,27.18776930,26.08239764,26.91663827,43.34863063,36.00924683,53.39172696,35.27446395
0.00000000,0.00000000,0.00000000,0.00000000,0.00000000,0.00000000,0.00000000,0.00000000,0.00000000,0.00000000,0.00000000,0.00000000,0.00000000,0.00000000,0.00000000,0.00000000,0.00000000,0.00000000,0.00000000,0.00000000,0.00000000,0.00000000,0.00000000,0.00000000,0.00000000,0.00000000,0.00000000,0.00000000,0.00000000,0.00000000,0.00000000,0.00000000,0.00000000,0.00000000,0.00000000,0.00000000,0.00000000,0.00000000,0.00000000,0.00000000,0.00000000,0.00000000,0.00000000,0.00000000,0.00000000,0.00000000,0.00000000,0.00000000,0.00000000,0.00000000,0.00000000,0.00000000,0.00000000,0.00000000,0.00000000,0.00000000,0.00000000,0.00000000,0.00000000,0.00000000,0.00000000,0.00000000,0.00000000,0.00000000,0.00000000,0.00000000,0.00000000,0.00000000,0.00000000,0.00000000,0.00000000,0.00000000,0.00000000,0.00000000,0.00000000,0.00000000,0.00000000,0.00000000,0.00000000,0.00000000,0.00000000,0.00000000,0.00000000,0.00000000,0.00000000,0.00000000,0.00000000,0.00000000,0.00000000,0.00000000,0.00000000,0.00000000,0.00000000,0.00000000,0.00000000,0.00000000,0.00000000,0.00000000,65.50377502,0.00000000,0.00000000,0.00000000,0.00000000,0.00000000,0.00000000,58.54959352,0.00000000,0.00000000,0.00000000,0.00000000,0.00000000,0.00000000,0.00000000,0.00000000,0.00000000,0.00000000,0.00000000,0.00000000,0.00000000,0.00000000,78.33744199,0.00000000,71.37917328,0.00000000,73.68896437,77.52809111,73.06157930,69.19393697,69.34627151,68.59075437,73.61307373,0.00000000,63.84581032,62.28324509,61.62562084,0.00000000,57.17419561,66.00968684,56.18755032,50.77637482,63.74063746,0.00000000,0.00000000,54.65131760,49.38657655,31.13946196,56.35479965,0.00000000,54.02372206,31.23757417,0.00000000,50.25177947,21.23622337,48.07100598,0.00000000,37.32427184,0.00000000,0.00000000,12.33232583,45.32542223,44.31194426,16.82377491,0.00000000,42.17091020,0.00000000,14.50537395,55.78656031,0.00000000,18.93662577,41.28135917,0.00000000,25.27188622,0.00000000,0.00000000,14.06194462,0.00000000,23.36394031,55.41977310,45.76527367,0.00000000,13.07402778,0.00000000,25.92746172,0.00000000,0.00000000,48.94161415,39.16439207,52.68567188,41.10685792,0.00000000,38.01167444,0.00000000,30.91411182,49.81064393
0.00000000,0.00000000,0.00000000,0.00000000,0.00000000,0.00000000,0.00000000,0.00000000,0.00000000,0.00000000,0.00000000,0.00000000,0.00000000,0.00000000,0.00000000,0.00000000,0.00000000,0.00000000,0.00000000,0.00000000,0.00000000,0.00000000,0.00000000,0.00000000,0.00000000,0.00000000,0.00000000,0.00000000,0.00000000,0.00000000,0.00000000,0.00000000,0.00000000,0.00000000,0.00000000,0.00000000,0.00000000,0.00000000,0.00000000,0.00000000,0.00000000,0.00000000,0.00000000,0.00000000,0.00000000,0.00000000,87.36081696,0.00000000,0.00000000,0.00000000,89.13713582,0.00000000,0.00000000,0.00000000,95.36356125,0.00000000,0.00000000,0.00000000,0.00000000,0.00000000,0.00000000,0.00000000,0.00000000,0.00000000,0.00000000,0.00000000,0.00000000,0.00000000,0.00000000,0.00000000,0.00000000,0.00000000,0.00000000,0.00000000,0.00000000,0.00000000,0.00000000,0.00000000,0.00000000,0.00000000,0.00000000,0.00000000,0.00000000,0.00000000,0.00000000,0.00000000,0.00000000,0.00000000,0.00000000,0.00000000,0.00000000,0.00000000,0.00000000,0.00000000,0.00000000,0.00000000,0.00000000,0.00000000,69.92891778,0.00000000,0.00000000,0.00000000,0.00000000,0.00000000,0.00000000,59.69307539,0.00000000,0.00000000,0.00000000,0.00000000,0.00000000,0.00000000,0.00000000,0.00000000,0.00000000,0.00000000,0.00000000,0.00000000,0.00000000,0.00000000,79.47749939,0.00000000,0.00000000,0.00000000,0.00000000,78.35578641,78.08836670,0.00000000,73.02324804,0.00000000,74.20778283,0.00000000,72.13422394,65.72363336,0.00000000,0.00000000,0.00000000,67.13422557,67.56495424,61.08111590,0.00000000,0.00000000,0.00000000,0.00000000,59.02959366,45.02732137,0.00000000,0.00000000,48.19219872,37.70944104,0.00000000,53.26329117,37.75877816,57.22535019,31.72193615,25.88156534,26.95912607,0.00000000,26.11570832,0.00000000,64.86817169,42.01578685,0.00000000,63.60649490,0.00000000,14.70167269,66.47980165,0.00000000,49.18499660,62.63976985,25.27188622,0.00000000,0.00000000,35.01086398,15.90240018,0.00000000,53.60401215,65.41308235,62.25563965,0.00000000,40.63656167,40.65768867,15.71429236,0.00000000,0.00000000,43.47694428,31.56398033,57.85587014,56.31360753,0.00000000,0.00000000,0.00000000,49.74515343,58.06758202
0.00000000,0.00000000,0.00000000,0.00000000,0.00000000,0.00000000,0.00000000,0.00000000,0.00000000,0.00000000,0.00000000,0.00000000,0.00000000,0.00000000,0.00000000,0.00000000,0.00000000,0.00000000,0.00000000,0.00000000,0.00000000,0.00000000,0.00000000,0.00000000,0.00000000,0.00000000,0.00000000,0.00000000,0.00000000,0.00000000,0.00000000,0.00000000,0.00000000,0.00000000,0.00000000,0.00000000,0.00000000,0.00000000,0.00000000,0.00000000,0.00000000,0.00000000,0.00000000,0.00000000,0.00000000,0.00000000,0.00000000,0.00000000,0.00000000,0.00000000,0.00000000,0.00000000,0.00000000,0.00000000,0.00000000,0.00000000,0.00000000,0.00000000,0.00000000,0.00000000,0.00000000,0.00000000,0.00000000,0.00000000,0.00000000,0.00000000,0.00000000,0.00000000,0.00000000,0.00000000,0.00000000,0.00000000,0.00000000,0.00000000,0.00000000,0.00000000,0.00000000,0.00000000,0.00000000,0.00000000,0.00000000,0.00000000,0.00000000,0.00000000,0.00000000,0.00000000,0.00000000,0.00000000,0.00000000,0.00000000,0.00000000,0.00000000,0.00000000,0.00000000,0.00000000,0.00000000,0.00000000,0.00000000,0.00000000,0.00000000,0.00000000,0.00000000,0.00000000,0.00000000,0.00000000,0.00000000,0.00000000,0.00000000,0.00000000,0.00000000,0.00000000,0.00000000,0.00000000,0.00000000,0.00000000,0.00000000,0.00000000,0.00000000,0.00000000,0.00000000,0.00000000,0.00000000,0.00000000,0.00000000,0.00000000,0.00000000,0.00000000,0.00000000,0.00000000,0.00000000,0.00000000,0.00000000,0.00000000,0.00000000,0.00000000,62.83953629,0.00000000,0.00000000,0.00000000,0.00000000,0.00000000,46.60042508,64.58812541,0.00000000,0.00000000,0.00000000,0.00000000,54.87501878,0.00000000,0.00000000,35.38562696,0.00000000,0.00000000,0.00000000,63.07001659,0.00000000,42.77356860,19.78816348,0.00000000,0.00000000,0.00000000,0.00000000,9.12614352,0.00000000,9.04552085,0.00000000,40.00291462,22.09319370,0.00000000,39.58790334,0.00000000,0.00000000,0.00000000,53.75692611,0.00000000,8.90728334,34.10698331,25.15224061,29.72327397,9.04071474,35.97103977,63.11016569,54.73834085,9.17158564,20.91678240,35.44118599,51.61422404,25.52966989,21.69627684,25.30315049,17.26172931,17.51591592,26.43359722,19.25470980
0.00000000,0.00000000,0.00000000,0.00000000,0.00000000,0.00000000,0.00000000,0.00000000,0.00000000,0.00000000,0.00000000,0.00000000,0.00000000,0.00000000,0.00000000,0.00000000,0.00000000,0.00000000,0.00000000,0.00000000,0.00000000,0.00000000,0.00000000,0.00000000,0.00000000,0.00000000,0.00000000,0.00000000,0.00000000,0.00000000,0.00000000,0.00000000,0.00000000,0.00000000,0.00000000,0.00000000,0.00000000,0.00000000,0.00000000,0.00000000,0.00000000,77.16104456,0.00000000,0.00000000,0.00000000,0.00000000,87.19816913,0.00000000,0.00000000,0.00000000,90.20597076,0.00000000,0.00000000,95.02747726,94.39800889,0.00000000,0.00000000,0.00000000,0.00000000,96.17153637,0.00000000,0.00000000,0.00000000,0.00000000,97.29496455,0.00000000,0.00000000,0.00000000,0.00000000,0.00000000,0.00000000,0.00000000,0.00000000,0.00000000,0.00000000,0.00000000,0.00000000,0.00000000,0.00000000,0.00000000,0.00000000,0.00000000,0.00000000,0.00000000,0.00000000,0.00000000,0.00000000,0.00000000,0.00000000,0.00000000,0.00000000,0.00000000,0.00000000,0.00000000,0.00000000,0.00000000,0.00000000,0.00000000,0.00000000,0.00000000,0.00000000,0.00000000,0.00000000,0.00000000,0.00000000,0.00000000,0.00000000,0.00000000,0.00000000,0.00000000,0.00000000,0.00000000,0.00000000,0.00000000,0.00000000,0.00000000,0.00000000,0.00000000,0.00000000,0.00000000,0.00000000,0.00000000,0.00000000,0.00000000,0.00000000,0.00000000,0.00000000,0.00000000,0.00000000,0.00000000,0.00000000,0.00000000,0.00000000,0.00000000,0.00000000,37.04777595,0.00000000,63.51746368,0.00000000,0.00000000,0.00000000,31.61864558,35.83784794,0.00000000,0.00000000,0.00000000,0.00000000,24.59146277,0.00000000,0.00000000,32.04883587,0.00000000,0.00000000,0.00000000,21.65697613,0.00000000,14.59834750,37.44103025,0.00000000,0.00000000,0.00000000,0.00000000,55.71998051,0.00000000,41.94321235,0.00000000,0.00000000,12.41135615,0.00000000,0.00000000,0.00000000,35.01086398,53.75692611,0.00000000,0.00000000,36.24456120,0.00000000,0.00000000,0.00000000,55.95156479,0.00000000,12.24824797,27.92476500,47.71909114,0.00000000,12.36271412,16.79122222,0.00000000,38.18281937,0.00000000,33.09322484,57.80760574,31.59964207,49.38621788
0.00000000,0.00000000,0.00000000,0.00000000,0.00000000,0.00000000,0.00000000,0.00000000,0.00000000,0.00000000,0.00000000,0.00000000,0.00000000,0.00000000,0.00000000,0.00000000,0.00000000,0.00000000,0.00000000,0.00000000,0.00000000,0.00000000,0.00000000,0.00000000,0.00000000,0.00000000,0.00000000,0.00000000,0.00000000,0.00000000,0.00000000,0.00000000,0.00000000,0.00000000,0.00000000,0.00000000,0.00000000,0.00000000,0.00000000,0.00000000,0.00000000,0.00000000,0.00000000,0.00000000,0.00000000,0.00000000,0.00000000,0.00000000,0.00000000,0.00000000,0.00000000,0.00000000,0.00000000,0.00000000,0.00000000,0.00000000,0.00000000,0.00000000,0.00000000,0.00000000,0.00000000,0.00000000,0.00000000,0.00000000,0.00000000,0.00000000,0.00000000,0.00000000,0.00000000,0.00000000,0.00000000,0.00000000,0.00000000,0.00000000,0.00000000,0.00000000,0.00000000,0.00000000,0.00000000,0.00000000,0.00000000,0.00000000,0.00000000,0.00000000,0.00000000,0.00000000,0.00000000,0.00000000,0.00000000,0.00000000,0.00000000,0.00000000,0.00000000,0.00000000,0.00000000,0.00000000,0.00000000,0.00000000,70.61297150,0.00000000,0.00000000,0.00000000,0.00000000,0.00000000,0.00000000,61.35958417,0.00000000,0.00000000,0.00000000,0.00000000,0.00000000,0.00000000,0.00000000,0.00000000,0.00000000,0.00000000,0.00000000,0.00000000,0.00000000,0.00000000,82.30430071,0.00000000,0.00000000,0.00000000,0.00000000,82.56850243,80.31859080,0.00000000,74.51295802,0.00000000,77.95048103,0.00000000,71.92042255,65.49975061,0.00000000,0.00000000,0.00000000,71.78291306,66.57551498,60.68468447,0.00000000,0.00000000,0.00000000,0.00000000,61.64404721,45.17155017,0.00000000,0.00000000,59.14658268,40.79318024,0.00000000,55.55173969,38.84103348,58.19103368,0.00000000,35.25603350,0.00000000,0.00000000,29.54049706,0.00000000,58.23483658,35.34835828,0.00000000,59.46890891,0.00000000,19.27247812,63.67792066,0.00000000,39.57227133,57.66270336,14.06194462,15.90240018,0.00000000,0.00000000,0.00000000,0.00000000,44.57955884,61.05721347,58.61238575,0.00000000,15.09619149,45.17500515,14.63504760,0.00000000,0.00000000,41.64475123,30.41266263,0.00000000,52.90328852,0.00000000,0.00000000,0.00000000,35.75415740,47.42951393
0.00000000,0.00000000,0.00000000,0.00000000,0.00000000,0.00000000,0.00000000,0.00000000,0.00000000,0.00000000,0.00000000,0.00000000,0.00000000,0.00000000,0.00000000,0.00000000,0.00000000,0.00000000,0.00000000,0.00000000,0.00000000,0.00000000,0.00000000,0.00000000,0.00000000,0.00000000,0.00000000,0.00000000,0.00000000,0.00000000,0.00000000,0.00000000,0.00000000,0.00000000,0.00000000,0.00000000,0.00000000,0.00000000,0.00000000,0.00000000,0.00000000,0.00000000,0.00000000,0.00000000,0.00000000,0.00000000,0.00000000,0.00000000,0.00000000,0.00000000,0.00000000,0.00000000,0.00000000,94.20978367,0.00000000,0.00000000,0.00000000,0.00000000,0.00000000,0.00000000,0.00000000,0.00000000,0.00000000,0.00000000,0.00000000,0.00000000,0.00000000,0.00000000,0.00000000,0.00000000,0.00000000,0.00000000,0.00000000,0.00000000,0.00000000,0.00000000,0.00000000,0.00000000,0.00000000,0.00000000,0.00000000,0.00000000,0.00000000,0.00000000,0.00000000,0.00000000,0.00000000,0.00000000,0.00000000,0.00000000,0.00000000,0.00000000,0.00000000,0.00000000,0.00000000,0.00000000,0.00000000,0.00000000,0.00000000,0.00000000,0.00000000,0.00000000,0.00000000,0.00000000,0.00000000,0.00000000,0.00000000,0.00000000,0.00000000,0.00000000,0.00000000,0.00000000,0.00000000,0.00000000,0.00000000,0.00000000,0.00000000,0.00000000,0.00000000,0.00000000,0.00000000,0.00000000,0.00000000,0.00000000,0.00000000,0.00000000,0.00000000,0.00000000,0.00000000,0.00000000,0.00000000,0.00000000,0.00000000,0.00000000,0.00000000,0.00000000,0.00000000,0.00000000,0.00000000,0.00000000,0.00000000,34.88302898,0.00000000,0.00000000,0.00000000,0.00000000,0.00000000,45.25851313,0.00000000,0.00000000,30.22235892,0.00000000,0.00000000,0.00000000,44.83944936,0.00000000,33.81373078,17.83954488,0.00000000,0.00000000,0.00000000,0.00000000,37.91909637,0.00000000,10.73298284,0.00000000,0.00000000,11.53888824,0.00000000,0.00000000,0.00000000,0.00000000,8.90728334,36.24456120,0.00000000,0.00000000,32.42451124,47.68800910,39.58580998,33.61476083,31.09109616,46.37850843,43.52610567,10.48805593,31.86669118,17.07621771,39.31828812,39.48624584,22.27266584,29.92073174,9.72428950,24.71416815,22.09197545,19.59589185
0.00000000,0.00000000,0.00000000,0.00000000,0.00000000,0.00000000,0.00000000,0.00000000,0.00000000,0.00000000,0.00000000,0.00000000,0.00000000,0.00000000,0.00000000,0.00000000,0.00000000,0.00000000,0.00000000,0.00000000,0.00000000,0.00000000,0.00000000,0.00000000,0.00000000,0.00000000,0.00000000,0.00000000,0.00000000,0.00000000,0.00000000,0.00000000,0.00000000,0.00000000,0.00000000,0.00000000,0.00000000,0.00000000,0.00000000,0.00000000,0.00000000,0.00000000,0.00000000,0.00000000,0.00000000,0.00000000,0.00000000,0.00000000,0.00000000,0.00000000,0.00000000,0.00000000,0.00000000,0.00000000,0.00000000,0.00000000,0.00000000,0.00000000,0.00000000,0.00000000,0.00000000,0.00000000,0.00000000,0.00000000,0.00000000,0.00000000,0.00000000,0.00000000,0.00000000,0.00000000,0.00000000,0.00000000,0.00000000,0.00000000,0.00000000,0.00000000,0.00000000,0.00000000,0.00000000,0.00000000,0.00000000,0.00000000,0.00000000,0.00000000,0.00000000,0.00000000,0.00000000,0.00000000,0.00000000,0.00000000,0.00000000,0.00000000,0.00000000,0.00000000,0.00000000,0.00000000,0.00000000,0.00000000,71.68272204,0.00000000,0.00000000,0.00000000,0.00000000,0.00000000,0.00000000,67.17142798,0.00000000,62.92204571,0.00000000,65.50504812,0.00000000,0.00000000,51.62736053,0.00000000,0.00000000,72.33394768,70.32335136,0.00000000,77.29532623,65.04782639,86.67615301,0.00000000,78.71134504,68.73934234,80.51969692,85.63105797,78.61646226,76.49918270,77.05611483,71.92798843,82.11139170,69.41961479,70.43543800,69.01143799,68.47370402,0.00000000,69.48210144,75.94111557,62.74876344,62.62550507,67.02612462,0.00000000,0.00000000,62.22967275,65.42353949,53.82685375,66.57672418,0.00000000,68.55410113,56.55739466,0.00000000,57.60404093,49.57083106,59.19925308,0.00000000,60.16492157,0.00000000,0.00000000,55.04021174,32.33674211,29.06360372,36.62545021,0.00000000,29.63430122,30.21018197,54.22289720,45.93969164,46.88976780,10.97953616,12.93434664,23.36394031,53.60401215,34.10698331,0.00000000,44.57955884,32.42451124,0.00000000,42.66724078,11.81669368,39.83639162,17.48232120,55.18201006,46.61992196,33.89262946,33.39615260,39.88837549,47.65973536,34.60296363,10.80588865,19.87296920,31.86380031,39.29414234,26.41296780,26.16871610
0.00000000,0.00000000,0.00000000,0.00000000,0.00000000,0.00000000,0.00000000,0.00000000,0.00000000,0.00000000,0.00000000,0.00000000,0.00000000,0.00000000,0.00000000,0.00000000,0.00000000,0.00000000,0.00000000,0.00000000,0.00000000,0.00000000,0.00000000,0.00000000,0.00000000,0.00000000,0.00000000,0.00000000,0.00000000,0.00000000,0.00000000,0.00000000,0.00000000,0.00000000,0.00000000,0.00000000,0.00000000,0.00000000,0.00000000,0.00000000,0.00000000,0.00000000,0.00000000,0.00000000,0.00000000,0.00000000,0.00000000,0.00000000,0.00000000,0.00000000,0.00000000,0.00000000,0.00000000,0.00000000,0.00000000,0.00000000,0.00000000,0.00000000,0.00000000,0.00000000,0.00000000,0.00000000,0.00000000,0.00000000,0.00000000,0.00000000,0.00000000,0.00000000,0.00000000,0.00000000,0.00000000,0.00000000,0.00000000,0.00000000,0.00000000,0.00000000,0.00000000,0.00000000,0.00000000,0.00000000,0.00000000,0.00000000,0.00000000,0.00000000,0.00000000,0.00000000,0.00000000,0.00000000,0.00000000,0.00000000,0.00000000,0.00000000,0.00000000,0.00000000,0.00000000,0.00000000,0.00000000,0.00000000,81.51748138,83.39160422,0.00000000,75.40399576,0.00000000,0.00000000,0.00000000,73.88497093,63.43526459,66.63611167,85.42839684,0.00000000,70.00189908,0.00000000,57.40345972,0.00000000,76.59926224,0.00000000,67.41332722,72.01873440,0.00000000,0.00000000,0.00000000,61.66109314,0.00000000,71.77299239,0.00000000,0.00000000,0.00000000,0.00000000,0.00000000,0.00000000,0.00000000,0.00000000,0.00000000,0.00000000,0.00000000,0.00000000,0.00000000,0.00000000,65.17838375,0.00000000,63.63287562,0.00000000,0.00000000,0.00000000,0.00000000,0.00000000,0.00000000,0.00000000,0.00000000,0.00000000,0.00000000,59.01053047,0.00000000,0.00000000,0.00000000,0.00000000,0.00000000,32.15745433,0.00000000,22.78351924,44.71076461,0.00000000,23.90700626,29.66165860,31.81816246,67.40694714,11.60267033,50.85685654,53.87256705,19.91215268,55.41977310,65.41308235,25.15224061,0.00000000,61.05721347,47.68800910,42.66724078,0.00000000,12.69032926,13.66360279,54.20395243,68.54867808,65.54708958,39.92124681,21.50885413,62.35202866,64.25966797,11.68469812,36.36643326,25.04091063,52.76198404,24.11691013,57.66025993,36.12830895
0.00000000,0.00000000,0.00000000,0.00000000,0.00000000,0.00000000,0.00000000,0.00000000,0.00000000,0.00000000,0.00000000,0.00000000,0.00000000,0.00000000,0.00000000,0.00000000,0.00000000,0.00000000,0.00000000,0.00000000,0.00000000,0.00000000,0.00000000,0.00000000,0.00000000,0.00000000,0.00000000,0.00000000,0.00000000,0.00000000,0.00000000,0.00000000,0.00000000,0.00000000,0.00000000,0.00000000,0.00000000,0.00000000,0.00000000,0.00000000,0.00000000,0.00000000,0.00000000,0.00000000,0.00000000,0.00000000,0.00000000,0.00000000,0.00000000,0.00000000,0.00000000,0.00000000,0.00000000,0.00000000,0.00000000,0.00000000,0.00000000,0.00000000,0.00000000,0.00000000,0.00000000,0.00000000,0.00000000,0.00000000,0.00000000,0.00000000,0.00000000,0.00000000,0.00000000,0.00000000,0.00000000,0.00000000,0.00000000,0.00000000,0.00000000,0.00000000,0.00000000,0.00000000,0.00000000,0.00000000,0.00000000,0.00000000,0.00000000,0.00000000,0.00000000,0.00000000,0.00000000,0.00000000,0.00000000,0.00000000,0.00000000,0.00000000,0.00000000,0.00000000,0.00000000,0.00000000,0.00000000,0.00000000,79.01553612,80.31595357,0.00000000,72.26037707,0.00000000,0.00000000,0.00000000,71.91134567,0.00000000,64.78375549,77.57771628,0.00000000,62.07012558,0.00000000,0.00000000,0.00000000,0.00000000,73.77692795,67.20993451,70.94832018,0.00000000,63.91081916,90.02162806,0.00000000,81.36662547,71.97872014,0.00000000,90.26081657,83.81860638,0.00000000,0.00000000,77.62457041,79.02704926,0.00000000,75.67690398,0.00000000,70.36673273,0.00000000,0.00000000,76.94909058,70.29876680,0.00000000,69.99481392,0.00000000,0.00000000,56.30223497,70.17972597,0.00000000,69.49453572,0.00000000,70.17240791,0.00000000,0.00000000,59.02677345,45.54945297,45.83209101,0.00000000,0.00000000,0.00000000,34.61312151,0.00000000,20.73013151,34.13387431,49.89374955,26.97460530,40.12970273,31.94061537,61.15057144,23.25650611,46.61462838,30.34512802,11.24936111,45.76527367,62.25563965,29.72327397,0.00000000,58.61238575,39.58580998,11.81669368,12.69032926,0.00000000,17.07740333,44.03805460,62.29823227,61.97579689,34.01121919,27.09700188,56.67301914,60.52231957,11.99381162,10.44574357,9.92897634,41.23906898,21.06035877,46.81707811,17.10134523
0.00000000,0.00000000,0.00000000,0.00000000,0.00000000,0.00000000,0.00000000,0.00000000,0.00000000,0.00000000,0.00000000,0.00000000,0.00000000,0.00000000,0.00000000,0.00000000,0.00000000,0.00000000,0.00000000,0.00000000,0.00000000,0.00000000,0.00000000,0.00000000,0.00000000,0.00000000,0.00000000,0.00000000,0.00000000,0.00000000,0.00000000,0.00000000,0.00000000,0.00000000,0.00000000,0.00000000,0.00000000,0.00000000,0.00000000,0.00000000,0.00000000,0.00000000,0.00000000,0.00000000,0.00000000,0.00000000,0.00000000,0.00000000,0.00000000,0.00000000,0.00000000,0.00000000,0.00000000,0.00000000,0.00000000,0.00000000,0.00000000,0.00000000,0.00000000,0.00000000,0.00000000,0.00000000,0.00000000,0.00000000,0.00000000,0.00000000,0.00000000,0.00000000,0.00000000,0.00000000,0.00000000,0.00000000,0.00000000,0.00000000,0.00000000,0.00000000,0.00000000,0.00000000,0.00000000,0.00000000,0.00000000,0.00000000,0.00000000,0.00000000,0.00000000,0.00000000,0.00000000,0.00000000,0.00000000,0.00000000,0.00000000,0.00000000,0.00000000,0.00000000,0.00000000,0.00000000,0.00000000,0.00000000,0.00000000,0.00000000,0.00000000,0.00000000,0.00000000,0.00000000,0.00000000,0.00000000,0.00000000,0.00000000,0.00000000,0.00000000,0.00000000,0.00000000,0.00000000,0.00000000,0.00000000,0.00000000,0.00000000,0.00000000,0.00000000,0.00000000,0.00000000,0.00000000,0.00000000,0.00000000,0.00000000,0.00000000,0.00000000,0.00000000,0.00000000,0.00000000,0.00000000,0.00000000,0.00000000,0.00000000,0.00000000,0.00000000,0.00000000,0.00000000,0.00000000,0.00000000,0.00000000,0.00000000,0.00000000,0.00000000,0.00000000,0.00000000,0.00000000,50.25840473,0.00000000,0.00000000,38.16142827,0.00000000,0.00000000,0.00000000,60.49623506,0.00000000,48.94005313,30.07455516,0.00000000,0.00000000,0.00000000,0.00000000,12.64559997,0.00000000,21.38084826,0.00000000,33.43865803,41.44555876,0.00000000,29.60403230,0.00000000,0.00000000,9.04071474,55.95156479,0.00000000,33.61476083,39.83639162,13.66360279,17.07740333,0.00000000,47.70975678,67.69064152,60.62606125,10.19147640,8.21353700,56.45525278,59.18277054,12.26554717,29.90531731,16.20427790,33.39601682,9.64820927,48.61771100,21.98189727
0.00000000,0.00000000,0.00000000,0.00000000,0.00000000,0.00000000,0.00000000,0.00000000,0.00000000,0.00000000,0.00000000,0.00000000,0.00000000,0.00000000,0.00000000,0.00000000,0.00000000,0.00000000,0.00000000,0.00000000,0.00000000,0.00000000,0.00000000,0.00000000,0.00000000,0.00000000,0.00000000,0.00000000,0.00000000,0.00000000,0.00000000,0.00000000,0.00000000,0.00000000,0.00000000,0.00000000,0.00000000,0.00000000,0.00000000,0.00000000,0.00000000,0.00000000,0.00000000,0.00000000,0.00000000,0.00000000,0.00000000,0.00000000,0.00000000,0.00000000,0.00000000,0.00000000,0.00000000,90.20383301,0.00000000,0.00000000,0.00000000,0.00000000,0.00000000,0.00000000,0.00000000,0.00000000,0.00000000,0.00000000,0.00000000,0.00000000,0.00000000,0.00000000,0.00000000,0.00000000,0.00000000,0.00000000,0.00000000,0.00000000,0.00000000,0.00000000,0.00000000,0.00000000,0.00000000,0.00000000,0.00000000,0.00000000,0.00000000,0.00000000,0.00000000,0.00000000,0.00000000,0.00000000,0.00000000,0.00000000,0.00000000,0.00000000,0.00000000,0.00000000,0.00000000,0.00000000,0.00000000,0.00000000,70.39024099,0.00000000,0.00000000,0.00000000,0.00000000,0.00000000,0.00000000,63.17349679,0.00000000,0.00000000,0.00000000,0.00000000,0.00000000,0.00000000,0.00000000,0.00000000,0.00000000,0.00000000,0.00000000,0.00000000,0.00000000,0.00000000,83.87999411,0.00000000,76.21458435,0.00000000,76.19953728,82.73807526,78.22042124,72.96797562,74.96733623,72.24073029,78.20949763,0.00000000,70.33946864,64.73184259,65.34771142,0.00000000,0.00000000,72.21651840,62.54572906,60.15911341,68.04784470,0.00000000,0.00000000,0.00000000,66.07351615,51.34040466,67.97238604,0.00000000,66.80186844,49.47978338,0.00000000,60.86581764,46.19694908,57.79534022,0.00000000,50.35738055,30.15432505,0.00000000,45.27359454,42.50218667,54.05307248,36.19048343,0.00000000,54.02548790,0.00000000,45.13246231,55.75915889,38.18640165,27.89638538,46.43264487,13.07402778,40.63656167,35.97103977,0.00000000,15.09619149,31.09109616,17.48232120,54.20395243,44.03805460,47.70975678,0.00000000,44.07744271,14.08437530,36.93495349,0.00000000,26.71034645,20.29614124,53.12753325,21.00285340,42.95063727,28.28737893,48.18754387,11.86847751,33.40718729
0.00000000,0.00000000,0.00000000,0.00000000,0.00000000,0.00000000,0.00000000,0.00000000,0.00000000,0.00000000,0.00000000,0.00000000,0.00000000,0.00000000,0.00000000,0.00000000,0.00000000,0.00000000,0.00000000,0.00000000,0.00000000,0.00000000,0.00000000,0.00000000,0.00000000,0.00000000,0.00000000,0.00000000,0.00000000,0.00000000,0.00000000,0.00000000,0.00000000,0.00000000,0.00000000,0.00000000,0.00000000,0.00000000,0.00000000,0.00000000,0.00000000,81.09890366,0.00000000,0.00000000,0.00000000,0.00000000,90.79756260,0.00000000,0.00000000,0.00000000,92.05802663,0.00000000,0.00000000,0.00000000,97.41602732,0.00000000,0.00000000,0.00000000,0.00000000,0.00000000,0.00000000,0.00000000,0.00000000,0.00000000,96.21274261,0.00000000,0.00000000,0.00000000,0.00000000,0.00000000,0.00000000,0.00000000,0.00000000,0.00000000,0.00000000,0.00000000,0.00000000,0.00000000,0.00000000,0.00000000,0.00000000,0.00000000,0.00000000,0.00000000,0.00000000,0.00000000,0.00000000,0.00000000,0.00000000,0.00000000,0.00000000,0.00000000,0.00000000,0.00000000,0.00000000,0.00000000,0.00000000,0.00000000,0.00000000,0.00000000,0.00000000,0.00000000,0.00000000,0.00000000,0.00000000,0.00000000,0.00000000,0.00000000,0.00000000,0.00000000,0.00000000,0.00000000,0.00000000,0.00000000,0.00000000,0.00000000,0.00000000,0.00000000,0.00000000,0.00000000,79.74239655,0.00000000,0.00000000,0.00000000,0.00000000,82.21613407,0.00000000,0.00000000,0.00000000,0.00000000,79.27319204,0.00000000,0.00000000,0.00000000,0.00000000,0.00000000,0.00000000,75.64338875,0.00000000,0.00000000,0.00000000,0.00000000,33.01726333,0.00000000,0.00000000,0.00000000,0.00000000,31.15067818,71.05931796,0.00000000,0.00000000,0.00000000,0.00000000,0.00000000,25.75682951,0.00000000,29.73351029,47.38225351,0.00000000,0.00000000,0.00000000,0.00000000,62.97394053,0.00000000,49.14857292,58.15432453,0.00000000,40.16400426,0.00000000,0.00000000,0.00000000,40.65768867,63.11016569,12.24824797,45.17500515,46.37850843,55.18201006,68.54867808,62.29823227,67.69064152,44.07744271,0.00000000,32.71205112,60.70454597,0.00000000,22.83205094,24.16853851,70.29725952,58.76521410,0.00000000,0.00000000,69.51757698,51.91498522,65.36626979
0.00000000,0.00000000,0.00000000,0.00000000,0.00000000,0.00000000,0.00000000,0.00000000,0.00000000,0.00000000,0.00000000,0.00000000,0.00000000,0.00000000,0.00000000,0.00000000,0.00000000,0.00000000,0.00000000,0.00000000,0.00000000,0.00000000,0.00000000,0.00000000,0.00000000,0.00000000,0.00000000,0.00000000,0.00000000,0.00000000,0.00000000,0.00000000,0.00000000,0.00000000,0.00000000,0.00000000,0.00000000,0.00000000,0.00000000,0.00000000,0.00000000,80.48282776,0.00000000,0.00000000,0.00000000,0.00000000,90.51357339,0.00000000,0.00000000,0.00000000,94.06393317,0.00000000,0.00000000,96.67252385,97.67645493,0.00000000,0.00000000,0.00000000,0.00000000,98.13040212,0.00000000,0.00000000,0.00000000,0.00000000,0.00000000,0.00000000,0.00000000,0.00000000,0.00000000,0.00000000,0.00000000,0.00000000,0.00000000,0.00000000,0.00000000,0.00000000,0.00000000,0.00000000,0.00000000,0.00000000,0.00000000,0.00000000,0.00000000,0.00000000,0.00000000,0.00000000,0.00000000,0.00000000,0.00000000,0.00000000,0.00000000,0.00000000,0.00000000,0.00000000,0.00000000,0.00000000,0.00000000,0.00000000,72.99938583,0.00000000,0.00000000,0.00000000,0.00000000,0.00000000,0.00000000,65.22605515,0.00000000,0.00000000,0.00000000,0.00000000,0.00000000,0.00000000,0.00000000,0.00000000,0.00000000,0.00000000,0.00000000,0.00000000,0.00000000,0.00000000,84.17607989,0.00000000,0.00000000,0.00000000,0.00000000,83.36405208,83.12872887,0.00000000,77.10634093,0.00000000,78.98271822,0.00000000,76.77564716,70.29200363,0.00000000,0.00000000,0.00000000,74.28604355,72.10763532,67.87300212,0.00000000,0.00000000,0.00000000,0.00000000,64.21064758,56.57175859,0.00000000,30.34151484,65.95140960,52.48272222,0.00000000,0.00000000,47.43044714,0.00000000,39.23940623,47.46763943,33.01845852,33.41787965,41.94661166,0.00000000,66.71935749,45.26717228,51.46929303,64.76284875,31.78821087,32.84195054,65.98803215,33.89751480,46.78197614,62.63269166,25.92746172,15.71429236,54.73834085,27.92476500,14.63504760,43.52610567,46.61992196,65.54708958,61.97579689,60.62606125,14.08437530,32.71205112,0.00000000,53.03433561,59.81814098,24.68511708,13.26120892,65.24681527,52.21526924,0.00000000,51.90374279,64.81429233,20.67463165,58.82894487
0.00000000,0.00000000,0.00000000,0.00000000,0.00000000,0.00000000,0.00000000,0.00000000,0.00000000,0.00000000,0.00000000,0.00000000,0.00000000,0.00000000,0.00000000,0.00000000,0.00000000,0.00000000,0.00000000,0.00000000,0.00000000,0.00000000,0.00000000,0.00000000,0.00000000,0.00000000,0.00000000,0.00000000,0.00000000,0.00000000,0.00000000,0.00000000,0.00000000,0.00000000,0.00000000,0.00000000,0.00000000,0.00000000,0.00000000,0.00000000,0.00000000,0.00000000,0.00000000,0.00000000,0.00000000,0.00000000,0.00000000,0.00000000,0.00000000,0.00000000,0.00000000,0.00000000,0.00000000,0.00000000,0.00000000,0.00000000,0.00000000,0.00000000,0.00000000,0.00000000,0.00000000,0.00000000,0.00000000,0.00000000,0.00000000,0.00000000,0.00000000,0.00000000,0.00000000,0.00000000,0.00000000,0.00000000,0.00000000,0.00000000,0.00000000,0.00000000,0.00000000,0.00000000,0.00000000,0.00000000,0.00000000,0.00000000,0.00000000,0.00000000,0.00000000,0.00000000,0.00000000,0.00000000,0.00000000,0.00000000,0.00000000,0.00000000,0.00000000,0.00000000,0.00000000,0.00000000,0.00000000,0.00000000,0.00000000,0.00000000,0.00000000,0.00000000,0.00000000,0.00000000,0.00000000,0.00000000,0.00000000,0.00000000,0.00000000,0.00000000,0.00000000,0.00000000,0.00000000,0.00000000,0.00000000,0.00000000,0.00000000,0.00000000,0.00000000,0.00000000,0.00000000,0.00000000,0.00000000,0.00000000,0.00000000,0.00000000,0.00000000,0.00000000,0.00000000,0.00000000,0.00000000,0.00000000,0.00000000,0.00000000,0.00000000,0.00000000,0.00000000,0.00000000,0.00000000,0.00000000,0.00000000,0.00000000,0.00000000,0.00000000,0.00000000,0.00000000,0.00000000,0.00000000,0.00000000,0.00000000,37.33952489,0.00000000,0.00000000,0.00000000,0.00000000,0.00000000,46.80528988,29.37416203,0.00000000,0.00000000,0.00000000,0.00000000,28.44383122,0.00000000,19.07369618,0.00000000,40.19330819,28.89377455,0.00000000,34.05728626,0.00000000,0.00000000,9.17158564,47.71909114,0.00000000,10.48805593,33.89262946,39.92124681,34.01121919,10.19147640,36.93495349,60.70454597,53.03433561,0.00000000,20.06540610,34.38921424,53.98187192,25.93271546,22.15174196,21.57369829,10.26330019,9.47473750,26.88933057,13.77637750
0.00000000,0.00000000,0.00000000,0.00000000,0.00000000,0.00000000,0.00000000,0.00000000,0.00000000,0.00000000,0.00000000,0.00000000,0.00000000,0.00000000,0.00000000,0.00000000,0.00000000,0.00000000,0.00000000,0.00000000,0.00000000,0.00000000,0.00000000,0.00000000,0.00000000,0.00000000,0.00000000,0.00000000,0.00000000,0.00000000,0.00000000,0.00000000,0.00000000,0.00000000,0.00000000,0.00000000,0.00000000,0.00000000,0.00000000,0.00000000,0.00000000,0.00000000,0.00000000,0.00000000,0.00000000,0.00000000,0.00000000,0.00000000,0.00000000,0.00000000,0.00000000,0.00000000,0.00000000,0.00000000,0.00000000,0.00000000,0.00000000,0.00000000,0.00000000,0.00000000,0.00000000,0.00000000,0.00000000,0.00000000,0.00000000,0.00000000,0.00000000,0.00000000,0.00000000,0.00000000,0.00000000,0.00000000,0.00000000,0.00000000,0.00000000,0.00000000,0.00000000,0.00000000,0.00000000,0.00000000,0.00000000,0.00000000,0.00000000,0.00000000,0.00000000,0.00000000,0.00000000,0.00000000,0.00000000,0.00000000,0.00000000,0.00000000,0.00000000,0.00000000,0.00000000,0.00000000,0.00000000,0.00000000,0.00000000,0.00000000,0.00000000,0.00000000,0.00000000,0.00000000,0.00000000,0.00000000,0.00000000,0.00000000,0.00000000,0.00000000,0.00000000,0.00000000,0.00000000,0.00000000,0.00000000,0.00000000,0.00000000,0.00000000,0.00000000,0.00000000,0.00000000,0.00000000,0.00000000,0.00000000,0.00000000,0.00000000,0.00000000,0.00000000,0.00000000,0.00000000,0.00000000,0.00000000,0.00000000,0.00000000,0.00000000,0.00000000,0.00000000,0.00000000,0.00000000,0.00000000,0.00000000,0.00000000,0.00000000,0.00000000,0.00000000,0.00000000,0.00000000,0.00000000,0.00000000,0.00000000,0.00000000,0.00000000,0.00000000,0.00000000,0.00000000,0.00000000,47.85136032,37.95298331,0.00000000,0.00000000,0.00000000,0.00000000,22.01457306,0.00000000,30.88806111,0.00000000,33.60341371,47.73951530,0.00000000,30.83111429,0.00000000,0.00000000,20.91678240,0.00000000,0.00000000,31.86669118,33.39615260,21.50885413,27.09700188,8.21353700,0.00000000,0.00000000,59.81814098,20.06540610,0.00000000,63.27506336,61.51692979,11.94594240,36.32776794,17.34558301,28.22981886,9.41246211,54.95605431,26.22533548
0.00000000,0.00000000,0.00000000,0.00000000,0.00000000,0.00000000,0.00000000,0.00000000,0.00000000,0.00000000,0.00000000,0.00000000,0.00000000,0.00000000,0.00000000,0.00000000,0.00000000,0.00000000,0.00000000,0.00000000,0.00000000,0.00000000,0.00000000,0.00000000,0.00000000,0.00000000,0.00000000,0.00000000,0.00000000,0.00000000,0.00000000,0.00000000,0.00000000,0.00000000,0.00000000,0.00000000,0.00000000,0.00000000,0.00000000,0.00000000,0.00000000,85.82195333,0.00000000,0.00000000,0.00000000,0.00000000,92.61925303,0.00000000,0.00000000,0.00000000,95.77097969,0.00000000,0.00000000,99.62875671,98.62649706,0.00000000,0.00000000,0.00000000,0.00000000,99.57177582,0.00000000,0.00000000,0.00000000,0.00000000,0.00000000,0.00000000,0.00000000,0.00000000,0.00000000,0.00000000,0.00000000,0.00000000,0.00000000,0.00000000,0.00000000,0.00000000,0.00000000,0.00000000,0.00000000,0.00000000,0.00000000,0.00000000,0.00000000,0.00000000,0.00000000,0.00000000,0.00000000,0.00000000,0.00000000,0.00000000,0.00000000,0.00000000,0.00000000,0.00000000,0.00000000,0.00000000,0.00000000,0.00000000,75.20023600,0.00000000,0.00000000,0.00000000,0.00000000,0.00000000,0.00000000,0.00000000,0.00000000,0.00000000,0.00000000,0.00000000,0.00000000,0.00000000,0.00000000,0.00000000,0.00000000,0.00000000,0.00000000,0.00000000,0.00000000,0.00000000,85.41816493,0.00000000,0.00000000,0.00000000,0.00000000,87.65584617,87.18973732,0.00000000,80.35762215,78.20183563,82.88007762,0.00000000,80.16560078,68.43876553,0.00000000,50.94802688,0.00000000,79.77225138,76.87560688,69.84865655,0.00000000,43.05466755,49.57966317,0.00000000,0.00000000,0.00000000,0.00000000,37.07239921,75.62402217,0.00000000,36.57934678,0.00000000,0.00000000,0.00000000,37.76836291,0.00000000,26.20854281,33.04882202,0.00000000,0.00000000,0.00000000,52.81588840,57.93927002,0.00000000,33.55984243,58.41078663,64.67474289,15.47763390,54.01296432,60.63976765,48.94161415,43.47694428,35.44118599,12.36271412,41.64475123,17.07621771,39.88837549,62.35202866,56.67301914,56.45525278,26.71034645,22.83205094,24.68511708,34.38921424,63.27506336,0.00000000,12.36393225,60.62704813,33.05645023,52.94516945,15.75509578,50.36291746,13.66967929,33.79215791
0.00000000,0.00000000,0.00000000,0.00000000,0.00000000,0.00000000,0.00000000,0.00000000,0.00000000,0.00000000,0.00000000,0.00000000,0.00000000,0.00000000,0.00000000,0.00000000,0.00000000,0.00000000,0.00000000,0.00000000,0.00000000,0.00000000,0.00000000,0.00000000,0.00000000,0.00000000,0.00000000,0.00000000,0.00000000,0.00000000,0.00000000,0.00000000,0.00000000,0.00000000,0.00000000,0.00000000,0.00000000,0.00000000,0.00000000,0.00000000,0.00000000,83.22020232,0.00000000,0.00000000,0.00000000,0.00000000,91.01211254,0.00000000,0.00000000,0.00000000,94.74835266,0.00000000,0.00000000,98.37122532,97.47770838,0.00000000,0.00000000,0.00000000,0.00000000,97.83864192,0.00000000,0.00000000,0.00000000,0.00000000,96.53458405,0.00000000,0.00000000,0.00000000,0.00000000,0.00000000,0.00000000,0.00000000,0.00000000,0.00000000,0.00000000,0.00000000,0.00000000,0.00000000,0.00000000,0.00000000,0.00000000,0.00000000,0.00000000,0.00000000,0.00000000,0.00000000,0.00000000,0.00000000,0.00000000,0.00000000,0.00000000,0.00000000,0.00000000,0.00000000,0.00000000,0.00000000,0.00000000,0.00000000,71.51347504,0.00000000,0.00000000,0.00000000,0.00000000,0.00000000,0.00000000,0.00000000,0.00000000,0.00000000,0.00000000,0.00000000,0.00000000,0.00000000,0.00000000,0.00000000,0.00000000,0.00000000,0.00000000,0.00000000,0.00000000,0.00000000,83.98338079,0.00000000,0.00000000,0.00000000,0.00000000,84.49047752,83.32954661,0.00000000,75.76461487,0.00000000,81.03325339,0.00000000,78.05692153,0.00000000,0.00000000,0.00000000,0.00000000,76.76201842,68.31972392,66.60610199,0.00000000,0.00000000,37.90196228,0.00000000,0.00000000,0.00000000,0.00000000,33.43911107,73.44457245,0.00000000,32.72973696,0.00000000,0.00000000,0.00000000,33.84029894,49.81437302,27.55547467,37.91140457,45.04808044,0.00000000,0.00000000,41.91925685,55.48350382,0.00000000,43.16528215,51.90279042,63.23353078,22.84214799,49.74072413,59.35427693,39.16439207,31.56398033,51.61422404,16.79122222,30.41266263,39.31828812,47.65973536,64.25966797,60.52231957,59.18277054,20.29614124,24.16853851,13.26120892,53.98187192,61.51692979,12.36393225,0.00000000,64.79411404,47.76047039,0.00000000,40.49222580,62.19279671,15.91369086,54.85026550
0.00000000,0.00000000,0.00000000,0.00000000,0.00000000,0.00000000,0.00000000,0.00000000,0.00000000,0.00000000,0.00000000,0.00000000,0.00000000,0.00000000,0.00000000,0.00000000,0.00000000,0.00000000,0.00000000,0.00000000,0.00000000,0.00000000,0.00000000,0.00000000,0.00000000,0.00000000,0.00000000,0.00000000,0.00000000,0.00000000,0.00000000,0.00000000,0.00000000,0.00000000,0.00000000,0.00000000,0.00000000,0.00000000,0.00000000,0.00000000,0.00000000,0.00000000,0.00000000,0.00000000,0.00000000,0.00000000,0.00000000,0.00000000,0.00000000,0.00000000,0.00000000,0.00000000,0.00000000,0.00000000,0.00000000,0.00000000,0.00000000,0.00000000,0.00000000,0.00000000,0.00000000,0.00000000,0.00000000,0.00000000,0.00000000,0.00000000,0.00000000,0.00000000,0.00000000,0.00000000,0.00000000,0.00000000,0.00000000,0.00000000,0.00000000,0.00000000,0.00000000,0.00000000,0.00000000,0.00000000,0.00000000,0.00000000,0.00000000,0.00000000,0.00000000,0.00000000,0.00000000,0.00000000,0.00000000,0.00000000,0.00000000,0.00000000,0.00000000,0.00000000,0.00000000,0.00000000,0.00000000,0.00000000,81.71257248,0.00000000,0.00000000,0.00000000,0.00000000,0.00000000,0.00000000,0.00000000,0.00000000,0.00000000,0.00000000,0.00000000,0.00000000,0.00000000,0.00000000,0.00000000,0.00000000,0.00000000,0.00000000,0.00000000,0.00000000,0.00000000,0.00000000,0.00000000,0.00000000,0.00000000,0.00000000,0.00000000,0.00000000,0.00000000,0.00000000,0.00000000,0.00000000,0.00000000,0.00000000,0.00000000,0.00000000,0.00000000,0.00000000,0.00000000,0.00000000,0.00000000,0.00000000,0.00000000,0.00000000,0.00000000,0.00000000,0.00000000,0.00000000,0.00000000,0.00000000,0.00000000,0.00000000,0.00000000,0.00000000,0.00000000,0.00000000,0.00000000,51.50492852,37.40263176,0.00000000,30.00750232,43.81252755,0.00000000,30.21261038,0.00000000,32.57148656,0.00000000,29.70955251,48.77982696,36.38467369,27.18776930,52.68567188,57.85587014,25.52966989,0.00000000,0.00000000,39.48624584,34.60296363,11.68469812,11.99381162,12.26554717,53.12753325,70.29725952,65.24681527,25.93271546,11.94594240,60.62704813,64.79411404,0.00000000,18.53557886,7.62099430,38.49511528,10.42186690,54.01712340,13.12517502
0.00000000,0.00000000,0.00000000,0.00000000,0.00000000,0.00000000,0.00000000,0.00000000,0.00000000,0.00000000,0.00000000,0.00000000,0.00000000,0.00000000,0.00000000,0.00000000,0.00000000,0.00000000,0.00000000,0.00000000,0.00000000,0.00000000,0.00000000,0.00000000,0.00000000,0.00000000,0.00000000,0.00000000,0.00000000,0.00000000,0.00000000,0.00000000,0.00000000,0.00000000,0.00000000,0.00000000,0.00000000,0.00000000,0.00000000,0.00000000,0.00000000,0.00000000,0.00000000,0.00000000,0.00000000,0.00000000,0.00000000,0.00000000,0.00000000,0.00000000,0.00000000,0.00000000,0.00000000,0.00000000,0.00000000,0.00000000,0.00000000,0.00000000,0.00000000,0.00000000,0.00000000,0.00000000,0.00000000,0.00000000,0.00000000,0.00000000,0.00000000,0.00000000,0.00000000,0.00000000,0.00000000,0.00000000,0.00000000,0.00000000,0.00000000,0.00000000,0.00000000,0.00000000,0.00000000,0.00000000,0.00000000,0.00000000,0.00000000,0.00000000,0.00000000,0.00000000,0.00000000,0.00000000,0.00000000,0.00000000,0.00000000,0.00000000,0.00000000,0.00000000,0.00000000,0.00000000,0.00000000,0.00000000,78.03578985,0.00000000,0.00000000,0.00000000,0.00000000,0.00000000,0.00000000,69.66239929,0.00000000,0.00000000,0.00000000,0.00000000,0.00000000,0.00000000,0.00000000,0.00000000,0.00000000,0.00000000,0.00000000,0.00000000,0.00000000,0.00000000,84.11065292,0.00000000,80.58571625,66.47953351,0.00000000,86.98863275,82.38030752,0.00000000,0.00000000,76.81757185,0.00000000,0.00000000,75.56730143,0.00000000,70.02962240,0.00000000,0.00000000,0.00000000,69.14040826,0.00000000,71.94336319,0.00000000,0.00000000,0.00000000,67.02534421,0.00000000,72.16171265,0.00000000,0.00000000,0.00000000,0.00000000,64.10863113,0.00000000,0.00000000,0.00000000,0.00000000,42.23158945,29.50435502,0.00000000,31.31794643,48.23202731,51.69823551,35.85104724,38.47868625,25.76838920,57.91623535,45.81413370,37.85936034,34.72227027,26.08239764,41.10685792,56.31360753,21.69627684,38.18281937,52.90328852,22.27266584,10.80588865,36.36643326,10.44574357,29.90531731,21.00285340,58.76521410,52.21526924,22.15174196,36.32776794,33.05645023,47.76047039,18.53557886,0.00000000,9.74412605,20.68689882,22.52624734,16.87324071,9.91668385
0.00000000,0.00000000,0.00000000,0.00000000,0.00000000,0.00000000,0.00000000,0.00000000,0.00000000,0.00000000,0.00000000,0.00000000,0.00000000,0.00000000,0.00000000,0.00000000,0.00000000,0.00000000,0.00000000,0.00000000,0.00000000,0.00000000,0.00000000,0.00000000,0.00000000,0.00000000,0.00000000,0.00000000,0.00000000,0.00000000,0.00000000,0.00000000,0.00000000,0.00000000,0.00000000,0.00000000,0.00000000,0.00000000,0.00000000,0.00000000,0.00000000,0.00000000,0.00000000,0.00000000,0.00000000,0.00000000,0.00000000,0.00000000,0.00000000,0.00000000,0.00000000,0.00000000,0.00000000,0.00000000,0.00000000,0.00000000,0.00000000,0.00000000,0.00000000,0.00000000,0.00000000,0.00000000,0.00000000,0.00000000,0.00000000,0.00000000,0.00000000,0.00000000,0.00000000,0.00000000,0.00000000,0.00000000,0.00000000,0.00000000,0.00000000,0.00000000,0.00000000,0.00000000,0.00000000,0.00000000,0.00000000,0.00000000,0.00000000,0.00000000,0.00000000,0.00000000,0.00000000,0.00000000,0.00000000,0.00000000,0.00000000,0.00000000,0.00000000,0.00000000,0.00000000,0.00000000,0.00000000,0.00000000,0.00000000,0.00000000,0.00000000,0.00000000,0.00000000,0.00000000,0.00000000,0.00000000,0.00000000,0.00000000,0.00000000,0.00000000,0.00000000,0.00000000,0.00000000,0.00000000,0.00000000,0.00000000,0.00000000,0.00000000,0.00000000,0.00000000,0.00000000,0.00000000,0.00000000,0.00000000,0.00000000,0.00000000,0.00000000,0.00000000,0.00000000,0.00000000,0.00000000,0.00000000,0.00000000,0.00000000,0.00000000,0.00000000,0.00000000,0.00000000,0.00000000,0.00000000,0.00000000,0.00000000,0.00000000,0.00000000,0.00000000,0.00000000,0.00000000,0.00000000,0.00000000,0.00000000,0.00000000,0.00000000,0.00000000,0.00000000,0.00000000,0.00000000,0.00000000,26.09602483,0.00000000,21.01516229,0.00000000,0.00000000,0.00000000,0.00000000,27.86011076,0.00000000,40.80367279,37.86179264,0.00000000,26.91663827,0.00000000,0.00000000,25.30315049,0.00000000,0.00000000,29.92073174,19.87296920,25.04091063,9.92897634,16.20427790,42.95063727,0.00000000,0.00000000,21.57369829,17.34558301,52.94516945,0.00000000,7.62099430,9.74412605,0.00000000,29.36703175,11.70592943,41.53069325,8.12174111
0.00000000,0.00000000,0.00000000,0.00000000,0.00000000,0.00000000,0.00000000,0.00000000,0.00000000,0.00000000,0.00000000,0.00000000,0.00000000,0.00000000,0.00000000,0.00000000,0.00000000,0.00000000,0.00000000,0.00000000,0.00000000,0.00000000,0.00000000,0.00000000,0.00000000,0.00000000,0.00000000,0.00000000,0.00000000,0.00000000,0.00000000,0.00000000,0.00000000,0.00000000,0.00000000,0.00000000,0.00000000,0.00000000,0.00000000,0.00000000,0.00000000,0.00000000,0.00000000,0.00000000,0.00000000,0.00000000,0.00000000,0.00000000,0.00000000,0.00000000,0.00000000,0.00000000,0.00000000,0.00000000,0.00000000,0.00000000,0.00000000,0.00000000,0.00000000,0.00000000,0.00000000,0.00000000,0.00000000,0.00000000,0.00000000,0.00000000,0.00000000,0.00000000,0.00000000,0.00000000,0.00000000,0.00000000,0.00000000,0.00000000,0.00000000,0.00000000,0.00000000,0.00000000,0.00000000,0.00000000,0.00000000,0.00000000,0.00000000,0.00000000,0.00000000,0.00000000,0.00000000,0.00000000,0.00000000,0.00000000,0.00000000,0.00000000,0.00000000,0.00000000,0.00000000,0.00000000,0.00000000,0.00000000,0.00000000,0.00000000,0.00000000,0.00000000,0.00000000,0.00000000,0.00000000,0.00000000,0.00000000,0.00000000,0.00000000,0.00000000,0.00000000,0.00000000,0.00000000,0.00000000,0.00000000,0.00000000,0.00000000,0.00000000,0.00000000,0.00000000,0.00000000,0.00000000,0.00000000,0.00000000,0.00000000,0.00000000,0.00000000,0.00000000,0.00000000,0.00000000,0.00000000,0.00000000,0.00000000,0.00000000,0.00000000,0.00000000,0.00000000,0.00000000,0.00000000,0.00000000,0.00000000,0.00000000,0.00000000,0.00000000,0.00000000,0.00000000,0.00000000,0.00000000,0.00000000,0.00000000,0.00000000,0.00000000,0.00000000,0.00000000,0.00000000,0.00000000,41.40579645,29.85766993,0.00000000,0.00000000,0.00000000,0.00000000,42.80532106,0.00000000,24.79291014,0.00000000,50.32431030,20.84884844,0.00000000,43.34863063,38.01167444,0.00000000,17.26172931,33.09322484,0.00000000,9.72428950,31.86380031,52.76198404,41.23906898,33.39601682,28.28737893,0.00000000,51.90374279,10.26330019,28.22981886,15.75509578,40.49222580,38.49511528,20.68689882,29.36703175,0.00000000,14.92617665,13.13538280,11.88188011
0.00000000,0.00000000,0.00000000,0.00000000,0.00000000,0.00000000,0.00000000,0.00000000,0.00000000,0.00000000,0.00000000,0.00000000,0.00000000,0.00000000,0.00000000,0.00000000,0.00000000,0.00000000,0.00000000,0.00000000,0.00000000,0.00000000,0.00000000,0.00000000,0.00000000,0.00000000,0.00000000,0.00000000,0.00000000,0.00000000,0.00000000,0.00000000,0.00000000,0.00000000,0.00000000,0.00000000,0.00000000,0.00000000,0.00000000,0.00000000,0.00000000,0.00000000,0.00000000,0.00000000,0.00000000,0.00000000,0.00000000,0.00000000,0.00000000,0.00000000,0.00000000,0.00000000,0.00000000,0.00000000,0.00000000,0.00000000,0.00000000,0.00000000,0.00000000,0.00000000,0.00000000,0.00000000,0.00000000,0.00000000,0.00000000,0.00000000,0.00000000,0.00000000,0.00000000,0.00000000,0.00000000,0.00000000,0.00000000,0.00000000,0.00000000,0.00000000,0.00000000,0.00000000,0.00000000,0.00000000,0.00000000,0.00000000,0.00000000,0.00000000,0.00000000,0.00000000,0.00000000,0.00000000,0.00000000,0.00000000,0.00000000,0.00000000,0.00000000,0.00000000,0.00000000,0.00000000,0.00000000,0.00000000,0.00000000,0.00000000,0.00000000,0.00000000,0.00000000,0.00000000,0.00000000,0.00000000,0.00000000,0.00000000,0.00000000,0.00000000,0.00000000,0.00000000,0.00000000,0.00000000,0.00000000,0.00000000,0.00000000,0.00000000,0.00000000,0.00000000,0.00000000,0.00000000,0.00000000,0.00000000,0.00000000,0.00000000,0.00000000,0.00000000,0.00000000,0.00000000,0.00000000,0.00000000,0.00000000,0.00000000,0.00000000,0.00000000,0.00000000,0.00000000,0.00000000,0.00000000,0.00000000,0.00000000,0.00000000,0.00000000,0.00000000,0.00000000,0.00000000,0.00000000,0.00000000,0.00000000,43.44877179,0.00000000,0.00000000,0.00000000,0.00000000,0.00000000,54.58863252,36.43442487,0.00000000,0.00000000,0.00000000,0.00000000,30.02518998,0.00000000,27.52921652,0.00000000,44.49389969,42.09579437,0.00000000,36.00924683,0.00000000,0.00000000,17.51591592,57.80760574,0.00000000,24.71416815,39.29414234,24.11691013,21.06035877,9.64820927,48.18754387,69.51757698,64.81429233,9.47473750,9.41246211,50.36291746,62.19279671,10.42186690,22.52624734,11.70592943,14.92617665,0.00000000,39.15022350,10.15025505
0.00000000,0.00000000,0.00000000,0.00000000,0.00000000,0.00000000,0.00000000,0.00000000,0.00000000,0.00000000,0.00000000,0.00000000,0.00000000,0.00000000,0.00000000,0.00000000,0.00000000,0.00000000,0.00000000,0.00000000,0.00000000,0.00000000,0.00000000,0.00000000,0.00000000,0.00000000,0.00000000,0.00000000,0.00000000,0.00000000,0.00000000,0.00000000,0.00000000,0.00000000,0.00000000,0.00000000,0.00000000,0.00000000,0.00000000,0.00000000,0.00000000,0.00000000,0.00000000,0.00000000,0.00000000,0.00000000,0.00000000,0.00000000,0.00000000,0.00000000,93.23475429,0.00000000,0.00000000,97.01589528,0.00000000,0.00000000,0.00000000,0.00000000,0.00000000,0.00000000,0.00000000,0.00000000,0.00000000,0.00000000,0.00000000,0.00000000,0.00000000,0.00000000,0.00000000,0.00000000,0.00000000,0.00000000,0.00000000,0.00000000,0.00000000,0.00000000,0.00000000,0.00000000,0.00000000,0.00000000,0.00000000,0.00000000,0.00000000,0.00000000,0.00000000,0.00000000,0.00000000,0.00000000,0.00000000,0.00000000,0.00000000,0.00000000,0.00000000,0.00000000,0.00000000,0.00000000,0.00000000,0.00000000,76.88577271,0.00000000,0.00000000,0.00000000,0.00000000,0.00000000,0.00000000,67.42084067,0.00000000,0.00000000,0.00000000,0.00000000,0.00000000,0.00000000,0.00000000,0.00000000,0.00000000,0.00000000,0.00000000,0.00000000,0.00000000,0.00000000,87.94108582,0.00000000,80.40849086,0.00000000,0.00000000,87.72229156,83.69130993,0.00000000,78.51781006,78.17870585,81.55118243,0.00000000,75.86338749,0.00000000,73.78816605,0.00000000,0.00000000,77.61605835,71.03562832,63.38399696,0.00000000,0.00000000,0.00000000,0.00000000,72.95096334,57.28345315,0.00000000,0.00000000,68.92758226,0.00000000,0.00000000,0.00000000,38.79945246,0.00000000,0.00000000,0.00000000,38.25987373,34.14556535,0.00000000,36.19600121,64.36951116,50.50972858,49.52560361,58.55455640,32.65269709,54.58188438,59.23922737,29.38581938,39.45066202,53.39172696,30.91411182,49.74515343,26.43359722,31.59964207,35.75415740,22.09197545,26.41296780,57.66025993,46.81707811,48.61771100,11.86847751,51.91498522,20.67463165,26.88933057,54.95605431,13.66967929,15.91369086,54.01712340,16.87324071,41.53069325,13.13538280,39.15022350,0.00000000,18.68330925
0.00000000,0.00000000,0.00000000,0.00000000,0.00000000,0.00000000,0.00000000,0.00000000,0.00000000,0.00000000,0.00000000,0.00000000,0.00000000,0.00000000,0.00000000,0.00000000,0.00000000,0.00000000,0.00000000,0.00000000,0.00000000,0.00000000,0.00000000,0.00000000,0.00000000,0.00000000,0.00000000,0.00000000,0.00000000,0.00000000,0.00000000,0.00000000,0.00000000,0.00000000,0.00000000,0.00000000,0.00000000,0.00000000,0.00000000,0.00000000,0.00000000,0.00000000,0.00000000,0.00000000,0.00000000,0.00000000,0.00000000,0.00000000,0.00000000,0.00000000,0.00000000,0.00000000,0.00000000,0.00000000,0.00000000,0.00000000,0.00000000,0.00000000,0.00000000,0.00000000,0.00000000,0.00000000,0.00000000,0.00000000,0.00000000,0.00000000,0.00000000,0.00000000,0.00000000,0.00000000,0.00000000,0.00000000,0.00000000,0.00000000,0.00000000,0.00000000,0.00000000,0.00000000,0.00000000,0.00000000,0.00000000,0.00000000,0.00000000,0.00000000,0.00000000,0.00000000,0.00000000,0.00000000,0.00000000,0.00000000,0.00000000,0.00000000,0.00000000,0.00000000,0.00000000,0.00000000,0.00000000,0.00000000,0.00000000,0.00000000,0.00000000,0.00000000,0.00000000,0.00000000,0.00000000,0.00000000,0.00000000,0.00000000,0.00000000,0.00000000,0.00000000,0.00000000,0.00000000,0.00000000,0.00000000,0.00000000,0.00000000,0.00000000,0.00000000,0.00000000,0.00000000,0.00000000,0.00000000,0.00000000,0.00000000,0.00000000,0.00000000,0.00000000,0.00000000,0.00000000,0.00000000,0.00000000,0.00000000,0.00000000,0.00000000,0.00000000,0.00000000,0.00000000,72.46882837,0.00000000,0.00000000,0.00000000,0.00000000,0.00000000,0.00000000,0.00000000,0.00000000,0.00000000,0.00000000,0.00000000,39.36179543,0.00000000,0.00000000,0.00000000,0.00000000,0.00000000,50.03146184,33.39816257,0.00000000,32.57184219,46.41967392,0.00000000,40.04430665,0.00000000,26.31817390,0.00000000,49.03139613,37.73785614,45.85677767,35.27446395,49.81064393,58.06758202,19.25470980,49.38621788,47.42951393,19.59589185,26.16871610,36.12830895,17.10134523,21.98189727,33.40718729,65.36626979,58.82894487,13.77637750,26.22533548,33.79215791,54.85026550,13.12517502,9.91668385,8.12174111,11.88188011,10.15025505,18.68330925,0.00000000
