0.00000000,1.98966656,0.87078718,0.13593534,0.29202751,0.19271516,0.05643095,0.11215828,0.03388258,0.02189450,0.04941758,0.13588618,0.02384889,0.02534322,0.01262021,0.00708831,0.01888339,0.00217227,0.00327231,0.00330647,0.06911834,0.00139211,0.00879865,0.00562321,0.00085844,0.00216842,0.01183824,0.00810588,0.02666077,0.00770892,0.00579908,0.00000000,0.00320574,0.00783650,0.00262039,0.06900343,0.00108938,0.00250142,0.00931055,0.00000000,0.00147473,0.03835071,0.00708791,0.00238657,0.00980655,0.00289527,0.00344336,0.00000000,0.00902889,0.00111158,0.00000000,0.00000000,0.01229723,0.00000000,0.00000000,0.00000000,0.00000000,0.00202742,0.00623288,0.00000000,0.04967229,0.00000000,0.00000000,0.00934021,0.00504488,0.00000000,0.00000000,0.00000000,0.00000000,0.00684725,0.00000000,0.00606171,0.00000000,0.01297315,0.00000000,0.00264700,0.00366386,0.00094217,0.00000000,0.00091624,0.00000000,0.00000000,0.00000000,0.00000000,0.00000000,0.00000000,0.00000000,0.00000000,0.00000000,0.00000000,0.00000000,0.00000000,0.00000000,0.00000000,0.00000000,0.00000000,0.00000000,0.00000000,0.00000000,0.00000000,0.00000000,0.00000000,0.00000000,0.00000000,0.00000000,0.00000000,0.00000000,0.00000000,0.00000000,0.00000000,0.00000000,0.00000000,0.00000000,0.00000000,0.00000000,0.00000000,0.00000000,0.00000000,0.00000000,0.00000000,0.00000000,0.00000000,0.00000000,0.00000000,0.00000000,0.00000000,0.00000000,0.00000000,0.00000000,0.00000000,0.00000000,0.00000000,0.00000000,0.00000000,0.00000000,0.00000000,0.00000000,0.00000000,0.00000000,0.00000000,0.00000000,0.00000000,0.00000000,0.00000000,0.00000000,0.00000000,0.00000000,0.00000000,0.00000000,0.00000000,0.00000000,0.00000000,0.00000000,0.00000000,0.00000000,0.00000000,0.00000000,0.00000000,0.00000000,0.00000000,0.00000000,0.00000000
1.98966656,0.00000000,0.93819262,1.30802733,0.21852507,1.75819891,0.24667114,0.47107318,0.09376929,0.03359706,0.07169435,0.36311500,0.02648600,0.02645083,0.02952351,0.00460707,0.01474892,0.00283982,0.00320503,0.00299318,0.11623934,0.00146953,0.00557963,0.00937206,0.00118605,0.00228405,0.00703717,0.00720852,0.06200453,0.00647431,0.00668262,0.00000000,0.00442600,0.01504690,0.00166019,0.08918133,0.00090308,0.00241911,0.00766756,0.00000000,0.00212699,0.06293575,0.00398748,0.00288075,0.01723627,0.00301118,0.00147522,0.00000000,0.01131358,0.00184025,0.00000000,0.00000000,0.02848896,0.00000000,0.00000000,0.00000000,0.00000000,0.00268622,0.00876716,0.00000000,0.08434743,0.00000000,0.00000000,0.01453872,0.01136727,0.00000000,0.00000000,0.00000000,0.00000000,0.01268723,0.00000000,0.01188157,0.00061876,0.02280189,0.00000000,0.00633879,0.00950865,0.00365909,0.00218682,0.00287184,0.00130591,0.00000000,0.00000000,0.00000000,0.00000000,0.00000000,0.00000000,0.00000000,0.00000000,0.00000000,0.00000000,0.00000000,0.00000000,0.00000000,0.00000000,0.00000000,0.00000000,0.00000000,0.00000000,0.00000000,0.00000000,0.00000000,0.00000000,0.00000000,0.00000000,0.00000000,0.00000000,0.00000000,0.00000000,0.00000000,0.00000000,0.00000000,0.00000000,0.00000000,0.00000000,0.00000000,0.00000000,0.00000000,0.00000000,0.00000000,0.00000000,0.00000000,0.00000000,0.00000000,0.00000000,0.00000000,0.00000000,0.00000000,0.00000000,0.00000000,0.00000000,0.00000000,0.00000000,0.00000000,0.00000000,0.00000000,0.00000000,0.00000000,0.00000000,0.00000000,0.00000000,0.00000000,0.00000000,0.00000000,0.00000000,0.00000000,0.00000000,0.00000000,0.00000000,0.00000000,0.00000000,0.00000000,0.00000000,0.00000000,0.00000000,0.00000000,0.00000000,0.00000000,0.00000000,0.00000000,0.00000000,0.00000000
0.87078718,0.93819262,0.00000000,0.83029695,1.51206055,0.25019540,0.02649664,1.04792502,0.04487853,0.02790554,0.09051180,0.08070242,0.08656400,0.01878856,0.01283533,0.01230666,0.01461210,0.00175756,0.00984693,0.00964662,0.02843311,0.00574915,0.00786833,0.00526980,0.00327184,0.00656247,0.00692625,0.00534928,0.02546451,0.00334159,0.01605252,0.00128674,0.00158904,0.00742808,0.00471748,0.02792862,0.00283947,0.00764839,0.00408343,0.00000000,0.00417123,0.02629758,0.00345798,0.00079094,0.00822082,0.00671898,0.00533292,0.00071400,0.00652883,0.00322843,0.00124339,0.00000000,0.01492909,0.00000000,0.00000000,0.00077625,0.00000000,0.00113147,0.00308091,0.00000000,0.03982073,0.00000000,0.00000000,0.00954910,0.00596192,0.00000000,0.00000000,0.00000000,0.00000000,0.00737347,0.00000000,0.00712302,0.00116464,0.01214933,0.00000000,0.00555481,0.00492339,0.00245196,0.00176406,0.00101555,0.00000000,0.00000000,0.00000000,0.00000000,0.00000000,0.00000000,0.00000000,0.00000000,0.00000000,0.00000000,0.00000000,0.00000000,0.00000000,0.00000000,0.00000000,0.00000000,0.00000000,0.00000000,0.00000000,0.00000000,0.00000000,0.00000000,0.00000000,0.00000000,0.00000000,0.00000000,0.00000000,0.00000000,0.00000000,0.00000000,0.00000000,0.00000000,0.00000000,0.00000000,0.00000000,0.00000000,0.00000000,0.00000000,0.00000000,0.00000000,0.00000000,0.00000000,0.00000000,0.00000000,0.00000000,0.00000000,0.00000000,0.00000000,0.00000000,0.00000000,0.00000000,0.00000000,0.00000000,0.00000000,0.00000000,0.00000000,0.00000000,0.00000000,0.00000000,0.00000000,0.00000000,0.00000000,0.00000000,0.00000000,0.00000000,0.00000000,0.00000000,0.00000000,0.00000000,0.00000000,0.00000000,0.00000000,0.00000000,0.00000000,0.00000000,0.00000000,0.00000000,0.00000000,0.00000000,0.00000000,0.00000000,0.00000000
0.13593534,1.30802733,0.83029695,0.00000000,0.24810721,3.22924082,0.07790482,3.41718525,0.33394310,0.32012917,2.46851127,0.19074675,0.15045234,0.08513706,0.06793902,0.09670173,0.06788905,0.01243185,0.02939164,0.01364103,0.03881231,0.00701937,0.03878969,0.02572111,0.00609472,0.01760967,0.02303164,0.01498476,0.07342785,0.01013264,0.03406275,0.00207444,0.00790376,0.03476448,0.01104403,0.02910443,0.00661612,0.01362580,0.01328706,0.00000000,0.01857698,0.04826883,0.01404143,0.00458062,0.02309104,0.01480469,0.01244726,0.00082754,0.03058624,0.01095886,0.00410682,0.00000000,0.06776265,0.00224375,0.00000000,0.00225753,0.00000000,0.01126860,0.00329708,0.00000000,0.08403652,0.00208767,0.00000000,0.05537536,0.02008060,0.00000000,0.00111942,0.00428158,0.00000000,0.04405931,0.00257082,0.02969646,0.00765282,0.02355391,0.00334945,0.03003059,0.02931323,0.01190155,0.00892874,0.00865075,0.00290521,0.00000000,0.00000000,0.00000000,0.00000000,0.00000000,0.00000000,0.00000000,0.00000000,0.00000000,0.00000000,0.00000000,0.00000000,0.00000000,0.00000000,0.00000000,0.00000000,0.00000000,0.00000000,0.00000000,0.00000000,0.00000000,0.00000000,0.00000000,0.00000000,0.00000000,0.00000000,0.00000000,0.00000000,0.00000000,0.00000000,0.00065434,0.00000000,0.00000000,0.00000000,0.00000000,0.00000000,0.00000000,0.00000000,0.00000000,0.00000000,0.00000000,0.00000000,0.00000000,0.00000000,0.00000000,0.00000000,0.00000000,0.00000000,0.00000000,0.00000000,0.00000000,0.00000000,0.00000000,0.00000000,0.00000000,0.00000000,0.00000000,0.00000000,0.00000000,0.00000000,0.00000000,0.00000000,0.00000000,0.00000000,0.00000000,0.00000000,0.00000000,0.00000000,0.00000000,0.00000000,0.00000000,0.00000000,0.00000000,0.00000000,0.00000000,0.00000000,0.00000000,0.00000000,0.00000000,0.00000000,0.00000000
0.29202751,0.21852507,1.51206055,0.24810721,0.00000000,0.11406002,0.01835770,1.44828400,0.03497362,0.02421431,0.14763833,0.05385459,1.26177100,0.02197806,0.00986599,0.04689674,0.02381542,0.00112482,0.07269209,0.23875128,0.02009646,0.08740532,0.03257309,0.00479529,0.03862387,0.03257505,0.01523190,0.00553872,0.01975715,0.00407695,0.22735838,0.01820110,0.00107937,0.00445052,0.01988182,0.02203509,0.02467424,0.14672380,0.00784531,0.00000000,0.04890580,0.01884946,0.01644860,0.00121371,0.00506965,0.05989930,0.03886054,0.01543748,0.00751266,0.04150082,0.01023828,0.00000000,0.01051169,0.00000000,0.00414652,0.01654124,0.00300175,0.00252367,0.00169064,0.00195485,0.03046680,0.00180939,0.00228729,0.00891459,0.00423579,0.00158774,0.00362484,0.00189421,0.00297668,0.00888907,0.00704715,0.00586903,0.00659191,0.01000283,0.00720170,0.00807618,0.00488843,0.00936394,0.00255721,0.00270950,0.00255546,0.00000000,0.00000000,0.00000000,0.00000000,0.00000000,0.00000000,0.00000000,0.00000000,0.00000000,0.00000000,0.00000000,0.00000000,0.00000000,0.00000000,0.00000000,0.00000000,0.00000000,0.00000000,0.00000000,0.00000000,0.00000000,0.00000000,0.00000000,0.00000000,0.00000000,0.00000000,0.00000000,0.00000000,0.00000000,0.00000000,0.00483840,0.00000000,0.00000000,0.00000000,0.00000000,0.00000000,0.00000000,0.00000000,0.00000000,0.00000000,0.00172468,0.00091428,0.00000000,0.00000000,0.00000000,0.00000000,0.00426739,0.00000000,0.00000000,0.00000000,0.00000000,0.00000000,0.00000000,0.00000000,0.00000000,0.00000000,0.00000000,0.00000000,0.00000000,0.00000000,0.00000000,0.00000000,0.00000000,0.00000000,0.00000000,0.00000000,0.00000000,0.00000000,0.00000000,0.00000000,0.00000000,0.00000000,0.00000000,0.00000000,0.00000000,0.00000000,0.00000000,0.00000000,0.00000000,0.00000000,0.00000000
0.19271516,1.75819891,0.25019540,3.22924082,0.11406002,0.00000000,1.10538085,0.65822914,2.78578891,1.48551945,1.97186371,1.72869118,0.04967121,0.18989844,0.24829812,0.03216156,0.07330053,0.03276244,0.00791002,0.00578431,0.18340415,0.00200424,0.01634868,0.07807996,0.00211209,0.00613769,0.01943824,0.02495326,0.20805945,0.01692114,0.01333755,0.00000000,0.02001665,0.07905269,0.00506122,0.08917932,0.00216252,0.00525049,0.01471486,0.00107200,0.01082069,0.10929472,0.00919427,0.00807942,0.05248741,0.01036383,0.00531503,0.00000000,0.07941763,0.01031500,0.00174478,0.00000000,0.16618579,0.00350106,0.00000000,0.00213941,0.00000000,0.02151754,0.00588116,0.00000000,0.17202268,0.00272015,0.00000000,0.11391728,0.03906354,0.00000000,0.00000000,0.00685648,0.00000000,0.07407493,0.00096435,0.05211023,0.00755938,0.04566843,0.00412914,0.04342910,0.04447294,0.01995260,0.01317348,0.01128040,0.00512775,0.00000000,0.00000000,0.00000000,0.00000000,0.00000000,0.00000000,0.00000000,0.00000000,0.00000000,0.00000000,0.00000000,0.00000000,0.00000000,0.00000000,0.00000000,0.00000000,0.00000000,0.00000000,0.00000000,0.00000000,0.00000000,0.00000000,0.00000000,0.00000000,0.00000000,0.00000000,0.00000000,0.00000000,0.00000000,0.00000000,0.00000000,0.00000000,0.00000000,0.00000000,0.00000000,0.00000000,0.00000000,0.00000000,0.00000000,0.00000000,0.00000000,0.00000000,0.00000000,0.00000000,0.00000000,0.00000000,0.00000000,0.00000000,0.00000000,0.00000000,0.00000000,0.00000000,0.00000000,0.00000000,0.00000000,0.00000000,0.00000000,0.00000000,0.00000000,0.00000000,0.00000000,0.00000000,0.00000000,0.00000000,0.00000000,0.00000000,0.00000000,0.00000000,0.00000000,0.00000000,0.00000000,0.00000000,0.00000000,0.00000000,0.00000000,0.00000000,0.00000000,0.00000000,0.00000000,0.00000000,0.00000000
0.05643095,0.24667114,0.02649664,0.07790482,0.01835770,1.10538085,0.00000000,0.03521223,0.24782761,0.01706365,0.01723854,1.25874470,0.00478317,0.01312993,0.05759290,0.00067304,0.00429530,0.00314675,0.00000000,0.00000000,0.17764725,0.00000000,0.00078786,0.00957365,0.00000000,0.00000000,0.00151142,0.00427540,0.08983668,0.00216364,0.00121601,0.00000000,0.00289833,0.01746163,0.00000000,0.08996314,0.00000000,0.00000000,0.00180923,0.00000000,0.00000000,0.05744787,0.00000000,0.00000000,0.01943250,0.00000000,0.00000000,0.00000000,0.00831619,0.00000000,0.00000000,0.00000000,0.03037976,0.00000000,0.00000000,0.00000000,0.00000000,0.00167516,0.00480700,0.00000000,0.06921070,0.00000000,0.00000000,0.01440427,0.00917588,0.00000000,0.00000000,0.00000000,0.00000000,0.00986377,0.00000000,0.01002936,0.00000000,0.01897876,0.00000000,0.00582668,0.00714468,0.00292142,0.00117589,0.00251294,0.00000000,0.00000000,0.00000000,0.00000000,0.00000000,0.00000000,0.00000000,0.00000000,0.00000000,0.00000000,0.00000000,0.00000000,0.00000000,0.00000000,0.00000000,0.00000000,0.00000000,0.00000000,0.00000000,0.00000000,0.00000000,0.00000000,0.00000000,0.00000000,0.00000000,0.00000000,0.00000000,0.00000000,0.00000000,0.00000000,0.00000000,0.00000000,0.00000000,0.00000000,0.00000000,0.00000000,0.00000000,0.00000000,0.00000000,0.00000000,0.00000000,0.00000000,0.00000000,0.00000000,0.00000000,0.00000000,0.00000000,0.00000000,0.00000000,0.00000000,0.00000000,0.00000000,0.00000000,0.00000000,0.00000000,0.00000000,0.00000000,0.00000000,0.00000000,0.00000000,0.00000000,0.00000000,0.00000000,0.00000000,0.00000000,0.00000000,0.00000000,0.00000000,0.00000000,0.00000000,0.00000000,0.00000000,0.00000000,0.00000000,0.00000000,0.00000000,0.00000000,0.00000000,0.00000000,0.00000000,0.00000000,0.00000000
0.11215828,0.47107318,1.04792502,3.41718525,1.44828400,0.65822914,0.03521223,0.00000000,0.15928808,0.19817882,2.70468200,0.11195355,2.53624737,0.09576427,0.04703625,1.20333409,0.13324062,0.01108843,1.63057597,0.08271734,0.03260784,0.23917360,0.20821024,0.02312060,0.30950766,0.30080705,0.06444616,0.01483100,0.05808126,0.01245922,0.21508509,0.05819091,0.00870446,0.02418768,0.11428545,0.02840033,0.12706789,0.23502888,0.02395585,0.00098579,0.07056460,0.04150466,0.06286562,0.00419398,0.02107928,0.17060825,0.16213650,0.00771852,0.02667932,0.05914251,0.03632097,0.00235898,0.05484307,0.00415510,0.00179323,0.01786612,0.00698953,0.00986034,0.00317739,0.00733726,0.07186541,0.00646305,0.00103325,0.04152337,0.01703427,0.00500332,0.01176814,0.00738487,0.00336987,0.04194195,0.01663431,0.02193807,0.02068177,0.02649362,0.01226753,0.02860208,0.02364015,0.02518926,0.00952736,0.00746396,0.00320622,0.00000000,0.00000000,0.00083843,0.00000000,0.00000000,0.00000000,0.00000000,0.00000000,0.00000000,0.00000000,0.00000000,0.00000000,0.00000000,0.00000000,0.00000000,0.00000000,0.00000000,0.00000000,0.00000000,0.00000000,0.00000000,0.00000000,0.00000000,0.00000000,0.00000000,0.00000000,0.00000000,0.00000000,0.00000000,0.00000000,0.00713750,0.00000000,0.00000000,0.00000000,0.00000000,0.00000000,0.00000000,0.00000000,0.00000000,0.00000000,0.00372652,0.00184543,0.00000000,0.00000000,0.00000000,0.00000000,0.00700301,0.00093921,0.00000000,0.00000000,0.00000000,0.00000000,0.00000000,0.00000000,0.00000000,0.00000000,0.00000000,0.00000000,0.00000000,0.00000000,0.00000000,0.00000000,0.00000000,0.00000000,0.00000000,0.00000000,0.00000000,0.00000000,0.00000000,0.00000000,0.00000000,0.00000000,0.00000000,0.00000000,0.00000000,0.00000000,0.00000000,0.00000000,0.00000000,0.00000000,0.00000000
0.03388258,0.09376929,0.04487853,0.33394310,0.03497362,2.78578891,0.24782761,0.15928808,0.00000000,2.85842218,0.54485197,2.96033575,0.01820248,1.56009629,3.14885552,0.01756231,0.13384090,0.98585687,0.00397891,0.00479349,0.13667002,0.00000000,0.01184103,1.86749918,0.00055390,0.00259427,0.01778180,0.18007367,0.69412407,0.03838451,0.00846977,0.00000000,0.21684891,0.52704580,0.00250852,0.03472188,0.00000000,0.00237121,0.02647523,0.00601554,0.01172426,0.09136420,0.00860653,0.03890198,0.05227133,0.00946332,0.00340843,0.00000000,0.42199935,0.01762064,0.00184180,0.00223705,0.40807112,0.01252164,0.00000000,0.00367362,0.00000000,0.07603138,0.00152217,0.00000000,0.08969230,0.00515474,0.00000000,0.25286685,0.03587717,0.00000000,0.00000000,0.01984963,0.00000000,0.15271552,0.00109853,0.05467646,0.01584116,0.02499448,0.00670304,0.06326862,0.03780682,0.02538646,0.01537247,0.00853664,0.00441040,0.00000000,0.00000000,0.00000000,0.00000000,0.00000000,0.00000000,0.00000000,0.00000000,0.00000000,0.00000000,0.00000000,0.00000000,0.00000000,0.00000000,0.00000000,0.00000000,0.00000000,0.00000000,0.00000000,0.00000000,0.00000000,0.00000000,0.00000000,0.00000000,0.00000000,0.00000000,0.00000000,0.00000000,0.00000000,0.00000000,0.00000000,0.00000000,0.00000000,0.00000000,0.00000000,0.00000000,0.00000000,0.00000000,0.00000000,0.00000000,0.00000000,0.00000000,0.00000000,0.00000000,0.00000000,0.00000000,0.00000000,0.00000000,0.00000000,0.00000000,0.00000000,0.00000000,0.00000000,0.00000000,0.00000000,0.00000000,0.00000000,0.00000000,0.00000000,0.00000000,0.00000000,0.00000000,0.00000000,0.00000000,0.00000000,0.00000000,0.00000000,0.00000000,0.00000000,0.00000000,0.00000000,0.00000000,0.00000000,0.00000000,0.00000000,0.00000000,0.00000000,0.00000000,0.00000000,0.00000000,0.00000000
0.02189450,0.03359706,0.02790554,0.32012917,0.02421431,1.48551945,0.01706365,0.19817882,2.85842218,0.00000000,3.42170159,0.10483417,0.01785809,3.73750381,0.18662588,0.06844334,1.45963046,0.23314223,0.00798202,0.00511334,0.00832069,0.00106920,0.07229286,0.38466853,0.00079474,0.00728325,0.16692444,0.17730457,0.04811335,0.08136567,0.00797538,0.00000000,0.08868061,0.09507735,0.00607779,0.00540540,0.00073978,0.00351713,0.06779494,0.00594150,0.00964194,0.01382271,0.02661651,0.03365778,0.00914838,0.01519765,0.00565207,0.00000000,0.23963240,0.02383494,0.00288149,0.00283431,0.11811384,0.01149453,0.00000000,0.00193462,0.00000000,0.05071032,0.00000000,0.00000000,0.01556397,0.00363959,0.00000000,0.10331719,0.00719658,0.00000000,0.00000000,0.01177369,0.00000000,0.07745178,0.00000000,0.02086456,0.00704866,0.00474436,0.00230063,0.02569506,0.01235186,0.00879211,0.00487956,0.00378913,0.00000000,0.00000000,0.00000000,0.00000000,0.00000000,0.00000000,0.00000000,0.00000000,0.00000000,0.00000000,0.00000000,0.00000000,0.00000000,0.00000000,0.00000000,0.00000000,0.00000000,0.00000000,0.00000000,0.00000000,0.00000000,0.00000000,0.00000000,0.00000000,0.00000000,0.00000000,0.00000000,0.00000000,0.00000000,0.00000000,0.00000000,0.00000000,0.00000000,0.00000000,0.00000000,0.00000000,0.00000000,0.00000000,0.00000000,0.00000000,0.00000000,0.00000000,0.00000000,0.00000000,0.00000000,0.00000000,0.00000000,0.00000000,0.00000000,0.00000000,0.00000000,0.00000000,0.00000000,0.00000000,0.00000000,0.00000000,0.00000000,0.00000000,0.00000000,0.00000000,0.00000000,0.00000000,0.00000000,0.00000000,0.00000000,0.00000000,0.00000000,0.00000000,0.00000000,0.00000000,0.00000000,0.00000000,0.00000000,0.00000000,0.00000000,0.00000000,0.00000000,0.00000000,0.00000000,0.00000000,0.00000000,0.00000000
0.04941758,0.07169435,0.09051180,2.46851127,0.14763833,1.97186371,0.01723854,2.70468200,0.54485197,3.42170159,0.00000000,0.07152912,0.17735580,0.97187346,0.06737405,2.86454167,3.31030406,0.03895437,0.30568174,0.02118918,0.01117762,0.01517015,2.06162172,0.06046410,0.03414375,0.43522114,0.44863472,0.05683320,0.03546345,0.04634286,0.06402579,0.00748612,0.02044546,0.03113798,0.27505996,0.00754496,0.03339287,0.04540766,0.06665056,0.00448433,0.06303964,0.01572645,0.21577719,0.01356517,0.00876538,0.10337659,0.08120732,0.00337995,0.08779670,0.11904869,0.03748058,0.00471361,0.07571902,0.00815465,0.00000000,0.00719109,0.00249236,0.02628477,0.00000000,0.00524516,0.02509440,0.01079326,0.00000000,0.07585547,0.00992392,0.00106236,0.00959894,0.01302961,0.00000000,0.06545887,0.00899793,0.01951963,0.01933903,0.00903185,0.00549559,0.02812773,0.01687013,0.01618396,0.00831832,0.00301529,0.00000000,0.00000000,0.00000000,0.00000000,0.00000000,0.00000000,0.00000000,0.00000000,0.00000000,0.00000000,0.00000000,0.00000000,0.00000000,0.00000000,0.00000000,0.00000000,0.00000000,0.00000000,0.00000000,0.00000000,0.00000000,0.00000000,0.00000000,0.00000000,0.00000000,0.00000000,0.00000000,0.00000000,0.00000000,0.00000000,0.00000000,0.00320937,0.00000000,0.00000000,0.00000000,0.00000000,0.00000000,0.00000000,0.00000000,0.00000000,0.00000000,0.00223063,0.00174839,0.00000000,0.00000000,0.00000000,0.00000000,0.00000000,0.00123582,0.00000000,0.00000000,0.00000000,0.00000000,0.00000000,0.00000000,0.00000000,0.00000000,0.00000000,0.00000000,0.00000000,0.00000000,0.00000000,0.00000000,0.00000000,0.00000000,0.00000000,0.00000000,0.00000000,0.00000000,0.00000000,0.00000000,0.00000000,0.00000000,0.00000000,0.00000000,0.00000000,0.00000000,0.00000000,0.00000000,0.00000000,0.00000000,0.00000000
0.13588618,0.36311500,0.08070242,0.19074675,0.05385459,1.72869118,1.25874470,0.11195355,2.96033575,0.10483417,0.07152912,0.00000000,0.01636909,0.05495337,1.86460806,0.00375275,0.01273560,0.03303228,0.00221725,0.00379530,3.25603438,0.00000000,0.00351748,0.23620451,0.00000000,0.00137024,0.00504190,0.01758417,1.92696824,0.00845147,0.00623115,0.00000000,0.02627429,0.21373157,0.00096378,0.66816019,0.00000000,0.00108443,0.00953612,0.00000000,0.00700994,0.47450291,0.00401200,0.00758535,0.14249863,0.00543301,0.00148276,0.00000000,0.07681247,0.00528992,0.00000000,0.00000000,0.25526364,0.00313927,0.00000000,0.00087576,0.00000000,0.01830885,0.02782469,0.00000000,0.43541894,0.00178190,0.00000000,0.10680990,0.06509826,0.00000000,0.00000000,0.00799974,0.00000000,0.07021023,0.00000000,0.06003671,0.00793336,0.08700651,0.00388385,0.04048574,0.05012152,0.01779331,0.01229936,0.01839625,0.00830719,0.00000000,0.00000000,0.00000000,0.00000000,0.00000000,0.00000000,0.00000000,0.00000000,0.00000000,0.00000000,0.00000000,0.00000000,0.00000000,0.00000000,0.00000000,0.00000000,0.00000000,0.00000000,0.00000000,0.00000000,0.00000000,0.00000000,0.00000000,0.00000000,0.00000000,0.00000000,0.00000000,0.00000000,0.00000000,0.00000000,0.00000000,0.00000000,0.00000000,0.00000000,0.00000000,0.00000000,0.00000000,0.00000000,0.00000000,0.00000000,0.00000000,0.00000000,0.00000000,0.00000000,0.00000000,0.00000000,0.00000000,0.00000000,0.00000000,0.00000000,0.00000000,0.00000000,0.00000000,0.00000000,0.00000000,0.00000000,0.00000000,0.00000000,0.00000000,0.00000000,0.00000000,0.00000000,0.00000000,0.00000000,0.00000000,0.00000000,0.00000000,0.00000000,0.00000000,0.00000000,0.00000000,0.00000000,0.00000000,0.00000000,0.00000000,0.00000000,0.00000000,0.00000000,0.00000000,0.00000000,0.00000000
0.02384889,0.02648600,0.08656400,0.15045234,1.26177100,0.04967121,0.00478317,2.53624737,0.01820248,0.01785809,0.17735580,0.01636909,0.00000000,0.01086839,0.00452597,0.09077769,0.01964826,0.00000000,0.58860167,0.63895051,0.00633030,1.13764119,0.04402403,0.00215857,0.37409172,0.07918612,0.01580795,0.00207070,0.00716861,0.00229773,0.91750798,0.06376375,0.00000000,0.00251604,0.04075716,0.00481486,0.07631400,1.17992780,0.00660072,0.00000000,0.13018314,0.00631670,0.02436114,0.00000000,0.00149750,0.18849668,0.09130450,0.05119427,0.00365314,0.19443248,0.01842363,0.00086067,0.00601540,0.00119676,0.01174336,0.04607878,0.00941472,0.00274283,0.00000000,0.00478966,0.00934751,0.00323276,0.00527011,0.00504374,0.00140671,0.00729395,0.00906205,0.00312519,0.00978134,0.00818283,0.02268661,0.00312857,0.01488907,0.00338268,0.01772838,0.00970422,0.00341206,0.01529234,0.00376291,0.00091760,0.00125359,0.00000000,0.00000000,0.00247259,0.00000000,0.00000000,0.00000000,0.00143500,0.00000000,0.00000000,0.00000000,0.00000000,0.00000000,0.00000000,0.00000000,0.00000000,0.00000000,0.00000000,0.00000000,0.00000000,0.00000000,0.00000000,0.00000000,0.00000000,0.00000000,0.00000000,0.00000000,0.00000000,0.00000000,0.00000000,0.00000000,0.01124918,0.00000000,0.00000000,0.00000000,0.00000000,0.00000000,0.00000000,0.00000000,0.00000000,0.00000000,0.00568008,0.00379301,0.00000000,0.00000000,0.00000000,0.00000000,0.01436309,0.00215385,0.00000000,0.00214697,0.00000000,0.00000000,0.00000000,0.00000000,0.00000000,0.00000000,0.00108242,0.00000000,0.00000000,0.00000000,0.00000000,0.00000000,0.00000000,0.00000000,0.00000000,0.00000000,0.00000000,0.00000000,0.00000000,0.00000000,0.00000000,0.00000000,0.00000000,0.00000000,0.00000000,0.00000000,0.00000000,0.00000000,0.00000000,0.00000000,0.00000000
0.02534322,0.02645083,0.01878856,0.08513706,0.02197806,0.18989844,0.01312993,0.09576427,1.56009629,3.73750381,0.97187346,0.05495337,0.01086839,0.00000000,0.23084196,0.04206404,4.69614344,2.46004928,0.00548157,0.01183269,0.01060205,0.00000000,0.11302491,2.28096245,0.00117249,0.00580313,2.44721303,6.64300527,0.05839866,3.62429201,0.01295830,0.00000000,0.79170710,0.25062051,0.01133084,0.00618900,0.00117987,0.00589006,1.42787276,0.07013647,0.02310163,0.01068547,0.17663389,0.32022496,0.00670172,0.05631392,0.02168573,0.00000000,0.95164717,0.05892100,0.01305425,0.01499211,0.21472658,0.06041008,0.00000000,0.01025930,0.00000000,0.15784874,0.00000000,0.00115679,0.01280797,0.01431156,0.00000000,0.13609370,0.00649077,0.00000000,0.00312156,0.02936854,0.00000000,0.12307516,0.00365140,0.01435821,0.01337010,0.00399054,0.00602089,0.03037159,0.01165610,0.01746111,0.00658704,0.00322803,0.00175527,0.00000000,0.00000000,0.00000000,0.00000000,0.00000000,0.00000000,0.00000000,0.00000000,0.00000000,0.00000000,0.00000000,0.00000000,0.00000000,0.00000000,0.00000000,0.00000000,0.00000000,0.00000000,0.00000000,0.00000000,0.00000000,0.00000000,0.00000000,0.00000000,0.00000000,0.00000000,0.00000000,0.00000000,0.00000000,0.00000000,0.00000000,0.00000000,0.00000000,0.00000000,0.00000000,0.00000000,0.00000000,0.00000000,0.00000000,0.00000000,0.00000000,0.00000000,0.00000000,0.00000000,0.00000000,0.00000000,0.00000000,0.00000000,0.00000000,0.00000000,0.00000000,0.00000000,0.00000000,0.00000000,0.00000000,0.00000000,0.00000000,0.00000000,0.00000000,0.00000000,0.00000000,0.00000000,0.00000000,0.00000000,0.00000000,0.00000000,0.00000000,0.00000000,0.00000000,0.00000000,0.00000000,0.00000000,0.00000000,0.00000000,0.00000000,0.00000000,0.00000000,0.00000000,0.00000000,0.00000000,0.00000000
0.01262021,0.02952351,0.01283533,0.06793902,0.00986599,0.24829812,0.05759290,0.04703625,3.14885552,0.18662588,0.06737405,1.86460806,0.00452597,0.23084196,0.00000000,0.00219244,0.01741887,0.51903231,0.00000000,0.00064971,0.19152242,0.00000000,0.00212704,2.10407965,0.00000000,0.00000000,0.00363746,0.06396228,1.51385918,0.01149322,0.00202736,0.00000000,0.15154956,0.60912997,0.00000000,0.04047334,0.00000000,0.00000000,0.00825206,0.00138748,0.00483303,0.08371625,0.00272953,0.01598942,0.04891239,0.00417172,0.00000000,0.00000000,0.21857209,0.00727125,0.00000000,0.00088630,0.31667699,0.00696931,0.00000000,0.00000000,0.00000000,0.03401936,0.00122855,0.00000000,0.07416727,0.00335439,0.00000000,0.14968317,0.02528086,0.00000000,0.00000000,0.01142967,0.00000000,0.09716997,0.00000000,0.04148315,0.00895823,0.01363469,0.00317003,0.04312191,0.02599319,0.01636852,0.00946915,0.00722559,0.00193004,0.00000000,0.00000000,0.00000000,0.00000000,0.00000000,0.00000000,0.00000000,0.00000000,0.00000000,0.00000000,0.00000000,0.00000000,0.00000000,0.00000000,0.00000000,0.00000000,0.00000000,0.00000000,0.00000000,0.00000000,0.00000000,0.00000000,0.00000000,0.00000000,0.00000000,0.00000000,0.00000000,0.00000000,0.00000000,0.00000000,0.00000000,0.00000000,0.00000000,0.00000000,0.00000000,0.00000000,0.00000000,0.00000000,0.00000000,0.00000000,0.00000000,0.00000000,0.00000000,0.00000000,0.00000000,0.00000000,0.00000000,0.00000000,0.00000000,0.00000000,0.00000000,0.00000000,0.00000000,0.00000000,0.00000000,0.00000000,0.00000000,0.00000000,0.00000000,0.00000000,0.00000000,0.00000000,0.00000000,0.00000000,0.00000000,0.00000000,0.00000000,0.00000000,0.00000000,0.00000000,0.00000000,0.00000000,0.00000000,0.00000000,0.00000000,0.00000000,0.00000000,0.00000000,0.00000000,0.00000000,0.00000000
0.00708831,0.00460707,0.01230666,0.09670173,0.04689674,0.03216156,0.00067304,1.20333409,0.01756231,0.06844334,2.86454167,0.00375275,0.09077769,0.04206404,0.00219244,0.00000000,0.47102604,0.00115806,0.96600835,0.00849993,0.00000000,0.01370509,1.58116001,0.00232761,0.09710590,1.18623094,0.08729346,0.00385860,0.00207550,0.00448618,0.03219765,0.01037669,0.00068608,0.00170347,0.30460264,0.00000000,0.06872149,0.03454620,0.01309513,0.00000000,0.03222713,0.00078780,0.10598068,0.00073222,0.00000000,0.06396855,0.14093734,0.00144924,0.00512303,0.04776775,0.05295484,0.00157480,0.00359004,0.00188476,0.00000000,0.00414339,0.00291242,0.00212448,0.00000000,0.00616969,0.00107212,0.00521773,0.00000000,0.00376079,0.00000000,0.00103134,0.01200607,0.00363673,0.00000000,0.00743920,0.00869486,0.00000000,0.01186207,0.00000000,0.00229399,0.00476162,0.00000000,0.00521021,0.00000000,0.00000000,0.00000000,0.00000000,0.00000000,0.00000000,0.00000000,0.00000000,0.00000000,0.00000000,0.00000000,0.00000000,0.00000000,0.00000000,0.00000000,0.00000000,0.00000000,0.00000000,0.00000000,0.00000000,0.00000000,0.00000000,0.00000000,0.00000000,0.00000000,0.00000000,0.00000000,0.00000000,0.00000000,0.00000000,0.00000000,0.00000000,0.00000000,0.00000000,0.00000000,0.00000000,0.00000000,0.00000000,0.00000000,0.00000000,0.00000000,0.00000000,0.00000000,0.00000000,0.00000000,0.00000000,0.00000000,0.00000000,0.00000000,0.00000000,0.00000000,0.00000000,0.00000000,0.00000000,0.00000000,0.00000000,0.00000000,0.00000000,0.00000000,0.00000000,0.00000000,0.00000000,0.00000000,0.00000000,0.00000000,0.00000000,0.00000000,0.00000000,0.00000000,0.00000000,0.00000000,0.00000000,0.00000000,0.00000000,0.00000000,0.00000000,0.00000000,0.00000000,0.00000000,0.00000000,0.00000000,0.00000000,0.00000000,0.00000000
0.01888339,0.01474892,0.01461210,0.06788905,0.02381542,0.07330053,0.00429530,0.13324062,0.13384090,1.45963046,3.31030406,0.01273560,0.01964826,4.69614344,0.01741887,0.47102604,0.00000000,0.03151948,0.01374448,0.00836710,0.00303182,0.00229423,1.79930420,0.03703400,0.00383082,0.04031587,4.09897366,0.16512735,0.00788525,0.42122945,0.01718293,0.00139755,0.02482653,0.01222961,0.11093821,0.00084427,0.00590522,0.01620207,0.74077690,0.01569378,0.01930910,0.00148003,0.49739027,0.02823526,0.00106701,0.09214248,0.04133091,0.00000000,0.06449637,0.09551067,0.03275979,0.01455823,0.01742557,0.01979812,0.00000000,0.00517276,0.00000000,0.02756948,0.00000000,0.00296112,0.00280497,0.01423371,0.00000000,0.01616501,0.00000000,0.00000000,0.00596165,0.01307137,0.00000000,0.02744037,0.00298713,0.00306971,0.01167211,0.00000000,0.00155677,0.00981315,0.00138864,0.00673781,0.00196125,0.00000000,0.00000000,0.00000000,0.00000000,0.00000000,0.00000000,0.00000000,0.00000000,0.00000000,0.00000000,0.00000000,0.00000000,0.00000000,0.00000000,0.00000000,0.00000000,0.00000000,0.00000000,0.00000000,0.00000000,0.00000000,0.00000000,0.00000000,0.00000000,0.00000000,0.00000000,0.00000000,0.00000000,0.00000000,0.00000000,0.00000000,0.00000000,0.00000000,0.00000000,0.00000000,0.00000000,0.00000000,0.00000000,0.00000000,0.00000000,0.00000000,0.00000000,0.00000000,0.00000000,0.00000000,0.00000000,0.00000000,0.00000000,0.00000000,0.00000000,0.00000000,0.00000000,0.00000000,0.00000000,0.00000000,0.00000000,0.00000000,0.00000000,0.00000000,0.00000000,0.00000000,0.00000000,0.00000000,0.00000000,0.00000000,0.00000000,0.00000000,0.00000000,0.00000000,0.00000000,0.00000000,0.00000000,0.00000000,0.00000000,0.00000000,0.00000000,0.00000000,0.00000000,0.00000000,0.00000000,0.00000000,0.00000000,0.00000000
0.00217227,0.00283982,0.00175756,0.01243185,0.00112482,0.03276244,0.00314675,0.01108843,0.98585687,0.23314223,0.03895437,0.03303228,0.00000000,2.46004928,0.51903231,0.00115806,0.03151948,0.00000000,0.00000000,0.00000000,0.00349026,0.00000000,0.00153915,2.91198495,0.00000000,0.00000000,0.00973603,1.77502417,0.05209613,0.08429768,0.00000000,0.00000000,0.50692348,0.24744418,0.00000000,0.00000000,0.00000000,0.00000000,0.02211680,0.00464497,0.00000000,0.00476581,0.00250919,0.05386509,0.00267111,0.00327580,0.00000000,0.00000000,0.31739663,0.00383672,0.00000000,0.00000000,0.10109118,0.00908708,0.00000000,0.00000000,0.00000000,0.03791692,0.00000000,0.00000000,0.00389115,0.00116240,0.00000000,0.05876414,0.00213371,0.00000000,0.00000000,0.00427414,0.00000000,0.03735976,0.00000000,0.00378181,0.00203853,0.00000000,0.00000000,0.00873916,0.00253647,0.00246349,0.00068197,0.00000000,0.00000000,0.00000000,0.00000000,0.00000000,0.00000000,0.00000000,0.00000000,0.00000000,0.00000000,0.00000000,0.00000000,0.00000000,0.00000000,0.00000000,0.00000000,0.00000000,0.00000000,0.00000000,0.00000000,0.00000000,0.00000000,0.00000000,0.00000000,0.00000000,0.00000000,0.00000000,0.00000000,0.00000000,0.00000000,0.00000000,0.00000000,0.00000000,0.00000000,0.00000000,0.00000000,0.00000000,0.00000000,0.00000000,0.00000000,0.00000000,0.00000000,0.00000000,0.00000000,0.00000000,0.00000000,0.00000000,0.00000000,0.00000000,0.00000000,0.00000000,0.00000000,0.00000000,0.00000000,0.00000000,0.00000000,0.00000000,0.00000000,0.00000000,0.00000000,0.00000000,0.00000000,0.00000000,0.00000000,0.00000000,0.00000000,0.00000000,0.00000000,0.00000000,0.00000000,0.00000000,0.00000000,0.00000000,0.00000000,0.00000000,0.00000000,0.00000000,0.00000000,0.00000000,0.00000000,0.00000000,0.00000000,0.00000000
0.00327231,0.00320503,0.00984693,0.02939164,0.07269209,0.00791002,0.00000000,1.63057597,0.00397891,0.00798202,0.30568174,0.00221725,0.58860167,0.00548157,0.00000000,0.96600835,0.01374448,0.00000000,0.00000000,0.01371362,0.00000000,0.32717094,0.14313650,0.00000000,1.92446320,1.43782046,0.01373121,0.00000000,0.00000000,0.00099984,0.07687496,0.29353882,0.00000000,0.00000000,0.15030015,0.00000000,0.44399579,0.42092180,0.00415253,0.00000000,0.02838372,0.00000000,0.03076033,0.00000000,0.00000000,0.38514328,0.33185229,0.00339735,0.00000000,0.06197707,0.04001741,0.00138270,0.00000000,0.00080478,0.00000000,0.01245437,0.01019811,0.00062525,0.00000000,0.01038800,0.00000000,0.00422672,0.00000000,0.00128318,0.00000000,0.00657985,0.01209994,0.00271077,0.00240948,0.00457691,0.02620582,0.00000000,0.01670404,0.00000000,0.00690554,0.00441545,0.00000000,0.01151000,0.00103647,0.00000000,0.00000000,0.00000000,0.00000000,0.00000000,0.00000000,0.00000000,0.00000000,0.00000000,0.00000000,0.00000000,0.00000000,0.00000000,0.00000000,0.00000000,0.00000000,0.00000000,0.00000000,0.00000000,0.00000000,0.00000000,0.00000000,0.00000000,0.00000000,0.00000000,0.00000000,0.00000000,0.00000000,0.00000000,0.00000000,0.00000000,0.00000000,0.00118941,0.00000000,0.00000000,0.00000000,0.00000000,0.00000000,0.00000000,0.00000000,0.00000000,0.00000000,0.00000000,0.00000000,0.00000000,0.00000000,0.00000000,0.00000000,0.00000000,0.00000000,0.00000000,0.00000000,0.00000000,0.00000000,0.00000000,0.00000000,0.00000000,0.00000000,0.00000000,0.00000000,0.00000000,0.00000000,0.00000000,0.00000000,0.00000000,0.00000000,0.00000000,0.00000000,0.00000000,0.00000000,0.00000000,0.00000000,0.00000000,0.00000000,0.00000000,0.00000000,0.00000000,0.00000000,0.00000000,0.00000000,0.00000000,0.00000000,0.00000000
0.00330647,0.00299318,0.00964662,0.01364103,0.23875128,0.00578431,0.00000000,0.08271734,0.00479349,0.00511334,0.02118918,0.00379530,0.63895051,0.01183269,0.00064971,0.00849993,0.00836710,0.00000000,0.01371362,0.00000000,0.00122112,0.07501291,0.00998066,0.00000000,0.01171196,0.00698747,0.00683908,0.00229268,0.00315346,0.00183313,1.63414034,0.00462789,0.00000000,0.00173283,0.00822668,0.00168131,0.00638298,0.15480328,0.01013921,0.00000000,0.21799122,0.00269488,0.01142088,0.00115010,0.00000000,0.02447567,0.01376954,0.07896829,0.00876338,0.05444482,0.00553337,0.00000000,0.00502899,0.00254781,0.01632958,0.03435514,0.00139989,0.00528711,0.00000000,0.00086496,0.00660848,0.00336619,0.01417848,0.00766107,0.00000000,0.00165800,0.00226125,0.00426022,0.01187612,0.01444617,0.00716433,0.00243773,0.01030572,0.00448822,0.01827572,0.01425527,0.00546731,0.02074358,0.00670570,0.00427498,0.01111909,0.00000000,0.00000000,0.00062581,0.00000000,0.00000000,0.00000000,0.00000000,0.00000000,0.00000000,0.00000000,0.00000000,0.00000000,0.00000000,0.00000000,0.00000000,0.00000000,0.00000000,0.00000000,0.00000000,0.00000000,0.00000000,0.00000000,0.00000000,0.00000000,0.00000000,0.00000000,0.00000000,0.00000000,0.00000000,0.00000000,0.00511112,0.00000000,0.00000000,0.00000000,0.00000000,0.00000000,0.00000000,0.00000000,0.00000000,0.00000000,0.00160819,0.00126411,0.00000000,0.00000000,0.00000000,0.00000000,0.00656093,0.00095925,0.00000000,0.00000000,0.00000000,0.00000000,0.00000000,0.00000000,0.00000000,0.00000000,0.00000000,0.00000000,0.00000000,0.00000000,0.00000000,0.00000000,0.00000000,0.00000000,0.00000000,0.00000000,0.00000000,0.00000000,0.00000000,0.00000000,0.00000000,0.00000000,0.00000000,0.00000000,0.00000000,0.00000000,0.00000000,0.00000000,0.00000000,0.00000000,0.00000000
0.06911834,0.11623934,0.02843311,0.03881231,0.02009646,0.18340415,0.17764725,0.03260784,0.13667002,0.00832069,0.01117762,3.25603438,0.00633030,0.01060205,0.19152242,0.00000000,0.00303182,0.00349026,0.00000000,0.00122112,0.00000000,0.00000000,0.00000000,0.02263116,0.00000000,0.00000000,0.00000000,0.00451781,1.41802568,0.00215302,0.00190762,0.00000000,0.00460179,0.05965841,0.00000000,1.91794966,0.00000000,0.00000000,0.00289518,0.00000000,0.00226198,0.55642917,0.00000000,0.00182355,0.08664924,0.00000000,0.00000000,0.00000000,0.01585385,0.00000000,0.00000000,0.00000000,0.09477482,0.00000000,0.00000000,0.00000000,0.00000000,0.00472571,0.02747779,0.00000000,0.30883097,0.00000000,0.00000000,0.03226271,0.02718837,0.00000000,0.00000000,0.00139105,0.00000000,0.02048623,0.00000000,0.01975712,0.00182700,0.05158394,0.00000000,0.01165691,0.01516790,0.00663160,0.00447788,0.00869657,0.00394518,0.00000000,0.00000000,0.00000000,0.00000000,0.00000000,0.00000000,0.00000000,0.00000000,0.00000000,0.00000000,0.00000000,0.00000000,0.00000000,0.00000000,0.00000000,0.00000000,0.00000000,0.00000000,0.00000000,0.00000000,0.00000000,0.00000000,0.00000000,0.00000000,0.00000000,0.00000000,0.00000000,0.00000000,0.00000000,0.00000000,0.00000000,0.00000000,0.00000000,0.00000000,0.00000000,0.00000000,0.00000000,0.00000000,0.00000000,0.00000000,0.00000000,0.00000000,0.00000000,0.00000000,0.00000000,0.00000000,0.00000000,0.00000000,0.00000000,0.00000000,0.00000000,0.00000000,0.00000000,0.00000000,0.00000000,0.00000000,0.00000000,0.00000000,0.00000000,0.00000000,0.00000000,0.00000000,0.00000000,0.00000000,0.00000000,0.00000000,0.00000000,0.00000000,0.00000000,0.00000000,0.00000000,0.00000000,0.00000000,0.00000000,0.00000000,0.00000000,0.00000000,0.00000000,0.00000000,0.00000000,0.00000000
0.00139211,0.00146953,0.00574915,0.00701937,0.08740532,0.00200424,0.00000000,0.23917360,0.00000000,0.00106920,0.01517015,0.00000000,1.13764119,0.00000000,0.00000000,0.01370509,0.00229423,0.00000000,0.32717094,0.07501291,0.00000000,0.00000000,0.00867924,0.00000000,0.81937846,0.02257306,0.00341814,0.00000000,0.00000000,0.00000000,0.50154881,0.14287886,0.00000000,0.00000000,0.01117971,0.00000000,0.04032022,1.48591213,0.00109885,0.00000000,0.04526443,0.00000000,0.00756518,0.00000000,0.00000000,0.18734587,0.05130351,0.01576558,0.00000000,0.15070551,0.00828419,0.00000000,0.00000000,0.00000000,0.00339932,0.03123990,0.00583146,0.00000000,0.00000000,0.00276242,0.00000000,0.00147355,0.00120506,0.00000000,0.00000000,0.00479471,0.00489095,0.00116879,0.00534901,0.00147763,0.01105271,0.00000000,0.00754847,0.00000000,0.01069660,0.00193663,0.00000000,0.00899867,0.00097183,0.00000000,0.00000000,0.00000000,0.00000000,0.00000000,0.00000000,0.00000000,0.00000000,0.00000000,0.00000000,0.00000000,0.00000000,0.00000000,0.00000000,0.00000000,0.00000000,0.00000000,0.00000000,0.00000000,0.00000000,0.00000000,0.00000000,0.00000000,0.00000000,0.00000000,0.00000000,0.00000000,0.00000000,0.00000000,0.00000000,0.00000000,0.00000000,0.00072407,0.00000000,0.00000000,0.00000000,0.00000000,0.00000000,0.00000000,0.00000000,0.00000000,0.00000000,0.00000000,0.00000000,0.00000000,0.00000000,0.00000000,0.00000000,0.00000000,0.00000000,0.00000000,0.00000000,0.00000000,0.00000000,0.00000000,0.00000000,0.00000000,0.00000000,0.00000000,0.00000000,0.00000000,0.00000000,0.00000000,0.00000000,0.00000000,0.00000000,0.00000000,0.00000000,0.00000000,0.00000000,0.00000000,0.00000000,0.00000000,0.00000000,0.00000000,0.00000000,0.00000000,0.00000000,0.00000000,0.00000000,0.00000000,0.00000000,0.00000000
0.00879865,0.00557963,0.00786833,0.03878969,0.03257309,0.01634868,0.00078786,0.20821024,0.01184103,0.07229286,2.06162172,0.00351748,0.04402403,0.11302491,0.00212704,1.58116001,1.79930420,0.00153915,0.14313650,0.00998066,0.00000000,0.00867924,0.00000000,0.00197777,0.02900981,1.91125680,2.35337287,0.00561023,0.00134647,0.01306352,0.03646529,0.00738853,0.00087719,0.00140055,3.81804755,0.00000000,0.07047576,0.05670728,0.08074818,0.00255233,0.04658063,0.00000000,1.65448606,0.00253535,0.00000000,0.20337768,0.37492984,0.00251395,0.00608880,0.13641971,0.25341078,0.01619433,0.00247267,0.00996570,0.00000000,0.00844387,0.00365417,0.00664523,0.00000000,0.01896240,0.00000000,0.03445538,0.00000000,0.00332488,0.00000000,0.00158388,0.02808073,0.01361549,0.00000000,0.01229179,0.01396228,0.00000000,0.03381703,0.00000000,0.00293206,0.00677190,0.00000000,0.00809416,0.00223445,0.00000000,0.00000000,0.00000000,0.00000000,0.00000000,0.00000000,0.00000000,0.00000000,0.00000000,0.00000000,0.00000000,0.00000000,0.00000000,0.00000000,0.00000000,0.00000000,0.00000000,0.00000000,0.00000000,0.00000000,0.00000000,0.00000000,0.00000000,0.00000000,0.00000000,0.00000000,0.00000000,0.00000000,0.00000000,0.00000000,0.00000000,0.00000000,0.00000000,0.00000000,0.00000000,0.00000000,0.00000000,0.00000000,0.00000000,0.00000000,0.00000000,0.00000000,0.00000000,0.00063631,0.00000000,0.00000000,0.00000000,0.00000000,0.00000000,0.00000000,0.00000000,0.00000000,0.00000000,0.00000000,0.00000000,0.00000000,0.00000000,0.00000000,0.00000000,0.00000000,0.00000000,0.00000000,0.00000000,0.00000000,0.00000000,0.00000000,0.00000000,0.00000000,0.00000000,0.00000000,0.00000000,0.00000000,0.00000000,0.00000000,0.00000000,0.00000000,0.00000000,0.00000000,0.00000000,0.00000000,0.00000000,0.00000000,0.00000000
0.00562321,0.00937206,0.00526980,0.02572111,0.00479529,0.07807996,0.00957365,0.02312060,1.86749918,0.38466853,0.06046410,0.23620451,0.00215857,2.28096245,2.10407965,0.00232761,0.03703400,2.91198495,0.00000000,0.00000000,0.02263116,0.00000000,0.00197777,0.00000000,0.00000000,0.00000000,0.01152507,2.90308772,1.15451394,0.11100229,0.00172420,0.00000000,3.20797804,3.07302834,0.00000000,0.00672346,0.00000000,0.00000000,0.03756432,0.01190972,0.00742554,0.04049982,0.00580828,0.14386619,0.02781213,0.00592485,0.00161951,0.00000000,0.99628687,0.01197189,0.00000000,0.00217029,0.58824943,0.02112462,0.00000000,0.00401109,0.00000000,0.11521264,0.00000000,0.00000000,0.02046363,0.00375274,0.00000000,0.23216093,0.01091114,0.00000000,0.00000000,0.01798855,0.00000000,0.12044520,0.00000000,0.02008944,0.00817208,0.00502595,0.00215433,0.03162407,0.01096059,0.01105617,0.00645824,0.00453654,0.00105925,0.00000000,0.00000000,0.00000000,0.00000000,0.00000000,0.00000000,0.00000000,0.00000000,0.00000000,0.00000000,0.00000000,0.00000000,0.00000000,0.00000000,0.00000000,0.00000000,0.00000000,0.00000000,0.00000000,0.00000000,0.00000000,0.00000000,0.00000000,0.00000000,0.00000000,0.00000000,0.00000000,0.00000000,0.00000000,0.00000000,0.00000000,0.00000000,0.00000000,0.00000000,0.00000000,0.00000000,0.00000000,0.00000000,0.00000000,0.00000000,0.00000000,0.00000000,0.00000000,0.00000000,0.00000000,0.00000000,0.00000000,0.00000000,0.00000000,0.00000000,0.00000000,0.00000000,0.00000000,0.00000000,0.00000000,0.00000000,0.00000000,0.00000000,0.00000000,0.00000000,0.00000000,0.00000000,0.00000000,0.00000000,0.00000000,0.00000000,0.00000000,0.00000000,0.00000000,0.00000000,0.00000000,0.00000000,0.00000000,0.00000000,0.00000000,0.00000000,0.00000000,0.00000000,0.00000000,0.00000000,0.00000000
0.00085844,0.00118605,0.00327184,0.00609472,0.03862387,0.00211209,0.00000000,0.30950766,0.00055390,0.00079474,0.03414375,0.00000000,0.37409172,0.00117249,0.00000000,0.09710590,0.00383082,0.00000000,1.92446320,0.01171196,0.00000000,0.81937846,0.02900981,0.00000000,0.00000000,0.78785264,0.00617095,0.00000000,0.00000000,0.00000000,0.07836572,1.18034414,0.00000000,0.00000000,0.05786242,0.00000000,0.65403794,1.17841602,0.00283502,0.00000000,0.03381439,0.00000000,0.01582768,0.00000000,0.00000000,0.66101376,0.21130311,0.00478194,0.00000000,0.10609097,0.02596683,0.00077265,0.00000000,0.00000000,0.00091472,0.02641667,0.01365083,0.00000000,0.00000000,0.00719585,0.00000000,0.00275921,0.00000000,0.00000000,0.00000000,0.01122248,0.00931533,0.00178617,0.00413030,0.00230441,0.02933096,0.00000000,0.01472937,0.00000000,0.01096743,0.00359634,0.00000000,0.01115352,0.00157235,0.00000000,0.00000000,0.00000000,0.00000000,0.00000000,0.00000000,0.00000000,0.00000000,0.00000000,0.00000000,0.00000000,0.00000000,0.00000000,0.00000000,0.00000000,0.00000000,0.00000000,0.00000000,0.00000000,0.00000000,0.00000000,0.00000000,0.00000000,0.00000000,0.00000000,0.00000000,0.00000000,0.00000000,0.00000000,0.00000000,0.00000000,0.00000000,0.00000000,0.00000000,0.00000000,0.00000000,0.00000000,0.00000000,0.00000000,0.00000000,0.00000000,0.00000000,0.00000000,0.00000000,0.00000000,0.00000000,0.00000000,0.00000000,0.00000000,0.00000000,0.00000000,0.00000000,0.00000000,0.00000000,0.00000000,0.00000000,0.00000000,0.00000000,0.00000000,0.00000000,0.00000000,0.00000000,0.00000000,0.00000000,0.00000000,0.00000000,0.00000000,0.00000000,0.00000000,0.00000000,0.00000000,0.00000000,0.00000000,0.00000000,0.00000000,0.00000000,0.00000000,0.00000000,0.00000000,0.00000000,0.00000000,0.00000000,0.00000000
0.00216842,0.00228405,0.00656247,0.01760967,0.03257505,0.00613769,0.00000000,0.30080705,0.00259427,0.00728325,0.43522114,0.00137024,0.07918612,0.00580313,0.00000000,1.18623094,0.04031587,0.00000000,1.43782046,0.00698747,0.00000000,0.02257306,1.91125680,0.00000000,0.78785264,0.00000000,0.03242109,0.00000000,0.00000000,0.00109794,0.03204759,0.13134767,0.00000000,0.00000000,1.92728728,0.00000000,1.60906298,0.08005764,0.00937613,0.00000000,0.03418921,0.00000000,0.09424442,0.00000000,0.00000000,0.29973576,0.81590215,0.00251849,0.00000000,0.05628787,0.14531933,0.00271949,0.00000000,0.00151533,0.00000000,0.01123302,0.01249969,0.00102459,0.00000000,0.01933909,0.00000000,0.00784822,0.00000000,0.00106665,0.00000000,0.00606703,0.02760149,0.00476436,0.00094764,0.00483115,0.03363771,0.00000000,0.02503484,0.00000000,0.00602899,0.00510437,0.00000000,0.01155126,0.00160072,0.00000000,0.00000000,0.00000000,0.00000000,0.00000000,0.00000000,0.00000000,0.00000000,0.00000000,0.00000000,0.00000000,0.00000000,0.00000000,0.00000000,0.00000000,0.00000000,0.00000000,0.00000000,0.00000000,0.00000000,0.00000000,0.00000000,0.00000000,0.00000000,0.00000000,0.00000000,0.00000000,0.00000000,0.00000000,0.00000000,0.00000000,0.00000000,0.00000000,0.00000000,0.00000000,0.00000000,0.00000000,0.00000000,0.00000000,0.00000000,0.00000000,0.00000000,0.00000000,0.00000000,0.00000000,0.00000000,0.00000000,0.00000000,0.00000000,0.00000000,0.00000000,0.00000000,0.00000000,0.00000000,0.00000000,0.00000000,0.00000000,0.00000000,0.00000000,0.00000000,0.00000000,0.00000000,0.00000000,0.00000000,0.00000000,0.00000000,0.00000000,0.00000000,0.00000000,0.00000000,0.00000000,0.00000000,0.00000000,0.00000000,0.00000000,0.00000000,0.00000000,0.00000000,0.00000000,0.00000000,0.00000000,0.00000000,0.00000000
0.01183824,0.00703717,0.00692625,0.02303164,0.01523190,0.01943824,0.00151142,0.06444616,0.01778180,0.16692444,0.44863472,0.00504190,0.01580795,2.44721303,0.00363746,0.08729346,4.09897366,0.00973603,0.01373121,0.00683908,0.00000000,0.00341814,2.35337287,0.01152507,0.00617095,0.03242109,0.00000000,0.24007341,0.00268881,2.47437514,0.01501769,0.00310559,0.01322707,0.00336283,0.63976047,0.00000000,0.00982565,0.02528211,2.81463693,0.06384625,0.02380789,0.00000000,3.41664781,0.03285916,0.00000000,0.18746936,0.13131408,0.00287081,0.04122940,0.11315162,0.11449669,0.05649709,0.00559494,0.05817303,0.00000000,0.00974391,0.00155434,0.03122907,0.00000000,0.01000803,0.00000000,0.04789674,0.00000000,0.00723403,0.00000000,0.00095140,0.01474248,0.03019946,0.00000000,0.02550064,0.00691383,0.00000000,0.02510167,0.00000000,0.00377428,0.00919841,0.00000000,0.00886092,0.00114604,0.00000000,0.00000000,0.00000000,0.00000000,0.00000000,0.00000000,0.00000000,0.00000000,0.00000000,0.00000000,0.00000000,0.00000000,0.00000000,0.00000000,0.00000000,0.00000000,0.00000000,0.00000000,0.00000000,0.00000000,0.00000000,0.00000000,0.00000000,0.00000000,0.00000000,0.00000000,0.00000000,0.00000000,0.00000000,0.00000000,0.00000000,0.00000000,0.00000000,0.00000000,0.00000000,0.00000000,0.00000000,0.00000000,0.00000000,0.00000000,0.00000000,0.00000000,0.00000000,0.00000000,0.00000000,0.00000000,0.00000000,0.00000000,0.00000000,0.00000000,0.00000000,0.00000000,0.00000000,0.00000000,0.00000000,0.00000000,0.00000000,0.00000000,0.00000000,0.00000000,0.00000000,0.00000000,0.00000000,0.00000000,0.00000000,0.00000000,0.00000000,0.00000000,0.00000000,0.00000000,0.00000000,0.00000000,0.00000000,0.00000000,0.00000000,0.00000000,0.00000000,0.00000000,0.00000000,0.00000000,0.00000000,0.00000000,0.00000000
0.00810588,0.00720852,0.00534928,0.01498476,0.00553872,0.02495326,0.00427540,0.01483100,0.18007367,0.17730457,0.05683320,0.01758417,0.00207070,6.64300527,0.06396228,0.00385860,0.16512735,1.77502417,0.00000000,0.00229268,0.00451781,0.00000000,0.00561023,2.90308772,0.00000000,0.00000000,0.24007341,0.00000000,0.02841473,7.84770598,0.00420733,0.00000000,5.40400517,0.40569804,0.00127835,0.00213275,0.00000000,0.00089366,1.00445655,0.68625484,0.02098516,0.00490408,0.04777640,5.15620813,0.00291688,0.01859677,0.01529428,0.00000000,3.18795612,0.02943072,0.00624428,0.01250488,0.15763554,0.11377515,0.00000000,0.01017931,0.00000000,0.20020962,0.00000000,0.00072736,0.00500728,0.01275547,0.00000000,0.07079665,0.00158112,0.00000000,0.00186443,0.02213236,0.00000000,0.07174820,0.00199471,0.00454703,0.00815017,0.00000000,0.00553596,0.01550821,0.00449061,0.00945750,0.00464927,0.00224580,0.00000000,0.00000000,0.00000000,0.00000000,0.00000000,0.00000000,0.00000000,0.00000000,0.00000000,0.00000000,0.00000000,0.00000000,0.00000000,0.00000000,0.00000000,0.00000000,0.00000000,0.00000000,0.00000000,0.00000000,0.00000000,0.00000000,0.00000000,0.00000000,0.00000000,0.00000000,0.00000000,0.00000000,0.00000000,0.00000000,0.00000000,0.00000000,0.00000000,0.00000000,0.00000000,0.00000000,0.00000000,0.00000000,0.00000000,0.00000000,0.00000000,0.00000000,0.00000000,0.00000000,0.00000000,0.00000000,0.00000000,0.00000000,0.00000000,0.00000000,0.00000000,0.00000000,0.00000000,0.00000000,0.00000000,0.00000000,0.00000000,0.00000000,0.00000000,0.00000000,0.00000000,0.00000000,0.00000000,0.00000000,0.00000000,0.00000000,0.00000000,0.00000000,0.00000000,0.00000000,0.00000000,0.00000000,0.00000000,0.00000000,0.00000000,0.00000000,0.00000000,0.00000000,0.00000000,0.00000000,0.00000000,0.00000000
0.02666077,0.06200453,0.02546451,0.07342785,0.01975715,0.20805945,0.08983668,0.05808126,0.69412407,0.04811335,0.03546345,1.92696824,0.00716861,0.05839866,1.51385918,0.00207550,0.00788525,0.05209613,0.00000000,0.00315346,1.41802568,0.00000000,0.00134647,1.15451394,0.00000000,0.00000000,0.00268881,0.02841473,0.00000000,0.00543914,0.00467147,0.00000000,0.13294205,2.89308670,0.00000000,1.22828283,0.00000000,0.00000000,0.00735775,0.00171861,0.00812281,2.02504376,0.00283140,0.01274860,0.52960795,0.00229588,0.00149640,0.00000000,0.29535672,0.00809762,0.00000000,0.00114359,1.08236230,0.00764131,0.00000000,0.00204922,0.00000000,0.04882085,0.00953289,0.00000000,0.45584203,0.00412542,0.00000000,0.30016768,0.09593459,0.00000000,0.00000000,0.01434144,0.00000000,0.16136172,0.00090015,0.10172298,0.01619577,0.07375941,0.00793574,0.07336976,0.07367476,0.03589657,0.02916533,0.01855226,0.00651701,0.00000000,0.00000000,0.00000000,0.00000000,0.00000000,0.00000000,0.00000000,0.00000000,0.00000000,0.00000000,0.00000000,0.00000000,0.00000000,0.00000000,0.00000000,0.00000000,0.00000000,0.00000000,0.00000000,0.00000000,0.00000000,0.00000000,0.00000000,0.00000000,0.00000000,0.00000000,0.00000000,0.00000000,0.00000000,0.00000000,0.00000000,0.00000000,0.00000000,0.00000000,0.00000000,0.00000000,0.00000000,0.00000000,0.00000000,0.00000000,0.00000000,0.00000000,0.00000000,0.00000000,0.00000000,0.00000000,0.00000000,0.00000000,0.00000000,0.00000000,0.00000000,0.00000000,0.00000000,0.00000000,0.00000000,0.00000000,0.00000000,0.00000000,0.00000000,0.00000000,0.00000000,0.00000000,0.00000000,0.00000000,0.00000000,0.00000000,0.00000000,0.00000000,0.00000000,0.00000000,0.00000000,0.00000000,0.00000000,0.00000000,0.00000000,0.00000000,0.00000000,0.00000000,0.00000000,0.00000000,0.00000000
0.00770892,0.00647431,0.00334159,0.01013264,0.00407695,0.01692114,0.00216364,0.01245922,0.03838451,0.08136567,0.04634286,0.00845147,0.00229773,3.62429201,0.01149322,0.00448618,0.42122945,0.08429768,0.00099984,0.00183313,0.00215302,0.00000000,0.01306352,0.11100229,0.00000000,0.00109794,2.47437514,7.84770598,0.00543914,0.00000000,0.00438823,0.00000000,0.40991578,0.02875531,0.00477164,0.00000000,0.00000000,0.00312748,3.48710262,1.50704285,0.01653986,0.00095675,0.16081343,1.52120243,0.00059222,0.03298533,0.03425161,0.00000000,0.85454036,0.04327316,0.02114722,0.02895397,0.02400825,0.19180371,0.00000000,0.01079267,0.00000000,0.14089432,0.00000000,0.00155958,0.00187693,0.01487498,0.00000000,0.02441705,0.00000000,0.00000000,0.00404188,0.01988036,0.00000000,0.03536348,0.00281847,0.00110179,0.01034872,0.00000000,0.00480789,0.00959949,0.00235701,0.00837818,0.00248264,0.00000000,0.00000000,0.00000000,0.00000000,0.00000000,0.00000000,0.00000000,0.00000000,0.00000000,0.00000000,0.00000000,0.00000000,0.00000000,0.00000000,0.00000000,0.00000000,0.00000000,0.00000000,0.00000000,0.00000000,0.00000000,0.00000000,0.00000000,0.00000000,0.00000000,0.00000000,0.00000000,0.00000000,0.00000000,0.00000000,0.00000000,0.00000000,0.00000000,0.00000000,0.00000000,0.00000000,0.00000000,0.00000000,0.00000000,0.00000000,0.00000000,0.00000000,0.00000000,0.00000000,0.00000000,0.00000000,0.00000000,0.00000000,0.00000000,0.00000000,0.00000000,0.00000000,0.00000000,0.00000000,0.00000000,0.00000000,0.00000000,0.00000000,0.00000000,0.00000000,0.00000000,0.00000000,0.00000000,0.00000000,0.00000000,0.00000000,0.00000000,0.00000000,0.00000000,0.00000000,0.00000000,0.00000000,0.00000000,0.00000000,0.00000000,0.00000000,0.00000000,0.00000000,0.00000000,0.00000000,0.00000000,0.00000000,0.00000000
0.00579908,0.00668262,0.01605252,0.03406275,0.22735838,0.01333755,0.00121601,0.21508509,0.00846977,0.00797538,0.06402579,0.00623115,0.91750798,0.01295830,0.00202736,0.03219765,0.01718293,0.00000000,0.07687496,1.63414034,0.00190762,0.50154881,0.03646529,0.00172420,0.07836572,0.03204759,0.01501769,0.00420733,0.00467147,0.00438823,0.00000000,0.02823180,0.00000000,0.00200678,0.03015291,0.00238158,0.03065846,1.01886488,0.01536741,0.00000000,1.46267761,0.00302564,0.02855294,0.00486237,0.00090983,0.11745372,0.07254619,0.40353817,0.01166081,0.26121095,0.02015935,0.00471088,0.00521064,0.00783359,0.06105235,0.12838352,0.00821415,0.01038321,0.00000000,0.00593485,0.00688980,0.01392901,0.04869455,0.00807803,0.00160666,0.00734475,0.01447994,0.01091429,0.04064284,0.02483817,0.02978180,0.00546678,0.03836983,0.00588295,0.06322210,0.02942549,0.01085296,0.06110904,0.01951614,0.01206977,0.02576726,0.00000000,0.00000000,0.00319916,0.00000000,0.00000000,0.00000000,0.00238006,0.00000000,0.00000000,0.00063016,0.00000000,0.00000000,0.00156696,0.00000000,0.00000000,0.00000000,0.00000000,0.00000000,0.00046594,0.00000000,0.00000000,0.00000000,0.00000000,0.00000000,0.00000000,0.00000000,0.00000000,0.00000000,0.00000000,0.00000000,0.01661129,0.00000000,0.00000000,0.00000000,0.00000000,0.00000000,0.00000000,0.00000000,0.00000000,0.00000000,0.01114511,0.00840669,0.00000000,0.00000000,0.00000000,0.00000000,0.02715634,0.00613296,0.00000000,0.00454483,0.00000000,0.00000000,0.00000000,0.00000000,0.00000000,0.00000000,0.00407672,0.00000000,0.00000000,0.00000000,0.00000000,0.00000000,0.00000000,0.00000000,0.00221805,0.00000000,0.00000000,0.00000000,0.00000000,0.00000000,0.00000000,0.00000000,0.00000000,0.00059072,0.00000000,0.00000000,0.00000000,0.00119787,0.00000000,0.00000000,0.00000000
0.00000000,0.00000000,0.00128674,0.00207444,0.01820110,0.00000000,0.00000000,0.05819091,0.00000000,0.00000000,0.00748612,0.00000000,0.06376375,0.00000000,0.00000000,0.01037669,0.00139755,0.00000000,0.29353882,0.00462789,0.00000000,0.14287886,0.00738853,0.00000000,1.18034414,0.13134767,0.00310559,0.00000000,0.00000000,0.00000000,0.02823180,0.00000000,0.00000000,0.00000000,0.01173625,0.00000000,0.59123378,1.38001053,0.00160171,0.00000000,0.02178973,0.00000000,0.00823131,0.00000000,0.00000000,0.79622674,0.12169231,0.00317334,0.00000000,0.07141853,0.01073480,0.00000000,0.00000000,0.00000000,0.00000000,0.02725647,0.01157061,0.00000000,0.00000000,0.00321218,0.00000000,0.00128351,0.00000000,0.00000000,0.00000000,0.00834770,0.00611649,0.00071259,0.00382913,0.00098875,0.02317372,0.00000000,0.00978263,0.00000000,0.01174475,0.00162490,0.00000000,0.00878687,0.00096284,0.00000000,0.00000000,0.00000000,0.00000000,0.00000000,0.00000000,0.00000000,0.00000000,0.00000000,0.00000000,0.00000000,0.00000000,0.00000000,0.00000000,0.00000000,0.00000000,0.00000000,0.00000000,0.00000000,0.00000000,0.00000000,0.00000000,0.00000000,0.00000000,0.00000000,0.00000000,0.00000000,0.00000000,0.00000000,0.00000000,0.00000000,0.00000000,0.00000000,0.00000000,0.00000000,0.00000000,0.00000000,0.00000000,0.00000000,0.00000000,0.00000000,0.00000000,0.00000000,0.00000000,0.00000000,0.00000000,0.00000000,0.00000000,0.00000000,0.00000000,0.00000000,0.00000000,0.00000000,0.00000000,0.00000000,0.00000000,0.00000000,0.00000000,0.00000000,0.00000000,0.00000000,0.00000000,0.00000000,0.00000000,0.00000000,0.00000000,0.00000000,0.00000000,0.00000000,0.00000000,0.00000000,0.00000000,0.00000000,0.00000000,0.00000000,0.00000000,0.00000000,0.00000000,0.00000000,0.00000000,0.00000000,0.00000000,0.00000000
0.00320574,0.00442600,0.00158904,0.00790376,0.00107937,0.02001665,0.00289833,0.00870446,0.21684891,0.08868061,0.02044546,0.02627429,0.00000000,0.79170710,0.15154956,0.00068608,0.02482653,0.50692348,0.00000000,0.00000000,0.00460179,0.00000000,0.00087719,3.20797804,0.00000000,0.00000000,0.01322707,5.40400517,0.13294205,0.40991578,0.00000000,0.00000000,0.00000000,2.81814302,0.00000000,0.00249608,0.00000000,0.00000000,0.10547092,0.04744802,0.00726081,0.01168539,0.00575435,1.63872280,0.01057267,0.00581382,0.00216197,0.00000000,4.75972904,0.01031797,0.00000000,0.00351648,0.84228356,0.03964504,0.00000000,0.00397482,0.00000000,0.14003710,0.00000000,0.00000000,0.01019116,0.00386670,0.00000000,0.14806004,0.00279301,0.00000000,0.00000000,0.01549137,0.00000000,0.07857862,0.00000000,0.00803994,0.00507905,0.00140033,0.00213921,0.01601399,0.00467499,0.00696154,0.00336718,0.00148255,0.00000000,0.00000000,0.00000000,0.00000000,0.00000000,0.00000000,0.00000000,0.00000000,0.00000000,0.00000000,0.00000000,0.00000000,0.00000000,0.00000000,0.00000000,0.00000000,0.00000000,0.00000000,0.00000000,0.00000000,0.00000000,0.00000000,0.00000000,0.00000000,0.00000000,0.00000000,0.00000000,0.00000000,0.00000000,0.00000000,0.00000000,0.00000000,0.00000000,0.00000000,0.00000000,0.00000000,0.00000000,0.00000000,0.00000000,0.00000000,0.00000000,0.00000000,0.00000000,0.00000000,0.00000000,0.00000000,0.00000000,0.00000000,0.00000000,0.00000000,0.00000000,0.00000000,0.00000000,0.00000000,0.00000000,0.00000000,0.00000000,0.00000000,0.00000000,0.00000000,0.00000000,0.00000000,0.00000000,0.00000000,0.00000000,0.00000000,0.00000000,0.00000000,0.00000000,0.00000000,0.00000000,0.00000000,0.00000000,0.00000000,0.00000000,0.00000000,0.00000000,0.00000000,0.00000000,0.00000000,0.00000000,0.00000000
0.00783650,0.01504690,0.00742808,0.03476448,0.00445052,0.07905269,0.01746163,0.02418768,0.52704580,0.09507735,0.03113798,0.21373157,0.00251604,0.25062051,0.60912997,0.00170347,0.01222961,0.24744418,0.00000000,0.00173283,0.05965841,0.00000000,0.00140055,3.07302834,0.00000000,0.00000000,0.00336283,0.40569804,2.89308670,0.02875531,0.00200678,0.00000000,2.81814302,0.00000000,0.00000000,0.05239010,0.00000000,0.00000000,0.02289996,0.01045348,0.00905523,0.84023679,0.00556082,0.12302944,0.78257462,0.00381066,0.00138086,0.00000000,2.74262770,0.01046267,0.00000000,0.00330639,4.95307780,0.02357104,0.00000000,0.00267799,0.00000000,0.17709088,0.00168627,0.00000000,0.25103719,0.00722575,0.00000000,0.56448322,0.06306222,0.00000000,0.00000000,0.02956344,0.00000000,0.24432807,0.00102260,0.08848488,0.02008818,0.02897458,0.00509490,0.08834589,0.04952043,0.02586981,0.01975850,0.01024654,0.00403973,0.00000000,0.00000000,0.00000000,0.00000000,0.00000000,0.00000000,0.00000000,0.00000000,0.00000000,0.00000000,0.00000000,0.00000000,0.00000000,0.00000000,0.00000000,0.00000000,0.00000000,0.00000000,0.00000000,0.00000000,0.00000000,0.00000000,0.00000000,0.00000000,0.00000000,0.00000000,0.00000000,0.00000000,0.00000000,0.00000000,0.00000000,0.00000000,0.00000000,0.00000000,0.00000000,0.00000000,0.00000000,0.00000000,0.00000000,0.00000000,0.00000000,0.00000000,0.00000000,0.00000000,0.00000000,0.00000000,0.00000000,0.00000000,0.00000000,0.00000000,0.00000000,0.00000000,0.00000000,0.00000000,0.00000000,0.00000000,0.00000000,0.00000000,0.00000000,0.00000000,0.00000000,0.00000000,0.00000000,0.00000000,0.00000000,0.00000000,0.00000000,0.00000000,0.00000000,0.00000000,0.00000000,0.00000000,0.00000000,0.00000000,0.00000000,0.00000000,0.00000000,0.00000000,0.00000000,0.00000000,0.00000000
0.00262039,0.00166019,0.00471748,0.01104403,0.01988182,0.00506122,0.00000000,0.11428545,0.00250852,0.00607779,0.27505996,0.00096378,0.04075716,0.01133084,0.00000000,0.30460264,0.11093821,0.00000000,0.15030015,0.00822668,0.00000000,0.01117971,3.81804755,0.00000000,0.05786242,1.92728728,0.63976047,0.00127835,0.00000000,0.00477164,0.03015291,0.01173625,0.00000000,0.00000000,0.00000000,0.00000000,0.42296105,0.05286628,0.05236086,0.00216919,0.04841888,0.00000000,1.81696144,0.00120929,0.00000000,0.17003152,1.46601686,0.00404007,0.00255105,0.09819657,1.02756031,0.02308092,0.00000000,0.01224932,0.00074005,0.01851007,0.01164954,0.00591689,0.00000000,0.12548292,0.00000000,0.07738855,0.00000000,0.00135988,0.00000000,0.00546525,0.15348181,0.03177466,0.00100757,0.01921458,0.05757217,0.00000000,0.11581213,0.00000000,0.00667514,0.01528781,0.00000000,0.01895738,0.00265246,0.00000000,0.00000000,0.00000000,0.00000000,0.00000000,0.00000000,0.00000000,0.00000000,0.00000000,0.00000000,0.00000000,0.00000000,0.00000000,0.00000000,0.00000000,0.00000000,0.00000000,0.00000000,0.00000000,0.00000000,0.00000000,0.00000000,0.00000000,0.00000000,0.00000000,0.00000000,0.00000000,0.00000000,0.00000000,0.00000000,0.00000000,0.00000000,0.00000000,0.00000000,0.00000000,0.00000000,0.00000000,0.00000000,0.00000000,0.00000000,0.00000000,0.00000000,0.00000000,0.00075000,0.00000000,0.00000000,0.00000000,0.00000000,0.00000000,0.00000000,0.00000000,0.00000000,0.00000000,0.00000000,0.00000000,0.00000000,0.00000000,0.00000000,0.00000000,0.00000000,0.00000000,0.00000000,0.00000000,0.00000000,0.00000000,0.00000000,0.00000000,0.00000000,0.00000000,0.00000000,0.00000000,0.00000000,0.00000000,0.00000000,0.00000000,0.00000000,0.00000000,0.00000000,0.00000000,0.00000000,0.00000000,0.00000000,0.00000000
0.06900343,0.08918133,0.02792862,0.02910443,0.02203509,0.08917932,0.08996314,0.02840033,0.03472188,0.00540540,0.00754496,0.66816019,0.00481486,0.00618900,0.04047334,0.00000000,0.00084427,0.00000000,0.00000000,0.00168131,1.91794966,0.00000000,0.00000000,0.00672346,0.00000000,0.00000000,0.00000000,0.00213275,1.22828283,0.00000000,0.00238158,0.00000000,0.00249608,0.05239010,0.00000000,0.00000000,0.00000000,0.00000000,0.00000000,0.00000000,0.00099090,2.46943803,0.00000000,0.00000000,0.16513968,0.00000000,0.00000000,0.00000000,0.01216630,0.00000000,0.00000000,0.00000000,0.13576220,0.00000000,0.00000000,0.00000000,0.00000000,0.00298347,0.09820528,0.00000000,0.97377134,0.00000000,0.00000000,0.02383639,0.03172120,0.00000000,0.00000000,0.00000000,0.00000000,0.01444582,0.00000000,0.01978186,0.00000000,0.06819443,0.00000000,0.00951735,0.01403184,0.00565915,0.00434050,0.00723214,0.00488490,0.00000000,0.00000000,0.00000000,0.00000000,0.00000000,0.00000000,0.00000000,0.00000000,0.00000000,0.00000000,0.00000000,0.00000000,0.00000000,0.00000000,0.00000000,0.00000000,0.00000000,0.00000000,0.00000000,0.00000000,0.00000000,0.00000000,0.00000000,0.00000000,0.00000000,0.00000000,0.00000000,0.00000000,0.00000000,0.00000000,0.00000000,0.00000000,0.00000000,0.00000000,0.00000000,0.00000000,0.00000000,0.00000000,0.00000000,0.00000000,0.00000000,0.00000000,0.00000000,0.00000000,0.00000000,0.00000000,0.00000000,0.00000000,0.00000000,0.00000000,0.00000000,0.00000000,0.00000000,0.00000000,0.00000000,0.00000000,0.00000000,0.00000000,0.00000000,0.00000000,0.00000000,0.00000000,0.00000000,0.00000000,0.00000000,0.00000000,0.00000000,0.00000000,0.00000000,0.00000000,0.00000000,0.00000000,0.00000000,0.00000000,0.00000000,0.00000000,0.00000000,0.00000000,0.00000000,0.00000000,0.00000000
0.00108938,0.00090308,0.00283947,0.00661612,0.02467424,0.00216252,0.00000000,0.12706789,0.00000000,0.00073978,0.03339287,0.00000000,0.07631400,0.00117987,0.00000000,0.06872149,0.00590522,0.00000000,0.44399579,0.00638298,0.00000000,0.04032022,0.07047576,0.00000000,0.65403794,1.60906298,0.00982565,0.00000000,0.00000000,0.00000000,0.03065846,0.59123378,0.00000000,0.00000000,0.42296105,0.00000000,0.00000000,0.18684652,0.00526801,0.00000000,0.03079035,0.00000000,0.03281950,0.00000000,0.00000000,0.83217553,1.16801270,0.00349244,0.00000000,0.05979365,0.08546435,0.00135481,0.00000000,0.00083717,0.00000000,0.04415347,0.11618033,0.00071167,0.00000000,0.03512682,0.00000000,0.00539784,0.00000000,0.00000000,0.00000000,0.03951408,0.03551543,0.00253881,0.00417186,0.00327897,0.09453082,0.00000000,0.02920282,0.00000000,0.02168118,0.00457454,0.00000000,0.02294273,0.00283904,0.00000000,0.00000000,0.00000000,0.00000000,0.00000000,0.00000000,0.00000000,0.00000000,0.00000000,0.00000000,0.00000000,0.00000000,0.00000000,0.00000000,0.00000000,0.00000000,0.00000000,0.00000000,0.00000000,0.00000000,0.00000000,0.00000000,0.00000000,0.00000000,0.00000000,0.00000000,0.00000000,0.00000000,0.00000000,0.00000000,0.00000000,0.00000000,0.00000000,0.00000000,0.00000000,0.00000000,0.00000000,0.00000000,0.00000000,0.00000000,0.00000000,0.00000000,0.00000000,0.00000000,0.00000000,0.00000000,0.00000000,0.00000000,0.00000000,0.00000000,0.00000000,0.00000000,0.00000000,0.00000000,0.00000000,0.00000000,0.00000000,0.00000000,0.00000000,0.00000000,0.00000000,0.00000000,0.00000000,0.00000000,0.00000000,0.00000000,0.00000000,0.00000000,0.00000000,0.00000000,0.00000000,0.00000000,0.00000000,0.00000000,0.00000000,0.00000000,0.00000000,0.00000000,0.00000000,0.00000000,0.00000000,0.00000000,0.00000000
0.00250142,0.00241911,0.00764839,0.01362580,0.14672380,0.00525049,0.00000000,0.23502888,0.00237121,0.00351713,0.04540766,0.00108443,1.17992780,0.00589006,0.00000000,0.03454620,0.01620207,0.00000000,0.42092180,0.15480328,0.00000000,1.48591213,0.05670728,0.00000000,1.17841602,0.08005764,0.02528211,0.00089366,0.00000000,0.00312748,1.01886488,1.38001053,0.00000000,0.00000000,0.05286628,0.00000000,0.18684652,0.00000000,0.01529482,0.00000000,0.75102316,0.00000000,0.05046559,0.00094996,0.00000000,1.85469045,0.21022595,0.41472991,0.00374000,2.33307089,0.04222101,0.00422191,0.00000000,0.00506140,0.07576447,0.32714838,0.03462928,0.00516853,0.00000000,0.01381761,0.00081209,0.01124486,0.02609813,0.00219861,0.00000000,0.03447540,0.02460958,0.01068716,0.06231033,0.01604835,0.07626507,0.00000000,0.05716529,0.00000000,0.08772166,0.02163156,0.00212775,0.06525035,0.01407244,0.00299258,0.00564948,0.00000000,0.00000000,0.00462606,0.00000000,0.00000000,0.00000000,0.00341228,0.00000000,0.00000000,0.00068138,0.00000000,0.00000000,0.00103382,0.00000000,0.00000000,0.00000000,0.00000000,0.00000000,0.00000000,0.00000000,0.00000000,0.00000000,0.00000000,0.00000000,0.00000000,0.00000000,0.00000000,0.00000000,0.00000000,0.00000000,0.01987137,0.00000000,0.00000000,0.00000000,0.00000000,0.00000000,0.00000000,0.00000000,0.00000000,0.00000000,0.01334255,0.01128699,0.00000000,0.00000000,0.00000000,0.00000000,0.03857589,0.00943125,0.00000000,0.00843645,0.00000000,0.00000000,0.00000000,0.00000000,0.00000000,0.00000000,0.00777801,0.00000000,0.00000000,0.00000000,0.00000000,0.00000000,0.00000000,0.00000000,0.00424076,0.00000000,0.00000000,0.00000000,0.00000000,0.00000000,0.00173528,0.00000000,0.00000000,0.00000000,0.00000000,0.00000000,0.00000000,0.00000000,0.00000000,0.00000000,0.00000000
0.00931055,0.00766756,0.00408343,0.01328706,0.00784531,0.01471486,0.00180923,0.02395585,0.02647523,0.06779494,0.06665056,0.00953612,0.00660072,1.42787276,0.00825206,0.01309513,0.74077690,0.02211680,0.00415253,0.01013921,0.00289518,0.00109885,0.08074818,0.03756432,0.00283502,0.00937613,2.81463693,1.00445655,0.00735775,3.48710262,0.01536741,0.00160171,0.10547092,0.02289996,0.05236086,0.00000000,0.00526801,0.01529482,0.00000000,2.29433134,0.06896074,0.00230686,3.35413517,1.96875712,0.00133984,0.10217003,0.21322921,0.00622622,0.96413196,0.11227886,0.14470746,1.58253404,0.02853064,2.59823713,0.00075340,0.04564072,0.00202417,0.74463346,0.00000000,0.01767700,0.00400467,0.36009448,0.00132742,0.06345268,0.00086489,0.00177873,0.03018869,0.22913762,0.00272443,0.22776301,0.01573926,0.00398541,0.07355643,0.00112427,0.01195711,0.03850778,0.00657354,0.02607629,0.00897739,0.00355640,0.00312921,0.00000000,0.00000000,0.00000000,0.00000000,0.00000000,0.00000000,0.00000000,0.00000000,0.00000000,0.00000000,0.00000000,0.00000000,0.00000000,0.00000000,0.00000000,0.00000000,0.00000000,0.00000000,0.00000000,0.00000000,0.00000000,0.00000000,0.00000000,0.00000000,0.00000000,0.00000000,0.00000000,0.00000000,0.00000000,0.00000000,0.00000000,0.00000000,0.00000000,0.00000000,0.00000000,0.00000000,0.00000000,0.00000000,0.00000000,0.00000000,0.00000000,0.00754211,0.00000000,0.00000000,0.00000000,0.00000000,0.00000000,0.00000000,0.00000000,0.00000000,0.00000000,0.00000000,0.00000000,0.00000000,0.00000000,0.00000000,0.00000000,0.00000000,0.00000000,0.00000000,0.00000000,0.00000000,0.00000000,0.00000000,0.00000000,0.00000000,0.00000000,0.00000000,0.00000000,0.00000000,0.00000000,0.00000000,0.00000000,0.00000000,0.00000000,0.00000000,0.00000000,0.00000000,0.00000000,0.00000000,0.00000000
0.00000000,0.00000000,0.00000000,0.00000000,0.00000000,0.00107200,0.00000000,0.00098579,0.00601554,0.00594150,0.00448433,0.00000000,0.00000000,0.07013647,0.00138748,0.00000000,0.01569378,0.00464497,0.00000000,0.00000000,0.00000000,0.00000000,0.00255233,0.01190972,0.00000000,0.00000000,0.06384625,0.68625484,0.00171861,1.50704285,0.00000000,0.00000000,0.04744802,0.01045348,0.00216919,0.00000000,0.00000000,0.00000000,2.29433134,0.00000000,0.01178816,0.00000000,0.13453735,2.58179425,0.00000000,0.00782032,0.01638002,0.00000000,0.51064829,0.01393335,0.00990217,0.71716165,0.01304613,2.88616786,0.00000000,0.00620464,0.00000000,0.37521068,0.00000000,0.00129854,0.00000000,0.05695571,0.00000000,0.02309823,0.00000000,0.00000000,0.00249544,0.03557408,0.00000000,0.06302551,0.00135817,0.00000000,0.00710878,0.00000000,0.00062092,0.00653088,0.00000000,0.00355961,0.00000000,0.00000000,0.00000000,0.00000000,0.00000000,0.00000000,0.00000000,0.00000000,0.00000000,0.00000000,0.00000000,0.00000000,0.00000000,0.00000000,0.00000000,0.00000000,0.00000000,0.00000000,0.00000000,0.00000000,0.00000000,0.00000000,0.00000000,0.00000000,0.00000000,0.00000000,0.00000000,0.00000000,0.00000000,0.00000000,0.00000000,0.00000000,0.00000000,0.00000000,0.00000000,0.00000000,0.00000000,0.00000000,0.00000000,0.00000000,0.00000000,0.00000000,0.00000000,0.00000000,0.00000000,0.00000000,0.00000000,0.00000000,0.00000000,0.00000000,0.00000000,0.00000000,0.00000000,0.00000000,0.00000000,0.00000000,0.00000000,0.00000000,0.00000000,0.00000000,0.00000000,0.00000000,0.00000000,0.00000000,0.00000000,0.00000000,0.00000000,0.00000000,0.00000000,0.00000000,0.00000000,0.00000000,0.00000000,0.00000000,0.00000000,0.00000000,0.00000000,0.00000000,0.00000000,0.00000000,0.00000000,0.00000000,0.00000000,0.00000000
0.00147473,0.00212699,0.00417123,0.01857698,0.04890580,0.01082069,0.00000000,0.07056460,0.01172426,0.00964194,0.06303964,0.00700994,0.13018314,0.02310163,0.00483303,0.03222713,0.01930910,0.00000000,0.02838372,0.21799122,0.00226198,0.04526443,0.04658063,0.00742554,0.03381439,0.03418921,0.02380789,0.02098516,0.00812281,0.01653986,1.46267761,0.02178973,0.00726081,0.00905523,0.04841888,0.00099090,0.03079035,0.75102316,0.06896074,0.01178816,0.00000000,0.00354767,0.10497804,0.02480281,0.00240904,0.20631458,0.18298605,1.16913296,0.04750890,0.71987899,0.06868554,0.03031200,0.01404712,0.05655951,0.13947309,0.44383951,0.02229076,0.05840739,0.00000000,0.02035456,0.01176412,0.07269782,0.12739657,0.03281344,0.00436275,0.02425784,0.05460522,0.08165220,0.14765634,0.13729520,0.11981381,0.01694099,0.19769472,0.01364621,0.21262366,0.13606651,0.03276106,0.25251465,0.08376242,0.03751228,0.07437458,0.00000000,0.00000000,0.00478423,0.00000000,0.00000000,0.00000000,0.00275453,0.00000000,0.00119214,0.00165636,0.00000000,0.00000000,0.00219360,0.00133788,0.00199002,0.00000000,0.00258169,0.00000000,0.00158145,0.00000000,0.00000000,0.00000000,0.00180177,0.00351901,0.00000000,0.00000000,0.00000000,0.00000000,0.00000000,0.00000000,0.02443652,0.00093620,0.00000000,0.00000000,0.00000000,0.00000000,0.00000000,0.00852590,0.00000000,0.00079770,0.02182898,0.04397462,0.00000000,0.01034877,0.00245941,0.00640320,0.08852626,0.02724394,0.00000000,0.02738768,0.00169231,0.00000000,0.00000000,0.00000000,0.00000000,0.00000000,0.02088695,0.00458194,0.00263563,0.00000000,0.02058349,0.00000000,0.00000000,0.00859487,0.01759922,0.00000000,0.00762907,0.00767878,0.00000000,0.00708162,0.01458546,0.00000000,0.03585415,0.01370298,0.02166569,0.00000000,0.00934306,0.03527901,0.01004826,0.00499211,0.00000000
0.03835071,0.06293575,0.02629758,0.04826883,0.01884946,0.10929472,0.05744787,0.04150466,0.09136420,0.01382271,0.01572645,0.47450291,0.00631670,0.01068547,0.08371625,0.00078780,0.00148003,0.00476581,0.00000000,0.00269488,0.55642917,0.00000000,0.00000000,0.04049982,0.00000000,0.00000000,0.00000000,0.00490408,2.02504376,0.00095675,0.00302564,0.00000000,0.01168539,0.84023679,0.00000000,2.46943803,0.00000000,0.00000000,0.00230686,0.00000000,0.00354767,0.00000000,0.00000000,0.00274410,1.18576102,0.00000000,0.00000000,0.00000000,0.06409244,0.00297729,0.00000000,0.00000000,0.88383855,0.00137746,0.00000000,0.00000000,0.00000000,0.01241332,0.09828480,0.00000000,1.68011731,0.00099875,0.00000000,0.13290340,0.09765293,0.00000000,0.00000000,0.00548488,0.00000000,0.06779329,0.00000000,0.08422054,0.00720155,0.10728584,0.00498884,0.04092244,0.05266418,0.01924956,0.01484077,0.01530542,0.00858787,0.00000000,0.00000000,0.00000000,0.00000000,0.00000000,0.00000000,0.00000000,0.00000000,0.00000000,0.00000000,0.00000000,0.00000000,0.00000000,0.00000000,0.00000000,0.00000000,0.00000000,0.00000000,0.00000000,0.00000000,0.00000000,0.00000000,0.00000000,0.00000000,0.00000000,0.00000000,0.00000000,0.00000000,0.00000000,0.00000000,0.00000000,0.00000000,0.00000000,0.00000000,0.00000000,0.00000000,0.00000000,0.00000000,0.00000000,0.00000000,0.00000000,0.00000000,0.00000000,0.00000000,0.00000000,0.00000000,0.00000000,0.00000000,0.00000000,0.00000000,0.00000000,0.00000000,0.00000000,0.00000000,0.00000000,0.00000000,0.00000000,0.00000000,0.00000000,0.00000000,0.00000000,0.00000000,0.00000000,0.00000000,0.00000000,0.00000000,0.00000000,0.00000000,0.00000000,0.00000000,0.00000000,0.00000000,0.00000000,0.00000000,0.00000000,0.00000000,0.00000000,0.00000000,0.00000000,0.00000000,0.00000000
0.00708791,0.00398748,0.00345798,0.01404143,0.01644860,0.00919427,0.00000000,0.06286562,0.00860653,0.02661651,0.21577719,0.00401200,0.02436114,0.17663389,0.00272953,0.10598068,0.49739027,0.00250919,0.03076033,0.01142088,0.00000000,0.00756518,1.65448606,0.00580828,0.01582768,0.09424442,3.41664781,0.04777640,0.00283140,0.16081343,0.02855294,0.00823131,0.00575435,0.00556082,1.81696144,0.00000000,0.03281950,0.05046559,3.35413517,0.13453735,0.10497804,0.00000000,0.00000000,0.07433284,0.00000000,0.27641481,0.73711017,0.01273747,0.06605684,0.19473038,2.20877927,2.25129091,0.00760458,0.90159075,0.00472028,0.06256636,0.00892083,0.27852358,0.00000000,0.93781870,0.00225589,2.99890188,0.00373590,0.02584667,0.00000000,0.00605879,0.42795830,0.61726258,0.00319520,0.30729236,0.07041226,0.00381899,0.45048972,0.00000000,0.01367663,0.09586926,0.00455534,0.05737586,0.01211842,0.00180191,0.00206006,0.00000000,0.00000000,0.00000000,0.00000000,0.00000000,0.00000000,0.00000000,0.00000000,0.00000000,0.00000000,0.00000000,0.00000000,0.00000000,0.00000000,0.00000000,0.00000000,0.00000000,0.00000000,0.00000000,0.00000000,0.00000000,0.00000000,0.00000000,0.00000000,0.00000000,0.00000000,0.00000000,0.00000000,0.00000000,0.00000000,0.00000000,0.00000000,0.00000000,0.00000000,0.00000000,0.00000000,0.00000000,0.00000000,0.00000000,0.00000000,0.00000000,0.00934535,0.00000000,0.00000000,0.00000000,0.00000000,0.00000000,0.00408708,0.00000000,0.00000000,0.00000000,0.00000000,0.00000000,0.00000000,0.00000000,0.00000000,0.00000000,0.00000000,0.00000000,0.00000000,0.00000000,0.00000000,0.00000000,0.00000000,0.00000000,0.00000000,0.00000000,0.00000000,0.00000000,0.00000000,0.00000000,0.00000000,0.00000000,0.00000000,0.00000000,0.00000000,0.00000000,0.00000000,0.00000000,0.00000000,0.00000000
0.00238657,0.00288075,0.00079094,0.00458062,0.00121371,0.00807942,0.00000000,0.00419398,0.03890198,0.03365778,0.01356517,0.00758535,0.00000000,0.32022496,0.01598942,0.00073222,0.02823526,0.05386509,0.00000000,0.00115010,0.00182355,0.00000000,0.00253535,0.14386619,0.00000000,0.00000000,0.03285916,5.15620813,0.01274860,1.52120243,0.00486237,0.00000000,1.63872280,0.12302944,0.00120929,0.00000000,0.00000000,0.00094996,1.96875712,2.58179425,0.02480281,0.00274410,0.07433284,0.00000000,0.00228884,0.01754171,0.02219125,0.00000000,8.76174819,0.03494291,0.00826983,0.05773555,0.15140705,2.72209007,0.00000000,0.01681924,0.00000000,1.74706280,0.00000000,0.00104346,0.00348844,0.02635367,0.00000000,0.11466246,0.00148583,0.00000000,0.00219594,0.04783566,0.00000000,0.14535300,0.00271126,0.00307066,0.00962598,0.00084113,0.00656839,0.02069338,0.00375387,0.01231438,0.00511114,0.00111823,0.00075476,0.00000000,0.00000000,0.00000000,0.00000000,0.00000000,0.00000000,0.00000000,0.00000000,0.00000000,0.00000000,0.00000000,0.00000000,0.00000000,0.00000000,0.00000000,0.00000000,0.00000000,0.00000000,0.00000000,0.00000000,0.00000000,0.00000000,0.00000000,0.00000000,0.00000000,0.00000000,0.00000000,0.00000000,0.00000000,0.00000000,0.00000000,0.00000000,0.00000000,0.00000000,0.00000000,0.00000000,0.00000000,0.00000000,0.00000000,0.00000000,0.00000000,0.00000000,0.00000000,0.00000000,0.00000000,0.00000000,0.00000000,0.00000000,0.00000000,0.00000000,0.00000000,0.00000000,0.00000000,0.00000000,0.00000000,0.00000000,0.00000000,0.00000000,0.00000000,0.00000000,0.00000000,0.00000000,0.00000000,0.00000000,0.00000000,0.00000000,0.00000000,0.00000000,0.00000000,0.00000000,0.00000000,0.00000000,0.00000000,0.00000000,0.00000000,0.00000000,0.00000000,0.00000000,0.00000000,0.00000000,0.00000000
0.00980655,0.01723627,0.00822082,0.02309104,0.00506965,0.05248741,0.01943250,0.02107928,0.05227133,0.00914838,0.00876538,0.14249863,0.00149750,0.00670172,0.04891239,0.00000000,0.00106701,0.00267111,0.00000000,0.00000000,0.08664924,0.00000000,0.00000000,0.02781213,0.00000000,0.00000000,0.00000000,0.00291688,0.52960795,0.00059222,0.00090983,0.00000000,0.01057267,0.78257462,0.00000000,0.16513968,0.00000000,0.00000000,0.00133984,0.00000000,0.00240904,1.18576102,0.00000000,0.00228884,0.00000000,0.00000000,0.00000000,0.00000000,0.08298373,0.00135310,0.00000000,0.00000000,1.71731001,0.00213037,0.00000000,0.00000000,0.00000000,0.01271713,0.01283467,0.00000000,1.50470888,0.00120503,0.00000000,0.18505597,0.11397285,0.00000000,0.00000000,0.00443450,0.00000000,0.08153427,0.00000000,0.09022236,0.00637789,0.07201492,0.00335789,0.04940326,0.05150230,0.01589838,0.01253976,0.01188889,0.00492021,0.00000000,0.00000000,0.00000000,0.00000000,0.00000000,0.00000000,0.00000000,0.00000000,0.00000000,0.00000000,0.00000000,0.00000000,0.00000000,0.00000000,0.00000000,0.00000000,0.00000000,0.00000000,0.00000000,0.00000000,0.00000000,0.00000000,0.00000000,0.00000000,0.00000000,0.00000000,0.00000000,0.00000000,0.00000000,0.00000000,0.00000000,0.00000000,0.00000000,0.00000000,0.00000000,0.00000000,0.00000000,0.00000000,0.00000000,0.00000000,0.00000000,0.00000000,0.00000000,0.00000000,0.00000000,0.00000000,0.00000000,0.00000000,0.00000000,0.00000000,0.00000000,0.00000000,0.00000000,0.00000000,0.00000000,0.00000000,0.00000000,0.00000000,0.00000000,0.00000000,0.00000000,0.00000000,0.00000000,0.00000000,0.00000000,0.00000000,0.00000000,0.00000000,0.00000000,0.00000000,0.00000000,0.00000000,0.00000000,0.00000000,0.00000000,0.00000000,0.00000000,0.00000000,0.00000000,0.00000000,0.00000000
0.00289527,0.00301118,0.00671898,0.01480469,0.05989930,0.01036383,0.00000000,0.17060825,0.00946332,0.01519765,0.10337659,0.00543301,0.18849668,0.05631392,0.00417172,0.06396855,0.09214248,0.00327580,0.38514328,0.02447567,0.00000000,0.18734587,0.20337768,0.00592485,0.66101376,0.29973576,0.18746936,0.01859677,0.00229588,0.03298533,0.11745372,0.79622674,0.00581382,0.00381066,0.17003152,0.00000000,0.83217553,1.85469045,0.10217003,0.00782032,0.20631458,0.00000000,0.27641481,0.01754171,0.00000000,0.00000000,1.38629847,0.02381925,0.02538484,1.80207712,0.16973964,0.01813815,0.00554060,0.02357826,0.00836309,1.28593026,0.27418017,0.02220715,0.00000000,0.05412918,0.00161657,0.03669309,0.00886276,0.00910526,0.00000000,0.18653886,0.08307023,0.02521521,0.10055079,0.03881684,0.35984103,0.00353896,0.14789653,0.00000000,0.30652217,0.04874290,0.00609286,0.16622100,0.02582569,0.00442590,0.00497725,0.00000000,0.00000000,0.00139208,0.00000000,0.00000000,0.00000000,0.00000000,0.00000000,0.00000000,0.00000000,0.00000000,0.00000000,0.00000000,0.00000000,0.00000000,0.00000000,0.00000000,0.00000000,0.00000000,0.00000000,0.00000000,0.00000000,0.00000000,0.00000000,0.00000000,0.00000000,0.00000000,0.00000000,0.00000000,0.00000000,0.01704948,0.00000000,0.00000000,0.00000000,0.00000000,0.00000000,0.00000000,0.00000000,0.00000000,0.00000000,0.01390005,0.01964267,0.00000000,0.00000000,0.00000000,0.00000000,0.19126943,0.03058797,0.00000000,0.00000000,0.00000000,0.00000000,0.00000000,0.00000000,0.00000000,0.00000000,0.01813942,0.00000000,0.00000000,0.00000000,0.00000000,0.00000000,0.00000000,0.00000000,0.01915139,0.00000000,0.00000000,0.00000000,0.00000000,0.00000000,0.00000000,0.00000000,0.00000000,0.02200831,0.00000000,0.00000000,0.00000000,0.00000000,0.00000000,0.00000000,0.00000000
0.00344336,0.00147522,0.00533292,0.01244726,0.03886054,0.00531503,0.00000000,0.16213650,0.00340843,0.00565207,0.08120732,0.00148276,0.09130450,0.02168573,0.00000000,0.14093734,0.04133091,0.00000000,0.33185229,0.01376954,0.00000000,0.05130351,0.37492984,0.00161951,0.21130311,0.81590215,0.13131408,0.01529428,0.00149640,0.03425161,0.07254619,0.12169231,0.00216197,0.00138086,1.46601686,0.00000000,1.16801270,0.21022595,0.21322921,0.01638002,0.18298605,0.00000000,0.73711017,0.02219125,0.00000000,1.38629847,0.00000000,0.02680718,0.01965985,0.44317310,2.67051281,0.08505975,0.00350910,0.08234147,0.00954696,1.23234463,2.03759736,0.04788679,0.00000000,0.87559871,0.00134010,0.24039811,0.00871179,0.00932894,0.00000000,0.74228257,0.86982317,0.09604878,0.05528568,0.09018368,1.43686471,0.00228988,0.50394907,0.00000000,0.28282305,0.08344197,0.00286846,0.29073965,0.02505332,0.00165656,0.00190190,0.00000000,0.00000000,0.00000000,0.00000000,0.00000000,0.00000000,0.00000000,0.00000000,0.00000000,0.00000000,0.00000000,0.00000000,0.00000000,0.00000000,0.00000000,0.00000000,0.00000000,0.00000000,0.00000000,0.00000000,0.00000000,0.00000000,0.00000000,0.00000000,0.00000000,0.00000000,0.00000000,0.00000000,0.00000000,0.00000000,0.01005422,0.00000000,0.00000000,0.00000000,0.00000000,0.00000000,0.00000000,0.00000000,0.00000000,0.00000000,0.01004574,0.01528645,0.00000000,0.00000000,0.00000000,0.00000000,0.03756314,0.02449681,0.00000000,0.00000000,0.00000000,0.00000000,0.00000000,0.00000000,0.00000000,0.00000000,0.01756498,0.00000000,0.00000000,0.00000000,0.00000000,0.00000000,0.00000000,0.00000000,0.00521177,0.00000000,0.00000000,0.00000000,0.00000000,0.00000000,0.00000000,0.00000000,0.00000000,0.00000000,0.00000000,0.00000000,0.00000000,0.00000000,0.00000000,0.00000000,0.00000000
0.00000000,0.00000000,0.00071400,0.00082754,0.01543748,0.00000000,0.00000000,0.00771852,0.00000000,0.00000000,0.00337995,0.00000000,0.05119427,0.00000000,0.00000000,0.00144924,0.00000000,0.00000000,0.00339735,0.07896829,0.00000000,0.01576558,0.00251395,0.00000000,0.00478194,0.00251849,0.00287081,0.00000000,0.00000000,0.00000000,0.40353817,0.00317334,0.00000000,0.00000000,0.00404007,0.00000000,0.00349244,0.41472991,0.00622622,0.00000000,1.16913296,0.00000000,0.01273747,0.00000000,0.00000000,0.02381925,0.02680718,0.00000000,0.00338373,0.31411325,0.00912662,0.00201009,0.00000000,0.00511953,0.28135211,0.23576961,0.00387480,0.00499727,0.00000000,0.00252150,0.00000000,0.00900900,0.07044290,0.00335046,0.00000000,0.00426954,0.00763651,0.01102782,0.04339571,0.01453729,0.01877026,0.00112357,0.02790007,0.00138308,0.04749377,0.01989920,0.00436211,0.04237780,0.01331106,0.00649519,0.01525219,0.00000000,0.00000000,0.00039244,0.00000000,0.00000000,0.00000000,0.00000000,0.00000000,0.00000000,0.00000000,0.00000000,0.00000000,0.00000000,0.00000000,0.00000000,0.00000000,0.00000000,0.00000000,0.00000000,0.00000000,0.00000000,0.00000000,0.00000000,0.00000000,0.00000000,0.00000000,0.00000000,0.00000000,0.00000000,0.00000000,0.00432583,0.00000000,0.00000000,0.00000000,0.00000000,0.00000000,0.00000000,0.00000000,0.00000000,0.00000000,0.00381435,0.00632576,0.00000000,0.00000000,0.00000000,0.00000000,0.02642156,0.00557641,0.00000000,0.00573424,0.00000000,0.00000000,0.00000000,0.00000000,0.00000000,0.00000000,0.00554041,0.00000000,0.00000000,0.00000000,0.00000000,0.00000000,0.00000000,0.00000000,0.00433823,0.00000000,0.00000000,0.00000000,0.00000000,0.00000000,0.00212942,0.00000000,0.00202735,0.00217658,0.00000000,0.00000000,0.00000000,0.00881143,0.00000000,0.00000000,0.00000000
0.00902889,0.01131358,0.00652883,0.03058624,0.00751266,0.07941763,0.00831619,0.02667932,0.42199935,0.23963240,0.08779670,0.07681247,0.00365314,0.95164717,0.21857209,0.00512303,0.06449637,0.31739663,0.00000000,0.00876338,0.01585385,0.00000000,0.00608880,0.99628687,0.00000000,0.00000000,0.04122940,3.18795612,0.29535672,0.85454036,0.01166081,0.00000000,4.75972904,2.74262770,0.00255105,0.01216630,0.00000000,0.00374000,0.96413196,0.51064829,0.04750890,0.06409244,0.06605684,8.76174819,0.08298373,0.02538484,0.01965985,0.00338373,0.00000000,0.05381978,0.00758900,0.07044903,5.76350927,1.22103461,0.00000000,0.02287586,0.00000000,4.42163229,0.00000000,0.00094603,0.05913017,0.04145662,0.00000000,2.85396352,0.03779478,0.00000000,0.00406789,0.16664230,0.00430558,1.16637345,0.00579283,0.09111883,0.03175651,0.01554506,0.01457357,0.11474603,0.02997557,0.04168385,0.02623383,0.01311404,0.00702837,0.00000000,0.00000000,0.00000000,0.00000000,0.00000000,0.00000000,0.00000000,0.00000000,0.00000000,0.00000000,0.00000000,0.00000000,0.00000000,0.00000000,0.00000000,0.00000000,0.00000000,0.00000000,0.00000000,0.00000000,0.00000000,0.00000000,0.00000000,0.00000000,0.00000000,0.00000000,0.00000000,0.00000000,0.00000000,0.00000000,0.00000000,0.00000000,0.00000000,0.00000000,0.00000000,0.00000000,0.00000000,0.00000000,0.00000000,0.00000000,0.00000000,0.00522722,0.00000000,0.00000000,0.00000000,0.00000000,0.00000000,0.00000000,0.00000000,0.00000000,0.00000000,0.00000000,0.00000000,0.00000000,0.00000000,0.00000000,0.00000000,0.00000000,0.00000000,0.00000000,0.00000000,0.00000000,0.00000000,0.00000000,0.00000000,0.00000000,0.00000000,0.00000000,0.00000000,0.00000000,0.00000000,0.00000000,0.00000000,0.00000000,0.00000000,0.00000000,0.00000000,0.00000000,0.00000000,0.00000000,0.00000000
0.00111158,0.00184025,0.00322843,0.01095886,0.04150082,0.01031500,0.00000000,0.05914251,0.01762064,0.02383494,0.11904869,0.00528992,0.19443248,0.05892100,0.00727125,0.04776775,0.09551067,0.00383672,0.06197707,0.05444482,0.00000000,0.15070551,0.13641971,0.01197189,0.10609097,0.05628787,0.11315162,0.02943072,0.00809762,0.04327316,0.26121095,0.07141853,0.01031797,0.01046267,0.09819657,0.00000000,0.05979365,2.33307089,0.11227886,0.01393335,0.71987899,0.00297729,0.19473038,0.03494291,0.00135310,1.80207712,0.44317310,0.31411325,0.05381978,0.00000000,0.12745506,0.03130338,0.01173547,0.05356558,0.17037635,2.74288134,0.09514217,0.05110528,0.00000000,0.03564244,0.00445325,0.06952544,0.07470225,0.02343924,0.00000000,0.09498052,0.08782018,0.07015478,0.38121768,0.09775056,0.23972943,0.00733727,0.20890984,0.00369485,0.40686677,0.09353335,0.01275183,0.26218243,0.05823870,0.01345034,0.01642079,0.00000000,0.00000000,0.00716057,0.00000000,0.00000000,0.00000000,0.00366832,0.00000000,0.00173084,0.00157060,0.00000000,0.00000000,0.00343729,0.00000000,0.00151242,0.00000000,0.00000000,0.00000000,0.00093806,0.00000000,0.00000000,0.00000000,0.00000000,0.00000000,0.00000000,0.00000000,0.00000000,0.00000000,0.00000000,0.00000000,0.03447642,0.00052708,0.00000000,0.00000000,0.00000000,0.00000000,0.00000000,0.00000000,0.00000000,0.00000000,0.03472479,0.03248867,0.00000000,0.00235534,0.00000000,0.00000000,0.33333923,0.05319854,0.00000000,0.02958006,0.00000000,0.00000000,0.00000000,0.00000000,0.00000000,0.00000000,0.04008130,0.00000000,0.00000000,0.00000000,0.00000000,0.00000000,0.00000000,0.00000000,0.04172770,0.00000000,0.00000000,0.00000000,0.00000000,0.00000000,0.02923266,0.00000000,0.00808430,0.04694385,0.00000000,0.00000000,0.00111071,0.02671674,0.00000000,0.00159195,0.00000000
0.00000000,0.00000000,0.00124339,0.00410682,0.01023828,0.00174478,0.00000000,0.03632097,0.00184180,0.00288149,0.03748058,0.00000000,0.01842363,0.01305425,0.00000000,0.05295484,0.03275979,0.00000000,0.04001741,0.00553337,0.00000000,0.00828419,0.25341078,0.00000000,0.02596683,0.14531933,0.11449669,0.00624428,0.00000000,0.02114722,0.02015935,0.01073480,0.00000000,0.00000000,1.02756031,0.00000000,0.08546435,0.04222101,0.14470746,0.00990217,0.06868554,0.00000000,2.20877927,0.00826983,0.00000000,0.16973964,2.67051281,0.00912662,0.00758900,0.12745506,0.00000000,0.11878462,0.00146850,0.05026711,0.00292036,0.09464129,0.20080984,0.02522315,0.00000000,2.93553857,0.00000000,1.02812197,0.00276588,0.00550048,0.00000000,0.07547038,3.25719938,0.18976772,0.00705124,0.08336290,0.87662483,0.00000000,0.83266648,0.00000000,0.03752514,0.05375488,0.00111297,0.11351203,0.00966906,0.00000000,0.00000000,0.00000000,0.00000000,0.00000000,0.00000000,0.00000000,0.00000000,0.00000000,0.00000000,0.00000000,0.00000000,0.00000000,0.00000000,0.00000000,0.00000000,0.00000000,0.00000000,0.00000000,0.00000000,0.00000000,0.00000000,0.00000000,0.00000000,0.00000000,0.00000000,0.00000000,0.00000000,0.00000000,0.00000000,0.00000000,0.00000000,0.00000000,0.00000000,0.00000000,0.00000000,0.00000000,0.00000000,0.00000000,0.00000000,0.00000000,0.00000000,0.00000000,0.00382132,0.00000000,0.00000000,0.00000000,0.00000000,0.00000000,0.00624791,0.00000000,0.00000000,0.00000000,0.00000000,0.00000000,0.00000000,0.00000000,0.00000000,0.00000000,0.00000000,0.00000000,0.00000000,0.00000000,0.00000000,0.00000000,0.00000000,0.00000000,0.00000000,0.00000000,0.00000000,0.00000000,0.00000000,0.00000000,0.00000000,0.00000000,0.00000000,0.00000000,0.00000000,0.00000000,0.00000000,0.00000000,0.00000000,0.00000000
0.00000000,0.00000000,0.00000000,0.00000000,0.00000000,0.00000000,0.00000000,0.00235898,0.00223705,0.00283431,0.00471361,0.00000000,0.00086067,0.01499211,0.00088630,0.00157480,0.01455823,0.00000000,0.00138270,0.00000000,0.00000000,0.00000000,0.01619433,0.00217029,0.00077265,0.00271949,0.05649709,0.01250488,0.00114359,0.02895397,0.00471088,0.00000000,0.00351648,0.00330639,0.02308092,0.00000000,0.00135481,0.00422191,1.58253404,0.71716165,0.03031200,0.00000000,2.25129091,0.05773555,0.00000000,0.01813815,0.08505975,0.00201009,0.07044903,0.03130338,0.11878462,0.00000000,0.00494097,2.74116103,0.00000000,0.01893116,0.00000000,0.34443004,0.00000000,0.15630827,0.00000000,3.41373718,0.00000000,0.02144407,0.00000000,0.00000000,0.04198193,0.41307749,0.00000000,0.21505663,0.00781186,0.00099177,0.08938950,0.00000000,0.00394877,0.02730239,0.00136311,0.00957157,0.00273565,0.00000000,0.00000000,0.00000000,0.00000000,0.00000000,0.00000000,0.00000000,0.00000000,0.00000000,0.00000000,0.00000000,0.00000000,0.00000000,0.00000000,0.00000000,0.00000000,0.00000000,0.00000000,0.00000000,0.00000000,0.00000000,0.00000000,0.00000000,0.00000000,0.00000000,0.00000000,0.00000000,0.00000000,0.00000000,0.00000000,0.00000000,0.00000000,0.00000000,0.00000000,0.00000000,0.00000000,0.00000000,0.00000000,0.00000000,0.00000000,0.00000000,0.00000000,0.00000000,0.00073176,0.00000000,0.00000000,0.00000000,0.00000000,0.00000000,0.00000000,0.00000000,0.00000000,0.00000000,0.00000000,0.00000000,0.00000000,0.00000000,0.00000000,0.00000000,0.00000000,0.00000000,0.00000000,0.00000000,0.00000000,0.00000000,0.00000000,0.00000000,0.00000000,0.00000000,0.00000000,0.00000000,0.00000000,0.00000000,0.00000000,0.00000000,0.00000000,0.00000000,0.00000000,0.00000000,0.00000000,0.00000000,0.00000000,0.00000000
0.01229723,0.02848896,0.01492909,0.06776265,0.01051169,0.16618579,0.03037976,0.05484307,0.40807112,0.11811384,0.07571902,0.25526364,0.00601540,0.21472658,0.31667699,0.00359004,0.01742557,0.10109118,0.00000000,0.00502899,0.09477482,0.00000000,0.00247267,0.58824943,0.00000000,0.00000000,0.00559494,0.15763554,1.08236230,0.02400825,0.00521064,0.00000000,0.84228356,4.95307780,0.00000000,0.13576220,0.00000000,0.00000000,0.02853064,0.01304613,0.01404712,0.88383855,0.00760458,0.15140705,1.71731001,0.00554060,0.00350910,0.00000000,5.76350927,0.01173547,0.00146850,0.00494097,0.00000000,0.03721200,0.00000000,0.00631256,0.00000000,0.39133311,0.00985593,0.00000000,2.96498929,0.01234392,0.00000000,2.50004539,0.78358736,0.00000000,0.00146193,0.04536019,0.00176808,0.60065537,0.00291739,1.19711005,0.03187005,0.24711633,0.01614083,0.20652866,0.25548933,0.06196829,0.04587584,0.04844664,0.01721931,0.00000000,0.00000000,0.00000000,0.00000000,0.00000000,0.00000000,0.00000000,0.00000000,0.00000000,0.00000000,0.00000000,0.00000000,0.00000000,0.00000000,0.00000000,0.00000000,0.00000000,0.00000000,0.00000000,0.00000000,0.00000000,0.00000000,0.00000000,0.00000000,0.00000000,0.00000000,0.00000000,0.00000000,0.00000000,0.00000000,0.00000000,0.00000000,0.00000000,0.00000000,0.00000000,0.00000000,0.00000000,0.00000000,0.00000000,0.00000000,0.00000000,0.00000000,0.00000000,0.00000000,0.00000000,0.00000000,0.00000000,0.00000000,0.00000000,0.00000000,0.00000000,0.00000000,0.00000000,0.00000000,0.00000000,0.00000000,0.00000000,0.00000000,0.00000000,0.00000000,0.00000000,0.00000000,0.00000000,0.00000000,0.00000000,0.00000000,0.00000000,0.00000000,0.00000000,0.00000000,0.00000000,0.00000000,0.00000000,0.00000000,0.00000000,0.00000000,0.00000000,0.00000000,0.00000000,0.00000000,0.00000000
0.00000000,0.00000000,0.00000000,0.00224375,0.00000000,0.00350106,0.00000000,0.00415510,0.01252164,0.01149453,0.00815465,0.00313927,0.00119676,0.06041008,0.00696931,0.00188476,0.01979812,0.00908708,0.00080478,0.00254781,0.00000000,0.00000000,0.00996570,0.02112462,0.00000000,0.00151533,0.05817303,0.11377515,0.00764131,0.19180371,0.00783359,0.00000000,0.03964504,0.02357104,0.01224932,0.00000000,0.00083717,0.00506140,2.59823713,2.88616786,0.05655951,0.00137746,0.90159075,2.72209007,0.00213037,0.02357826,0.08234147,0.00511953,1.22103461,0.05356558,0.05026711,2.74116103,0.03721200,0.00000000,0.00082120,0.02899217,0.00000000,4.43335928,0.00000000,0.01648127,0.00316198,2.68002334,0.00000000,0.13940644,0.00090370,0.00000000,0.01816389,1.12968135,0.00096930,0.90933748,0.00683811,0.00470274,0.07471118,0.00113827,0.00647147,0.05244368,0.00491932,0.01957855,0.00843513,0.00169588,0.00148438,0.00000000,0.00000000,0.00000000,0.00000000,0.00000000,0.00000000,0.00000000,0.00000000,0.00000000,0.00000000,0.00000000,0.00000000,0.00000000,0.00000000,0.00000000,0.00000000,0.00000000,0.00000000,0.00000000,0.00000000,0.00000000,0.00000000,0.00000000,0.00000000,0.00000000,0.00000000,0.00000000,0.00000000,0.00000000,0.00000000,0.00000000,0.00000000,0.00000000,0.00000000,0.00000000,0.00000000,0.00000000,0.00000000,0.00000000,0.00000000,0.00000000,0.00429008,0.00000000,0.00000000,0.00000000,0.00000000,0.00000000,0.00000000,0.00000000,0.00000000,0.00000000,0.00000000,0.00000000,0.00000000,0.00000000,0.00000000,0.00000000,0.00000000,0.00000000,0.00000000,0.00000000,0.00000000,0.00000000,0.00000000,0.00000000,0.00000000,0.00000000,0.00000000,0.00000000,0.00000000,0.00000000,0.00000000,0.00000000,0.00000000,0.00000000,0.00000000,0.00000000,0.00000000,0.00000000,0.00000000,0.00000000
0.00000000,0.00000000,0.00000000,0.00000000,0.00414652,0.00000000,0.00000000,0.00179323,0.00000000,0.00000000,0.00000000,0.00000000,0.01174336,0.00000000,0.00000000,0.00000000,0.00000000,0.00000000,0.00000000,0.01632958,0.00000000,0.00339932,0.00000000,0.00000000,0.00091472,0.00000000,0.00000000,0.00000000,0.00000000,0.00000000,0.06105235,0.00000000,0.00000000,0.00000000,0.00074005,0.00000000,0.00000000,0.07576447,0.00075340,0.00000000,0.13947309,0.00000000,0.00472028,0.00000000,0.00000000,0.00836309,0.00954696,0.28135211,0.00000000,0.17037635,0.00292036,0.00000000,0.00000000,0.00082120,0.00000000,0.61059540,0.00231129,0.00145549,0.00000000,0.00000000,0.00000000,0.00367459,0.20526999,0.00000000,0.00000000,0.00394659,0.00389233,0.00583575,0.05696500,0.00968762,0.01429659,0.00000000,0.01877510,0.00000000,0.05261094,0.01452941,0.00320067,0.03694593,0.01017890,0.00469150,0.00719068,0.00000000,0.00000000,0.00000000,0.00000000,0.00000000,0.00000000,0.00000000,0.00000000,0.00000000,0.00000000,0.00000000,0.00000000,0.00000000,0.00000000,0.00000000,0.00000000,0.00000000,0.00000000,0.00000000,0.00000000,0.00000000,0.00000000,0.00000000,0.00000000,0.00000000,0.00000000,0.00000000,0.00000000,0.00000000,0.00000000,0.00098135,0.00000000,0.00000000,0.00000000,0.00000000,0.00000000,0.00000000,0.00000000,0.00000000,0.00000000,0.00110238,0.00162433,0.00000000,0.00000000,0.00000000,0.00000000,0.01873074,0.00211548,0.00000000,0.00000000,0.00000000,0.00000000,0.00000000,0.00000000,0.00000000,0.00000000,0.00296739,0.00000000,0.00000000,0.00000000,0.00000000,0.00000000,0.00000000,0.00000000,0.00209096,0.00000000,0.00000000,0.00000000,0.00000000,0.00000000,0.00105927,0.00000000,0.00000000,0.00097228,0.00000000,0.00000000,0.00000000,0.00080127,0.00000000,0.00000000,0.00000000
0.00000000,0.00000000,0.00077625,0.00225753,0.01654124,0.00213941,0.00000000,0.01786612,0.00367362,0.00193462,0.00719109,0.00087576,0.04607878,0.01025930,0.00000000,0.00414339,0.00517276,0.00000000,0.01245437,0.03435514,0.00000000,0.03123990,0.00844387,0.00401109,0.02641667,0.01123302,0.00974391,0.01017931,0.00204922,0.01079267,0.12838352,0.02725647,0.00397482,0.00267799,0.01851007,0.00000000,0.04415347,0.32714838,0.04564072,0.00620464,0.44383951,0.00000000,0.06256636,0.01681924,0.00000000,1.28593026,1.23234463,0.23576961,0.02287586,2.74288134,0.09464129,0.01893116,0.00631256,0.02899217,0.61059540,0.00000000,1.75512286,0.03222523,0.00000000,0.05802017,0.00123541,0.04798379,0.82003919,0.01484555,0.00000000,1.13515946,0.09726905,0.04408131,2.48554887,0.07568831,0.70487334,0.00766338,0.25226273,0.00328807,1.54729773,0.12907494,0.01504498,0.53548553,0.10150025,0.01976234,0.02936621,0.00000000,0.00000000,0.00304839,0.00000000,0.00000000,0.00000000,0.00151029,0.00000000,0.00000000,0.00064903,0.00000000,0.00000000,0.00154583,0.00000000,0.00000000,0.00000000,0.00000000,0.00000000,0.00000000,0.00000000,0.00000000,0.00000000,0.00000000,0.00000000,0.00000000,0.00000000,0.00000000,0.00000000,0.00000000,0.00000000,0.02300876,0.00000000,0.00000000,0.00000000,0.00000000,0.00000000,0.00000000,0.00000000,0.00000000,0.00000000,0.02520885,0.03382987,0.00000000,0.00000000,0.00000000,0.00000000,0.30486361,0.04901761,0.00000000,0.02835012,0.00000000,0.00000000,0.00000000,0.00000000,0.00000000,0.00000000,0.05401734,0.00000000,0.00000000,0.00000000,0.00000000,0.00000000,0.00000000,0.00000000,0.04611992,0.00000000,0.00000000,0.00000000,0.00000000,0.00000000,0.02622624,0.00000000,0.00000000,0.04195578,0.00000000,0.00000000,0.00000000,0.01262468,0.00000000,0.00000000,0.00000000
0.00000000,0.00000000,0.00000000,0.00000000,0.00300175,0.00000000,0.00000000,0.00698953,0.00000000,0.00000000,0.00249236,0.00000000,0.00941472,0.00000000,0.00000000,0.00291242,0.00000000,0.00000000,0.01019811,0.00139989,0.00000000,0.00583146,0.00365417,0.00000000,0.01365083,0.01249969,0.00155434,0.00000000,0.00000000,0.00000000,0.00821415,0.01157061,0.00000000,0.00000000,0.01164954,0.00000000,0.11618033,0.03462928,0.00202417,0.00000000,0.02229076,0.00000000,0.00892083,0.00000000,0.00000000,0.27418017,2.03759736,0.00387480,0.00000000,0.09514217,0.20080984,0.00000000,0.00000000,0.00000000,0.00231129,1.75512286,0.00000000,0.00000000,0.00000000,0.49338172,0.00000000,0.00489270,0.00434931,0.00000000,0.00000000,2.06740512,0.18771026,0.00245680,0.20618097,0.00513519,1.19999609,0.00000000,0.06423773,0.00000000,0.32858027,0.01187154,0.00000000,0.10738396,0.00843251,0.00000000,0.00078644,0.00000000,0.00000000,0.00000000,0.00000000,0.00000000,0.00000000,0.00000000,0.00000000,0.00000000,0.00000000,0.00000000,0.00000000,0.00000000,0.00000000,0.00000000,0.00000000,0.00000000,0.00000000,0.00000000,0.00000000,0.00000000,0.00000000,0.00000000,0.00000000,0.00000000,0.00000000,0.00000000,0.00000000,0.00000000,0.00000000,0.00000000,0.00000000,0.00000000,0.00000000,0.00000000,0.00000000,0.00000000,0.00000000,0.00000000,0.00000000,0.00000000,0.00000000,0.00000000,0.00000000,0.00000000,0.00000000,0.00000000,0.00000000,0.00000000,0.00000000,0.00000000,0.00000000,0.00000000,0.00000000,0.00000000,0.00000000,0.00000000,0.00000000,0.00000000,0.00000000,0.00000000,0.00000000,0.00000000,0.00000000,0.00000000,0.00000000,0.00000000,0.00000000,0.00000000,0.00000000,0.00000000,0.00000000,0.00000000,0.00000000,0.00000000,0.00000000,0.00000000,0.00000000,0.00000000,0.00000000,0.00000000
0.00202742,0.00268622,0.00113147,0.01126860,0.00252367,0.02151754,0.00167516,0.00986034,0.07603138,0.05071032,0.02628477,0.01830885,0.00274283,0.15784874,0.03401936,0.00212448,0.02756948,0.03791692,0.00062525,0.00528711,0.00472571,0.00000000,0.00664523,0.11521264,0.00000000,0.00102459,0.03122907,0.20020962,0.04882085,0.14089432,0.01038321,0.00000000,0.14003710,0.17709088,0.00591689,0.00298347,0.00071167,0.00516853,0.74463346,0.37521068,0.05840739,0.01241332,0.27852358,1.74706280,0.01271713,0.02220715,0.04788679,0.00499727,4.42163229,0.05110528,0.02522315,0.34443004,0.39133311,4.43335928,0.00145549,0.03222523,0.00000000,0.00000000,0.00000000,0.00687534,0.01448399,0.47372796,0.00081972,1.69851766,0.00762280,0.00000000,0.01240661,1.18835413,0.00378731,2.93183478,0.00733101,0.03523144,0.08765302,0.00625437,0.01335721,0.15983112,0.02121159,0.03305352,0.01939831,0.00622017,0.00454245,0.00000000,0.00000000,0.00000000,0.00000000,0.00000000,0.00000000,0.00000000,0.00000000,0.00000000,0.00000000,0.00000000,0.00000000,0.00000000,0.00000000,0.00000000,0.00000000,0.00000000,0.00000000,0.00000000,0.00000000,0.00000000,0.00000000,0.00000000,0.00000000,0.00000000,0.00000000,0.00000000,0.00000000,0.00000000,0.00000000,0.00000000,0.00000000,0.00000000,0.00000000,0.00000000,0.00000000,0.00000000,0.00000000,0.00000000,0.00000000,0.00000000,0.00576193,0.00000000,0.00000000,0.00000000,0.00000000,0.00000000,0.00000000,0.00000000,0.00000000,0.00000000,0.00000000,0.00000000,0.00000000,0.00000000,0.00000000,0.00000000,0.00000000,0.00000000,0.00000000,0.00000000,0.00000000,0.00000000,0.00000000,0.00000000,0.00000000,0.00000000,0.00000000,0.00000000,0.00000000,0.00000000,0.00000000,0.00000000,0.00000000,0.00000000,0.00000000,0.00000000,0.00000000,0.00000000,0.00000000,0.00000000
0.00623288,0.00876716,0.00308091,0.00329708,0.00169064,0.00588116,0.00480700,0.00317739,0.00152217,0.00000000,0.00000000,0.02782469,0.00000000,0.00000000,0.00122855,0.00000000,0.00000000,0.00000000,0.00000000,0.00000000,0.02747779,0.00000000,0.00000000,0.00000000,0.00000000,0.00000000,0.00000000,0.00000000,0.00953289,0.00000000,0.00000000,0.00000000,0.00000000,0.00168627,0.00000000,0.09820528,0.00000000,0.00000000,0.00000000,0.00000000,0.00000000,0.09828480,0.00000000,0.00000000,0.01283467,0.00000000,0.00000000,0.00000000,0.00000000,0.00000000,0.00000000,0.00000000,0.00985593,0.00000000,0.00000000,0.00000000,0.00000000,0.00000000,0.00000000,0.00000000,0.50619646,0.00000000,0.00000000,0.00197028,0.00554020,0.00000000,0.00000000,0.00000000,0.00000000,0.00099235,0.00000000,0.00293997,0.00000000,0.01832321,0.00000000,0.00123565,0.00147299,0.00000000,0.00000000,0.00071334,0.00066727,0.00000000,0.00000000,0.00000000,0.00000000,0.00000000,0.00000000,0.00000000,0.00000000,0.00000000,0.00000000,0.00000000,0.00000000,0.00000000,0.00000000,0.00000000,0.00000000,0.00000000,0.00000000,0.00000000,0.00000000,0.00000000,0.00000000,0.00000000,0.00000000,0.00000000,0.00000000,0.00000000,0.00000000,0.00000000,0.00000000,0.00000000,0.00000000,0.00000000,0.00000000,0.00000000,0.00000000,0.00000000,0.00000000,0.00000000,0.00000000,0.00000000,0.00000000,0.00000000,0.00000000,0.00000000,0.00000000,0.00000000,0.00000000,0.00000000,0.00000000,0.00000000,0.00000000,0.00000000,0.00000000,0.00000000,0.00000000,0.00000000,0.00000000,0.00000000,0.00000000,0.00000000,0.00000000,0.00000000,0.00000000,0.00000000,0.00000000,0.00000000,0.00000000,0.00000000,0.00000000,0.00000000,0.00000000,0.00000000,0.00000000,0.00000000,0.00000000,0.00000000,0.00000000,0.00000000,0.00000000,0.00000000
0.00000000,0.00000000,0.00000000,0.00000000,0.00195485,0.00000000,0.00000000,0.00733726,0.00000000,0.00000000,0.00524516,0.00000000,0.00478966,0.00115679,0.00000000,0.00616969,0.00296112,0.00000000,0.01038800,0.00086496,0.00000000,0.00276242,0.01896240,0.00000000,0.00719585,0.01933909,0.01000803,0.00072736,0.00000000,0.00155958,0.00593485,0.00321218,0.00000000,0.00000000,0.12548292,0.00000000,0.03512682,0.01381761,0.01767700,0.00129854,0.02035456,0.00000000,0.93781870,0.00104346,0.00000000,0.05412918,0.87559871,0.00252150,0.00094603,0.03564244,2.93553857,0.15630827,0.00000000,0.01648127,0.00000000,0.05802017,0.49338172,0.00687534,0.00000000,0.00000000,0.00000000,1.75241003,0.00000000,0.00118517,0.00000000,0.24661512,3.60972574,0.07555429,0.00336469,0.02632236,1.26440522,0.00000000,0.38366929,0.00000000,0.02994170,0.01998840,0.00000000,0.05714525,0.00539865,0.00000000,0.00000000,0.00000000,0.00000000,0.00000000,0.00000000,0.00000000,0.00000000,0.00000000,0.00000000,0.00000000,0.00000000,0.00000000,0.00000000,0.00000000,0.00000000,0.00000000,0.00000000,0.00000000,0.00000000,0.00000000,0.00000000,0.00000000,0.00000000,0.00000000,0.00000000,0.00000000,0.00000000,0.00000000,0.00000000,0.00000000,0.00000000,0.00000000,0.00000000,0.00000000,0.00000000,0.00000000,0.00000000,0.00000000,0.00000000,0.00000000,0.00000000,0.00000000,0.00000000,0.00000000,0.00000000,0.00000000,0.00000000,0.00000000,0.00000000,0.00000000,0.00000000,0.00000000,0.00000000,0.00000000,0.00000000,0.00000000,0.00000000,0.00000000,0.00000000,0.00000000,0.00000000,0.00000000,0.00000000,0.00000000,0.00000000,0.00000000,0.00000000,0.00000000,0.00000000,0.00000000,0.00000000,0.00000000,0.00000000,0.00000000,0.00000000,0.00000000,0.00000000,0.00000000,0.00000000,0.00000000,0.00000000,0.00000000
0.04967229,0.08434743,0.03982073,0.08403652,0.03046680,0.17202268,0.06921070,0.07186541,0.08969230,0.01556397,0.02509440,0.43541894,0.00934751,0.01280797,0.07416727,0.00107212,0.00280497,0.00389115,0.00000000,0.00660848,0.30883097,0.00000000,0.00000000,0.02046363,0.00000000,0.00000000,0.00000000,0.00500728,0.45584203,0.00187693,0.00688980,0.00000000,0.01019116,0.25103719,0.00000000,0.97377134,0.00000000,0.00081209,0.00400467,0.00000000,0.01176412,1.68011731,0.00225589,0.00348844,1.50470888,0.00161657,0.00134010,0.00000000,0.05913017,0.00445325,0.00000000,0.00000000,2.96498929,0.00316198,0.00000000,0.00123541,0.00000000,0.01448399,0.50619646,0.00000000,0.00000000,0.00154443,0.00000000,0.23729203,0.67355060,0.00000000,0.00000000,0.00657162,0.00163200,0.09700184,0.00000000,0.36310171,0.01019639,0.77378859,0.01070526,0.08823945,0.18161074,0.04010593,0.03286823,0.06550345,0.03170814,0.00000000,0.00000000,0.00000000,0.00000000,0.00000000,0.00000000,0.00000000,0.00000000,0.00000000,0.00000000,0.00000000,0.00000000,0.00000000,0.00000000,0.00000000,0.00000000,0.00000000,0.00000000,0.00000000,0.00000000,0.00000000,0.00000000,0.00000000,0.00000000,0.00000000,0.00000000,0.00000000,0.00000000,0.00000000,0.00000000,0.00000000,0.00000000,0.00000000,0.00000000,0.00000000,0.00000000,0.00000000,0.00000000,0.00000000,0.00000000,0.00000000,0.00000000,0.00000000,0.00000000,0.00000000,0.00000000,0.00000000,0.00000000,0.00000000,0.00000000,0.00000000,0.00000000,0.00000000,0.00000000,0.00000000,0.00000000,0.00000000,0.00000000,0.00000000,0.00000000,0.00000000,0.00000000,0.00000000,0.00000000,0.00000000,0.00000000,0.00000000,0.00000000,0.00000000,0.00000000,0.00000000,0.00000000,0.00000000,0.00000000,0.00000000,0.00000000,0.00000000,0.00000000,0.00000000,0.00000000,0.00000000
0.00000000,0.00000000,0.00000000,0.00208767,0.00180939,0.00272015,0.00000000,0.00646305,0.00515474,0.00363959,0.01079326,0.00178190,0.00323276,0.01431156,0.00335439,0.00521773,0.01423371,0.00116240,0.00422672,0.00336619,0.00000000,0.00147355,0.03445538,0.00375274,0.00275921,0.00784822,0.04789674,0.01275547,0.00412542,0.01487498,0.01392901,0.00128351,0.00386670,0.00722575,0.07738855,0.00000000,0.00539784,0.01124486,0.36009448,0.05695571,0.07269782,0.00099875,2.99890188,0.02635367,0.00120503,0.03669309,0.24039811,0.00900900,0.04145662,0.06952544,1.02812197,3.41373718,0.01234392,2.68002334,0.00367459,0.04798379,0.00489270,0.47372796,0.00000000,1.75241003,0.00154443,0.00000000,0.00330317,0.04548693,0.00000000,0.00371170,2.17924571,2.79149740,0.00420438,1.21523527,0.05993083,0.00659610,1.91592864,0.00080874,0.01225681,0.22765163,0.00604121,0.07905207,0.02117656,0.00144068,0.00000000,0.00000000,0.00000000,0.00000000,0.00000000,0.00000000,0.00000000,0.00000000,0.00000000,0.00000000,0.00000000,0.00000000,0.00000000,0.00000000,0.00000000,0.00000000,0.00000000,0.00000000,0.00000000,0.00000000,0.00000000,0.00000000,0.00000000,0.00000000,0.00000000,0.00000000,0.00000000,0.00000000,0.00000000,0.00000000,0.00000000,0.00000000,0.00000000,0.00000000,0.00000000,0.00000000,0.00000000,0.00000000,0.00000000,0.00000000,0.00000000,0.00000000,0.00581310,0.00000000,0.00000000,0.00000000,0.00000000,0.00000000,0.00000000,0.00000000,0.00000000,0.00000000,0.00000000,0.00000000,0.00000000,0.00000000,0.00000000,0.00000000,0.00000000,0.00000000,0.00000000,0.00000000,0.00000000,0.00000000,0.00000000,0.00000000,0.00000000,0.00000000,0.00000000,0.00000000,0.00000000,0.00000000,0.00000000,0.00000000,0.00000000,0.00000000,0.00000000,0.00000000,0.00000000,0.00000000,0.00000000,0.00000000
0.00000000,0.00000000,0.00000000,0.00000000,0.00228729,0.00000000,0.00000000,0.00103325,0.00000000,0.00000000,0.00000000,0.00000000,0.00527011,0.00000000,0.00000000,0.00000000,0.00000000,0.00000000,0.00000000,0.01417848,0.00000000,0.00120506,0.00000000,0.00000000,0.00000000,0.00000000,0.00000000,0.00000000,0.00000000,0.00000000,0.04869455,0.00000000,0.00000000,0.00000000,0.00000000,0.00000000,0.00000000,0.02609813,0.00132742,0.00000000,0.12739657,0.00000000,0.00373590,0.00000000,0.00000000,0.00886276,0.00871179,0.07044290,0.00000000,0.07470225,0.00276588,0.00000000,0.00000000,0.00000000,0.20526999,0.82003919,0.00434931,0.00081972,0.00000000,0.00000000,0.00000000,0.00330317,0.00000000,0.00302165,0.00000000,0.00835541,0.00398453,0.00439158,0.38037425,0.01239513,0.02102510,0.00227851,0.02488329,0.00133540,0.16306841,0.03204094,0.00781547,0.11746785,0.02813946,0.01480853,0.02812547,0.00000000,0.00000000,0.00000000,0.00000000,0.00000000,0.00000000,0.00000000,0.00000000,0.00000000,0.00000000,0.00000000,0.00000000,0.00000000,0.00000000,0.00000000,0.00000000,0.00000000,0.00000000,0.00000000,0.00000000,0.00000000,0.00000000,0.00000000,0.00000000,0.00000000,0.00000000,0.00000000,0.00000000,0.00000000,0.00000000,0.00155547,0.00000000,0.00000000,0.00000000,0.00000000,0.00000000,0.00000000,0.00000000,0.00000000,0.00000000,0.00238006,0.00438678,0.00000000,0.00000000,0.00000000,0.00000000,0.06315150,0.00998142,0.00000000,0.00576210,0.00000000,0.00000000,0.00000000,0.00000000,0.00000000,0.00000000,0.00923329,0.00000000,0.00000000,0.00000000,0.00000000,0.00000000,0.00000000,0.00000000,0.00981185,0.00000000,0.00000000,0.00000000,0.00000000,0.00000000,0.00682833,0.00000000,0.00000000,0.01446934,0.00000000,0.00000000,0.00000000,0.00939374,0.00000000,0.00000000,0.00000000
0.00934021,0.01453872,0.00954910,0.05537536,0.00891459,0.11391728,0.01440427,0.04152337,0.25286685,0.10331719,0.07585547,0.10680990,0.00504374,0.13609370,0.14968317,0.00376079,0.01616501,0.05876414,0.00128318,0.00766107,0.03226271,0.00000000,0.00332488,0.23216093,0.00000000,0.00106665,0.00723403,0.07079665,0.30016768,0.02441705,0.00807803,0.00000000,0.14806004,0.56448322,0.00135988,0.02383639,0.00000000,0.00219861,0.06345268,0.02309823,0.03281344,0.13290340,0.02584667,0.11466246,0.18505597,0.00910526,0.00932894,0.00335046,2.85396352,0.02343924,0.00550048,0.02144407,2.50004539,0.13940644,0.00000000,0.01484555,0.00000000,1.69851766,0.00197028,0.00118517,0.23729203,0.04548693,0.00302165,0.00000000,0.42338313,0.00000000,0.00562058,0.16829955,0.00539122,3.38889350,0.00706391,2.21706747,0.12032326,0.19788311,0.02278689,0.71227681,0.52035762,0.12234598,0.10097291,0.07186738,0.02135534,0.00000000,0.00000000,0.00000000,0.00000000,0.00000000,0.00000000,0.00000000,0.00000000,0.00000000,0.00000000,0.00000000,0.00000000,0.00000000,0.00000000,0.00000000,0.00000000,0.00000000,0.00000000,0.00000000,0.00000000,0.00000000,0.00000000,0.00000000,0.00000000,0.00000000,0.00000000,0.00000000,0.00000000,0.00000000,0.00000000,0.00000000,0.00000000,0.00000000,0.00000000,0.00000000,0.00000000,0.00000000,0.00000000,0.00000000,0.00000000,0.00000000,0.00000000,0.00000000,0.00000000,0.00000000,0.00000000,0.00000000,0.00000000,0.00000000,0.00000000,0.00000000,0.00000000,0.00000000,0.00000000,0.00000000,0.00000000,0.00000000,0.00000000,0.00000000,0.00000000,0.00000000,0.00000000,0.00000000,0.00000000,0.00000000,0.00000000,0.00000000,0.00000000,0.00000000,0.00000000,0.00000000,0.00000000,0.00000000,0.00000000,0.00000000,0.00000000,0.00000000,0.00000000,0.00000000,0.00000000,0.00000000
0.00504488,0.01136727,0.00596192,0.02008060,0.00423579,0.03906354,0.00917588,0.01703427,0.03587717,0.00719658,0.00992392,0.06509826,0.00140671,0.00649077,0.02528086,0.00000000,0.00000000,0.00213371,0.00000000,0.00000000,0.02718837,0.00000000,0.00000000,0.01091114,0.00000000,0.00000000,0.00000000,0.00158112,0.09593459,0.00000000,0.00160666,0.00000000,0.00279301,0.06306222,0.00000000,0.03172120,0.00000000,0.00000000,0.00086489,0.00000000,0.00436275,0.09765293,0.00000000,0.00148583,0.11397285,0.00000000,0.00000000,0.00000000,0.03779478,0.00000000,0.00000000,0.00000000,0.78358736,0.00090370,0.00000000,0.00000000,0.00000000,0.00762280,0.00554020,0.00000000,0.67355060,0.00000000,0.00000000,0.42338313,0.00000000,0.00000000,0.00000000,0.00342770,0.00000000,0.06564135,0.00000000,0.47728971,0.00555745,0.61879004,0.00533599,0.06121413,0.14963494,0.02899960,0.02111874,0.04270752,0.01536553,0.00000000,0.00000000,0.00000000,0.00000000,0.00000000,0.00000000,0.00000000,0.00000000,0.00000000,0.00000000,0.00000000,0.00000000,0.00000000,0.00000000,0.00000000,0.00000000,0.00000000,0.00000000,0.00000000,0.00000000,0.00000000,0.00000000,0.00000000,0.00000000,0.00000000,0.00000000,0.00000000,0.00000000,0.00000000,0.00000000,0.00000000,0.00000000,0.00000000,0.00000000,0.00000000,0.00000000,0.00000000,0.00000000,0.00000000,0.00000000,0.00000000,0.00000000,0.00000000,0.00000000,0.00000000,0.00000000,0.00000000,0.00000000,0.00000000,0.00000000,0.00000000,0.00000000,0.00000000,0.00000000,0.00000000,0.00000000,0.00000000,0.00000000,0.00000000,0.00000000,0.00000000,0.00000000,0.00000000,0.00000000,0.00000000,0.00000000,0.00000000,0.00000000,0.00000000,0.00000000,0.00000000,0.00000000,0.00000000,0.00000000,0.00000000,0.00000000,0.00000000,0.00000000,0.00000000,0.00000000,0.00000000
0.00000000,0.00000000,0.00000000,0.00000000,0.00158774,0.00000000,0.00000000,0.00500332,0.00000000,0.00000000,0.00106236,0.00000000,0.00729395,0.00000000,0.00000000,0.00103134,0.00000000,0.00000000,0.00657985,0.00165800,0.00000000,0.00479471,0.00158388,0.00000000,0.01122248,0.00606703,0.00095140,0.00000000,0.00000000,0.00000000,0.00734475,0.00834770,0.00000000,0.00000000,0.00546525,0.00000000,0.03951408,0.03447540,0.00177873,0.00000000,0.02425784,0.00000000,0.00605879,0.00000000,0.00000000,0.18653886,0.74228257,0.00426954,0.00000000,0.09498052,0.07547038,0.00000000,0.00000000,0.00000000,0.00394659,1.13515946,2.06740512,0.00000000,0.00000000,0.24661512,0.00000000,0.00371170,0.00835541,0.00000000,0.00000000,0.00000000,0.14036148,0.00188603,0.44985448,0.00545957,1.75264968,0.00000000,0.06577339,0.00000000,0.91173472,0.01586007,0.00000000,0.15109484,0.01173194,0.00072487,0.00115521,0.00000000,0.00000000,0.00000000,0.00000000,0.00000000,0.00000000,0.00000000,0.00000000,0.00000000,0.00000000,0.00000000,0.00000000,0.00000000,0.00000000,0.00000000,0.00000000,0.00000000,0.00000000,0.00000000,0.00000000,0.00000000,0.00000000,0.00000000,0.00000000,0.00000000,0.00000000,0.00000000,0.00000000,0.00000000,0.00000000,0.00000000,0.00000000,0.00000000,0.00000000,0.00000000,0.00000000,0.00000000,0.00000000,0.00000000,0.00000000,0.00000000,0.00065099,0.00000000,0.00000000,0.00000000,0.00000000,0.00000000,0.00000000,0.00000000,0.00000000,0.00000000,0.00000000,0.00000000,0.00000000,0.00000000,0.00000000,0.00000000,0.00000000,0.00000000,0.00000000,0.00000000,0.00000000,0.00000000,0.00000000,0.00000000,0.00000000,0.00000000,0.00000000,0.00000000,0.00000000,0.00000000,0.00000000,0.00000000,0.00000000,0.00000000,0.00000000,0.00000000,0.00000000,0.00000000,0.00000000,0.00000000
0.00000000,0.00000000,0.00000000,0.00111942,0.00362484,0.00000000,0.00000000,0.01176814,0.00000000,0.00000000,0.00959894,0.00000000,0.00906205,0.00312156,0.00000000,0.01200607,0.00596165,0.00000000,0.01209994,0.00226125,0.00000000,0.00489095,0.02808073,0.00000000,0.00931533,0.02760149,0.01474248,0.00186443,0.00000000,0.00404188,0.01447994,0.00611649,0.00000000,0.00000000,0.15348181,0.00000000,0.03551543,0.02460958,0.03018869,0.00249544,0.05460522,0.00000000,0.42795830,0.00219594,0.00000000,0.08307023,0.86982317,0.00763651,0.00406789,0.08782018,3.25719938,0.04198193,0.00146193,0.01816389,0.00389233,0.09726905,0.18771026,0.01240661,0.00000000,3.60972574,0.00000000,2.17924571,0.00398453,0.00562058,0.00000000,0.14036148,0.00000000,0.24439968,0.00976246,0.09139008,3.02285885,0.00154104,2.73219573,0.00000000,0.12525169,0.07682217,0.00163483,0.26015099,0.02088239,0.00107763,0.00000000,0.00000000,0.00000000,0.00000000,0.00000000,0.00000000,0.00000000,0.00000000,0.00000000,0.00000000,0.00000000,0.00000000,0.00000000,0.00000000,0.00000000,0.00000000,0.00000000,0.00000000,0.00000000,0.00000000,0.00000000,0.00000000,0.00000000,0.00000000,0.00000000,0.00000000,0.00000000,0.00000000,0.00000000,0.00000000,0.00000000,0.00000000,0.00000000,0.00000000,0.00000000,0.00000000,0.00000000,0.00000000,0.00000000,0.00000000,0.00000000,0.00000000,0.00311395,0.00000000,0.00000000,0.00000000,0.00000000,0.00000000,0.00183410,0.00000000,0.00000000,0.00000000,0.00000000,0.00000000,0.00000000,0.00000000,0.00000000,0.00000000,0.00000000,0.00000000,0.00000000,0.00000000,0.00000000,0.00000000,0.00000000,0.00000000,0.00000000,0.00000000,0.00000000,0.00000000,0.00000000,0.00000000,0.00000000,0.00000000,0.00000000,0.00000000,0.00000000,0.00000000,0.00000000,0.00000000,0.00000000,0.00000000
0.00000000,0.00000000,0.00000000,0.00428158,0.00189421,0.00685648,0.00000000,0.00738487,0.01984963,0.01177369,0.01302961,0.00799974,0.00312519,0.02936854,0.01142967,0.00363673,0.01307137,0.00427414,0.00271077,0.00426022,0.00139105,0.00116879,0.01361549,0.01798855,0.00178617,0.00476436,0.03019946,0.02213236,0.01434144,0.01988036,0.01091429,0.00071259,0.01549137,0.02956344,0.03177466,0.00000000,0.00253881,0.01068716,0.22913762,0.03557408,0.08165220,0.00548488,0.61726258,0.04783566,0.00443450,0.02521521,0.09604878,0.01102782,0.16664230,0.07015478,0.18976772,0.41307749,0.04536019,1.12968135,0.00583575,0.04408131,0.00245680,1.18835413,0.00000000,0.07555429,0.00657162,2.79149740,0.00439158,0.16829955,0.00342770,0.00188603,0.24439968,0.00000000,0.00566772,2.46623478,0.02942033,0.02861369,1.20817179,0.00327609,0.01563617,0.40574318,0.01695788,0.08129854,0.02695199,0.00469776,0.00231028,0.00000000,0.00000000,0.00000000,0.00000000,0.00000000,0.00000000,0.00000000,0.00000000,0.00000000,0.00000000,0.00000000,0.00000000,0.00000000,0.00000000,0.00000000,0.00000000,0.00000000,0.00000000,0.00000000,0.00000000,0.00000000,0.00000000,0.00000000,0.00000000,0.00000000,0.00000000,0.00000000,0.00000000,0.00000000,0.00000000,0.00000000,0.00000000,0.00000000,0.00000000,0.00000000,0.00000000,0.00000000,0.00000000,0.00000000,0.00000000,0.00000000,0.00710426,0.00000000,0.00000000,0.00000000,0.00000000,0.00000000,0.00000000,0.00000000,0.00000000,0.00000000,0.00000000,0.00000000,0.00000000,0.00000000,0.00000000,0.00000000,0.00000000,0.00000000,0.00000000,0.00000000,0.00000000,0.00000000,0.00000000,0.00000000,0.00000000,0.00000000,0.00000000,0.00000000,0.00000000,0.00000000,0.00000000,0.00000000,0.00000000,0.00000000,0.00000000,0.00000000,0.00000000,0.00000000,0.00000000,0.00000000
0.00000000,0.00000000,0.00000000,0.00000000,0.00297668,0.00000000,0.00000000,0.00336987,0.00000000,0.00000000,0.00000000,0.00000000,0.00978134,0.00000000,0.00000000,0.00000000,0.00000000,0.00000000,0.00240948,0.01187612,0.00000000,0.00534901,0.00000000,0.00000000,0.00413030,0.00094764,0.00000000,0.00000000,0.00000000,0.00000000,0.04064284,0.00382913,0.00000000,0.00000000,0.00100757,0.00000000,0.00417186,0.06231033,0.00272443,0.00000000,0.14765634,0.00000000,0.00319520,0.00000000,0.00000000,0.10055079,0.05528568,0.04339571,0.00430558,0.38121768,0.00705124,0.00000000,0.00176808,0.00096930,0.05696500,2.48554887,0.20618097,0.00378731,0.00000000,0.00336469,0.00163200,0.00420438,0.38037425,0.00539122,0.00000000,0.44985448,0.00976246,0.00566772,0.00000000,0.01983773,0.25965822,0.00537061,0.05993384,0.00241299,2.49614883,0.06629837,0.01371157,0.45252512,0.08534768,0.02122640,0.03591189,0.00000000,0.00000000,0.00000000,0.00000000,0.00000000,0.00000000,0.00000000,0.00000000,0.00000000,0.00000000,0.00000000,0.00000000,0.00000000,0.00000000,0.00000000,0.00000000,0.00000000,0.00000000,0.00000000,0.00000000,0.00000000,0.00000000,0.00000000,0.00000000,0.00000000,0.00000000,0.00000000,0.00000000,0.00000000,0.00000000,0.00488072,0.00000000,0.00000000,0.00000000,0.00000000,0.00000000,0.00000000,0.00000000,0.00000000,0.00000000,0.00607991,0.00815851,0.00000000,0.00000000,0.00000000,0.00000000,0.09875453,0.01598471,0.00000000,0.00068819,0.00000000,0.00000000,0.00000000,0.00000000,0.00000000,0.00000000,0.01458480,0.00000000,0.00000000,0.00000000,0.00000000,0.00000000,0.00000000,0.00000000,0.01666871,0.00000000,0.00000000,0.00000000,0.00000000,0.00000000,0.00628124,0.00000000,0.00000000,0.02124139,0.00000000,0.00000000,0.00000000,0.00000000,0.00000000,0.00000000,0.00000000
0.00684725,0.01268723,0.00737347,0.04405931,0.00888907,0.07407493,0.00986377,0.04194195,0.15271552,0.07745178,0.06545887,0.07021023,0.00818283,0.12307516,0.09716997,0.00743920,0.02744037,0.03735976,0.00457691,0.01444617,0.02048623,0.00147763,0.01229179,0.12044520,0.00230441,0.00483115,0.02550064,0.07174820,0.16136172,0.03536348,0.02483817,0.00098875,0.07857862,0.24432807,0.01921458,0.01444582,0.00327897,0.01604835,0.22776301,0.06302551,0.13729520,0.06779329,0.30729236,0.14535300,0.08153427,0.03881684,0.09018368,0.01453729,1.16637345,0.09775056,0.08336290,0.21505663,0.60065537,0.90933748,0.00968762,0.07568831,0.00513519,2.93183478,0.00099235,0.02632236,0.09700184,1.21523527,0.01239513,3.38889350,0.06564135,0.00545957,0.09139008,2.46623478,0.01983773,0.00000000,0.06218615,1.83039014,1.42632780,0.07638649,0.07557066,3.57099607,0.88651583,0.63313568,0.30997395,0.09007636,0.03006700,0.00000000,0.00000000,0.00000000,0.00000000,0.00000000,0.00000000,0.00000000,0.00000000,0.00000000,0.00000000,0.00000000,0.00000000,0.00000000,0.00000000,0.00000000,0.00000000,0.00000000,0.00000000,0.00000000,0.00000000,0.00000000,0.00000000,0.00000000,0.00000000,0.00000000,0.00000000,0.00000000,0.00000000,0.00000000,0.00000000,0.00000000,0.00000000,0.00000000,0.00000000,0.00000000,0.00000000,0.00000000,0.00000000,0.00000000,0.00000000,0.00000000,0.01386973,0.00000000,0.00000000,0.00000000,0.00000000,0.00000000,0.01115817,0.00000000,0.00000000,0.00000000,0.00000000,0.00000000,0.00000000,0.00000000,0.00000000,0.00083958,0.00000000,0.00000000,0.00000000,0.00000000,0.00000000,0.00000000,0.00000000,0.00000000,0.00000000,0.00000000,0.00000000,0.00000000,0.00000000,0.00000000,0.00000000,0.00000000,0.00000000,0.00000000,0.00000000,0.00000000,0.00000000,0.00000000,0.00000000,0.00000000
0.00000000,0.00000000,0.00000000,0.00257082,0.00704715,0.00096435,0.00000000,0.01663431,0.00109853,0.00000000,0.00899793,0.00000000,0.02268661,0.00365140,0.00000000,0.00869486,0.00298713,0.00000000,0.02620582,0.00716433,0.00000000,0.01105271,0.01396228,0.00000000,0.02933096,0.03363771,0.00691383,0.00199471,0.00090015,0.00281847,0.02978180,0.02317372,0.00000000,0.00102260,0.05757217,0.00000000,0.09453082,0.07626507,0.01573926,0.00135817,0.11981381,0.00000000,0.07041226,0.00271126,0.00000000,0.35984103,1.43686471,0.01877026,0.00579283,0.23972943,0.87662483,0.00781186,0.00291739,0.00683811,0.01429659,0.70487334,1.19999609,0.00733101,0.00000000,1.26440522,0.00000000,0.05993083,0.02102510,0.00706391,0.00000000,1.75264968,3.02285885,0.02942033,0.25965822,0.06218615,0.00000000,0.00434953,1.36760465,0.00118676,2.28583308,0.15926842,0.00540003,1.66297657,0.07885423,0.00560230,0.00897613,0.00000000,0.00000000,0.00000000,0.00000000,0.00000000,0.00000000,0.00000000,0.00000000,0.00000000,0.00000000,0.00000000,0.00000000,0.00000000,0.00000000,0.00000000,0.00000000,0.00000000,0.00000000,0.00000000,0.00000000,0.00000000,0.00000000,0.00000000,0.00000000,0.00000000,0.00000000,0.00000000,0.00000000,0.00000000,0.00000000,0.00063335,0.00000000,0.00000000,0.00000000,0.00000000,0.00000000,0.00000000,0.00000000,0.00000000,0.00000000,0.00000000,0.00878565,0.00000000,0.00000000,0.00000000,0.00000000,0.00000000,0.00461023,0.00000000,0.00000000,0.00000000,0.00000000,0.00000000,0.00000000,0.00000000,0.00000000,0.00111629,0.00000000,0.00000000,0.00000000,0.00000000,0.00000000,0.00000000,0.00000000,0.00000000,0.00000000,0.00000000,0.00000000,0.00000000,0.00000000,0.00000000,0.00000000,0.00000000,0.00000000,0.00000000,0.00000000,0.00000000,0.00000000,0.00000000,0.00000000,0.00000000
0.00606171,0.01188157,0.00712302,0.02969646,0.00586903,0.05211023,0.01002936,0.02193807,0.05467646,0.02086456,0.01951963,0.06003671,0.00312857,0.01435821,0.04148315,0.00000000,0.00306971,0.00378181,0.00000000,0.00243773,0.01975712,0.00000000,0.00000000,0.02008944,0.00000000,0.00000000,0.00000000,0.00454703,0.10172298,0.00110179,0.00546678,0.00000000,0.00803994,0.08848488,0.00000000,0.01978186,0.00000000,0.00000000,0.00398541,0.00000000,0.01694099,0.08422054,0.00381899,0.00307066,0.09022236,0.00353896,0.00228988,0.00112357,0.09111883,0.00733727,0.00000000,0.00099177,1.19711005,0.00470274,0.00000000,0.00766338,0.00000000,0.03523144,0.00293997,0.00000000,0.36310171,0.00659610,0.00227851,2.21706747,0.47728971,0.00000000,0.00154104,0.02861369,0.00537061,1.83039014,0.00434953,0.00000000,0.05509263,1.76250065,0.02689241,0.87311164,3.36727402,0.18124440,0.18981906,0.34801031,0.07041731,0.00000000,0.00000000,0.00000000,0.00000000,0.00000000,0.00000000,0.00000000,0.00000000,0.00000000,0.00000000,0.00000000,0.00000000,0.00000000,0.00000000,0.00000000,0.00000000,0.00000000,0.00000000,0.00000000,0.00000000,0.00000000,0.00000000,0.00000000,0.00000000,0.00000000,0.00000000,0.00000000,0.00000000,0.00000000,0.00000000,0.00000000,0.00000000,0.00000000,0.00000000,0.00000000,0.00000000,0.00000000,0.00000000,0.00000000,0.00000000,0.00000000,0.00000000,0.00000000,0.00000000,0.00000000,0.00000000,0.00000000,0.00000000,0.00000000,0.00000000,0.00000000,0.00000000,0.00000000,0.00000000,0.00000000,0.00000000,0.00000000,0.00000000,0.00000000,0.00000000,0.00000000,0.00000000,0.00000000,0.00000000,0.00000000,0.00000000,0.00000000,0.00000000,0.00000000,0.00000000,0.00000000,0.00000000,0.00000000,0.00000000,0.00000000,0.00000000,0.00000000,0.00000000,0.00000000,0.00000000,0.00000000
0.00000000,0.00061876,0.00116464,0.00765282,0.00659191,0.00755938,0.00000000,0.02068177,0.01584116,0.00704866,0.01933903,0.00793336,0.01488907,0.01337010,0.00895823,0.01186207,0.01167211,0.00203853,0.01670404,0.01030572,0.00182700,0.00754847,0.03381703,0.00817208,0.01472937,0.02503484,0.02510167,0.00815017,0.01619577,0.01034872,0.03836983,0.00978263,0.00507905,0.02008818,0.11581213,0.00000000,0.02920282,0.05716529,0.07355643,0.00710878,0.19769472,0.00720155,0.45048972,0.00962598,0.00637789,0.14789653,0.50394907,0.02790007,0.03175651,0.20890984,0.83266648,0.08938950,0.03187005,0.07471118,0.01877510,0.25226273,0.06423773,0.08765302,0.00000000,0.38366929,0.01019639,1.91592864,0.02488329,0.12032326,0.00555745,0.06577339,2.73219573,1.20817179,0.05993384,1.42632780,1.36760465,0.05509263,0.00000000,0.00735943,0.29206723,1.80888239,0.03434511,1.73219993,0.33575231,0.01959453,0.01408343,0.00000000,0.00000000,0.00000000,0.00000000,0.00000000,0.00000000,0.00000000,0.00000000,0.00000000,0.00000000,0.00000000,0.00000000,0.00000000,0.00000000,0.00000000,0.00000000,0.00000000,0.00000000,0.00000000,0.00000000,0.00000000,0.00000000,0.00000000,0.00000000,0.00000000,0.00000000,0.00000000,0.00000000,0.00000000,0.00000000,0.00000000,0.00000000,0.00000000,0.00000000,0.00000000,0.00000000,0.00000000,0.00000000,0.00000000,0.00000000,0.00000000,0.01594397,0.00000000,0.00000000,0.00000000,0.00000000,0.00000000,0.00382813,0.00000000,0.00000000,0.00000000,0.00000000,0.00000000,0.00000000,0.00000000,0.00000000,0.00000000,0.00000000,0.00000000,0.00000000,0.00000000,0.00000000,0.00000000,0.00000000,0.00000000,0.00000000,0.00000000,0.00000000,0.00000000,0.00000000,0.00000000,0.00000000,0.00000000,0.00000000,0.00000000,0.00000000,0.00000000,0.00000000,0.00000000,0.00000000,0.00000000
0.01297315,0.02280189,0.01214933,0.02355391,0.01000283,0.04566843,0.01897876,0.02649362,0.02499448,0.00474436,0.00903185,0.08700651,0.00338268,0.00399054,0.01363469,0.00000000,0.00000000,0.00000000,0.00000000,0.00448822,0.05158394,0.00000000,0.00000000,0.00502595,0.00000000,0.00000000,0.00000000,0.00000000,0.07375941,0.00000000,0.00588295,0.00000000,0.00140033,0.02897458,0.00000000,0.06819443,0.00000000,0.00000000,0.00112427,0.00000000,0.01364621,0.10728584,0.00000000,0.00084113,0.07201492,0.00000000,0.00000000,0.00138308,0.01554506,0.00369485,0.00000000,0.00000000,0.24711633,0.00113827,0.00000000,0.00328807,0.00000000,0.00625437,0.01832321,0.00000000,0.77378859,0.00080874,0.00133540,0.19788311,0.61879004,0.00000000,0.00000000,0.00327609,0.00241299,0.07638649,0.00118676,1.76250065,0.00735943,0.00000000,0.01726454,0.12480220,0.75141729,0.07665477,0.06482531,0.23335025,0.09668324,0.00000000,0.00000000,0.00000000,0.00000000,0.00000000,0.00000000,0.00000000,0.00000000,0.00000000,0.00000000,0.00000000,0.00000000,0.00000000,0.00000000,0.00000000,0.00000000,0.00000000,0.00000000,0.00000000,0.00000000,0.00000000,0.00000000,0.00000000,0.00000000,0.00000000,0.00000000,0.00000000,0.00000000,0.00000000,0.00000000,0.00000000,0.00000000,0.00000000,0.00000000,0.00000000,0.00000000,0.00000000,0.00000000,0.00000000,0.00000000,0.00000000,0.00000000,0.00000000,0.00000000,0.00000000,0.00000000,0.00000000,0.00000000,0.00000000,0.00000000,0.00000000,0.00000000,0.00000000,0.00000000,0.00000000,0.00000000,0.00000000,0.00000000,0.00000000,0.00000000,0.00000000,0.00000000,0.00000000,0.00000000,0.00000000,0.00000000,0.00000000,0.00000000,0.00000000,0.00000000,0.00000000,0.00000000,0.00000000,0.00000000,0.00000000,0.00000000,0.00000000,0.00000000,0.00000000,0.00000000,0.00000000
0.00000000,0.00000000,0.00000000,0.00334945,0.00720170,0.00412914,0.00000000,0.01226753,0.00670304,0.00230063,0.00549559,0.00388385,0.01772838,0.00602089,0.00317003,0.00229399,0.00155677,0.00000000,0.00690554,0.01827572,0.00000000,0.01069660,0.00293206,0.00215433,0.01096743,0.00602899,0.00377428,0.00553596,0.00793574,0.00480789,0.06322210,0.01174475,0.00213921,0.00509490,0.00667514,0.00000000,0.02168118,0.08772166,0.01195711,0.00062092,0.21262366,0.00498884,0.01367663,0.00656839,0.00335789,0.30652217,0.28282305,0.04749377,0.01457357,0.40686677,0.03752514,0.00394877,0.01614083,0.00647147,0.05261094,1.54729773,0.32858027,0.01335721,0.00000000,0.02994170,0.01070526,0.01225681,0.16306841,0.02278689,0.00533599,0.91173472,0.12525169,0.01563617,2.49614883,0.07557066,2.28583308,0.02689241,0.29206723,0.01726454,0.00000000,0.28460104,0.04940284,3.95073700,0.41148957,0.08379823,0.16137082,0.00000000,0.00000000,0.00000000,0.00000000,0.00000000,0.00000000,0.00000000,0.00000000,0.00000000,0.00000000,0.00000000,0.00000000,0.00000000,0.00000000,0.00000000,0.00000000,0.00000000,0.00000000,0.00000000,0.00000000,0.00000000,0.00000000,0.00000000,0.00000000,0.00000000,0.00000000,0.00000000,0.00000000,0.00000000,0.00000000,0.00870402,0.00000000,0.00000000,0.00000000,0.00000000,0.00000000,0.00000000,0.00000000,0.00000000,0.00000000,0.00957558,0.01617552,0.00000000,0.00000000,0.00000000,0.00000000,0.11074757,0.03194694,0.00000000,0.00000000,0.00000000,0.00000000,0.00000000,0.00000000,0.00000000,0.00000000,0.02772315,0.00000000,0.00000000,0.00000000,0.00000000,0.00000000,0.00000000,0.00000000,0.01809301,0.00000000,0.00000000,0.00000000,0.00000000,0.00000000,0.00061755,0.00000000,0.00000000,0.02532873,0.00000000,0.00000000,0.00000000,0.00000000,0.00000000,0.00000000,0.00000000
0.00264700,0.00633879,0.00555481,0.03003059,0.00807618,0.04342910,0.00582668,0.02860208,0.06326862,0.02569506,0.02812773,0.04048574,0.00970422,0.03037159,0.04312191,0.00476162,0.00981315,0.00873916,0.00441545,0.01425527,0.01165691,0.00193663,0.00677190,0.03162407,0.00359634,0.00510437,0.00919841,0.01550821,0.07336976,0.00959949,0.02942549,0.00162490,0.01601399,0.08834589,0.01528781,0.00951735,0.00457454,0.02163156,0.03850778,0.00653088,0.13606651,0.04092244,0.09586926,0.02069338,0.04940326,0.04874290,0.08344197,0.01989920,0.11474603,0.09353335,0.05375488,0.02730239,0.20652866,0.05244368,0.01452941,0.12907494,0.01187154,0.15983112,0.00123565,0.01998840,0.08823945,0.22765163,0.03204094,0.71227681,0.06121413,0.01586007,0.07682217,0.40574318,0.06629837,3.57099607,0.15926842,0.87311164,1.80888239,0.12480220,0.28460104,0.00000000,1.32023461,1.67095849,1.90183554,0.78902303,0.15286899,0.00000000,0.00000000,0.00000000,0.00000000,0.00000000,0.00000000,0.00000000,0.00000000,0.00000000,0.00000000,0.00000000,0.00000000,0.00000000,0.00000000,0.00000000,0.00000000,0.00000000,0.00000000,0.00000000,0.00000000,0.00000000,0.00000000,0.00000000,0.00000000,0.00000000,0.00000000,0.00000000,0.00000000,0.00000000,0.00000000,0.00000000,0.00000000,0.00000000,0.00000000,0.00000000,0.00000000,0.00000000,0.00000000,0.00000000,0.00000000,0.00000000,0.01082310,0.00000000,0.00000000,0.00000000,0.00000000,0.00000000,0.00597159,0.00000000,0.00000000,0.00000000,0.00000000,0.00000000,0.00000000,0.00000000,0.00000000,0.00000000,0.00000000,0.00000000,0.00000000,0.00000000,0.00000000,0.00000000,0.00000000,0.00000000,0.00000000,0.00000000,0.00000000,0.00000000,0.00000000,0.00000000,0.00000000,0.00000000,0.00000000,0.00000000,0.00000000,0.00000000,0.00000000,0.00000000,0.00000000,0.00000000
0.00366386,0.00950865,0.00492339,0.02931323,0.00488843,0.04447294,0.00714468,0.02364015,0.03780682,0.01235186,0.01687013,0.05012152,0.00341206,0.01165610,0.02599319,0.00000000,0.00138864,0.00253647,0.00000000,0.00546731,0.01516790,0.00000000,0.00000000,0.01096059,0.00000000,0.00000000,0.00000000,0.00449061,0.07367476,0.00235701,0.01085296,0.00000000,0.00467499,0.04952043,0.00000000,0.01403184,0.00000000,0.00212775,0.00657354,0.00000000,0.03276106,0.05266418,0.00455534,0.00375387,0.05150230,0.00609286,0.00286846,0.00436211,0.02997557,0.01275183,0.00111297,0.00136311,0.25548933,0.00491932,0.00320067,0.01504498,0.00000000,0.02121159,0.00147299,0.00000000,0.18161074,0.00604121,0.00781547,0.52035762,0.14963494,0.00000000,0.00163483,0.01695788,0.01371157,0.88651583,0.00540003,3.36727402,0.03434511,0.75141729,0.04940284,1.32023461,0.00000000,0.30734935,0.27402841,1.28353162,0.11191789,0.00000000,0.00000000,0.00000000,0.00000000,0.00000000,0.00000000,0.00000000,0.00000000,0.00000000,0.00000000,0.00000000,0.00000000,0.00000000,0.00000000,0.00000000,0.00000000,0.00000000,0.00000000,0.00000000,0.00000000,0.00000000,0.00000000,0.00000000,0.00000000,0.00000000,0.00000000,0.00000000,0.00000000,0.00000000,0.00000000,0.00000000,0.00000000,0.00000000,0.00000000,0.00000000,0.00000000,0.00000000,0.00000000,0.00000000,0.00000000,0.00000000,0.00000000,0.00000000,0.00000000,0.00000000,0.00000000,0.00000000,0.00000000,0.00000000,0.00000000,0.00000000,0.00000000,0.00000000,0.00000000,0.00000000,0.00000000,0.00000000,0.00000000,0.00000000,0.00000000,0.00000000,0.00000000,0.00000000,0.00000000,0.00000000,0.00000000,0.00000000,0.00000000,0.00000000,0.00000000,0.00000000,0.00000000,0.00000000,0.00000000,0.00000000,0.00000000,0.00000000,0.00000000,0.00000000,0.00000000,0.00000000
0.00094217,0.00365909,0.00245196,0.01190155,0.00936394,0.01995260,0.00292142,0.02518926,0.02538646,0.00879211,0.01618396,0.01779331,0.01529234,0.01746111,0.01636852,0.00521021,0.00673781,0.00246349,0.01151000,0.02074358,0.00663160,0.00899867,0.00809416,0.01105617,0.01115352,0.01155126,0.00886092,0.00945750,0.03589657,0.00837818,0.06110904,0.00878687,0.00696154,0.02586981,0.01895738,0.00565915,0.02294273,0.06525035,0.02607629,0.00355961,0.25251465,0.01924956,0.05737586,0.01231438,0.01589838,0.16622100,0.29073965,0.04237780,0.04168385,0.26218243,0.11351203,0.00957157,0.06196829,0.01957855,0.03694593,0.53548553,0.10738396,0.03305352,0.00000000,0.05714525,0.04010593,0.07905207,0.11746785,0.12234598,0.02899960,0.15109484,0.26015099,0.08129854,0.45252512,0.63313568,1.66297657,0.18124440,1.73219993,0.07665477,3.95073700,1.67095849,0.30734935,0.00000000,2.24718637,0.45346487,0.76622877,0.00000000,0.00000000,0.00000000,0.00000000,0.00000000,0.00000000,0.00000000,0.00000000,0.00000000,0.00000000,0.00000000,0.00000000,0.00000000,0.00000000,0.00000000,0.00000000,0.00000000,0.00000000,0.00000000,0.00000000,0.00000000,0.00000000,0.00000000,0.00000000,0.00000000,0.00000000,0.00000000,0.00000000,0.00000000,0.00000000,0.00356588,0.00000000,0.00000000,0.00000000,0.00000000,0.00000000,0.00000000,0.00000000,0.00000000,0.00000000,0.00298739,0.02006941,0.00000000,0.00000000,0.00000000,0.00000000,0.01390500,0.02103613,0.00000000,0.00000000,0.00000000,0.00000000,0.00000000,0.00000000,0.00000000,0.00000000,0.01202463,0.00000000,0.00000000,0.00000000,0.00000000,0.00000000,0.00000000,0.00000000,0.00048773,0.00000000,0.00000000,0.00000000,0.00000000,0.00000000,0.00000000,0.00000000,0.00000000,0.00250678,0.00000000,0.00000000,0.00000000,0.00000000,0.00000000,0.00000000,0.00000000
0.00000000,0.00218682,0.00176406,0.00892874,0.00255721,0.01317348,0.00117589,0.00952736,0.01537247,0.00487956,0.00831832,0.01229936,0.00376291,0.00658704,0.00946915,0.00000000,0.00196125,0.00068197,0.00103647,0.00670570,0.00447788,0.00097183,0.00223445,0.00645824,0.00157235,0.00160072,0.00114604,0.00464927,0.02916533,0.00248264,0.01951614,0.00096284,0.00336718,0.01975850,0.00265246,0.00434050,0.00283904,0.01407244,0.00897739,0.00000000,0.08376242,0.01484077,0.01211842,0.00511114,0.01253976,0.02582569,0.02505332,0.01331106,0.02623383,0.05823870,0.00966906,0.00273565,0.04587584,0.00843513,0.01017890,0.10150025,0.00843251,0.01939831,0.00000000,0.00539865,0.03286823,0.02117656,0.02813946,0.10097291,0.02111874,0.01173194,0.02088239,0.02695199,0.08534768,0.30997395,0.07885423,0.18981906,0.33575231,0.06482531,0.41148957,1.90183554,0.27402841,2.24718637,0.00000000,0.59848436,0.50721187,0.00000000,0.00000000,0.00000000,0.00000000,0.00000000,0.00000000,0.00000000,0.00000000,0.00000000,0.00000000,0.00000000,0.00000000,0.00000000,0.00000000,0.00000000,0.00000000,0.00000000,0.00000000,0.00000000,0.00000000,0.00000000,0.00000000,0.00000000,0.00000000,0.00000000,0.00000000,0.00000000,0.00000000,0.00000000,0.00000000,0.00000000,0.00000000,0.00000000,0.00000000,0.00000000,0.00000000,0.00000000,0.00000000,0.00000000,0.00000000,0.00000000,0.00448928,0.00000000,0.00000000,0.00000000,0.00000000,0.00000000,0.00103620,0.00000000,0.00000000,0.00000000,0.00000000,0.00000000,0.00000000,0.00000000,0.00000000,0.00000000,0.00000000,0.00000000,0.00000000,0.00000000,0.00000000,0.00000000,0.00000000,0.00000000,0.00000000,0.00000000,0.00000000,0.00000000,0.00000000,0.00000000,0.00000000,0.00000000,0.00000000,0.00000000,0.00000000,0.00000000,0.00000000,0.00000000,0.00000000,0.00000000
0.00091624,0.00287184,0.00101555,0.00865075,0.00270950,0.01128040,0.00251294,0.00746396,0.00853664,0.00378913,0.00301529,0.01839625,0.00091760,0.00322803,0.00722559,0.00000000,0.00000000,0.00000000,0.00000000,0.00427498,0.00869657,0.00000000,0.00000000,0.00453654,0.00000000,0.00000000,0.00000000,0.00224580,0.01855226,0.00000000,0.01206977,0.00000000,0.00148255,0.01024654,0.00000000,0.00723214,0.00000000,0.00299258,0.00355640,0.00000000,0.03751228,0.01530542,0.00180191,0.00111823,0.01188889,0.00442590,0.00165656,0.00649519,0.01311404,0.01345034,0.00000000,0.00000000,0.04844664,0.00169588,0.00469150,0.01976234,0.00000000,0.00622017,0.00071334,0.00000000,0.06550345,0.00144068,0.01480853,0.07186738,0.04270752,0.00072487,0.00107763,0.00469776,0.02122640,0.09007636,0.00560230,0.34801031,0.01959453,0.23335025,0.08379823,0.78902303,1.28353162,0.45346487,0.59848436,0.00000000,0.37343084,0.00000000,0.00000000,0.00000000,0.00000000,0.00000000,0.00000000,0.00000000,0.00000000,0.00000000,0.00000000,0.00000000,0.00000000,0.00000000,0.00000000,0.00000000,0.00000000,0.00000000,0.00000000,0.00000000,0.00000000,0.00000000,0.00000000,0.00000000,0.00000000,0.00000000,0.00000000,0.00000000,0.00000000,0.00000000,0.00000000,0.00000000,0.00000000,0.00000000,0.00000000,0.00000000,0.00000000,0.00000000,0.00000000,0.00000000,0.00000000,0.00000000,0.00000000,0.00000000,0.00000000,0.00000000,0.00000000,0.00000000,0.00000000,0.00000000,0.00000000,0.00000000,0.00000000,0.00000000,0.00000000,0.00000000,0.00000000,0.00000000,0.00000000,0.00000000,0.00000000,0.00000000,0.00000000,0.00000000,0.00000000,0.00000000,0.00000000,0.00000000,0.00000000,0.00000000,0.00000000,0.00000000,0.00000000,0.00000000,0.00000000,0.00000000,0.00000000,0.00000000,0.00000000,0.00000000,0.00000000,0.00000000
0.00000000,0.00130591,0.00000000,0.00290521,0.00255546,0.00512775,0.00000000,0.00320622,0.00441040,0.00000000,0.00000000,0.00830719,0.00125359,0.00175527,0.00193004,0.00000000,0.00000000,0.00000000,0.00000000,0.01111909,0.00394518,0.00000000,0.00000000,0.00105925,0.00000000,0.00000000,0.00000000,0.00000000,0.00651701,0.00000000,0.02576726,0.00000000,0.00000000,0.00403973,0.00000000,0.00488490,0.00000000,0.00564948,0.00312921,0.00000000,0.07437458,0.00858787,0.00206006,0.00075476,0.00492021,0.00497725,0.00190190,0.01525219,0.00702837,0.01642079,0.00000000,0.00000000,0.01721931,0.00148438,0.00719068,0.02936621,0.00078644,0.00454245,0.00066727,0.00000000,0.03170814,0.00000000,0.02812547,0.02135534,0.01536553,0.00115521,0.00000000,0.00231028,0.03591189,0.03006700,0.00897613,0.07041731,0.01408343,0.09668324,0.16137082,0.15286899,0.11191789,0.76622877,0.50721187,0.37343084,0.00000000,0.00000000,0.00000000,0.00000000,0.00000000,0.00000000,0.00000000,0.00000000,0.00000000,0.00000000,0.00000000,0.00000000,0.00000000,0.00000000,0.00000000,0.00000000,0.00000000,0.00000000,0.00000000,0.00000000,0.00000000,0.00000000,0.00000000,0.00000000,0.00000000,0.00000000,0.00000000,0.00000000,0.00000000,0.00000000,0.00000000,0.00000000,0.00000000,0.00000000,0.00000000,0.00000000,0.00000000,0.00000000,0.00000000,0.00000000,0.00000000,0.00000000,0.00425019,0.00000000,0.00000000,0.00000000,0.00000000,0.00000000,0.00255735,0.00000000,0.00000000,0.00000000,0.00000000,0.00000000,0.00000000,0.00000000,0.00000000,0.00037543,0.00000000,0.00000000,0.00000000,0.00000000,0.00000000,0.00000000,0.00000000,0.00000000,0.00000000,0.00000000,0.00000000,0.00000000,0.00000000,0.00000000,0.00000000,0.00000000,0.00273133,0.00000000,0.00000000,0.00000000,0.00000000,0.00000000,0.00000000,0.00000000
0.00000000,0.00000000,0.00000000,0.00000000,0.00000000,0.00000000,0.00000000,0.00000000,0.00000000,0.00000000,0.00000000,0.00000000,0.00000000,0.00000000,0.00000000,0.00000000,0.00000000,0.00000000,0.00000000,0.00000000,0.00000000,0.00000000,0.00000000,0.00000000,0.00000000,0.00000000,0.00000000,0.00000000,0.00000000,0.00000000,0.00000000,0.00000000,0.00000000,0.00000000,0.00000000,0.00000000,0.00000000,0.00000000,0.00000000,0.00000000,0.00000000,0.00000000,0.00000000,0.00000000,0.00000000,0.00000000,0.00000000,0.00000000,0.00000000,0.00000000,0.00000000,0.00000000,0.00000000,0.00000000,0.00000000,0.00000000,0.00000000,0.00000000,0.00000000,0.00000000,0.00000000,0.00000000,0.00000000,0.00000000,0.00000000,0.00000000,0.00000000,0.00000000,0.00000000,0.00000000,0.00000000,0.00000000,0.00000000,0.00000000,0.00000000,0.00000000,0.00000000,0.00000000,0.00000000,0.00000000,0.00000000,0.00000000,3.55900303,3.10444491,0.92788967,0.25954178,0.29403381,0.85460795,0.15434965,0.21426608,0.01129628,0.08258081,0.03493109,0.03912353,0.02490639,0.02141409,0.03471473,0.02684205,0.02006451,0.00689672,0.00575750,0.07009335,0.00291338,0.00406064,0.01365818,0.00304146,0.02589340,0.00194147,0.00289082,0.00733018,0.00801147,0.02775083,0.00088439,0.00000000,0.10202849,0.01583741,0.00113126,0.00130646,0.00573080,0.03341589,0.00081085,0.00274609,0.00592312,0.00000000,0.00582857,0.00540417,0.00094319,0.01041575,0.00145549,0.05349641,0.00648164,0.01733761,0.04311743,0.00000000,0.00000000,0.00000000,0.03873138,0.00000000,0.00515004,0.00000000,0.01455380,0.00326902,0.00923121,0.00000000,0.00000000,0.00000000,0.06155866,0.01349625,0.00000000,0.02156408,0.00000000,0.00000000,0.01210815,0.01289068,0.00000000,0.00258522,0.02524845,0.04146386,0.00853108,0.00725236,0.01573769,0.00000000
0.00000000,0.00000000,0.00000000,0.00000000,0.00000000,0.00000000,0.00000000,0.00000000,0.00000000,0.00000000,0.00000000,0.00000000,0.00000000,0.00000000,0.00000000,0.00000000,0.00000000,0.00000000,0.00000000,0.00000000,0.00000000,0.00000000,0.00000000,0.00000000,0.00000000,0.00000000,0.00000000,0.00000000,0.00000000,0.00000000,0.00000000,0.00000000,0.00000000,0.00000000,0.00000000,0.00000000,0.00000000,0.00000000,0.00000000,0.00000000,0.00000000,0.00000000,0.00000000,0.00000000,0.00000000,0.00000000,0.00000000,0.00000000,0.00000000,0.00000000,0.00000000,0.00000000,0.00000000,0.00000000,0.00000000,0.00000000,0.00000000,0.00000000,0.00000000,0.00000000,0.00000000,0.00000000,0.00000000,0.00000000,0.00000000,0.00000000,0.00000000,0.00000000,0.00000000,0.00000000,0.00000000,0.00000000,0.00000000,0.00000000,0.00000000,0.00000000,0.00000000,0.00000000,0.00000000,0.00000000,0.00000000,3.55900303,0.00000000,0.46145369,1.45631692,2.12284137,3.38390024,0.55543095,1.29016980,0.99259691,0.00388368,0.40554656,0.10500649,0.02827167,0.04070594,0.03185736,0.12403537,0.03926720,0.02794520,0.00413370,0.01953048,0.13893035,0.00313600,0.00550844,0.01728791,0.00321025,0.06810215,0.00322859,0.00254460,0.00868314,0.01808873,0.02498842,0.00000000,0.00000000,0.20377907,0.04935715,0.00127513,0.00210255,0.00779548,0.07094654,0.00084108,0.00184869,0.00777262,0.00000000,0.00552937,0.00841833,0.00138402,0.02418696,0.00080858,0.08069370,0.00771729,0.04275295,0.09451685,0.00000000,0.00000000,0.00000000,0.06897355,0.00000000,0.01046801,0.00000000,0.04217073,0.00636037,0.02514708,0.00000000,0.00000000,0.00000000,0.11347892,0.03440163,0.00000000,0.05889619,0.00000000,0.00177291,0.02281041,0.03449254,0.00000000,0.00667640,0.04569601,0.08880526,0.01742977,0.01850840,0.03035337,0.00000000
0.00000000,0.00000000,0.00000000,0.00000000,0.00000000,0.00000000,0.00000000,0.00083843,0.00000000,0.00000000,0.00000000,0.00000000,0.00247259,0.00000000,0.00000000,0.00000000,0.00000000,0.00000000,0.00000000,0.00062581,0.00000000,0.00000000,0.00000000,0.00000000,0.00000000,0.00000000,0.00000000,0.00000000,0.00000000,0.00000000,0.00319916,0.00000000,0.00000000,0.00000000,0.00000000,0.00000000,0.00000000,0.00462606,0.00000000,0.00000000,0.00478423,0.00000000,0.00000000,0.00000000,0.00000000,0.00139208,0.00000000,0.00039244,0.00000000,0.00716057,0.00000000,0.00000000,0.00000000,0.00000000,0.00000000,0.00304839,0.00000000,0.00000000,0.00000000,0.00000000,0.00000000,0.00000000,0.00000000,0.00000000,0.00000000,0.00000000,0.00000000,0.00000000,0.00000000,0.00000000,0.00000000,0.00000000,0.00000000,0.00000000,0.00000000,0.00000000,0.00000000,0.00000000,0.00000000,0.00000000,0.00000000,3.10444491,0.46145369,0.00000000,0.37916701,0.07603767,0.10577309,2.76076920,0.10325257,0.23257674,2.59785684,0.04591289,0.02954735,1.87661816,0.05083719,0.09413789,0.01921373,0.02251694,0.02614952,0.53025856,0.00422780,0.02555892,0.02949177,0.02388216,0.04265816,0.00427846,0.01313159,0.00108066,0.00820360,0.00593759,0.00512088,1.01378117,0.01125200,0.00358385,0.04831348,0.01101768,0.00662068,0.00063718,0.00943717,0.01689580,0.00827217,0.07784231,0.26379609,0.00000000,0.01820157,0.00414160,0.00159128,0.06782337,0.08274236,0.02488614,0.03798602,0.01204573,0.02415537,0.00000000,0.00082443,0.00144631,0.02044303,0.02612771,0.00350657,0.00085022,0.00906658,0.00637465,0.00729061,0.00193189,0.00471045,0.01397273,0.03295819,0.00947737,0.00213269,0.01405605,0.00549369,0.01188531,0.00582647,0.01741952,0.01366164,0.00960954,0.01520014,0.02843527,0.02379060,0.00891356,0.01183525,0.00000000
0.00000000,0.00000000,0.00000000,0.00000000,0.00000000,0.00000000,0.00000000,0.00000000,0.00000000,0.00000000,0.00000000,0.00000000,0.00000000,0.00000000,0.00000000,0.00000000,0.00000000,0.00000000,0.00000000,0.00000000,0.00000000,0.00000000,0.00000000,0.00000000,0.00000000,0.00000000,0.00000000,0.00000000,0.00000000,0.00000000,0.00000000,0.00000000,0.00000000,0.00000000,0.00000000,0.00000000,0.00000000,0.00000000,0.00000000,0.00000000,0.00000000,0.00000000,0.00000000,0.00000000,0.00000000,0.00000000,0.00000000,0.00000000,0.00000000,0.00000000,0.00000000,0.00000000,0.00000000,0.00000000,0.00000000,0.00000000,0.00000000,0.00000000,0.00000000,0.00000000,0.00000000,0.00000000,0.00000000,0.00000000,0.00000000,0.00000000,0.00000000,0.00000000,0.00000000,0.00000000,0.00000000,0.00000000,0.00000000,0.00000000,0.00000000,0.00000000,0.00000000,0.00000000,0.00000000,0.00000000,0.00000000,0.92788967,1.45631692,0.37916701,0.00000000,0.03460220,0.28880846,1.43800205,0.57197033,1.29657284,0.00392240,0.08815353,0.05125872,0.03991611,0.03266318,0.03953754,0.02433755,0.01577300,0.01693550,0.00504054,0.00688841,0.00941344,0.00486750,0.00549587,0.01246809,0.00125642,0.01278422,0.00096840,0.00209127,0.00326724,0.00743319,0.03352698,0.00104657,0.00000000,0.03227801,0.01626926,0.00115663,0.00000000,0.00254531,0.01576221,0.00134490,0.00205612,0.00646648,0.00000000,0.00455624,0.00288983,0.00000000,0.01248592,0.00097941,0.01200967,0.00599336,0.01469891,0.02803711,0.00000000,0.00000000,0.00000000,0.01437177,0.00000000,0.00418877,0.00000000,0.01481319,0.00353650,0.01069691,0.00000000,0.00000000,0.00000000,0.03255501,0.01541825,0.00000000,0.02270397,0.00000000,0.00065099,0.00561067,0.01635364,0.00000000,0.00322412,0.01601393,0.03805689,0.00924514,0.00787105,0.01090172,0.00000000
0.00000000,0.00000000,0.00000000,0.00000000,0.00000000,0.00000000,0.00000000,0.00000000,0.00000000,0.00000000,0.00000000,0.00000000,0.00000000,0.00000000,0.00000000,0.00000000,0.00000000,0.00000000,0.00000000,0.00000000,0.00000000,0.00000000,0.00000000,0.00000000,0.00000000,0.00000000,0.00000000,0.00000000,0.00000000,0.00000000,0.00000000,0.00000000,0.00000000,0.00000000,0.00000000,0.00000000,0.00000000,0.00000000,0.00000000,0.00000000,0.00000000,0.00000000,0.00000000,0.00000000,0.00000000,0.00000000,0.00000000,0.00000000,0.00000000,0.00000000,0.00000000,0.00000000,0.00000000,0.00000000,0.00000000,0.00000000,0.00000000,0.00000000,0.00000000,0.00000000,0.00000000,0.00000000,0.00000000,0.00000000,0.00000000,0.00000000,0.00000000,0.00000000,0.00000000,0.00000000,0.00000000,0.00000000,0.00000000,0.00000000,0.00000000,0.00000000,0.00000000,0.00000000,0.00000000,0.00000000,0.00000000,0.25954178,2.12284137,0.07603767,0.03460220,0.00000000,1.31674388,0.06582842,0.06515807,0.05278763,0.00000000,0.29635558,0.02649679,0.00428585,0.00848714,0.00467067,0.15875196,0.01823983,0.00846661,0.00058156,0.00677754,0.54830416,0.00000000,0.00000000,0.00545919,0.00126594,0.07275554,0.00163701,0.00000000,0.00540757,0.00860146,0.00460208,0.00000000,0.00000000,0.38638178,0.02743636,0.00000000,0.00063086,0.00376702,0.07253016,0.00000000,0.00000000,0.00118446,0.00000000,0.00222922,0.00555356,0.00000000,0.00998118,0.00000000,0.12356089,0.00179220,0.02076070,0.07281797,0.00000000,0.00000000,0.00000000,0.08299567,0.00000000,0.00571313,0.00000000,0.02435038,0.00297820,0.01171598,0.00000000,0.00000000,0.00000000,0.10192761,0.01378537,0.00000000,0.02708245,0.00000000,0.00000000,0.02019592,0.01193680,0.00000000,0.00250506,0.03611430,0.03804066,0.00875217,0.00818033,0.01807577,0.00000000
0.00000000,0.00000000,0.00000000,0.00000000,0.00000000,0.00000000,0.00000000,0.00000000,0.00000000,0.00000000,0.00000000,0.00000000,0.00000000,0.00000000,0.00000000,0.00000000,0.00000000,0.00000000,0.00000000,0.00000000,0.00000000,0.00000000,0.00000000,0.00000000,0.00000000,0.00000000,0.00000000,0.00000000,0.00000000,0.00000000,0.00000000,0.00000000,0.00000000,0.00000000,0.00000000,0.00000000,0.00000000,0.00000000,0.00000000,0.00000000,0.00000000,0.00000000,0.00000000,0.00000000,0.00000000,0.00000000,0.00000000,0.00000000,0.00000000,0.00000000,0.00000000,0.00000000,0.00000000,0.00000000,0.00000000,0.00000000,0.00000000,0.00000000,0.00000000,0.00000000,0.00000000,0.00000000,0.00000000,0.00000000,0.00000000,0.00000000,0.00000000,0.00000000,0.00000000,0.00000000,0.00000000,0.00000000,0.00000000,0.00000000,0.00000000,0.00000000,0.00000000,0.00000000,0.00000000,0.00000000,0.00000000,0.29403381,3.38390024,0.10577309,0.28880846,1.31674388,0.00000000,0.22466776,3.36524913,0.74730100,0.00192130,3.38490969,0.93006227,0.01654348,0.06842204,0.03435363,0.44349010,0.07260934,0.04416633,0.00317446,0.08322961,0.10960094,0.00276231,0.00415403,0.01436587,0.00301352,0.13620095,0.00582099,0.00271345,0.00823757,0.04978276,0.01955163,0.00000000,0.00000000,0.24020101,0.12491767,0.00101764,0.00415251,0.00663192,0.08567281,0.00000000,0.00291095,0.00687596,0.00167744,0.00590830,0.01656842,0.00260821,0.03924616,0.00148389,0.04319071,0.00701564,0.10811100,0.12199066,0.00178068,0.00000000,0.00000000,0.05237061,0.00000000,0.02304490,0.00096199,0.07965635,0.01608057,0.07296712,0.00000000,0.00067448,0.00000000,0.11112251,0.07447227,0.00155676,0.09468691,0.00000000,0.00127452,0.01245293,0.07318817,0.00000000,0.01205425,0.04731546,0.12875995,0.02419447,0.02718182,0.02734201,0.00000000
0.00000000,0.00000000,0.00000000,0.00000000,0.00000000,0.00000000,0.00000000,0.00000000,0.00000000,0.00000000,0.00000000,0.00000000,0.00143500,0.00000000,0.00000000,0.00000000,0.00000000,0.00000000,0.00000000,0.00000000,0.00000000,0.00000000,0.00000000,0.00000000,0.00000000,0.00000000,0.00000000,0.00000000,0.00000000,0.00000000,0.00238006,0.00000000,0.00000000,0.00000000,0.00000000,0.00000000,0.00000000,0.00341228,0.00000000,0.00000000,0.00275453,0.00000000,0.00000000,0.00000000,0.00000000,0.00000000,0.00000000,0.00000000,0.00000000,0.00366832,0.00000000,0.00000000,0.00000000,0.00000000,0.00000000,0.00151029,0.00000000,0.00000000,0.00000000,0.00000000,0.00000000,0.00000000,0.00000000,0.00000000,0.00000000,0.00000000,0.00000000,0.00000000,0.00000000,0.00000000,0.00000000,0.00000000,0.00000000,0.00000000,0.00000000,0.00000000,0.00000000,0.00000000,0.00000000,0.00000000,0.00000000,0.85460795,0.55543095,2.76076920,1.43800205,0.06582842,0.22466776,0.00000000,0.46541999,2.36960266,0.09957917,0.13235274,0.09400011,2.07681390,0.19864302,1.04003973,0.04379378,0.04485405,0.07393811,0.21248156,0.01320545,0.02157736,0.12544494,0.09146248,0.12195555,0.00884433,0.02557400,0.00383497,0.01941453,0.01000443,0.01304174,0.87474522,0.02654634,0.01044907,0.05803551,0.02806545,0.02108189,0.00222837,0.01757810,0.02872993,0.02464504,0.04595667,0.10066304,0.00091308,0.04159787,0.00603632,0.00281559,0.09939893,0.02190417,0.02791005,0.09462723,0.02850924,0.05058910,0.00088618,0.00117097,0.00363010,0.03444854,0.00812864,0.00807493,0.00109901,0.02455506,0.00920082,0.02101429,0.00337504,0.00770266,0.00735414,0.06401464,0.02552744,0.00353549,0.04099043,0.00968245,0.00983791,0.01175570,0.03320707,0.00326671,0.01948113,0.03456243,0.07126271,0.03262409,0.01784906,0.02336739,0.00000000
0.00000000,0.00000000,0.00000000,0.00000000,0.00000000,0.00000000,0.00000000,0.00000000,0.00000000,0.00000000,0.00000000,0.00000000,0.00000000,0.00000000,0.00000000,0.00000000,0.00000000,0.00000000,0.00000000,0.00000000,0.00000000,0.00000000,0.00000000,0.00000000,0.00000000,0.00000000,0.00000000,0.00000000,0.00000000,0.00000000,0.00000000,0.00000000,0.00000000,0.00000000,0.00000000,0.00000000,0.00000000,0.00000000,0.00000000,0.00000000,0.00000000,0.00000000,0.00000000,0.00000000,0.00000000,0.00000000,0.00000000,0.00000000,0.00000000,0.00000000,0.00000000,0.00000000,0.00000000,0.00000000,0.00000000,0.00000000,0.00000000,0.00000000,0.00000000,0.00000000,0.00000000,0.00000000,0.00000000,0.00000000,0.00000000,0.00000000,0.00000000,0.00000000,0.00000000,0.00000000,0.00000000,0.00000000,0.00000000,0.00000000,0.00000000,0.00000000,0.00000000,0.00000000,0.00000000,0.00000000,0.00000000,0.15434965,1.29016980,0.10325257,0.57197033,0.06515807,3.36524913,0.46541999,0.00000000,4.90669664,0.00639471,1.23931748,4.61287531,0.05138648,3.10040305,0.35418073,0.12555064,0.59325356,2.26174753,0.00935342,0.14741149,0.01184535,0.01240883,0.02733408,0.29526030,0.05982739,0.03777800,0.02763535,0.04986220,0.04923167,0.09822936,0.07456000,0.00416439,0.00151429,0.03454445,0.09680062,0.01025344,0.01228297,0.04521780,0.02230854,0.00413411,0.03188624,0.02801578,0.00616850,0.04539801,0.03667382,0.00942755,0.16745367,0.00573924,0.00972820,0.03391876,0.14108909,0.06215442,0.00558741,0.00117044,0.00090708,0.01343695,0.00125760,0.05442089,0.00207324,0.05991174,0.03330749,0.09764031,0.00000000,0.00361508,0.00126853,0.04543838,0.12147682,0.00379246,0.07784670,0.00245523,0.00344225,0.00488311,0.11156767,0.00000000,0.01693010,0.03066610,0.12144107,0.02556236,0.02332100,0.01705431,0.00000000
0.00000000,0.00000000,0.00000000,0.00000000,0.00000000,0.00000000,0.00000000,0.00000000,0.00000000,0.00000000,0.00000000,0.00000000,0.00000000,0.00000000,0.00000000,0.00000000,0.00000000,0.00000000,0.00000000,0.00000000,0.00000000,0.00000000,0.00000000,0.00000000,0.00000000,0.00000000,0.00000000,0.00000000,0.00000000,0.00000000,0.00000000,0.00000000,0.00000000,0.00000000,0.00000000,0.00000000,0.00000000,0.00000000,0.00000000,0.00000000,0.00119214,0.00000000,0.00000000,0.00000000,0.00000000,0.00000000,0.00000000,0.00000000,0.00000000,0.00173084,0.00000000,0.00000000,0.00000000,0.00000000,0.00000000,0.00000000,0.00000000,0.00000000,0.00000000,0.00000000,0.00000000,0.00000000,0.00000000,0.00000000,0.00000000,0.00000000,0.00000000,0.00000000,0.00000000,0.00000000,0.00000000,0.00000000,0.00000000,0.00000000,0.00000000,0.00000000,0.00000000,0.00000000,0.00000000,0.00000000,0.00000000,0.21426608,0.99259691,0.23257674,1.29657284,0.05278763,0.74730100,2.36960266,4.90669664,0.00000000,0.01349417,0.28939321,0.44667544,0.37657825,2.60429900,2.69210457,0.07349435,0.11280719,0.28173551,0.03277469,0.04612107,0.01225781,0.07640943,0.18765864,0.32936630,0.01792440,0.03483409,0.00894042,0.03035642,0.01624961,0.02942433,0.24303171,0.01311030,0.00926449,0.03609975,0.04781961,0.02797421,0.00374562,0.02231231,0.02014443,0.01587176,0.03933264,0.04941759,0.00206045,0.05319398,0.01325270,0.00318725,0.10111275,0.00955326,0.01033603,0.08960389,0.05577567,0.05040702,0.00246792,0.00177420,0.00313872,0.01767775,0.00315375,0.01616307,0.00196737,0.04157724,0.01458786,0.04651583,0.00191339,0.00718885,0.00356703,0.05313286,0.05935426,0.00448758,0.05919754,0.00775802,0.00693774,0.00794452,0.06182326,0.00106365,0.02413764,0.02991090,0.10814613,0.03360391,0.02879365,0.02272023,0.00000000
0.00000000,0.00000000,0.00000000,0.00000000,0.00000000,0.00000000,0.00000000,0.00000000,0.00000000,0.00000000,0.00000000,0.00000000,0.00000000,0.00000000,0.00000000,0.00000000,0.00000000,0.00000000,0.00000000,0.00000000,0.00000000,0.00000000,0.00000000,0.00000000,0.00000000,0.00000000,0.00000000,0.00000000,0.00000000,0.00000000,0.00063016,0.00000000,0.00000000,0.00000000,0.00000000,0.00000000,0.00000000,0.00068138,0.00000000,0.00000000,0.00165636,0.00000000,0.00000000,0.00000000,0.00000000,0.00000000,0.00000000,0.00000000,0.00000000,0.00157060,0.00000000,0.00000000,0.00000000,0.00000000,0.00000000,0.00064903,0.00000000,0.00000000,0.00000000,0.00000000,0.00000000,0.00000000,0.00000000,0.00000000,0.00000000,0.00000000,0.00000000,0.00000000,0.00000000,0.00000000,0.00000000,0.00000000,0.00000000,0.00000000,0.00000000,0.00000000,0.00000000,0.00000000,0.00000000,0.00000000,0.00000000,0.01129628,0.00388368,2.59785684,0.00392240,0.00000000,0.00192130,0.09957917,0.00639471,0.01349417,0.00000000,0.00192752,0.00476779,0.55899752,0.00561499,0.01088804,0.00000000,0.00643264,0.00329190,1.10161014,0.00000000,0.00000000,0.00415864,0.00433433,0.00726520,0.00000000,0.00000000,0.00000000,0.00088231,0.00000000,0.00000000,0.84239144,0.00264528,0.00000000,0.00169747,0.00000000,0.00069686,0.00000000,0.00381348,0.00000000,0.00206598,0.02996681,0.18389884,0.00000000,0.00509415,0.00000000,0.00000000,0.02528865,0.05026171,0.00142407,0.01026774,0.00418524,0.00301210,0.00000000,0.00000000,0.00000000,0.00111844,0.01759766,0.00128346,0.00000000,0.00000000,0.00413430,0.00144468,0.00000000,0.00226530,0.00900701,0.00855442,0.00435092,0.00135852,0.00329668,0.00174191,0.00810509,0.00140294,0.01471731,0.01305946,0.00465793,0.00675409,0.01432704,0.02085731,0.00557009,0.01583224,0.00000000
0.00000000,0.00000000,0.00000000,0.00000000,0.00000000,0.00000000,0.00000000,0.00000000,0.00000000,0.00000000,0.00000000,0.00000000,0.00000000,0.00000000,0.00000000,0.00000000,0.00000000,0.00000000,0.00000000,0.00000000,0.00000000,0.00000000,0.00000000,0.00000000,0.00000000,0.00000000,0.00000000,0.00000000,0.00000000,0.00000000,0.00000000,0.00000000,0.00000000,0.00000000,0.00000000,0.00000000,0.00000000,0.00000000,0.00000000,0.00000000,0.00000000,0.00000000,0.00000000,0.00000000,0.00000000,0.00000000,0.00000000,0.00000000,0.00000000,0.00000000,0.00000000,0.00000000,0.00000000,0.00000000,0.00000000,0.00000000,0.00000000,0.00000000,0.00000000,0.00000000,0.00000000,0.00000000,0.00000000,0.00000000,0.00000000,0.00000000,0.00000000,0.00000000,0.00000000,0.00000000,0.00000000,0.00000000,0.00000000,0.00000000,0.00000000,0.00000000,0.00000000,0.00000000,0.00000000,0.00000000,0.00000000,0.08258081,0.40554656,0.04591289,0.08815353,0.29635558,3.38490969,0.13235274,1.23931748,0.28939321,0.00192752,0.00000000,3.68025475,0.01137529,0.08703937,0.03369322,3.65909805,1.03213616,0.11659427,0.00175595,2.43498012,0.09319735,0.00192960,0.00361405,0.01373226,0.00711863,0.87893154,0.06977908,0.00327322,0.03583115,0.94886689,0.01583554,0.00000000,0.00000000,0.49801147,1.53493113,0.00000000,0.02863496,0.01480872,0.15045790,0.00000000,0.00423978,0.01189561,0.00739438,0.00681978,0.11060266,0.01178861,0.09638646,0.00388028,0.02600520,0.00750639,0.82312079,0.26539510,0.00832602,0.00000000,0.00000000,0.03648147,0.00000000,0.11194289,0.00235966,0.16662406,0.05031324,0.24191678,0.00000000,0.00170257,0.00000000,0.07442632,0.20889462,0.00314761,0.14265166,0.00000000,0.00390718,0.00717313,0.13000957,0.00000000,0.01685604,0.03645069,0.13144424,0.02947745,0.03462031,0.01956578,0.00000000
0.00000000,0.00000000,0.00000000,0.00000000,0.00000000,0.00000000,0.00000000,0.00000000,0.00000000,0.00000000,0.00000000,0.00000000,0.00000000,0.00000000,0.00000000,0.00000000,0.00000000,0.00000000,0.00000000,0.00000000,0.00000000,0.00000000,0.00000000,0.00000000,0.00000000,0.00000000,0.00000000,0.00000000,0.00000000,0.00000000,0.00000000,0.00000000,0.00000000,0.00000000,0.00000000,0.00000000,0.00000000,0.00000000,0.00000000,0.00000000,0.00000000,0.00000000,0.00000000,0.00000000,0.00000000,0.00000000,0.00000000,0.00000000,0.00000000,0.00000000,0.00000000,0.00000000,0.00000000,0.00000000,0.00000000,0.00000000,0.00000000,0.00000000,0.00000000,0.00000000,0.00000000,0.00000000,0.00000000,0.00000000,0.00000000,0.00000000,0.00000000,0.00000000,0.00000000,0.00000000,0.00000000,0.00000000,0.00000000,0.00000000,0.00000000,0.00000000,0.00000000,0.00000000,0.00000000,0.00000000,0.00000000,0.03493109,0.10500649,0.02954735,0.05125872,0.02649679,0.93006227,0.09400011,4.61287531,0.44667544,0.00476779,3.68025475,0.00000000,0.01330490,0.47621063,0.06449183,0.21859241,6.75595928,3.10429815,0.00380075,0.99331880,0.00853473,0.00329555,0.00652184,0.11679567,0.25530889,0.03375560,0.23783043,0.04937440,0.32114285,0.64707020,0.02328689,0.00202740,0.00000000,0.01880759,0.25788016,0.00358862,0.07575273,0.16477032,0.01249899,0.00124890,0.01410919,0.01683058,0.02333075,0.05271380,0.17366605,0.02307072,0.24545630,0.00655878,0.00424311,0.02093398,0.47217586,0.04458615,0.01401444,0.00178078,0.00000000,0.00582092,0.00000000,0.12929441,0.00351004,0.05309915,0.05462950,0.14521521,0.00000000,0.00192913,0.00000000,0.01457545,0.12738984,0.00355879,0.04594030,0.00115438,0.00180842,0.00000000,0.08628951,0.00000000,0.01108835,0.00761237,0.04951782,0.01386061,0.01272554,0.00666114,0.00000000
0.00000000,0.00000000,0.00000000,0.00000000,0.00000000,0.00000000,0.00000000,0.00000000,0.00000000,0.00000000,0.00000000,0.00000000,0.00000000,0.00000000,0.00000000,0.00000000,0.00000000,0.00000000,0.00000000,0.00000000,0.00000000,0.00000000,0.00000000,0.00000000,0.00000000,0.00000000,0.00000000,0.00000000,0.00000000,0.00000000,0.00156696,0.00000000,0.00000000,0.00000000,0.00000000,0.00000000,0.00000000,0.00103382,0.00000000,0.00000000,0.00219360,0.00000000,0.00000000,0.00000000,0.00000000,0.00000000,0.00000000,0.00000000,0.00000000,0.00343729,0.00000000,0.00000000,0.00000000,0.00000000,0.00000000,0.00154583,0.00000000,0.00000000,0.00000000,0.00000000,0.00000000,0.00000000,0.00000000,0.00000000,0.00000000,0.00000000,0.00000000,0.00000000,0.00000000,0.00000000,0.00000000,0.00000000,0.00000000,0.00000000,0.00000000,0.00000000,0.00000000,0.00000000,0.00000000,0.00000000,0.00000000,0.03912353,0.02827167,1.87661816,0.03991611,0.00428585,0.01654348,2.07681390,0.05138648,0.37657825,0.55899752,0.01137529,0.01330490,0.00000000,0.06918830,1.22090356,0.00305797,0.00607586,0.01448215,0.95387429,0.00108222,0.00105888,0.63062270,0.14905920,0.07048160,0.00146580,0.00145335,0.00000000,0.00612292,0.00147482,0.00000000,1.83912673,0.04074294,0.01184125,0.00352349,0.00206697,0.01049978,0.00000000,0.00506608,0.00170396,0.02807726,0.10715295,0.10221869,0.00000000,0.01822761,0.00000000,0.00000000,0.07654126,0.04625776,0.00128371,0.07574966,0.00274069,0.00402793,0.00000000,0.00100990,0.00288984,0.00140807,0.01492191,0.00108454,0.00000000,0.00224493,0.00300311,0.00174598,0.00408803,0.00719315,0.00975090,0.00390921,0.00333542,0.00237421,0.00318985,0.00925975,0.00881041,0.00000000,0.00988880,0.00313321,0.01110981,0.00241635,0.00794976,0.01571104,0.00363583,0.00224192,0.00000000
0.00000000,0.00000000,0.00000000,0.00000000,0.00000000,0.00000000,0.00000000,0.00000000,0.00000000,0.00000000,0.00000000,0.00000000,0.00000000,0.00000000,0.00000000,0.00000000,0.00000000,0.00000000,0.00000000,0.00000000,0.00000000,0.00000000,0.00000000,0.00000000,0.00000000,0.00000000,0.00000000,0.00000000,0.00000000,0.00000000,0.00000000,0.00000000,0.00000000,0.00000000,0.00000000,0.00000000,0.00000000,0.00000000,0.00000000,0.00000000,0.00133788,0.00000000,0.00000000,0.00000000,0.00000000,0.00000000,0.00000000,0.00000000,0.00000000,0.00000000,0.00000000,0.00000000,0.00000000,0.00000000,0.00000000,0.00000000,0.00000000,0.00000000,0.00000000,0.00000000,0.00000000,0.00000000,0.00000000,0.00000000,0.00000000,0.00000000,0.00000000,0.00000000,0.00000000,0.00000000,0.00000000,0.00000000,0.00000000,0.00000000,0.00000000,0.00000000,0.00000000,0.00000000,0.00000000,0.00000000,0.00000000,0.02490639,0.04070594,0.05083719,0.03266318,0.00848714,0.06842204,0.19864302,3.10040305,2.60429900,0.00561499,0.08703937,0.47621063,0.06918830,0.00000000,1.95936832,0.01490218,0.16340260,2.17637384,0.00936300,0.02077340,0.00168595,0.03431411,0.37979006,3.74736626,0.05901043,0.00416767,0.00529020,0.30230826,0.01951642,0.01323197,0.11012805,0.01271549,0.00933166,0.00462654,0.01025618,0.16253780,0.00155894,0.05327479,0.00213306,0.02291043,0.07245097,0.03818984,0.00196578,0.36248629,0.00720588,0.00538981,0.21996149,0.00640027,0.00120898,0.25992923,0.01787022,0.00683682,0.00167358,0.00528206,0.00494971,0.00159918,0.00195613,0.00802356,0.00288504,0.00651727,0.01185923,0.01052543,0.00117269,0.00979355,0.00160208,0.00451969,0.01339298,0.00524009,0.00783370,0.00614857,0.00243080,0.00000000,0.02104050,0.00000000,0.01258864,0.00210067,0.01131175,0.01029283,0.00437586,0.00110495,0.00000000
0.00000000,0.00000000,0.00000000,0.00000000,0.00000000,0.00000000,0.00000000,0.00000000,0.00000000,0.00000000,0.00000000,0.00000000,0.00000000,0.00000000,0.00000000,0.00000000,0.00000000,0.00000000,0.00000000,0.00000000,0.00000000,0.00000000,0.00000000,0.00000000,0.00000000,0.00000000,0.00000000,0.00000000,0.00000000,0.00000000,0.00000000,0.00000000,0.00000000,0.00000000,0.00000000,0.00000000,0.00000000,0.00000000,0.00000000,0.00000000,0.00199002,0.00000000,0.00000000,0.00000000,0.00000000,0.00000000,0.00000000,0.00000000,0.00000000,0.00151242,0.00000000,0.00000000,0.00000000,0.00000000,0.00000000,0.00000000,0.00000000,0.00000000,0.00000000,0.00000000,0.00000000,0.00000000,0.00000000,0.00000000,0.00000000,0.00000000,0.00000000,0.00000000,0.00000000,0.00000000,0.00000000,0.00000000,0.00000000,0.00000000,0.00000000,0.00000000,0.00000000,0.00000000,0.00000000,0.00000000,0.00000000,0.02141409,0.03185736,0.09413789,0.03953754,0.00467067,0.03435363,1.04003973,0.35418073,2.69210457,0.01088804,0.03369322,0.06449183,1.22090356,1.95936832,0.00000000,0.00854998,0.02787635,0.11220935,0.04025507,0.00689294,0.00170746,0.98142631,2.94277506,1.76220738,0.00806871,0.00284180,0.00155673,0.04625980,0.00617131,0.00475197,0.58015713,0.15835725,0.08914101,0.00424019,0.00678674,0.12998649,0.00000000,0.01898106,0.00248314,0.12132056,0.09041531,0.05138971,0.00000000,0.13456720,0.00276632,0.00273377,0.12625175,0.01266114,0.00119021,0.47899897,0.00970597,0.00562792,0.00000000,0.00437840,0.01494502,0.00230368,0.00730436,0.00392513,0.00266787,0.00464894,0.00762504,0.00610664,0.01056154,0.02489844,0.00812140,0.00590035,0.01056898,0.00752738,0.00811342,0.03242323,0.01450985,0.00000000,0.02825597,0.00089865,0.03114301,0.00346011,0.01682241,0.02762070,0.00640779,0.00225341,0.00000000
0.00000000,0.00000000,0.00000000,0.00000000,0.00000000,0.00000000,0.00000000,0.00000000,0.00000000,0.00000000,0.00000000,0.00000000,0.00000000,0.00000000,0.00000000,0.00000000,0.00000000,0.00000000,0.00000000,0.00000000,0.00000000,0.00000000,0.00000000,0.00000000,0.00000000,0.00000000,0.00000000,0.00000000,0.00000000,0.00000000,0.00000000,0.00000000,0.00000000,0.00000000,0.00000000,0.00000000,0.00000000,0.00000000,0.00000000,0.00000000,0.00000000,0.00000000,0.00000000,0.00000000,0.00000000,0.00000000,0.00000000,0.00000000,0.00000000,0.00000000,0.00000000,0.00000000,0.00000000,0.00000000,0.00000000,0.00000000,0.00000000,0.00000000,0.00000000,0.00000000,0.00000000,0.00000000,0.00000000,0.00000000,0.00000000,0.00000000,0.00000000,0.00000000,0.00000000,0.00000000,0.00000000,0.00000000,0.00000000,0.00000000,0.00000000,0.00000000,0.00000000,0.00000000,0.00000000,0.00000000,0.00000000,0.03471473,0.12403537,0.01921373,0.02433755,0.15875196,0.44349010,0.04379378,0.12555064,0.07349435,0.00000000,3.65909805,0.21859241,0.00305797,0.01490218,0.00854998,0.00000000,0.07399635,0.01227746,0.00000000,0.81442476,0.41174478,0.00000000,0.00000000,0.00310823,0.00000000,1.78983731,0.01150015,0.00000000,0.00718105,0.46164484,0.00566480,0.00000000,0.00000000,0.74619046,1.73406347,0.00000000,0.00589867,0.00388513,0.28539430,0.00000000,0.00000000,0.00362341,0.00199432,0.00171187,0.02716426,0.00334846,0.02440756,0.00000000,0.04141661,0.00199185,0.44255959,0.28517511,0.00179182,0.00000000,0.00000000,0.03604873,0.00000000,0.03984166,0.00000000,0.10924039,0.01943281,0.11109874,0.00000000,0.00000000,0.00000000,0.06774829,0.09480122,0.00089004,0.09152747,0.00000000,0.00000000,0.00648341,0.06744934,0.00000000,0.00854354,0.02661446,0.09206683,0.01626539,0.02160615,0.01519438,0.00000000
0.00000000,0.00000000,0.00000000,0.00000000,0.00000000,0.00000000,0.00000000,0.00000000,0.00000000,0.00000000,0.00000000,0.00000000,0.00000000,0.00000000,0.00000000,0.00000000,0.00000000,0.00000000,0.00000000,0.00000000,0.00000000,0.00000000,0.00000000,0.00000000,0.00000000,0.00000000,0.00000000,0.00000000,0.00000000,0.00000000,0.00000000,0.00000000,0.00000000,0.00000000,0.00000000,0.00000000,0.00000000,0.00000000,0.00000000,0.00000000,0.00258169,0.00000000,0.00000000,0.00000000,0.00000000,0.00000000,0.00000000,0.00000000,0.00000000,0.00000000,0.00000000,0.00000000,0.00000000,0.00000000,0.00000000,0.00000000,0.00000000,0.00000000,0.00000000,0.00000000,0.00000000,0.00000000,0.00000000,0.00000000,0.00000000,0.00000000,0.00000000,0.00000000,0.00000000,0.00000000,0.00000000,0.00000000,0.00000000,0.00000000,0.00000000,0.00000000,0.00000000,0.00000000,0.00000000,0.00000000,0.00000000,0.02684205,0.03926720,0.02251694,0.01577300,0.01823983,0.07260934,0.04485405,0.59325356,0.11280719,0.00643264,1.03213616,6.75595928,0.00607586,0.16340260,0.02787635,0.07399635,0.00000000,3.04020637,0.00369294,2.40460296,0.00718780,0.00291778,0.00660499,0.16272172,2.78711725,0.01659881,5.17619279,0.31178745,5.50336385,3.04992632,0.02040147,0.00332009,0.00000000,0.01057010,0.27069992,0.00499758,0.78558461,1.45546433,0.00832366,0.00262839,0.01925710,0.02715152,0.15694479,0.25197541,0.98448065,0.11771531,0.53634888,0.01472006,0.00305695,0.09516501,0.84736263,0.02932311,0.04676996,0.00541396,0.00123381,0.00238130,0.00425746,0.21872109,0.01327386,0.02888400,0.12176289,0.10660332,0.00000000,0.00630732,0.00317579,0.00805782,0.10626526,0.00796614,0.02302207,0.00272105,0.00407858,0.00000000,0.07822593,0.00607281,0.01192728,0.00394573,0.02408849,0.02027653,0.00879996,0.00742014,0.00000000
0.00000000,0.00000000,0.00000000,0.00000000,0.00000000,0.00000000,0.00000000,0.00000000,0.00000000,0.00000000,0.00000000,0.00000000,0.00000000,0.00000000,0.00000000,0.00000000,0.00000000,0.00000000,0.00000000,0.00000000,0.00000000,0.00000000,0.00000000,0.00000000,0.00000000,0.00000000,0.00000000,0.00000000,0.00000000,0.00000000,0.00000000,0.00000000,0.00000000,0.00000000,0.00000000,0.00000000,0.00000000,0.00000000,0.00000000,0.00000000,0.00000000,0.00000000,0.00000000,0.00000000,0.00000000,0.00000000,0.00000000,0.00000000,0.00000000,0.00000000,0.00000000,0.00000000,0.00000000,0.00000000,0.00000000,0.00000000,0.00000000,0.00000000,0.00000000,0.00000000,0.00000000,0.00000000,0.00000000,0.00000000,0.00000000,0.00000000,0.00000000,0.00000000,0.00000000,0.00000000,0.00000000,0.00000000,0.00000000,0.00000000,0.00000000,0.00000000,0.00000000,0.00000000,0.00000000,0.00000000,0.00000000,0.02006451,0.02794520,0.02614952,0.01693550,0.00846661,0.04416633,0.07393811,2.26174753,0.28173551,0.00329190,0.11659427,3.10429815,0.01448215,2.17637384,0.11220935,0.01227746,3.04020637,0.00000000,0.00394383,0.04103496,0.00216882,0.00755860,0.03051531,2.34084152,1.20301656,0.00352063,0.02942575,1.03709471,0.26292329,0.03489743,0.04145884,0.00721529,0.00231084,0.00413528,0.01176988,0.04138788,0.01271242,0.49422675,0.00123326,0.00759599,0.04313099,0.02126206,0.00902295,0.61819349,0.02748812,0.02644471,0.38026688,0.00537476,0.00000000,0.11618073,0.03594386,0.00526590,0.00688802,0.00812909,0.00247155,0.00000000,0.00107868,0.02592770,0.01011893,0.00471946,0.04615227,0.01359212,0.00000000,0.00668515,0.00087129,0.00236017,0.01948994,0.00585218,0.00656098,0.00274328,0.00160678,0.00000000,0.02842560,0.00000000,0.00663545,0.00000000,0.00816660,0.00630881,0.00220918,0.00000000,0.00000000
0.00000000,0.00000000,0.00000000,0.00000000,0.00000000,0.00000000,0.00000000,0.00000000,0.00000000,0.00000000,0.00000000,0.00000000,0.00000000,0.00000000,0.00000000,0.00000000,0.00000000,0.00000000,0.00000000,0.00000000,0.00000000,0.00000000,0.00000000,0.00000000,0.00000000,0.00000000,0.00000000,0.00000000,0.00000000,0.00000000,0.00046594,0.00000000,0.00000000,0.00000000,0.00000000,0.00000000,0.00000000,0.00000000,0.00000000,0.00000000,0.00158145,0.00000000,0.00000000,0.00000000,0.00000000,0.00000000,0.00000000,0.00000000,0.00000000,0.00093806,0.00000000,0.00000000,0.00000000,0.00000000,0.00000000,0.00000000,0.00000000,0.00000000,0.00000000,0.00000000,0.00000000,0.00000000,0.00000000,0.00000000,0.00000000,0.00000000,0.00000000,0.00000000,0.00000000,0.00000000,0.00000000,0.00000000,0.00000000,0.00000000,0.00000000,0.00000000,0.00000000,0.00000000,0.00000000,0.00000000,0.00000000,0.00689672,0.00413370,0.53025856,0.00504054,0.00058156,0.00317446,0.21248156,0.00935342,0.03277469,1.10161014,0.00175595,0.00380075,0.95387429,0.00936300,0.04025507,0.00000000,0.00369294,0.00394383,0.00000000,0.00000000,0.00000000,0.03778683,0.01224766,0.01140053,0.00000000,0.00000000,0.00000000,0.00132982,0.00000000,0.00000000,1.68103285,0.00789186,0.00171910,0.00080749,0.00000000,0.00157247,0.00000000,0.00326627,0.00000000,0.00481265,0.04579822,0.18647398,0.00000000,0.00763759,0.00000000,0.00000000,0.03264437,0.05323180,0.00000000,0.01608849,0.00173087,0.00093542,0.00000000,0.00000000,0.00000000,0.00000000,0.01713679,0.00065919,0.00000000,0.00000000,0.00395033,0.00000000,0.00075928,0.00246022,0.01011977,0.00293160,0.00356168,0.00153069,0.00194853,0.00341791,0.00801240,0.00000000,0.01003218,0.01251852,0.00774670,0.00292949,0.00966549,0.01755449,0.00443595,0.00659315,0.00000000
0.00000000,0.00000000,0.00000000,0.00000000,0.00000000,0.00000000,0.00000000,0.00000000,0.00000000,0.00000000,0.00000000,0.00000000,0.00000000,0.00000000,0.00000000,0.00000000,0.00000000,0.00000000,0.00000000,0.00000000,0.00000000,0.00000000,0.00000000,0.00000000,0.00000000,0.00000000,0.00000000,0.00000000,0.00000000,0.00000000,0.00000000,0.00000000,0.00000000,0.00000000,0.00000000,0.00000000,0.00000000,0.00000000,0.00000000,0.00000000,0.00000000,0.00000000,0.00000000,0.00000000,0.00000000,0.00000000,0.00000000,0.00000000,0.00000000,0.00000000,0.00000000,0.00000000,0.00000000,0.00000000,0.00000000,0.00000000,0.00000000,0.00000000,0.00000000,0.00000000,0.00000000,0.00000000,0.00000000,0.00000000,0.00000000,0.00000000,0.00000000,0.00000000,0.00000000,0.00000000,0.00000000,0.00000000,0.00000000,0.00000000,0.00000000,0.00000000,0.00000000,0.00000000,0.00000000,0.00000000,0.00000000,0.00575750,0.01953048,0.00422780,0.00688841,0.00677754,0.08322961,0.01320545,0.14741149,0.04612107,0.00000000,2.43498012,0.99331880,0.00108222,0.02077340,0.00689294,0.81442476,2.40460296,0.04103496,0.00000000,0.00000000,0.00287277,0.00000000,0.00000000,0.00354201,0.00458413,0.08585261,0.79144659,0.00000000,0.06669623,3.77979372,0.00263130,0.00000000,0.00000000,0.01624391,1.24901838,0.00000000,0.10240087,0.01136693,0.01621597,0.00000000,0.00000000,0.00338450,0.01203538,0.00150442,0.21361511,0.00983432,0.04373464,0.00000000,0.00156511,0.00294703,0.78768433,0.07856552,0.00610734,0.00000000,0.00000000,0.00321020,0.00000000,0.08703670,0.00000000,0.05691795,0.02987981,0.13151349,0.00000000,0.00000000,0.00000000,0.00861602,0.08711491,0.00072276,0.02981254,0.00000000,0.00000000,0.00000000,0.04164012,0.00000000,0.00355464,0.00339410,0.02489644,0.00676538,0.00558623,0.00209172,0.00000000
0.00000000,0.00000000,0.00000000,0.00000000,0.00000000,0.00000000,0.00000000,0.00000000,0.00000000,0.00000000,0.00000000,0.00000000,0.00000000,0.00000000,0.00000000,0.00000000,0.00000000,0.00000000,0.00000000,0.00000000,0.00000000,0.00000000,0.00000000,0.00000000,0.00000000,0.00000000,0.00000000,0.00000000,0.00000000,0.00000000,0.00000000,0.00000000,0.00000000,0.00000000,0.00000000,0.00000000,0.00000000,0.00000000,0.00000000,0.00000000,0.00000000,0.00000000,0.00000000,0.00000000,0.00000000,0.00000000,0.00000000,0.00000000,0.00000000,0.00000000,0.00000000,0.00000000,0.00000000,0.00000000,0.00000000,0.00000000,0.00000000,0.00000000,0.00000000,0.00000000,0.00000000,0.00000000,0.00000000,0.00000000,0.00000000,0.00000000,0.00000000,0.00000000,0.00000000,0.00000000,0.00000000,0.00000000,0.00000000,0.00000000,0.00000000,0.00000000,0.00000000,0.00000000,0.00000000,0.00000000,0.00000000,0.07009335,0.13893035,0.02555892,0.00941344,0.54830416,0.10960094,0.02157736,0.01184535,0.01225781,0.00000000,0.09319735,0.00853473,0.00105888,0.00168595,0.00170746,0.41174478,0.00718780,0.00216882,0.00000000,0.00287277,0.00000000,0.00000000,0.00000000,0.00069278,0.00000000,0.59261951,0.00104395,0.00000000,0.00316656,0.00505079,0.00188535,0.00000000,0.00000000,2.49998779,0.02876824,0.00000000,0.00000000,0.00148467,0.21482015,0.00000000,0.00000000,0.00000000,0.00000000,0.00000000,0.00304114,0.00000000,0.00665218,0.00000000,0.37662878,0.00000000,0.01613085,0.11436660,0.00000000,0.00000000,0.00000000,0.13509413,0.00000000,0.00384008,0.00000000,0.02219487,0.00269529,0.00859842,0.00000000,0.00000000,0.00000000,0.12170411,0.01101043,0.00000000,0.02504993,0.00000000,0.00000000,0.02476442,0.01109009,0.00000000,0.00281812,0.03814270,0.03764253,0.00752510,0.00643800,0.01613344,0.00000000
0.00000000,0.00000000,0.00000000,0.00000000,0.00000000,0.00000000,0.00000000,0.00000000,0.00000000,0.00000000,0.00000000,0.00000000,0.00000000,0.00000000,0.00000000,0.00000000,0.00000000,0.00000000,0.00000000,0.00000000,0.00000000,0.00000000,0.00000000,0.00000000,0.00000000,0.00000000,0.00000000,0.00000000,0.00000000,0.00000000,0.00000000,0.00000000,0.00000000,0.00000000,0.00000000,0.00000000,0.00000000,0.00000000,0.00000000,0.00000000,0.00000000,0.00000000,0.00000000,0.00000000,0.00000000,0.00000000,0.00000000,0.00000000,0.00000000,0.00000000,0.00000000,0.00000000,0.00000000,0.00000000,0.00000000,0.00000000,0.00000000,0.00000000,0.00000000,0.00000000,0.00000000,0.00000000,0.00000000,0.00000000,0.00000000,0.00000000,0.00000000,0.00000000,0.00000000,0.00000000,0.00000000,0.00000000,0.00000000,0.00000000,0.00000000,0.00000000,0.00000000,0.00000000,0.00000000,0.00000000,0.00000000,0.00291338,0.00313600,0.02949177,0.00486750,0.00000000,0.00276231,0.12544494,0.01240883,0.07640943,0.00415864,0.00192960,0.00329555,0.63062270,0.03431411,0.98142631,0.00000000,0.00291778,0.00755860,0.03778683,0.00000000,0.00000000,0.00000000,1.21872149,0.09948522,0.00193151,0.00000000,0.00000000,0.00720384,0.00101960,0.00000000,1.80399476,0.63062742,0.05605329,0.00000000,0.00000000,0.01803647,0.00000000,0.00588298,0.00000000,0.11736224,0.14101675,0.03224697,0.00000000,0.02471887,0.00000000,0.00090565,0.19456940,0.01491270,0.00000000,0.16550608,0.00000000,0.00000000,0.00000000,0.00180501,0.00558039,0.00000000,0.00960895,0.00000000,0.00097733,0.00000000,0.00234333,0.00000000,0.00919577,0.01005179,0.01510102,0.00000000,0.00077792,0.00381318,0.00000000,0.02081644,0.01966070,0.00000000,0.00828916,0.00123176,0.02092531,0.00000000,0.00220558,0.02158912,0.00226206,0.00000000,0.00000000
0.00000000,0.00000000,0.00000000,0.00000000,0.00000000,0.00000000,0.00000000,0.00000000,0.00000000,0.00000000,0.00000000,0.00000000,0.00000000,0.00000000,0.00000000,0.00000000,0.00000000,0.00000000,0.00000000,0.00000000,0.00000000,0.00000000,0.00000000,0.00000000,0.00000000,0.00000000,0.00000000,0.00000000,0.00000000,0.00000000,0.00000000,0.00000000,0.00000000,0.00000000,0.00000000,0.00000000,0.00000000,0.00000000,0.00000000,0.00000000,0.00180177,0.00000000,0.00000000,0.00000000,0.00000000,0.00000000,0.00000000,0.00000000,0.00000000,0.00000000,0.00000000,0.00000000,0.00000000,0.00000000,0.00000000,0.00000000,0.00000000,0.00000000,0.00000000,0.00000000,0.00000000,0.00000000,0.00000000,0.00000000,0.00000000,0.00000000,0.00000000,0.00000000,0.00000000,0.00000000,0.00000000,0.00000000,0.00000000,0.00000000,0.00000000,0.00000000,0.00000000,0.00000000,0.00000000,0.00000000,0.00000000,0.00406064,0.00550844,0.02388216,0.00549587,0.00000000,0.00415403,0.09146248,0.02733408,0.18765864,0.00433433,0.00361405,0.00652184,0.14905920,0.37979006,2.94277506,0.00000000,0.00660499,0.03051531,0.01224766,0.00000000,0.00000000,1.21872149,0.00000000,2.72280735,0.00471965,0.00000000,0.00000000,0.02871005,0.00259314,0.00000000,0.58826772,1.73046655,0.87790623,0.00000000,0.00000000,0.25599957,0.00000000,0.01493970,0.00000000,1.08382627,0.11472310,0.03987346,0.00000000,0.13406188,0.00000000,0.00232111,0.33170934,0.01290157,0.00000000,1.15250538,0.00084436,0.00000000,0.00000000,0.00683110,0.02677755,0.00000000,0.00987314,0.00078771,0.00333528,0.00000000,0.00582927,0.00000000,0.03475383,0.04435149,0.02259420,0.00000000,0.00175229,0.00895706,0.00000000,0.06900845,0.03589773,0.00000000,0.02032995,0.00141133,0.05229595,0.00000000,0.00301149,0.05203042,0.00400299,0.00000000,0.00000000
0.00000000,0.00000000,0.00000000,0.00000000,0.00000000,0.00000000,0.00000000,0.00000000,0.00000000,0.00000000,0.00000000,0.00000000,0.00000000,0.00000000,0.00000000,0.00000000,0.00000000,0.00000000,0.00000000,0.00000000,0.00000000,0.00000000,0.00000000,0.00000000,0.00000000,0.00000000,0.00000000,0.00000000,0.00000000,0.00000000,0.00000000,0.00000000,0.00000000,0.00000000,0.00000000,0.00000000,0.00000000,0.00000000,0.00000000,0.00000000,0.00351901,0.00000000,0.00000000,0.00000000,0.00000000,0.00000000,0.00000000,0.00000000,0.00000000,0.00000000,0.00000000,0.00000000,0.00000000,0.00000000,0.00000000,0.00000000,0.00000000,0.00000000,0.00000000,0.00000000,0.00000000,0.00000000,0.00000000,0.00000000,0.00000000,0.00000000,0.00000000,0.00000000,0.00000000,0.00000000,0.00000000,0.00000000,0.00000000,0.00000000,0.00000000,0.00000000,0.00000000,0.00000000,0.00000000,0.00000000,0.00000000,0.01365818,0.01728791,0.04265816,0.01246809,0.00545919,0.01436587,0.12195555,0.29526030,0.32936630,0.00726520,0.01373226,0.11679567,0.07048160,3.74736626,1.76220738,0.00310823,0.16272172,2.34084152,0.01140053,0.00354201,0.00069278,0.09948522,2.72280735,0.00000000,0.27515083,0.00120655,0.00144053,3.25591659,0.02998087,0.00326386,0.20077937,0.09936362,0.50469635,0.00202336,0.00190338,3.00305940,0.00120542,0.22214471,0.00058903,0.69391222,0.14444109,0.06696930,0.00174604,3.07017103,0.00343138,0.01451638,0.44600620,0.01586867,0.00000000,3.14342177,0.00489919,0.00219002,0.00299876,0.03205704,0.04471181,0.00000000,0.00732142,0.00582374,0.01678317,0.00161241,0.03306414,0.00310323,0.01631454,0.07592146,0.00850287,0.00193871,0.00592644,0.02626193,0.00217922,0.05815460,0.01394908,0.00000000,0.04826734,0.00110163,0.06010127,0.00000000,0.00643395,0.03787759,0.00413679,0.00000000,0.00000000
0.00000000,0.00000000,0.00000000,0.00000000,0.00000000,0.00000000,0.00000000,0.00000000,0.00000000,0.00000000,0.00000000,0.00000000,0.00000000,0.00000000,0.00000000,0.00000000,0.00000000,0.00000000,0.00000000,0.00000000,0.00000000,0.00000000,0.00000000,0.00000000,0.00000000,0.00000000,0.00000000,0.00000000,0.00000000,0.00000000,0.00000000,0.00000000,0.00000000,0.00000000,0.00000000,0.00000000,0.00000000,0.00000000,0.00000000,0.00000000,0.00000000,0.00000000,0.00000000,0.00000000,0.00000000,0.00000000,0.00000000,0.00000000,0.00000000,0.00000000,0.00000000,0.00000000,0.00000000,0.00000000,0.00000000,0.00000000,0.00000000,0.00000000,0.00000000,0.00000000,0.00000000,0.00000000,0.00000000,0.00000000,0.00000000,0.00000000,0.00000000,0.00000000,0.00000000,0.00000000,0.00000000,0.00000000,0.00000000,0.00000000,0.00000000,0.00000000,0.00000000,0.00000000,0.00000000,0.00000000,0.00000000,0.00304146,0.00321025,0.00427846,0.00125642,0.00126594,0.00301352,0.00884433,0.05982739,0.01792440,0.00000000,0.00711863,0.25530889,0.00146580,0.05901043,0.00806871,0.00000000,2.78711725,1.20301656,0.00000000,0.00458413,0.00000000,0.00193151,0.00471965,0.27515083,0.00000000,0.00000000,0.01459283,1.58896815,1.72198342,0.00536784,0.00988959,0.00281325,0.00000000,0.00000000,0.00047375,0.00551736,0.00534951,1.81736362,0.00000000,0.00246008,0.00773301,0.00604218,0.00727176,0.47476960,0.00817613,0.03408645,0.14731136,0.00153142,0.00000000,0.05673603,0.00449625,0.00000000,0.00619346,0.00590311,0.00114831,0.00000000,0.00000000,0.00841060,0.00889386,0.00000000,0.03865911,0.00107785,0.00000000,0.00542219,0.00000000,0.00000000,0.00427178,0.00525159,0.00000000,0.00105788,0.00000000,0.00000000,0.01472196,0.00000000,0.00290643,0.00000000,0.00000000,0.00205457,0.00000000,0.00000000,0.00000000
0.00000000,0.00000000,0.00000000,0.00000000,0.00000000,0.00000000,0.00000000,0.00000000,0.00000000,0.00000000,0.00000000,0.00000000,0.00000000,0.00000000,0.00000000,0.00000000,0.00000000,0.00000000,0.00000000,0.00000000,0.00000000,0.00000000,0.00000000,0.00000000,0.00000000,0.00000000,0.00000000,0.00000000,0.00000000,0.00000000,0.00000000,0.00000000,0.00000000,0.00000000,0.00000000,0.00000000,0.00000000,0.00000000,0.00000000,0.00000000,0.00000000,0.00000000,0.00000000,0.00000000,0.00000000,0.00000000,0.00000000,0.00000000,0.00000000,0.00000000,0.00000000,0.00000000,0.00000000,0.00000000,0.00000000,0.00000000,0.00000000,0.00000000,0.00000000,0.00000000,0.00000000,0.00000000,0.00000000,0.00000000,0.00000000,0.00000000,0.00000000,0.00000000,0.00000000,0.00000000,0.00000000,0.00000000,0.00000000,0.00000000,0.00000000,0.00000000,0.00000000,0.00000000,0.00000000,0.00000000,0.00000000,0.02589340,0.06810215,0.01313159,0.01278422,0.07275554,0.13620095,0.02557400,0.03777800,0.03483409,0.00000000,0.87893154,0.03375560,0.00145335,0.00416767,0.00284180,1.78983731,0.01659881,0.00352063,0.00000000,0.08585261,0.59261951,0.00000000,0.00000000,0.00120655,0.00000000,0.00000000,0.00260494,0.00000000,0.00154606,0.08768391,0.00245455,0.00000000,0.00000000,1.62261045,1.79910813,0.00000000,0.00174336,0.00129330,1.30581332,0.00000000,0.00000000,0.00126940,0.00000000,0.00000000,0.00979119,0.00150536,0.01713670,0.00000000,0.09846978,0.00074969,0.27108039,0.57404847,0.00000000,0.00000000,0.00000000,0.06985467,0.00000000,0.01587050,0.00000000,0.10806941,0.00926372,0.06052639,0.00000000,0.00000000,0.00000000,0.09576438,0.05574273,0.00000000,0.07712944,0.00000000,0.00000000,0.00975793,0.04556988,0.00000000,0.00866640,0.03513560,0.08440883,0.01416902,0.01564748,0.01580838,0.00000000
0.00000000,0.00000000,0.00000000,0.00000000,0.00000000,0.00000000,0.00000000,0.00000000,0.00000000,0.00000000,0.00000000,0.00000000,0.00000000,0.00000000,0.00000000,0.00000000,0.00000000,0.00000000,0.00000000,0.00000000,0.00000000,0.00000000,0.00000000,0.00000000,0.00000000,0.00000000,0.00000000,0.00000000,0.00000000,0.00000000,0.00000000,0.00000000,0.00000000,0.00000000,0.00000000,0.00000000,0.00000000,0.00000000,0.00000000,0.00000000,0.00000000,0.00000000,0.00000000,0.00000000,0.00000000,0.00000000,0.00000000,0.00000000,0.00000000,0.00000000,0.00000000,0.00000000,0.00000000,0.00000000,0.00000000,0.00000000,0.00000000,0.00000000,0.00000000,0.00000000,0.00000000,0.00000000,0.00000000,0.00000000,0.00000000,0.00000000,0.00000000,0.00000000,0.00000000,0.00000000,0.00000000,0.00000000,0.00000000,0.00000000,0.00000000,0.00000000,0.00000000,0.00000000,0.00000000,0.00000000,0.00000000,0.00194147,0.00322859,0.00108066,0.00096840,0.00163701,0.00582099,0.00383497,0.02763535,0.00894042,0.00000000,0.06977908,0.23783043,0.00000000,0.00529020,0.00155673,0.01150015,5.17619279,0.02942575,0.00000000,0.79144659,0.00104395,0.00000000,0.00000000,0.00144053,0.01459283,0.00260494,0.00000000,0.00083698,2.20176036,2.52078752,0.00111820,0.00000000,0.00000000,0.00141333,0.08204961,0.00000000,2.46875724,0.06724487,0.00133214,0.00000000,0.00000000,0.00481211,0.14939945,0.00520090,1.13206038,0.03293060,0.07593344,0.00325589,0.00000000,0.01096971,0.48193533,0.00910978,0.01484475,0.00000000,0.00000000,0.00000000,0.00000000,0.07487951,0.00127025,0.00757508,0.02212486,0.03246526,0.00000000,0.00000000,0.00000000,0.00000000,0.02060378,0.00000000,0.00367965,0.00000000,0.00000000,0.00000000,0.01382116,0.00000000,0.00094349,0.00000000,0.00475305,0.00502357,0.00062510,0.00000000,0.00000000
0.00000000,0.00000000,0.00000000,0.00000000,0.00000000,0.00000000,0.00000000,0.00000000,0.00000000,0.00000000,0.00000000,0.00000000,0.00000000,0.00000000,0.00000000,0.00000000,0.00000000,0.00000000,0.00000000,0.00000000,0.00000000,0.00000000,0.00000000,0.00000000,0.00000000,0.00000000,0.00000000,0.00000000,0.00000000,0.00000000,0.00000000,0.00000000,0.00000000,0.00000000,0.00000000,0.00000000,0.00000000,0.00000000,0.00000000,0.00000000,0.00000000,0.00000000,0.00000000,0.00000000,0.00000000,0.00000000,0.00000000,0.00000000,0.00000000,0.00000000,0.00000000,0.00000000,0.00000000,0.00000000,0.00000000,0.00000000,0.00000000,0.00000000,0.00000000,0.00000000,0.00000000,0.00000000,0.00000000,0.00000000,0.00000000,0.00000000,0.00000000,0.00000000,0.00000000,0.00000000,0.00000000,0.00000000,0.00000000,0.00000000,0.00000000,0.00000000,0.00000000,0.00000000,0.00000000,0.00000000,0.00000000,0.00289082,0.00254460,0.00820360,0.00209127,0.00000000,0.00271345,0.01941453,0.04986220,0.03035642,0.00088231,0.00327322,0.04937440,0.00612292,0.30230826,0.04625980,0.00000000,0.31178745,1.03709471,0.00132982,0.00000000,0.00000000,0.00720384,0.02871005,3.25591659,1.58896815,0.00000000,0.00083698,0.00000000,0.06008850,0.00000000,0.02868522,0.00892900,0.00312777,0.00000000,0.00000000,0.34684856,0.00000000,0.96140627,0.00000000,0.01032062,0.02782422,0.01253193,0.00181482,3.12038077,0.00140314,0.01547446,0.21611034,0.00341489,0.00000000,0.26664588,0.00176717,0.00000000,0.00293115,0.01946523,0.00677166,0.00000000,0.00103687,0.00278879,0.01289921,0.00000000,0.02599144,0.00000000,0.00000000,0.01451484,0.00000000,0.00000000,0.00233027,0.00962746,0.00000000,0.00486653,0.00133079,0.00000000,0.01676104,0.00000000,0.00719043,0.00000000,0.00129292,0.00461107,0.00000000,0.00000000,0.00000000
0.00000000,0.00000000,0.00000000,0.00000000,0.00000000,0.00000000,0.00000000,0.00000000,0.00000000,0.00000000,0.00000000,0.00000000,0.00000000,0.00000000,0.00000000,0.00000000,0.00000000,0.00000000,0.00000000,0.00000000,0.00000000,0.00000000,0.00000000,0.00000000,0.00000000,0.00000000,0.00000000,0.00000000,0.00000000,0.00000000,0.00000000,0.00000000,0.00000000,0.00000000,0.00000000,0.00000000,0.00000000,0.00000000,0.00000000,0.00000000,0.00000000,0.00000000,0.00000000,0.00000000,0.00000000,0.00000000,0.00000000,0.00000000,0.00000000,0.00000000,0.00000000,0.00000000,0.00000000,0.00000000,0.00000000,0.00000000,0.00000000,0.00000000,0.00000000,0.00000000,0.00000000,0.00000000,0.00000000,0.00000000,0.00000000,0.00000000,0.00000000,0.00000000,0.00000000,0.00000000,0.00000000,0.00000000,0.00000000,0.00000000,0.00000000,0.00000000,0.00000000,0.00000000,0.00000000,0.00000000,0.00000000,0.00733018,0.00868314,0.00593759,0.00326724,0.00540757,0.00823757,0.01000443,0.04923167,0.01624961,0.00000000,0.03583115,0.32114285,0.00147482,0.01951642,0.00617131,0.00718105,5.50336385,0.26292329,0.00000000,0.06669623,0.00316656,0.00101960,0.00259314,0.02998087,1.72198342,0.00154606,2.20176036,0.06008850,0.00000000,0.22327063,0.01014210,0.00169996,0.00000000,0.00305591,0.02124996,0.00276751,1.61999104,2.74878764,0.00102695,0.00162559,0.00818976,0.01978869,1.30703412,0.18862495,1.25117537,0.75123412,0.25925488,0.01275407,0.00000000,0.10003955,0.31150597,0.00521818,0.10164344,0.00567017,0.00091447,0.00000000,0.00241115,0.21136734,0.01566123,0.00494583,0.11718391,0.03249508,0.00000000,0.00534105,0.00134611,0.00078956,0.04227359,0.00541043,0.00371335,0.00209866,0.00335912,0.00000000,0.04235672,0.00150653,0.00869287,0.00000000,0.01009456,0.01292063,0.00412995,0.00265434,0.00000000
0.00000000,0.00000000,0.00000000,0.00000000,0.00000000,0.00000000,0.00000000,0.00000000,0.00000000,0.00000000,0.00000000,0.00000000,0.00000000,0.00000000,0.00000000,0.00000000,0.00000000,0.00000000,0.00000000,0.00000000,0.00000000,0.00000000,0.00000000,0.00000000,0.00000000,0.00000000,0.00000000,0.00000000,0.00000000,0.00000000,0.00000000,0.00000000,0.00000000,0.00000000,0.00000000,0.00000000,0.00000000,0.00000000,0.00000000,0.00000000,0.00000000,0.00000000,0.00000000,0.00000000,0.00000000,0.00000000,0.00000000,0.00000000,0.00000000,0.00000000,0.00000000,0.00000000,0.00000000,0.00000000,0.00000000,0.00000000,0.00000000,0.00000000,0.00000000,0.00000000,0.00000000,0.00000000,0.00000000,0.00000000,0.00000000,0.00000000,0.00000000,0.00000000,0.00000000,0.00000000,0.00000000,0.00000000,0.00000000,0.00000000,0.00000000,0.00000000,0.00000000,0.00000000,0.00000000,0.00000000,0.00000000,0.00801147,0.01808873,0.00512088,0.00743319,0.00860146,0.04978276,0.01304174,0.09822936,0.02942433,0.00000000,0.94886689,0.64707020,0.00000000,0.01323197,0.00475197,0.46164484,3.04992632,0.03489743,0.00000000,3.77979372,0.00505079,0.00000000,0.00000000,0.00326386,0.00536784,0.08768391,2.52078752,0.00000000,0.22327063,0.00000000,0.00367453,0.00000000,0.00000000,0.01905514,4.22293838,0.00000000,1.80925541,0.02161670,0.02585017,0.00000000,0.00085628,0.00820877,0.07148433,0.00319796,3.96639827,0.03141285,0.09101217,0.00553703,0.00178773,0.00705811,5.52972356,0.21823738,0.01936094,0.00000000,0.00000000,0.00490749,0.00000000,0.25394819,0.00179233,0.13736994,0.05469068,0.30985154,0.00000000,0.00075401,0.00000000,0.01206173,0.15211361,0.00169976,0.04897756,0.00000000,0.00000000,0.00000000,0.07635898,0.00000000,0.00657475,0.00534138,0.03803206,0.01217448,0.00869586,0.00366572,0.00000000
0.00000000,0.00000000,0.00000000,0.00065434,0.00483840,0.00000000,0.00000000,0.00713750,0.00000000,0.00000000,0.00320937,0.00000000,0.01124918,0.00000000,0.00000000,0.00000000,0.00000000,0.00000000,0.00118941,0.00511112,0.00000000,0.00072407,0.00000000,0.00000000,0.00000000,0.00000000,0.00000000,0.00000000,0.00000000,0.00000000,0.01661129,0.00000000,0.00000000,0.00000000,0.00000000,0.00000000,0.00000000,0.01987137,0.00000000,0.00000000,0.02443652,0.00000000,0.00000000,0.00000000,0.00000000,0.01704948,0.01005422,0.00432583,0.00000000,0.03447642,0.00000000,0.00000000,0.00000000,0.00000000,0.00098135,0.02300876,0.00000000,0.00000000,0.00000000,0.00000000,0.00000000,0.00000000,0.00155547,0.00000000,0.00000000,0.00000000,0.00000000,0.00000000,0.00488072,0.00000000,0.00063335,0.00000000,0.00000000,0.00000000,0.00870402,0.00000000,0.00000000,0.00356588,0.00000000,0.00000000,0.00000000,0.02775083,0.02498842,1.01378117,0.03352698,0.00460208,0.01955163,0.87474522,0.07456000,0.24303171,0.84239144,0.01583554,0.02328689,1.83912673,0.11012805,0.58015713,0.00566480,0.02040147,0.04145884,1.68103285,0.00263130,0.00188535,1.80399476,0.58826772,0.20077937,0.00988959,0.00245455,0.00111820,0.02868522,0.01014210,0.00367453,0.00000000,1.75067939,0.07532562,0.00369915,0.00470600,0.04326592,0.00112058,0.03326136,0.00285714,0.20987243,2.29453371,2.34814287,0.00247867,0.09450337,0.00682923,0.01056456,1.25647413,0.81006733,0.00196642,0.38194160,0.00840512,0.00680524,0.00358466,0.01095729,0.01782043,0.00222304,0.21201829,0.00997868,0.01130114,0.00373314,0.03521105,0.00478014,0.02593565,0.04400844,0.12434853,0.00807642,0.01472610,0.02399104,0.00679399,0.06415641,0.10379877,0.00078894,0.08010891,0.07992010,0.09524312,0.00766176,0.03091370,0.16803309,0.02502900,0.02025008,0.00118034
0.00000000,0.00000000,0.00000000,0.00000000,0.00000000,0.00000000,0.00000000,0.00000000,0.00000000,0.00000000,0.00000000,0.00000000,0.00000000,0.00000000,0.00000000,0.00000000,0.00000000,0.00000000,0.00000000,0.00000000,0.00000000,0.00000000,0.00000000,0.00000000,0.00000000,0.00000000,0.00000000,0.00000000,0.00000000,0.00000000,0.00000000,0.00000000,0.00000000,0.00000000,0.00000000,0.00000000,0.00000000,0.00000000,0.00000000,0.00000000,0.00093620,0.00000000,0.00000000,0.00000000,0.00000000,0.00000000,0.00000000,0.00000000,0.00000000,0.00052708,0.00000000,0.00000000,0.00000000,0.00000000,0.00000000,0.00000000,0.00000000,0.00000000,0.00000000,0.00000000,0.00000000,0.00000000,0.00000000,0.00000000,0.00000000,0.00000000,0.00000000,0.00000000,0.00000000,0.00000000,0.00000000,0.00000000,0.00000000,0.00000000,0.00000000,0.00000000,0.00000000,0.00000000,0.00000000,0.00000000,0.00000000,0.00088439,0.00000000,0.01125200,0.00104657,0.00000000,0.00000000,0.02654634,0.00416439,0.01311030,0.00264528,0.00000000,0.00202740,0.04074294,0.01271549,0.15835725,0.00000000,0.00332009,0.00721529,0.00789186,0.00000000,0.00000000,0.63062742,1.73046655,0.09936362,0.00281325,0.00000000,0.00000000,0.00892900,0.00169996,0.00000000,1.75067939,0.00000000,0.47210859,0.00000000,0.00000000,0.02167778,0.00000000,0.00905391,0.00000000,1.27001178,0.38575240,0.05019766,0.00000000,0.02979423,0.00000000,0.00193922,1.36422699,0.02140813,0.00000000,0.34629879,0.00000000,0.00000000,0.00000000,0.00251757,0.00938767,0.00000000,0.02136697,0.00000000,0.00178720,0.00000000,0.00449994,0.00000000,0.02159940,0.01944892,0.03974237,0.00000000,0.00000000,0.00461697,0.00000000,0.03720442,0.04609553,0.00000000,0.01400732,0.00453206,0.03607869,0.00000000,0.00270505,0.04686739,0.00358329,0.00000000,0.00000000
0.00000000,0.00000000,0.00000000,0.00000000,0.00000000,0.00000000,0.00000000,0.00000000,0.00000000,0.00000000,0.00000000,0.00000000,0.00000000,0.00000000,0.00000000,0.00000000,0.00000000,0.00000000,0.00000000,0.00000000,0.00000000,0.00000000,0.00000000,0.00000000,0.00000000,0.00000000,0.00000000,0.00000000,0.00000000,0.00000000,0.00000000,0.00000000,0.00000000,0.00000000,0.00000000,0.00000000,0.00000000,0.00000000,0.00000000,0.00000000,0.00000000,0.00000000,0.00000000,0.00000000,0.00000000,0.00000000,0.00000000,0.00000000,0.00000000,0.00000000,0.00000000,0.00000000,0.00000000,0.00000000,0.00000000,0.00000000,0.00000000,0.00000000,0.00000000,0.00000000,0.00000000,0.00000000,0.00000000,0.00000000,0.00000000,0.00000000,0.00000000,0.00000000,0.00000000,0.00000000,0.00000000,0.00000000,0.00000000,0.00000000,0.00000000,0.00000000,0.00000000,0.00000000,0.00000000,0.00000000,0.00000000,0.00000000,0.00000000,0.00358385,0.00000000,0.00000000,0.00000000,0.01044907,0.00151429,0.00926449,0.00000000,0.00000000,0.00000000,0.01184125,0.00933166,0.08914101,0.00000000,0.00000000,0.00231084,0.00171910,0.00000000,0.00000000,0.05605329,0.87790623,0.50469635,0.00000000,0.00000000,0.00000000,0.00312777,0.00000000,0.00000000,0.07532562,0.47210859,0.00000000,0.00000000,0.00000000,0.15720283,0.00000000,0.00280127,0.00000000,0.89230464,0.02346341,0.00985697,0.00000000,0.01597575,0.00000000,0.00000000,0.08583985,0.00302393,0.00000000,0.35159079,0.00000000,0.00000000,0.00000000,0.00064692,0.00590125,0.00000000,0.00362990,0.00000000,0.00000000,0.00000000,0.00104612,0.00000000,0.01061734,0.00769416,0.00686666,0.00000000,0.00000000,0.00152230,0.00000000,0.01911240,0.01485412,0.00000000,0.00377287,0.00000000,0.01352103,0.00000000,0.00000000,0.01397786,0.00000000,0.00000000,0.00000000
0.00000000,0.00000000,0.00000000,0.00000000,0.00000000,0.00000000,0.00000000,0.00000000,0.00000000,0.00000000,0.00000000,0.00000000,0.00000000,0.00000000,0.00000000,0.00000000,0.00000000,0.00000000,0.00000000,0.00000000,0.00000000,0.00000000,0.00000000,0.00000000,0.00000000,0.00000000,0.00000000,0.00000000,0.00000000,0.00000000,0.00000000,0.00000000,0.00000000,0.00000000,0.00000000,0.00000000,0.00000000,0.00000000,0.00000000,0.00000000,0.00000000,0.00000000,0.00000000,0.00000000,0.00000000,0.00000000,0.00000000,0.00000000,0.00000000,0.00000000,0.00000000,0.00000000,0.00000000,0.00000000,0.00000000,0.00000000,0.00000000,0.00000000,0.00000000,0.00000000,0.00000000,0.00000000,0.00000000,0.00000000,0.00000000,0.00000000,0.00000000,0.00000000,0.00000000,0.00000000,0.00000000,0.00000000,0.00000000,0.00000000,0.00000000,0.00000000,0.00000000,0.00000000,0.00000000,0.00000000,0.00000000,0.10202849,0.20377907,0.04831348,0.03227801,0.38638178,0.24020101,0.05803551,0.03454445,0.03609975,0.00169747,0.49801147,0.01880759,0.00352349,0.00462654,0.00424019,0.74619046,0.01057010,0.00413528,0.00080749,0.01624391,2.49998779,0.00000000,0.00000000,0.00202336,0.00000000,1.62261045,0.00141333,0.00000000,0.00305591,0.01905514,0.00369915,0.00000000,0.00000000,0.00000000,0.38724707,0.00000000,0.00083782,0.00211896,2.34239829,0.00000000,0.00000000,0.00422962,0.00000000,0.00115323,0.00555796,0.00079391,0.01752670,0.00000000,2.38034536,0.00152635,0.08699389,1.03319261,0.00000000,0.00000000,0.00000000,0.55325659,0.00000000,0.00883102,0.00000000,0.11012214,0.00595512,0.03348017,0.00000000,0.00000000,0.00000000,0.34341343,0.03830095,0.00000000,0.09299835,0.00000000,0.00083550,0.05582603,0.03691771,0.00000000,0.00967868,0.09051801,0.11400631,0.02645349,0.02228516,0.04386980,0.00000000
0.00000000,0.00000000,0.00000000,0.00000000,0.00000000,0.00000000,0.00000000,0.00000000,0.00000000,0.00000000,0.00000000,0.00000000,0.00000000,0.00000000,0.00000000,0.00000000,0.00000000,0.00000000,0.00000000,0.00000000,0.00000000,0.00000000,0.00000000,0.00000000,0.00000000,0.00000000,0.00000000,0.00000000,0.00000000,0.00000000,0.00000000,0.00000000,0.00000000,0.00000000,0.00000000,0.00000000,0.00000000,0.00000000,0.00000000,0.00000000,0.00000000,0.00000000,0.00000000,0.00000000,0.00000000,0.00000000,0.00000000,0.00000000,0.00000000,0.00000000,0.00000000,0.00000000,0.00000000,0.00000000,0.00000000,0.00000000,0.00000000,0.00000000,0.00000000,0.00000000,0.00000000,0.00000000,0.00000000,0.00000000,0.00000000,0.00000000,0.00000000,0.00000000,0.00000000,0.00000000,0.00000000,0.00000000,0.00000000,0.00000000,0.00000000,0.00000000,0.00000000,0.00000000,0.00000000,0.00000000,0.00000000,0.01583741,0.04935715,0.01101768,0.01626926,0.02743636,0.12491767,0.02806545,0.09680062,0.04781961,0.00000000,1.53493113,0.25788016,0.00206697,0.01025618,0.00678674,1.73406347,0.27069992,0.01176988,0.00000000,1.24901838,0.02876824,0.00000000,0.00000000,0.00190338,0.00047375,1.79910813,0.08204961,0.00000000,0.02124996,4.22293838,0.00470600,0.00000000,0.00000000,0.38724707,0.00000000,0.00000000,0.06006664,0.00727861,1.09100330,0.00000000,0.00000000,0.00609171,0.01191662,0.00200630,0.31194390,0.01146342,0.04398711,0.00208333,0.03527758,0.00470239,5.18900344,2.81297541,0.00881679,0.00000000,0.00000000,0.06423839,0.00000000,0.15047532,0.00217009,0.61841301,0.04831521,0.45065503,0.00000000,0.00130736,0.00000000,0.10389764,0.24002523,0.00355169,0.21006653,0.00000000,0.00146998,0.00451438,0.13225417,0.00000000,0.01979437,0.03384717,0.14117801,0.02755496,0.03250054,0.01743842,0.00000000
0.00000000,0.00000000,0.00000000,0.00000000,0.00000000,0.00000000,0.00000000,0.00000000,0.00000000,0.00000000,0.00000000,0.00000000,0.00000000,0.00000000,0.00000000,0.00000000,0.00000000,0.00000000,0.00000000,0.00000000,0.00000000,0.00000000,0.00000000,0.00000000,0.00000000,0.00000000,0.00000000,0.00000000,0.00000000,0.00000000,0.00000000,0.00000000,0.00000000,0.00000000,0.00000000,0.00000000,0.00000000,0.00000000,0.00000000,0.00000000,0.00000000,0.00000000,0.00000000,0.00000000,0.00000000,0.00000000,0.00000000,0.00000000,0.00000000,0.00000000,0.00000000,0.00000000,0.00000000,0.00000000,0.00000000,0.00000000,0.00000000,0.00000000,0.00000000,0.00000000,0.00000000,0.00000000,0.00000000,0.00000000,0.00000000,0.00000000,0.00000000,0.00000000,0.00000000,0.00000000,0.00000000,0.00000000,0.00000000,0.00000000,0.00000000,0.00000000,0.00000000,0.00000000,0.00000000,0.00000000,0.00000000,0.00113126,0.00127513,0.00662068,0.00115663,0.00000000,0.00101764,0.02108189,0.01025344,0.02797421,0.00069686,0.00000000,0.00358862,0.01049978,0.16253780,0.12998649,0.00000000,0.00499758,0.04138788,0.00157247,0.00000000,0.00000000,0.01803647,0.25599957,3.00305940,0.00551736,0.00000000,0.00000000,0.34684856,0.00276751,0.00000000,0.04326592,0.02167778,0.15720283,0.00000000,0.00000000,0.00000000,0.00000000,0.02327261,0.00000000,0.34086557,0.03012579,0.01317914,0.00000000,1.60912433,0.00000000,0.00347115,0.08849478,0.00323022,0.00000000,1.94447557,0.00000000,0.00000000,0.00000000,0.01220871,0.04347558,0.00000000,0.00249904,0.00000000,0.00459732,0.00000000,0.00748743,0.00000000,0.01202863,0.04106296,0.00291936,0.00000000,0.00000000,0.01118059,0.00000000,0.04016995,0.00608153,0.00000000,0.01269699,0.00000000,0.02777505,0.00000000,0.00000000,0.01476207,0.00087609,0.00000000,0.00000000
0.00000000,0.00000000,0.00000000,0.00000000,0.00000000,0.00000000,0.00000000,0.00000000,0.00000000,0.00000000,0.00000000,0.00000000,0.00000000,0.00000000,0.00000000,0.00000000,0.00000000,0.00000000,0.00000000,0.00000000,0.00000000,0.00000000,0.00000000,0.00000000,0.00000000,0.00000000,0.00000000,0.00000000,0.00000000,0.00000000,0.00000000,0.00000000,0.00000000,0.00000000,0.00000000,0.00000000,0.00000000,0.00000000,0.00000000,0.00000000,0.00000000,0.00000000,0.00000000,0.00000000,0.00000000,0.00000000,0.00000000,0.00000000,0.00000000,0.00000000,0.00000000,0.00000000,0.00000000,0.00000000,0.00000000,0.00000000,0.00000000,0.00000000,0.00000000,0.00000000,0.00000000,0.00000000,0.00000000,0.00000000,0.00000000,0.00000000,0.00000000,0.00000000,0.00000000,0.00000000,0.00000000,0.00000000,0.00000000,0.00000000,0.00000000,0.00000000,0.00000000,0.00000000,0.00000000,0.00000000,0.00000000,0.00130646,0.00210255,0.00063718,0.00000000,0.00063086,0.00415251,0.00222837,0.01228297,0.00374562,0.00000000,0.02863496,0.07575273,0.00000000,0.00155894,0.00000000,0.00589867,0.78558461,0.01271242,0.00000000,0.10240087,0.00000000,0.00000000,0.00000000,0.00120542,0.00534951,0.00174336,2.46875724,0.00000000,1.61999104,1.80925541,0.00112058,0.00000000,0.00000000,0.00083782,0.06006664,0.00000000,0.00000000,0.09845628,0.00000000,0.00000000,0.00000000,0.00708900,0.90519233,0.00589720,4.84749561,0.19515283,0.07271155,0.00469604,0.00000000,0.01494049,0.87591619,0.00727576,0.03301306,0.00000000,0.00000000,0.00000000,0.00000000,0.17114708,0.00132299,0.00705503,0.03693751,0.04390815,0.00000000,0.00000000,0.00000000,0.00000000,0.02961193,0.00075145,0.00385662,0.00000000,0.00000000,0.00000000,0.01664033,0.00000000,0.00149418,0.00000000,0.00513230,0.00539778,0.00170382,0.00000000,0.00000000
0.00000000,0.00000000,0.00000000,0.00000000,0.00000000,0.00000000,0.00000000,0.00000000,0.00000000,0.00000000,0.00000000,0.00000000,0.00000000,0.00000000,0.00000000,0.00000000,0.00000000,0.00000000,0.00000000,0.00000000,0.00000000,0.00000000,0.00000000,0.00000000,0.00000000,0.00000000,0.00000000,0.00000000,0.00000000,0.00000000,0.00000000,0.00000000,0.00000000,0.00000000,0.00000000,0.00000000,0.00000000,0.00000000,0.00000000,0.00000000,0.00852590,0.00000000,0.00000000,0.00000000,0.00000000,0.00000000,0.00000000,0.00000000,0.00000000,0.00000000,0.00000000,0.00000000,0.00000000,0.00000000,0.00000000,0.00000000,0.00000000,0.00000000,0.00000000,0.00000000,0.00000000,0.00000000,0.00000000,0.00000000,0.00000000,0.00000000,0.00000000,0.00000000,0.00000000,0.00000000,0.00000000,0.00000000,0.00000000,0.00000000,0.00000000,0.00000000,0.00000000,0.00000000,0.00000000,0.00000000,0.00000000,0.00573080,0.00779548,0.00943717,0.00254531,0.00376702,0.00663192,0.01757810,0.04521780,0.02231231,0.00381348,0.01480872,0.16477032,0.00506608,0.05327479,0.01898106,0.00388513,1.45546433,0.49422675,0.00326627,0.01136693,0.00148467,0.00588298,0.01493970,0.22214471,1.81736362,0.00129330,0.06724487,0.96140627,2.74878764,0.02161670,0.03326136,0.00905391,0.00280127,0.00211896,0.00727861,0.02327261,0.09845628,0.00000000,0.00096047,0.01021869,0.03209438,0.06104406,0.32753241,3.08684724,0.20195967,2.22968652,0.42179214,0.03581908,0.00000000,0.43863695,0.04595969,0.00408414,0.30887043,0.85592003,0.01167306,0.00000000,0.01481097,0.20176963,0.99200744,0.00320822,1.73573120,0.01829063,0.00167748,0.08428393,0.00462018,0.00118681,0.09712410,0.08466153,0.00443874,0.01235476,0.00780113,0.00000000,0.31872700,0.00460181,0.03774929,0.00067617,0.01368024,0.03125654,0.01154381,0.00577534,0.00000000
0.00000000,0.00000000,0.00000000,0.00000000,0.00000000,0.00000000,0.00000000,0.00000000,0.00000000,0.00000000,0.00000000,0.00000000,0.00000000,0.00000000,0.00000000,0.00000000,0.00000000,0.00000000,0.00000000,0.00000000,0.00000000,0.00000000,0.00000000,0.00000000,0.00000000,0.00000000,0.00000000,0.00000000,0.00000000,0.00000000,0.00000000,0.00000000,0.00000000,0.00000000,0.00000000,0.00000000,0.00000000,0.00000000,0.00000000,0.00000000,0.00000000,0.00000000,0.00000000,0.00000000,0.00000000,0.00000000,0.00000000,0.00000000,0.00000000,0.00000000,0.00000000,0.00000000,0.00000000,0.00000000,0.00000000,0.00000000,0.00000000,0.00000000,0.00000000,0.00000000,0.00000000,0.00000000,0.00000000,0.00000000,0.00000000,0.00000000,0.00000000,0.00000000,0.00000000,0.00000000,0.00000000,0.00000000,0.00000000,0.00000000,0.00000000,0.00000000,0.00000000,0.00000000,0.00000000,0.00000000,0.00000000,0.03341589,0.07094654,0.01689580,0.01576221,0.07253016,0.08567281,0.02872993,0.02230854,0.02014443,0.00000000,0.15045790,0.01249899,0.00170396,0.00213306,0.00248314,0.28539430,0.00832366,0.00123326,0.00000000,0.01621597,0.21482015,0.00000000,0.00000000,0.00058903,0.00000000,1.30581332,0.00133214,0.00000000,0.00102695,0.02585017,0.00285714,0.00000000,0.00000000,2.34239829,1.09100330,0.00000000,0.00000000,0.00096047,0.00000000,0.00000000,0.00000000,0.00251895,0.00000000,0.00087111,0.00624715,0.00104725,0.01159986,0.00000000,1.11286013,0.00095513,0.17481975,2.51113978,0.00000000,0.00000000,0.00000000,0.46789790,0.00000000,0.01150299,0.00000000,0.18427433,0.00809986,0.07341894,0.00000000,0.00000000,0.00000000,0.24275382,0.06104243,0.00000000,0.12684655,0.00000000,0.00000000,0.02124055,0.03974858,0.00000000,0.00957149,0.06559416,0.12315917,0.02251672,0.02603482,0.03093223,0.00000000
0.00000000,0.00000000,0.00000000,0.00000000,0.00000000,0.00000000,0.00000000,0.00000000,0.00000000,0.00000000,0.00000000,0.00000000,0.00000000,0.00000000,0.00000000,0.00000000,0.00000000,0.00000000,0.00000000,0.00000000,0.00000000,0.00000000,0.00000000,0.00000000,0.00000000,0.00000000,0.00000000,0.00000000,0.00000000,0.00000000,0.00000000,0.00000000,0.00000000,0.00000000,0.00000000,0.00000000,0.00000000,0.00000000,0.00000000,0.00000000,0.00079770,0.00000000,0.00000000,0.00000000,0.00000000,0.00000000,0.00000000,0.00000000,0.00000000,0.00000000,0.00000000,0.00000000,0.00000000,0.00000000,0.00000000,0.00000000,0.00000000,0.00000000,0.00000000,0.00000000,0.00000000,0.00000000,0.00000000,0.00000000,0.00000000,0.00000000,0.00000000,0.00000000,0.00000000,0.00000000,0.00000000,0.00000000,0.00000000,0.00000000,0.00000000,0.00000000,0.00000000,0.00000000,0.00000000,0.00000000,0.00000000,0.00081085,0.00084108,0.00827217,0.00134490,0.00000000,0.00000000,0.02464504,0.00413411,0.01587176,0.00206598,0.00000000,0.00124890,0.02807726,0.02291043,0.12132056,0.00000000,0.00262839,0.00759599,0.00481265,0.00000000,0.00000000,0.11736224,1.08382627,0.69391222,0.00246008,0.00000000,0.00000000,0.01032062,0.00162559,0.00000000,0.20987243,1.27001178,0.89230464,0.00000000,0.00000000,0.34086557,0.00000000,0.01021869,0.00000000,0.00000000,0.09676218,0.02838382,0.00000000,0.05881602,0.00000000,0.00154061,0.78699324,0.01436350,0.00000000,1.97588503,0.00000000,0.00000000,0.00000000,0.00281913,0.02480946,0.00000000,0.03760850,0.00000000,0.00129694,0.00000000,0.00497986,0.00000000,0.10028042,0.03003135,0.08406124,0.00000000,0.00000000,0.00781079,0.00000000,0.08390945,0.07385814,0.00000000,0.01564746,0.00304626,0.05586061,0.00000000,0.00265905,0.07446381,0.00366569,0.00000000,0.00000000
0.00000000,0.00000000,0.00000000,0.00000000,0.00172468,0.00000000,0.00000000,0.00372652,0.00000000,0.00000000,0.00223063,0.00000000,0.00568008,0.00000000,0.00000000,0.00000000,0.00000000,0.00000000,0.00000000,0.00160819,0.00000000,0.00000000,0.00000000,0.00000000,0.00000000,0.00000000,0.00000000,0.00000000,0.00000000,0.00000000,0.01114511,0.00000000,0.00000000,0.00000000,0.00000000,0.00000000,0.00000000,0.01334255,0.00000000,0.00000000,0.02182898,0.00000000,0.00000000,0.00000000,0.00000000,0.01390005,0.01004574,0.00381435,0.00000000,0.03472479,0.00000000,0.00000000,0.00000000,0.00000000,0.00110238,0.02520885,0.00000000,0.00000000,0.00000000,0.00000000,0.00000000,0.00000000,0.00238006,0.00000000,0.00000000,0.00000000,0.00000000,0.00000000,0.00607991,0.00000000,0.00000000,0.00000000,0.00000000,0.00000000,0.00957558,0.00000000,0.00000000,0.00298739,0.00000000,0.00000000,0.00000000,0.00274609,0.00184869,0.07784231,0.00205612,0.00000000,0.00291095,0.04595667,0.03188624,0.03933264,0.02996681,0.00423978,0.01410919,0.10715295,0.07245097,0.09041531,0.00000000,0.01925710,0.04313099,0.04579822,0.00000000,0.00000000,0.14101675,0.11472310,0.14444109,0.00773301,0.00000000,0.00000000,0.02782422,0.00818976,0.00085628,2.29453371,0.38575240,0.02346341,0.00000000,0.00000000,0.03012579,0.00000000,0.03209438,0.00000000,0.09676218,0.00000000,0.49291202,0.00100272,0.09489613,0.00373206,0.00859915,2.14175620,0.65655353,0.00000000,0.28326970,0.00351578,0.00084235,0.00251227,0.00955069,0.01349793,0.00000000,0.20822895,0.00669293,0.00757624,0.00000000,0.02524420,0.00158059,0.01747446,0.03361046,0.13346287,0.00000000,0.00715059,0.01678718,0.00000000,0.04286937,0.07886883,0.00000000,0.05302310,0.01783181,0.06121665,0.00000000,0.00953501,0.09035338,0.01137971,0.00458426,0.00000000
0.00000000,0.00000000,0.00000000,0.00000000,0.00091428,0.00000000,0.00000000,0.00184543,0.00000000,0.00000000,0.00174839,0.00000000,0.00379301,0.00000000,0.00000000,0.00000000,0.00000000,0.00000000,0.00000000,0.00126411,0.00000000,0.00000000,0.00063631,0.00000000,0.00000000,0.00000000,0.00000000,0.00000000,0.00000000,0.00000000,0.00840669,0.00000000,0.00000000,0.00000000,0.00075000,0.00000000,0.00000000,0.01128699,0.00754211,0.00000000,0.04397462,0.00000000,0.00934535,0.00000000,0.00000000,0.01964267,0.01528645,0.00632576,0.00522722,0.03248867,0.00382132,0.00073176,0.00000000,0.00429008,0.00162433,0.03382987,0.00000000,0.00576193,0.00000000,0.00000000,0.00000000,0.00581310,0.00438678,0.00000000,0.00000000,0.00065099,0.00311395,0.00710426,0.00815851,0.01386973,0.00878565,0.00000000,0.01594397,0.00000000,0.01617552,0.01082310,0.00000000,0.02006941,0.00448928,0.00000000,0.00425019,0.00592312,0.00777262,0.26379609,0.00646648,0.00118446,0.00687596,0.10066304,0.02801578,0.04941759,0.18389884,0.01189561,0.01683058,0.10221869,0.03818984,0.05138971,0.00362341,0.02715152,0.02126206,0.18647398,0.00338450,0.00000000,0.03224697,0.03987346,0.06696930,0.00604218,0.00126940,0.00481211,0.01253193,0.01978869,0.00820877,2.34814287,0.05019766,0.00985697,0.00422962,0.00609171,0.01317914,0.00708900,0.06104406,0.00251895,0.02838382,0.49291202,0.00000000,0.00850874,0.09963284,0.02478139,0.03520298,0.55044713,0.90065880,0.00162218,0.21516681,0.02560861,0.00699894,0.01837568,0.02084146,0.01388969,0.00194297,0.29616233,0.03765016,0.02812313,0.00570194,0.11549838,0.01301915,0.01369381,0.06679799,0.18446550,0.00989504,0.04001880,0.04901778,0.01069867,0.05487870,0.13665176,0.00210718,0.21485631,0.17937819,0.17206940,0.01571257,0.06061650,0.29198701,0.06580986,0.05870131,0.00420507
0.00000000,0.00000000,0.00000000,0.00000000,0.00000000,0.00000000,0.00000000,0.00000000,0.00000000,0.00000000,0.00000000,0.00000000,0.00000000,0.00000000,0.00000000,0.00000000,0.00000000,0.00000000,0.00000000,0.00000000,0.00000000,0.00000000,0.00000000,0.00000000,0.00000000,0.00000000,0.00000000,0.00000000,0.00000000,0.00000000,0.00000000,0.00000000,0.00000000,0.00000000,0.00000000,0.00000000,0.00000000,0.00000000,0.00000000,0.00000000,0.00000000,0.00000000,0.00000000,0.00000000,0.00000000,0.00000000,0.00000000,0.00000000,0.00000000,0.00000000,0.00000000,0.00000000,0.00000000,0.00000000,0.00000000,0.00000000,0.00000000,0.00000000,0.00000000,0.00000000,0.00000000,0.00000000,0.00000000,0.00000000,0.00000000,0.00000000,0.00000000,0.00000000,0.00000000,0.00000000,0.00000000,0.00000000,0.00000000,0.00000000,0.00000000,0.00000000,0.00000000,0.00000000,0.00000000,0.00000000,0.00000000,0.00000000,0.00000000,0.00000000,0.00000000,0.00000000,0.00167744,0.00091308,0.00616850,0.00206045,0.00000000,0.00739438,0.02333075,0.00000000,0.00196578,0.00000000,0.00199432,0.15694479,0.00902295,0.00000000,0.01203538,0.00000000,0.00000000,0.00000000,0.00174604,0.00727176,0.00000000,0.14939945,0.00181482,1.30703412,0.07148433,0.00247867,0.00000000,0.00000000,0.00000000,0.01191662,0.00000000,0.90519233,0.32753241,0.00000000,0.00000000,0.00100272,0.00850874,0.00000000,0.02255217,2.56414671,3.11459204,0.04910952,0.00655356,0.00000000,0.03043390,0.29747088,0.00346684,1.13313128,0.00195249,0.00000000,0.00000000,0.00130938,0.69840310,0.02412855,0.00458727,0.30567968,0.04055691,0.00000000,0.00195341,0.00000000,0.00000000,0.05605667,0.00282910,0.00242336,0.00000000,0.00000000,0.00000000,0.03531809,0.00000000,0.00363501,0.00000000,0.00587035,0.00698675,0.00186579,0.00000000,0.00000000
0.00000000,0.00000000,0.00000000,0.00000000,0.00000000,0.00000000,0.00000000,0.00000000,0.00000000,0.00000000,0.00000000,0.00000000,0.00000000,0.00000000,0.00000000,0.00000000,0.00000000,0.00000000,0.00000000,0.00000000,0.00000000,0.00000000,0.00000000,0.00000000,0.00000000,0.00000000,0.00000000,0.00000000,0.00000000,0.00000000,0.00000000,0.00000000,0.00000000,0.00000000,0.00000000,0.00000000,0.00000000,0.00000000,0.00000000,0.00000000,0.01034877,0.00000000,0.00000000,0.00000000,0.00000000,0.00000000,0.00000000,0.00000000,0.00000000,0.00235534,0.00000000,0.00000000,0.00000000,0.00000000,0.00000000,0.00000000,0.00000000,0.00000000,0.00000000,0.00000000,0.00000000,0.00000000,0.00000000,0.00000000,0.00000000,0.00000000,0.00000000,0.00000000,0.00000000,0.00000000,0.00000000,0.00000000,0.00000000,0.00000000,0.00000000,0.00000000,0.00000000,0.00000000,0.00000000,0.00000000,0.00000000,0.00582857,0.00552937,0.01820157,0.00455624,0.00222922,0.00590830,0.04159787,0.04539801,0.05319398,0.00509415,0.00681978,0.05271380,0.01822761,0.36248629,0.13456720,0.00171187,0.25197541,0.61819349,0.00763759,0.00150442,0.00000000,0.02471887,0.13406188,3.07017103,0.47476960,0.00000000,0.00520090,3.12038077,0.18862495,0.00319796,0.09450337,0.02979423,0.01597575,0.00115323,0.00200630,1.60912433,0.00589720,3.08684724,0.00087111,0.05881602,0.09489613,0.09963284,0.02255217,0.00000000,0.01436689,0.27848215,0.59946635,0.06068062,0.00000000,3.89185361,0.00881392,0.00274043,0.03708578,1.95040814,1.01406449,0.00000000,0.03517781,0.03370972,0.71938495,0.00151758,0.85990195,0.00595042,0.01359977,1.46957007,0.01237899,0.00100473,0.03227131,0.57073778,0.00352807,0.16008058,0.02072173,0.00000000,0.56403245,0.00524405,0.24987313,0.00000000,0.01824796,0.08150625,0.01542863,0.00270097,0.00000000
0.00000000,0.00000000,0.00000000,0.00000000,0.00000000,0.00000000,0.00000000,0.00000000,0.00000000,0.00000000,0.00000000,0.00000000,0.00000000,0.00000000,0.00000000,0.00000000,0.00000000,0.00000000,0.00000000,0.00000000,0.00000000,0.00000000,0.00000000,0.00000000,0.00000000,0.00000000,0.00000000,0.00000000,0.00000000,0.00000000,0.00000000,0.00000000,0.00000000,0.00000000,0.00000000,0.00000000,0.00000000,0.00000000,0.00000000,0.00000000,0.00245941,0.00000000,0.00000000,0.00000000,0.00000000,0.00000000,0.00000000,0.00000000,0.00000000,0.00000000,0.00000000,0.00000000,0.00000000,0.00000000,0.00000000,0.00000000,0.00000000,0.00000000,0.00000000,0.00000000,0.00000000,0.00000000,0.00000000,0.00000000,0.00000000,0.00000000,0.00000000,0.00000000,0.00000000,0.00000000,0.00000000,0.00000000,0.00000000,0.00000000,0.00000000,0.00000000,0.00000000,0.00000000,0.00000000,0.00000000,0.00000000,0.00540417,0.00841833,0.00414160,0.00288983,0.00555356,0.01656842,0.00603632,0.03667382,0.01325270,0.00000000,0.11060266,0.17366605,0.00000000,0.00720588,0.00276632,0.02716426,0.98448065,0.02748812,0.00000000,0.21361511,0.00304114,0.00000000,0.00000000,0.00343138,0.00817613,0.00979119,1.13206038,0.00140314,1.25117537,3.96639827,0.00682923,0.00000000,0.00000000,0.00555796,0.31194390,0.00000000,4.84749561,0.20195967,0.00624715,0.00000000,0.00373206,0.02478139,2.56414671,0.01436689,0.00000000,1.51981978,0.14609693,0.01312728,0.00097660,0.04836281,7.27504113,0.04381751,0.85712982,0.00174111,0.00000000,0.00239909,0.00451442,3.44710150,0.00953795,0.05234008,0.30651637,0.51550966,0.00000000,0.00286602,0.00134212,0.00650641,0.21526660,0.00557681,0.02851262,0.00099249,0.00508773,0.00000000,0.08232036,0.00292374,0.01142602,0.00213895,0.02601543,0.01797750,0.00876293,0.00521259,0.00000000
0.00000000,0.00000000,0.00000000,0.00000000,0.00000000,0.00000000,0.00000000,0.00000000,0.00000000,0.00000000,0.00000000,0.00000000,0.00000000,0.00000000,0.00000000,0.00000000,0.00000000,0.00000000,0.00000000,0.00000000,0.00000000,0.00000000,0.00000000,0.00000000,0.00000000,0.00000000,0.00000000,0.00000000,0.00000000,0.00000000,0.00000000,0.00000000,0.00000000,0.00000000,0.00000000,0.00000000,0.00000000,0.00000000,0.00000000,0.00000000,0.00640320,0.00000000,0.00000000,0.00000000,0.00000000,0.00000000,0.00000000,0.00000000,0.00000000,0.00000000,0.00000000,0.00000000,0.00000000,0.00000000,0.00000000,0.00000000,0.00000000,0.00000000,0.00000000,0.00000000,0.00000000,0.00000000,0.00000000,0.00000000,0.00000000,0.00000000,0.00000000,0.00000000,0.00000000,0.00000000,0.00000000,0.00000000,0.00000000,0.00000000,0.00000000,0.00000000,0.00000000,0.00000000,0.00000000,0.00000000,0.00000000,0.00094319,0.00138402,0.00159128,0.00000000,0.00000000,0.00260821,0.00281559,0.00942755,0.00318725,0.00000000,0.01178861,0.02307072,0.00000000,0.00538981,0.00273377,0.00334846,0.11771531,0.02644471,0.00000000,0.00983432,0.00000000,0.00090565,0.00232111,0.01451638,0.03408645,0.00150536,0.03293060,0.01547446,0.75123412,0.03141285,0.01056456,0.00193922,0.00000000,0.00079391,0.01146342,0.00347115,0.19515283,2.22968652,0.00104725,0.00154061,0.00859915,0.03520298,3.11459204,0.27848215,1.51981978,0.00000000,0.12122043,0.02317236,0.00000000,0.13742441,0.19409814,0.00631397,2.45745647,0.16947476,0.00215740,0.00000000,0.00934314,0.97821342,1.30346248,0.00562079,2.36751717,0.05100566,0.00000000,0.01833089,0.00294884,0.00163215,0.16050684,0.02563023,0.00774163,0.00342150,0.00442760,0.00000000,0.19958526,0.00304092,0.01490080,0.00116461,0.01550141,0.01793827,0.00817919,0.00276769,0.00000000
0.00000000,0.00000000,0.00000000,0.00000000,0.00426739,0.00000000,0.00000000,0.00700301,0.00000000,0.00000000,0.00000000,0.00000000,0.01436309,0.00000000,0.00000000,0.00000000,0.00000000,0.00000000,0.00000000,0.00656093,0.00000000,0.00000000,0.00000000,0.00000000,0.00000000,0.00000000,0.00000000,0.00000000,0.00000000,0.00000000,0.02715634,0.00000000,0.00000000,0.00000000,0.00000000,0.00000000,0.00000000,0.03857589,0.00000000,0.00000000,0.08852626,0.00000000,0.00000000,0.00000000,0.00000000,0.19126943,0.03756314,0.02642156,0.00000000,0.33333923,0.00000000,0.00000000,0.00000000,0.00000000,0.01873074,0.30486361,0.00000000,0.00000000,0.00000000,0.00000000,0.00000000,0.00000000,0.06315150,0.00000000,0.00000000,0.00000000,0.00000000,0.00000000,0.09875453,0.00000000,0.00000000,0.00000000,0.00000000,0.00000000,0.11074757,0.00000000,0.00000000,0.01390500,0.00000000,0.00000000,0.00000000,0.01041575,0.02418696,0.06782337,0.01248592,0.00998118,0.03924616,0.09939893,0.16745367,0.10111275,0.02528865,0.09638646,0.24545630,0.07654126,0.21996149,0.12625175,0.02440756,0.53634888,0.38026688,0.03264437,0.04373464,0.00665218,0.19456940,0.33170934,0.44600620,0.14731136,0.01713670,0.07593344,0.21611034,0.25925488,0.09101217,1.25647413,1.36422699,0.08583985,0.01752670,0.04398711,0.08849478,0.07271155,0.42179214,0.01159986,0.78699324,2.14175620,0.55044713,0.04910952,0.59946635,0.14609693,0.12122043,0.00000000,1.20010738,0.00517628,3.25730576,0.13086299,0.02816722,0.05385612,0.05430594,0.08479339,0.00722889,1.92021112,0.11337407,0.06316488,0.01853032,0.23516069,0.04274080,0.30521585,0.23955873,1.94668042,0.01862922,0.09643367,0.10476110,0.02925590,0.42538076,0.98055390,0.00366778,0.35443981,0.12503552,0.48085145,0.02215296,0.10691300,0.84162274,0.11549904,0.06380603,0.00506773
0.00000000,0.00000000,0.00000000,0.00000000,0.00000000,0.00000000,0.00000000,0.00093921,0.00000000,0.00000000,0.00123582,0.00000000,0.00215385,0.00000000,0.00000000,0.00000000,0.00000000,0.00000000,0.00000000,0.00095925,0.00000000,0.00000000,0.00000000,0.00000000,0.00000000,0.00000000,0.00000000,0.00000000,0.00000000,0.00000000,0.00613296,0.00000000,0.00000000,0.00000000,0.00000000,0.00000000,0.00000000,0.00943125,0.00000000,0.00000000,0.02724394,0.00000000,0.00408708,0.00000000,0.00000000,0.03058797,0.02449681,0.00557641,0.00000000,0.05319854,0.00624791,0.00000000,0.00000000,0.00000000,0.00211548,0.04901761,0.00000000,0.00000000,0.00000000,0.00000000,0.00000000,0.00000000,0.00998142,0.00000000,0.00000000,0.00000000,0.00183410,0.00000000,0.01598471,0.01115817,0.00461023,0.00000000,0.00382813,0.00000000,0.03194694,0.00597159,0.00000000,0.02103613,0.00103620,0.00000000,0.00255735,0.00145549,0.00080858,0.08274236,0.00097941,0.00000000,0.00148389,0.02190417,0.00573924,0.00955326,0.05026171,0.00388028,0.00655878,0.04625776,0.00640027,0.01266114,0.00000000,0.01472006,0.00537476,0.05323180,0.00000000,0.00000000,0.01491270,0.01290157,0.01586867,0.00153142,0.00000000,0.00325589,0.00341489,0.01275407,0.00553703,0.81006733,0.02140813,0.00302393,0.00000000,0.00208333,0.00323022,0.00469604,0.03581908,0.00000000,0.01436350,0.65655353,0.90065880,0.00655356,0.06068062,0.01312728,0.02317236,1.20010738,0.00000000,0.00000000,0.19318279,0.01088774,0.00195260,0.01287140,0.01672836,0.01036745,0.00000000,1.16208092,0.02240108,0.02248214,0.00091034,0.07590624,0.00488362,0.01698239,0.05497959,0.27970200,0.00060071,0.02098282,0.04228194,0.00338182,0.05199492,0.11340228,0.00000000,0.12827047,0.08445728,0.11162431,0.00257639,0.02622845,0.17456256,0.02679614,0.01382957,0.00000000
0.00000000,0.00000000,0.00000000,0.00000000,0.00000000,0.00000000,0.00000000,0.00000000,0.00000000,0.00000000,0.00000000,0.00000000,0.00000000,0.00000000,0.00000000,0.00000000,0.00000000,0.00000000,0.00000000,0.00000000,0.00000000,0.00000000,0.00000000,0.00000000,0.00000000,0.00000000,0.00000000,0.00000000,0.00000000,0.00000000,0.00000000,0.00000000,0.00000000,0.00000000,0.00000000,0.00000000,0.00000000,0.00000000,0.00000000,0.00000000,0.00000000,0.00000000,0.00000000,0.00000000,0.00000000,0.00000000,0.00000000,0.00000000,0.00000000,0.00000000,0.00000000,0.00000000,0.00000000,0.00000000,0.00000000,0.00000000,0.00000000,0.00000000,0.00000000,0.00000000,0.00000000,0.00000000,0.00000000,0.00000000,0.00000000,0.00000000,0.00000000,0.00000000,0.00000000,0.00000000,0.00000000,0.00000000,0.00000000,0.00000000,0.00000000,0.00000000,0.00000000,0.00000000,0.00000000,0.00000000,0.00000000,0.05349641,0.08069370,0.02488614,0.01200967,0.12356089,0.04319071,0.02791005,0.00972820,0.01033603,0.00142407,0.02600520,0.00424311,0.00128371,0.00120898,0.00119021,0.04141661,0.00305695,0.00000000,0.00000000,0.00156511,0.37662878,0.00000000,0.00000000,0.00000000,0.00000000,0.09846978,0.00000000,0.00000000,0.00000000,0.00178773,0.00196642,0.00000000,0.00000000,2.38034536,0.03527758,0.00000000,0.00000000,0.00000000,1.11286013,0.00000000,0.00000000,0.00162218,0.00000000,0.00000000,0.00097660,0.00000000,0.00517628,0.00000000,0.00000000,0.00000000,0.02242743,0.93317783,0.00000000,0.00000000,0.00000000,2.39885457,0.00000000,0.00297730,0.00000000,0.05943636,0.00158185,0.01343636,0.00000000,0.00000000,0.00000000,0.43039193,0.01422032,0.00000000,0.05720632,0.00000000,0.00000000,0.05335013,0.01284393,0.00000000,0.00261003,0.07334226,0.05946389,0.01301540,0.01144809,0.03105115,0.00000000
0.00000000,0.00000000,0.00000000,0.00000000,0.00000000,0.00000000,0.00000000,0.00000000,0.00000000,0.00000000,0.00000000,0.00000000,0.00214697,0.00000000,0.00000000,0.00000000,0.00000000,0.00000000,0.00000000,0.00000000,0.00000000,0.00000000,0.00000000,0.00000000,0.00000000,0.00000000,0.00000000,0.00000000,0.00000000,0.00000000,0.00454483,0.00000000,0.00000000,0.00000000,0.00000000,0.00000000,0.00000000,0.00843645,0.00000000,0.00000000,0.02738768,0.00000000,0.00000000,0.00000000,0.00000000,0.00000000,0.00000000,0.00573424,0.00000000,0.02958006,0.00000000,0.00000000,0.00000000,0.00000000,0.00000000,0.02835012,0.00000000,0.00000000,0.00000000,0.00000000,0.00000000,0.00000000,0.00576210,0.00000000,0.00000000,0.00000000,0.00000000,0.00000000,0.00068819,0.00000000,0.00000000,0.00000000,0.00000000,0.00000000,0.00000000,0.00000000,0.00000000,0.00000000,0.00000000,0.00000000,0.00000000,0.00648164,0.00771729,0.03798602,0.00599336,0.00179220,0.00701564,0.09462723,0.03391876,0.08960389,0.01026774,0.00750639,0.02093398,0.07574966,0.25992923,0.47899897,0.00199185,0.09516501,0.11618073,0.01608849,0.00294703,0.00000000,0.16550608,1.15250538,3.14342177,0.05673603,0.00074969,0.01096971,0.26664588,0.10003955,0.00705811,0.38194160,0.34629879,0.35159079,0.00152635,0.00470239,1.94447557,0.01494049,0.43863695,0.00095513,1.97588503,0.28326970,0.21516681,0.03043390,3.89185361,0.04836281,0.13742441,3.25730576,0.19318279,0.00000000,0.00000000,0.01973269,0.00341432,0.05591144,0.24453609,2.72498341,0.00000000,0.57505294,0.05490679,0.14572418,0.00314376,0.36475430,0.00786517,2.74911369,2.89953107,1.09775551,0.00197715,0.03783712,0.34708959,0.00611535,2.60228447,0.87408712,0.00000000,0.52165777,0.02704280,0.92605255,0.00234302,0.03050800,0.81119811,0.04199559,0.00569733,0.00000000
0.00000000,0.00000000,0.00000000,0.00000000,0.00000000,0.00000000,0.00000000,0.00000000,0.00000000,0.00000000,0.00000000,0.00000000,0.00000000,0.00000000,0.00000000,0.00000000,0.00000000,0.00000000,0.00000000,0.00000000,0.00000000,0.00000000,0.00000000,0.00000000,0.00000000,0.00000000,0.00000000,0.00000000,0.00000000,0.00000000,0.00000000,0.00000000,0.00000000,0.00000000,0.00000000,0.00000000,0.00000000,0.00000000,0.00000000,0.00000000,0.00169231,0.00000000,0.00000000,0.00000000,0.00000000,0.00000000,0.00000000,0.00000000,0.00000000,0.00000000,0.00000000,0.00000000,0.00000000,0.00000000,0.00000000,0.00000000,0.00000000,0.00000000,0.00000000,0.00000000,0.00000000,0.00000000,0.00000000,0.00000000,0.00000000,0.00000000,0.00000000,0.00000000,0.00000000,0.00000000,0.00000000,0.00000000,0.00000000,0.00000000,0.00000000,0.00000000,0.00000000,0.00000000,0.00000000,0.00000000,0.00000000,0.01733761,0.04275295,0.01204573,0.01469891,0.02076070,0.10811100,0.02850924,0.14108909,0.05577567,0.00418524,0.82312079,0.47217586,0.00274069,0.01787022,0.00970597,0.44255959,0.84736263,0.03594386,0.00173087,0.78768433,0.01613085,0.00000000,0.00084436,0.00489919,0.00449625,0.27108039,0.48193533,0.00176717,0.31150597,5.52972356,0.00840512,0.00000000,0.00000000,0.08699389,5.18900344,0.00000000,0.87591619,0.04595969,0.17481975,0.00000000,0.00351578,0.02560861,0.29747088,0.00881392,7.27504113,0.19409814,0.13086299,0.01088774,0.02242743,0.01973269,0.00000000,2.86412806,0.12400786,0.00145146,0.00000000,0.06261710,0.00298885,2.58089778,0.00759580,3.19311009,0.23012234,4.31583485,0.00000000,0.00326428,0.00208858,0.21981588,0.79959424,0.00913164,0.55881988,0.00128562,0.00635032,0.00560658,0.27641445,0.00414058,0.03103656,0.05001876,0.20363986,0.04216342,0.04887845,0.02470639,0.00000000
0.00000000,0.00000000,0.00000000,0.00000000,0.00000000,0.00000000,0.00000000,0.00000000,0.00000000,0.00000000,0.00000000,0.00000000,0.00000000,0.00000000,0.00000000,0.00000000,0.00000000,0.00000000,0.00000000,0.00000000,0.00000000,0.00000000,0.00000000,0.00000000,0.00000000,0.00000000,0.00000000,0.00000000,0.00000000,0.00000000,0.00000000,0.00000000,0.00000000,0.00000000,0.00000000,0.00000000,0.00000000,0.00000000,0.00000000,0.00000000,0.00000000,0.00000000,0.00000000,0.00000000,0.00000000,0.00000000,0.00000000,0.00000000,0.00000000,0.00000000,0.00000000,0.00000000,0.00000000,0.00000000,0.00000000,0.00000000,0.00000000,0.00000000,0.00000000,0.00000000,0.00000000,0.00000000,0.00000000,0.00000000,0.00000000,0.00000000,0.00000000,0.00000000,0.00000000,0.00000000,0.00000000,0.00000000,0.00000000,0.00000000,0.00000000,0.00000000,0.00000000,0.00000000,0.00000000,0.00000000,0.00000000,0.04311743,0.09451685,0.02415537,0.02803711,0.07281797,0.12199066,0.05058910,0.06215442,0.05040702,0.00301210,0.26539510,0.04458615,0.00402793,0.00683682,0.00562792,0.28517511,0.02932311,0.00526590,0.00093542,0.07856552,0.11436660,0.00000000,0.00000000,0.00219002,0.00000000,0.57404847,0.00910978,0.00000000,0.00521818,0.21823738,0.00680524,0.00000000,0.00000000,1.03319261,2.81297541,0.00000000,0.00727576,0.00408414,2.51113978,0.00000000,0.00084235,0.00699894,0.00346684,0.00274043,0.04381751,0.00631397,0.02816722,0.00195260,0.93317783,0.00341432,2.86412806,0.00000000,0.00403762,0.00000000,0.00000000,2.45245722,0.00000000,0.07529289,0.00207730,3.61918392,0.03560773,0.53744394,0.00000000,0.00189227,0.00000000,2.26847689,0.33539912,0.00406032,0.80824531,0.00085345,0.00508674,0.05399351,0.19329478,0.00237696,0.03405549,0.25712491,0.43139404,0.06579745,0.08043654,0.08972630,0.00277915
0.00000000,0.00000000,0.00000000,0.00000000,0.00000000,0.00000000,0.00000000,0.00000000,0.00000000,0.00000000,0.00000000,0.00000000,0.00000000,0.00000000,0.00000000,0.00000000,0.00000000,0.00000000,0.00000000,0.00000000,0.00000000,0.00000000,0.00000000,0.00000000,0.00000000,0.00000000,0.00000000,0.00000000,0.00000000,0.00000000,0.00000000,0.00000000,0.00000000,0.00000000,0.00000000,0.00000000,0.00000000,0.00000000,0.00000000,0.00000000,0.00000000,0.00000000,0.00000000,0.00000000,0.00000000,0.00000000,0.00000000,0.00000000,0.00000000,0.00000000,0.00000000,0.00000000,0.00000000,0.00000000,0.00000000,0.00000000,0.00000000,0.00000000,0.00000000,0.00000000,0.00000000,0.00000000,0.00000000,0.00000000,0.00000000,0.00000000,0.00000000,0.00000000,0.00000000,0.00000000,0.00000000,0.00000000,0.00000000,0.00000000,0.00000000,0.00000000,0.00000000,0.00000000,0.00000000,0.00000000,0.00000000,0.00000000,0.00000000,0.00000000,0.00000000,0.00000000,0.00178068,0.00088618,0.00558741,0.00246792,0.00000000,0.00832602,0.01401444,0.00000000,0.00167358,0.00000000,0.00179182,0.04676996,0.00688802,0.00000000,0.00610734,0.00000000,0.00000000,0.00000000,0.00299876,0.00619346,0.00000000,0.01484475,0.00293115,0.10164344,0.01936094,0.00358466,0.00000000,0.00000000,0.00000000,0.00881679,0.00000000,0.03301306,0.30887043,0.00000000,0.00000000,0.00251227,0.01837568,1.13313128,0.03708578,0.85712982,2.45745647,0.05385612,0.01287140,0.00000000,0.05591144,0.12400786,0.00403762,0.00000000,0.00855744,0.00000000,0.00000000,0.00375838,1.97865715,0.56064726,0.00468665,2.15410732,0.05971983,0.00000000,0.00426792,0.00000000,0.00000000,0.16072172,0.00880800,0.00580863,0.00092443,0.00000000,0.00000000,0.10583475,0.00000000,0.00627935,0.00000000,0.01009768,0.00892640,0.00469869,0.00092108,0.00000000
0.00000000,0.00000000,0.00000000,0.00000000,0.00000000,0.00000000,0.00000000,0.00000000,0.00000000,0.00000000,0.00000000,0.00000000,0.00000000,0.00000000,0.00000000,0.00000000,0.00000000,0.00000000,0.00000000,0.00000000,0.00000000,0.00000000,0.00000000,0.00000000,0.00000000,0.00000000,0.00000000,0.00000000,0.00000000,0.00000000,0.00000000,0.00000000,0.00000000,0.00000000,0.00000000,0.00000000,0.00000000,0.00000000,0.00000000,0.00000000,0.00000000,0.00000000,0.00000000,0.00000000,0.00000000,0.00000000,0.00000000,0.00000000,0.00000000,0.00000000,0.00000000,0.00000000,0.00000000,0.00000000,0.00000000,0.00000000,0.00000000,0.00000000,0.00000000,0.00000000,0.00000000,0.00000000,0.00000000,0.00000000,0.00000000,0.00000000,0.00000000,0.00000000,0.00000000,0.00000000,0.00000000,0.00000000,0.00000000,0.00000000,0.00000000,0.00000000,0.00000000,0.00000000,0.00000000,0.00000000,0.00000000,0.00000000,0.00000000,0.00082443,0.00000000,0.00000000,0.00000000,0.00117097,0.00117044,0.00177420,0.00000000,0.00000000,0.00178078,0.00100990,0.00528206,0.00437840,0.00000000,0.00541396,0.00812909,0.00000000,0.00000000,0.00000000,0.00180501,0.00683110,0.03205704,0.00590311,0.00000000,0.00000000,0.01946523,0.00567017,0.00000000,0.01095729,0.00251757,0.00064692,0.00000000,0.00000000,0.01220871,0.00000000,0.85592003,0.00000000,0.00281913,0.00955069,0.02084146,0.00195249,1.95040814,0.00174111,0.16947476,0.05430594,0.01672836,0.00000000,0.24453609,0.00145146,0.00000000,0.00855744,0.00000000,0.58170763,0.00000000,0.00903040,0.00692391,2.13308238,0.00000000,0.77991114,0.00145842,0.00115627,2.12671689,0.00216774,0.00000000,0.01089262,0.54612377,0.00000000,0.02084452,0.00312451,0.00000000,0.25909459,0.00000000,0.05286363,0.00000000,0.00468805,0.01673454,0.00574715,0.00000000,0.00000000
0.00000000,0.00000000,0.00000000,0.00000000,0.00000000,0.00000000,0.00000000,0.00000000,0.00000000,0.00000000,0.00000000,0.00000000,0.00000000,0.00000000,0.00000000,0.00000000,0.00000000,0.00000000,0.00000000,0.00000000,0.00000000,0.00000000,0.00000000,0.00000000,0.00000000,0.00000000,0.00000000,0.00000000,0.00000000,0.00000000,0.00000000,0.00000000,0.00000000,0.00000000,0.00000000,0.00000000,0.00000000,0.00000000,0.00000000,0.00000000,0.00000000,0.00000000,0.00000000,0.00000000,0.00000000,0.00000000,0.00000000,0.00000000,0.00000000,0.00000000,0.00000000,0.00000000,0.00000000,0.00000000,0.00000000,0.00000000,0.00000000,0.00000000,0.00000000,0.00000000,0.00000000,0.00000000,0.00000000,0.00000000,0.00000000,0.00000000,0.00000000,0.00000000,0.00000000,0.00000000,0.00000000,0.00000000,0.00000000,0.00000000,0.00000000,0.00000000,0.00000000,0.00000000,0.00000000,0.00000000,0.00000000,0.00000000,0.00000000,0.00144631,0.00000000,0.00000000,0.00000000,0.00363010,0.00090708,0.00313872,0.00000000,0.00000000,0.00000000,0.00288984,0.00494971,0.01494502,0.00000000,0.00123381,0.00247155,0.00000000,0.00000000,0.00000000,0.00558039,0.02677755,0.04471181,0.00114831,0.00000000,0.00000000,0.00677166,0.00091447,0.00000000,0.01782043,0.00938767,0.00590125,0.00000000,0.00000000,0.04347558,0.00000000,0.01167306,0.00000000,0.02480946,0.01349793,0.01388969,0.00000000,1.01406449,0.00000000,0.00215740,0.08479339,0.01036745,0.00000000,2.72498341,0.00000000,0.00000000,0.00000000,0.58170763,0.00000000,0.00000000,0.01199063,0.00000000,0.03733793,0.00000000,0.01909308,0.00000000,0.37297962,3.83005133,0.01482084,0.00000000,0.00097478,0.19283895,0.00000000,0.97410614,0.03376124,0.00000000,0.07994452,0.00106967,0.19286155,0.00000000,0.00184854,0.07662360,0.00332455,0.00000000,0.00000000
0.00000000,0.00000000,0.00000000,0.00000000,0.00000000,0.00000000,0.00000000,0.00000000,0.00000000,0.00000000,0.00000000,0.00000000,0.00000000,0.00000000,0.00000000,0.00000000,0.00000000,0.00000000,0.00000000,0.00000000,0.00000000,0.00000000,0.00000000,0.00000000,0.00000000,0.00000000,0.00000000,0.00000000,0.00000000,0.00000000,0.00000000,0.00000000,0.00000000,0.00000000,0.00000000,0.00000000,0.00000000,0.00000000,0.00000000,0.00000000,0.00000000,0.00000000,0.00000000,0.00000000,0.00000000,0.00000000,0.00000000,0.00000000,0.00000000,0.00000000,0.00000000,0.00000000,0.00000000,0.00000000,0.00000000,0.00000000,0.00000000,0.00000000,0.00000000,0.00000000,0.00000000,0.00000000,0.00000000,0.00000000,0.00000000,0.00000000,0.00000000,0.00000000,0.00000000,0.00000000,0.00000000,0.00000000,0.00000000,0.00000000,0.00000000,0.00000000,0.00000000,0.00000000,0.00000000,0.00000000,0.00000000,0.03873138,0.06897355,0.02044303,0.01437177,0.08299567,0.05237061,0.03444854,0.01343695,0.01767775,0.00111844,0.03648147,0.00582092,0.00140807,0.00159918,0.00230368,0.03604873,0.00238130,0.00000000,0.00000000,0.00321020,0.13509413,0.00000000,0.00000000,0.00000000,0.00000000,0.06985467,0.00000000,0.00000000,0.00000000,0.00490749,0.00222304,0.00000000,0.00000000,0.55325659,0.06423839,0.00000000,0.00000000,0.00000000,0.46789790,0.00000000,0.00000000,0.00194297,0.00000000,0.00000000,0.00239909,0.00000000,0.00722889,0.00000000,2.39885457,0.00000000,0.06261710,2.45245722,0.00000000,0.00000000,0.00000000,0.00000000,0.00000000,0.00550779,0.00000000,0.28593962,0.00339222,0.04644968,0.00000000,0.00000000,0.00000000,2.41590059,0.03988748,0.00000000,0.18921230,0.00000000,0.00000000,0.08536469,0.02923093,0.00000000,0.00800868,0.16011210,0.15232276,0.02397995,0.02834576,0.06208883,0.00101903
0.00000000,0.00000000,0.00000000,0.00000000,0.00000000,0.00000000,0.00000000,0.00000000,0.00000000,0.00000000,0.00000000,0.00000000,0.00108242,0.00000000,0.00000000,0.00000000,0.00000000,0.00000000,0.00000000,0.00000000,0.00000000,0.00000000,0.00000000,0.00000000,0.00000000,0.00000000,0.00000000,0.00000000,0.00000000,0.00000000,0.00407672,0.00000000,0.00000000,0.00000000,0.00000000,0.00000000,0.00000000,0.00777801,0.00000000,0.00000000,0.02088695,0.00000000,0.00000000,0.00000000,0.00000000,0.01813942,0.01756498,0.00554041,0.00000000,0.04008130,0.00000000,0.00000000,0.00000000,0.00000000,0.00296739,0.05401734,0.00000000,0.00000000,0.00000000,0.00000000,0.00000000,0.00000000,0.00923329,0.00000000,0.00000000,0.00000000,0.00000000,0.00000000,0.01458480,0.00083958,0.00111629,0.00000000,0.00000000,0.00000000,0.02772315,0.00000000,0.00000000,0.01202463,0.00000000,0.00000000,0.00037543,0.00000000,0.00000000,0.02612771,0.00000000,0.00000000,0.00000000,0.00812864,0.00125760,0.00315375,0.01759766,0.00000000,0.00000000,0.01492191,0.00195613,0.00730436,0.00000000,0.00425746,0.00107868,0.01713679,0.00000000,0.00000000,0.00960895,0.00987314,0.00732142,0.00000000,0.00000000,0.00000000,0.00103687,0.00241115,0.00000000,0.21201829,0.02136697,0.00362990,0.00000000,0.00000000,0.00249904,0.00000000,0.01481097,0.00000000,0.03760850,0.20822895,0.29616233,0.00130938,0.03517781,0.00451442,0.00934314,1.92021112,1.16208092,0.00000000,0.57505294,0.00298885,0.00000000,0.00375838,0.00903040,0.01199063,0.00000000,0.00000000,0.00737811,0.01109905,0.00000000,0.03922330,0.00000000,0.14553455,0.04741180,2.57767161,0.00095832,0.01040319,0.02842710,0.00182747,0.11784019,0.49170599,0.00000000,0.10872825,0.16800303,0.17209449,0.00222710,0.02762538,0.35058002,0.03802870,0.01393905,0.00110145
0.00000000,0.00000000,0.00000000,0.00000000,0.00000000,0.00000000,0.00000000,0.00000000,0.00000000,0.00000000,0.00000000,0.00000000,0.00000000,0.00000000,0.00000000,0.00000000,0.00000000,0.00000000,0.00000000,0.00000000,0.00000000,0.00000000,0.00000000,0.00000000,0.00000000,0.00000000,0.00000000,0.00000000,0.00000000,0.00000000,0.00000000,0.00000000,0.00000000,0.00000000,0.00000000,0.00000000,0.00000000,0.00000000,0.00000000,0.00000000,0.00458194,0.00000000,0.00000000,0.00000000,0.00000000,0.00000000,0.00000000,0.00000000,0.00000000,0.00000000,0.00000000,0.00000000,0.00000000,0.00000000,0.00000000,0.00000000,0.00000000,0.00000000,0.00000000,0.00000000,0.00000000,0.00000000,0.00000000,0.00000000,0.00000000,0.00000000,0.00000000,0.00000000,0.00000000,0.00000000,0.00000000,0.00000000,0.00000000,0.00000000,0.00000000,0.00000000,0.00000000,0.00000000,0.00000000,0.00000000,0.00000000,0.00515004,0.01046801,0.00350657,0.00418877,0.00571313,0.02304490,0.00807493,0.05442089,0.01616307,0.00128346,0.11194289,0.12929441,0.00108454,0.00802356,0.00392513,0.03984166,0.21872109,0.02592770,0.00065919,0.08703670,0.00384008,0.00000000,0.00078771,0.00582374,0.00841060,0.01587050,0.07487951,0.00278879,0.21136734,0.25394819,0.00997868,0.00000000,0.00000000,0.00883102,0.15047532,0.00000000,0.17114708,0.20176963,0.01150299,0.00000000,0.00669293,0.03765016,0.69840310,0.03370972,3.44710150,0.97821342,0.11337407,0.02240108,0.00297730,0.05490679,2.58089778,0.07529289,1.97865715,0.00692391,0.00000000,0.00550779,0.00737811,0.00000000,0.08060006,0.13313411,3.47193460,2.32555963,0.00000000,0.00647218,0.00290451,0.01443809,2.36741124,0.01222001,0.14965489,0.00218065,0.00521431,0.00052101,0.46763072,0.00472211,0.02076075,0.00756296,0.07794147,0.02765745,0.02159912,0.00811517,0.00000000
0.00000000,0.00000000,0.00000000,0.00000000,0.00000000,0.00000000,0.00000000,0.00000000,0.00000000,0.00000000,0.00000000,0.00000000,0.00000000,0.00000000,0.00000000,0.00000000,0.00000000,0.00000000,0.00000000,0.00000000,0.00000000,0.00000000,0.00000000,0.00000000,0.00000000,0.00000000,0.00000000,0.00000000,0.00000000,0.00000000,0.00000000,0.00000000,0.00000000,0.00000000,0.00000000,0.00000000,0.00000000,0.00000000,0.00000000,0.00000000,0.00263563,0.00000000,0.00000000,0.00000000,0.00000000,0.00000000,0.00000000,0.00000000,0.00000000,0.00000000,0.00000000,0.00000000,0.00000000,0.00000000,0.00000000,0.00000000,0.00000000,0.00000000,0.00000000,0.00000000,0.00000000,0.00000000,0.00000000,0.00000000,0.00000000,0.00000000,0.00000000,0.00000000,0.00000000,0.00000000,0.00000000,0.00000000,0.00000000,0.00000000,0.00000000,0.00000000,0.00000000,0.00000000,0.00000000,0.00000000,0.00000000,0.00000000,0.00000000,0.00085022,0.00000000,0.00000000,0.00096199,0.00109901,0.00207324,0.00196737,0.00000000,0.00235966,0.00351004,0.00000000,0.00288504,0.00266787,0.00000000,0.01327386,0.01011893,0.00000000,0.00000000,0.00000000,0.00097733,0.00333528,0.01678317,0.00889386,0.00000000,0.00127025,0.01289921,0.01566123,0.00179233,0.01130114,0.00178720,0.00000000,0.00000000,0.00217009,0.00459732,0.00132299,0.99200744,0.00000000,0.00129694,0.00757624,0.02812313,0.02412855,0.71938495,0.00953795,1.30346248,0.06316488,0.02248214,0.00000000,0.14572418,0.00759580,0.00207730,0.56064726,2.13308238,0.03733793,0.00000000,0.01109905,0.08060006,0.00000000,0.00134562,4.13219430,0.00682296,0.00073694,0.94850164,0.00240105,0.00000000,0.08293297,0.72170141,0.00307533,0.00959731,0.00258848,0.00000000,0.59640456,0.00067693,0.03626955,0.00000000,0.01144574,0.01696103,0.00748828,0.00000000,0.00000000
0.00000000,0.00000000,0.00000000,0.00000000,0.00000000,0.00000000,0.00000000,0.00000000,0.00000000,0.00000000,0.00000000,0.00000000,0.00000000,0.00000000,0.00000000,0.00000000,0.00000000,0.00000000,0.00000000,0.00000000,0.00000000,0.00000000,0.00000000,0.00000000,0.00000000,0.00000000,0.00000000,0.00000000,0.00000000,0.00000000,0.00000000,0.00000000,0.00000000,0.00000000,0.00000000,0.00000000,0.00000000,0.00000000,0.00000000,0.00000000,0.00000000,0.00000000,0.00000000,0.00000000,0.00000000,0.00000000,0.00000000,0.00000000,0.00000000,0.00000000,0.00000000,0.00000000,0.00000000,0.00000000,0.00000000,0.00000000,0.00000000,0.00000000,0.00000000,0.00000000,0.00000000,0.00000000,0.00000000,0.00000000,0.00000000,0.00000000,0.00000000,0.00000000,0.00000000,0.00000000,0.00000000,0.00000000,0.00000000,0.00000000,0.00000000,0.00000000,0.00000000,0.00000000,0.00000000,0.00000000,0.00000000,0.01455380,0.04217073,0.00906658,0.01481319,0.02435038,0.07965635,0.02455506,0.05991174,0.04157724,0.00000000,0.16662406,0.05309915,0.00224493,0.00651727,0.00464894,0.10924039,0.02888400,0.00471946,0.00000000,0.05691795,0.02219487,0.00000000,0.00000000,0.00161241,0.00000000,0.10806941,0.00757508,0.00000000,0.00494583,0.13736994,0.00373314,0.00000000,0.00000000,0.11012214,0.61841301,0.00000000,0.00705503,0.00320822,0.18427433,0.00000000,0.00000000,0.00570194,0.00458727,0.00151758,0.05234008,0.00562079,0.01853032,0.00091034,0.05943636,0.00314376,3.19311009,3.61918392,0.00468665,0.00000000,0.00000000,0.28593962,0.00000000,0.13313411,0.00134562,0.00000000,0.03979177,1.91998920,0.00000000,0.00113317,0.00000000,1.67243317,0.40248391,0.00299774,1.89049629,0.00000000,0.00378701,0.02584827,0.16186302,0.00000000,0.02326371,0.31314207,0.40252695,0.03857357,0.05854517,0.05781131,0.00137444
0.00000000,0.00000000,0.00000000,0.00000000,0.00000000,0.00000000,0.00000000,0.00000000,0.00000000,0.00000000,0.00000000,0.00000000,0.00000000,0.00000000,0.00000000,0.00000000,0.00000000,0.00000000,0.00000000,0.00000000,0.00000000,0.00000000,0.00000000,0.00000000,0.00000000,0.00000000,0.00000000,0.00000000,0.00000000,0.00000000,0.00000000,0.00000000,0.00000000,0.00000000,0.00000000,0.00000000,0.00000000,0.00000000,0.00000000,0.00000000,0.02058349,0.00000000,0.00000000,0.00000000,0.00000000,0.00000000,0.00000000,0.00000000,0.00000000,0.00000000,0.00000000,0.00000000,0.00000000,0.00000000,0.00000000,0.00000000,0.00000000,0.00000000,0.00000000,0.00000000,0.00000000,0.00000000,0.00000000,0.00000000,0.00000000,0.00000000,0.00000000,0.00000000,0.00000000,0.00000000,0.00000000,0.00000000,0.00000000,0.00000000,0.00000000,0.00000000,0.00000000,0.00000000,0.00000000,0.00000000,0.00000000,0.00326902,0.00636037,0.00637465,0.00353650,0.00297820,0.01608057,0.00920082,0.03330749,0.01458786,0.00413430,0.05031324,0.05462950,0.00300311,0.01185923,0.00762504,0.01943281,0.12176289,0.04615227,0.00395033,0.02987981,0.00269529,0.00234333,0.00582927,0.03306414,0.03865911,0.00926372,0.02212486,0.02599144,0.11718391,0.05469068,0.03521105,0.00449994,0.00104612,0.00595512,0.04831521,0.00748743,0.03693751,1.73573120,0.00809986,0.00497986,0.02524420,0.11549838,0.30567968,0.85990195,0.30651637,2.36751717,0.23516069,0.07590624,0.00158185,0.36475430,0.23012234,0.03560773,2.15410732,0.77991114,0.01909308,0.00339222,0.03922330,3.47193460,4.13219430,0.03979177,0.00000000,0.30278623,0.00204145,0.37870927,0.01108327,0.01052002,2.17467374,0.96096221,0.05301661,0.02215031,0.01291223,0.00000000,3.87001985,0.01018918,0.12049937,0.00724835,0.12761617,0.07293307,0.05072364,0.01482724,0.00000000
0.00000000,0.00000000,0.00000000,0.00000000,0.00000000,0.00000000,0.00000000,0.00000000,0.00000000,0.00000000,0.00000000,0.00000000,0.00000000,0.00000000,0.00000000,0.00000000,0.00000000,0.00000000,0.00000000,0.00000000,0.00000000,0.00000000,0.00000000,0.00000000,0.00000000,0.00000000,0.00000000,0.00000000,0.00000000,0.00000000,0.00000000,0.00000000,0.00000000,0.00000000,0.00000000,0.00000000,0.00000000,0.00000000,0.00000000,0.00000000,0.00000000,0.00000000,0.00000000,0.00000000,0.00000000,0.00000000,0.00000000,0.00000000,0.00000000,0.00000000,0.00000000,0.00000000,0.00000000,0.00000000,0.00000000,0.00000000,0.00000000,0.00000000,0.00000000,0.00000000,0.00000000,0.00000000,0.00000000,0.00000000,0.00000000,0.00000000,0.00000000,0.00000000,0.00000000,0.00000000,0.00000000,0.00000000,0.00000000,0.00000000,0.00000000,0.00000000,0.00000000,0.00000000,0.00000000,0.00000000,0.00000000,0.00923121,0.02514708,0.00729061,0.01069691,0.01171598,0.07296712,0.02101429,0.09764031,0.04651583,0.00144468,0.24191678,0.14521521,0.00174598,0.01052543,0.00610664,0.11109874,0.10660332,0.01359212,0.00000000,0.13151349,0.00859842,0.00000000,0.00000000,0.00310323,0.00107785,0.06052639,0.03246526,0.00000000,0.03249508,0.30985154,0.00478014,0.00000000,0.00000000,0.03348017,0.45065503,0.00000000,0.04390815,0.01829063,0.07341894,0.00000000,0.00158059,0.01301915,0.04055691,0.00595042,0.51550966,0.05100566,0.04274080,0.00488362,0.01343636,0.00786517,4.31583485,0.53744394,0.05971983,0.00145842,0.00000000,0.04644968,0.00000000,2.32555963,0.00682296,1.91998920,0.30278623,0.00000000,0.00000000,0.00241143,0.00000000,0.21923995,2.38400722,0.00754255,2.15118398,0.00000000,0.00300162,0.00759480,0.31837576,0.00000000,0.02300160,0.13590716,0.32328254,0.02976953,0.04309755,0.02336253,0.00000000
0.00000000,0.00000000,0.00000000,0.00000000,0.00000000,0.00000000,0.00000000,0.00000000,0.00000000,0.00000000,0.00000000,0.00000000,0.00000000,0.00000000,0.00000000,0.00000000,0.00000000,0.00000000,0.00000000,0.00000000,0.00000000,0.00000000,0.00000000,0.00000000,0.00000000,0.00000000,0.00000000,0.00000000,0.00000000,0.00000000,0.00000000,0.00000000,0.00000000,0.00000000,0.00000000,0.00000000,0.00000000,0.00000000,0.00000000,0.00000000,0.00000000,0.00000000,0.00000000,0.00000000,0.00000000,0.00000000,0.00000000,0.00000000,0.00000000,0.00000000,0.00000000,0.00000000,0.00000000,0.00000000,0.00000000,0.00000000,0.00000000,0.00000000,0.00000000,0.00000000,0.00000000,0.00000000,0.00000000,0.00000000,0.00000000,0.00000000,0.00000000,0.00000000,0.00000000,0.00000000,0.00000000,0.00000000,0.00000000,0.00000000,0.00000000,0.00000000,0.00000000,0.00000000,0.00000000,0.00000000,0.00000000,0.00000000,0.00000000,0.00193189,0.00000000,0.00000000,0.00000000,0.00337504,0.00000000,0.00191339,0.00000000,0.00000000,0.00000000,0.00408803,0.00117269,0.01056154,0.00000000,0.00000000,0.00000000,0.00075928,0.00000000,0.00000000,0.00919577,0.03475383,0.01631454,0.00000000,0.00000000,0.00000000,0.00000000,0.00000000,0.00000000,0.02593565,0.02159940,0.01061734,0.00000000,0.00000000,0.01202863,0.00000000,0.00167748,0.00000000,0.10028042,0.01747446,0.01369381,0.00000000,0.01359977,0.00000000,0.00000000,0.30521585,0.01698239,0.00000000,2.74911369,0.00000000,0.00000000,0.00000000,0.00115627,0.37297962,0.00000000,0.14553455,0.00000000,0.00073694,0.00000000,0.00204145,0.00000000,0.00000000,0.23195385,0.96964234,0.00000000,0.00000000,0.00757169,0.00000000,2.00778858,0.84610396,0.00000000,0.01409614,0.00743157,0.14670308,0.00000000,0.00283393,0.31160967,0.00474539,0.00000000,0.00000000
0.00000000,0.00000000,0.00000000,0.00000000,0.00000000,0.00000000,0.00000000,0.00000000,0.00000000,0.00000000,0.00000000,0.00000000,0.00000000,0.00000000,0.00000000,0.00000000,0.00000000,0.00000000,0.00000000,0.00000000,0.00000000,0.00000000,0.00000000,0.00000000,0.00000000,0.00000000,0.00000000,0.00000000,0.00000000,0.00000000,0.00000000,0.00000000,0.00000000,0.00000000,0.00000000,0.00000000,0.00000000,0.00000000,0.00000000,0.00000000,0.00859487,0.00000000,0.00000000,0.00000000,0.00000000,0.00000000,0.00000000,0.00000000,0.00000000,0.00000000,0.00000000,0.00000000,0.00000000,0.00000000,0.00000000,0.00000000,0.00000000,0.00000000,0.00000000,0.00000000,0.00000000,0.00000000,0.00000000,0.00000000,0.00000000,0.00000000,0.00000000,0.00000000,0.00000000,0.00000000,0.00000000,0.00000000,0.00000000,0.00000000,0.00000000,0.00000000,0.00000000,0.00000000,0.00000000,0.00000000,0.00000000,0.00000000,0.00000000,0.00471045,0.00000000,0.00000000,0.00067448,0.00770266,0.00361508,0.00718885,0.00226530,0.00170257,0.00192913,0.00719315,0.00979355,0.02489844,0.00000000,0.00630732,0.00668515,0.00246022,0.00000000,0.00000000,0.01005179,0.04435149,0.07592146,0.00542219,0.00000000,0.00000000,0.01451484,0.00534105,0.00075401,0.04400844,0.01944892,0.00769416,0.00000000,0.00130736,0.04106296,0.00000000,0.08428393,0.00000000,0.03003135,0.03361046,0.06679799,0.00195341,1.46957007,0.00286602,0.01833089,0.23955873,0.05497959,0.00000000,2.89953107,0.00326428,0.00189227,0.00426792,2.12671689,3.83005133,0.00000000,0.04741180,0.00647218,0.94850164,0.00113317,0.37870927,0.00241143,0.23195385,0.00000000,0.03561478,0.00000000,0.02028748,2.43273371,0.00332831,3.20899002,0.05408438,0.00000000,1.04949814,0.00683911,1.67196055,0.00000000,0.01838384,0.30416521,0.02173582,0.00391935,0.00000000
0.00000000,0.00000000,0.00000000,0.00000000,0.00000000,0.00000000,0.00000000,0.00000000,0.00000000,0.00000000,0.00000000,0.00000000,0.00000000,0.00000000,0.00000000,0.00000000,0.00000000,0.00000000,0.00000000,0.00000000,0.00000000,0.00000000,0.00000000,0.00000000,0.00000000,0.00000000,0.00000000,0.00000000,0.00000000,0.00000000,0.00221805,0.00000000,0.00000000,0.00000000,0.00000000,0.00000000,0.00000000,0.00424076,0.00000000,0.00000000,0.01759922,0.00000000,0.00000000,0.00000000,0.00000000,0.01915139,0.00521177,0.00433823,0.00000000,0.04172770,0.00000000,0.00000000,0.00000000,0.00000000,0.00209096,0.04611992,0.00000000,0.00000000,0.00000000,0.00000000,0.00000000,0.00000000,0.00981185,0.00000000,0.00000000,0.00000000,0.00000000,0.00000000,0.01666871,0.00000000,0.00000000,0.00000000,0.00000000,0.00000000,0.01809301,0.00000000,0.00000000,0.00048773,0.00000000,0.00000000,0.00000000,0.00000000,0.00000000,0.01397273,0.00000000,0.00000000,0.00000000,0.00735414,0.00126853,0.00356703,0.00900701,0.00000000,0.00000000,0.00975090,0.00160208,0.00812140,0.00000000,0.00317579,0.00087129,0.01011977,0.00000000,0.00000000,0.01510102,0.02259420,0.00850287,0.00000000,0.00000000,0.00000000,0.00000000,0.00134611,0.00000000,0.12434853,0.03974237,0.00686666,0.00000000,0.00000000,0.00291936,0.00000000,0.00462018,0.00000000,0.08406124,0.13346287,0.18446550,0.00000000,0.01237899,0.00134212,0.00294884,1.94668042,0.27970200,0.00000000,1.09775551,0.00208858,0.00000000,0.00000000,0.00216774,0.01482084,0.00000000,2.57767161,0.00290451,0.00240105,0.00000000,0.01108327,0.00000000,0.96964234,0.03561478,0.00000000,0.00130569,0.00607593,0.01450506,0.00244061,0.37151173,2.96344852,0.00000000,0.05745342,0.57681279,0.26880634,0.00422123,0.03296019,0.89167995,0.05127004,0.02893342,0.00286502
0.00000000,0.00000000,0.00000000,0.00000000,0.00000000,0.00000000,0.00000000,0.00000000,0.00000000,0.00000000,0.00000000,0.00000000,0.00000000,0.00000000,0.00000000,0.00000000,0.00000000,0.00000000,0.00000000,0.00000000,0.00000000,0.00000000,0.00000000,0.00000000,0.00000000,0.00000000,0.00000000,0.00000000,0.00000000,0.00000000,0.00000000,0.00000000,0.00000000,0.00000000,0.00000000,0.00000000,0.00000000,0.00000000,0.00000000,0.00000000,0.00000000,0.00000000,0.00000000,0.00000000,0.00000000,0.00000000,0.00000000,0.00000000,0.00000000,0.00000000,0.00000000,0.00000000,0.00000000,0.00000000,0.00000000,0.00000000,0.00000000,0.00000000,0.00000000,0.00000000,0.00000000,0.00000000,0.00000000,0.00000000,0.00000000,0.00000000,0.00000000,0.00000000,0.00000000,0.00000000,0.00000000,0.00000000,0.00000000,0.00000000,0.00000000,0.00000000,0.00000000,0.00000000,0.00000000,0.00000000,0.00000000,0.06155866,0.11347892,0.03295819,0.03255501,0.10192761,0.11112251,0.06401464,0.04543838,0.05313286,0.00855442,0.07442632,0.01457545,0.00390921,0.00451969,0.00590035,0.06774829,0.00805782,0.00236017,0.00293160,0.00861602,0.12170411,0.00000000,0.00000000,0.00193871,0.00000000,0.09576438,0.00000000,0.00000000,0.00078956,0.01206173,0.00807642,0.00000000,0.00000000,0.34341343,0.10389764,0.00000000,0.00000000,0.00118681,0.24275382,0.00000000,0.00000000,0.00989504,0.00000000,0.00100473,0.00650641,0.00163215,0.01862922,0.00060071,0.43039193,0.00197715,0.21981588,2.26847689,0.00000000,0.00000000,0.00000000,2.41590059,0.00095832,0.01443809,0.00000000,1.67243317,0.01052002,0.21923995,0.00000000,0.00000000,0.00130569,0.00000000,0.10267015,0.00271590,1.36470235,0.00000000,0.00604067,0.70410449,0.07600687,0.00557356,0.02383943,1.54363533,0.66320573,0.09247507,0.09135181,0.34101228,0.00626672
0.00000000,0.00000000,0.00000000,0.00000000,0.00000000,0.00000000,0.00000000,0.00000000,0.00000000,0.00000000,0.00000000,0.00000000,0.00000000,0.00000000,0.00000000,0.00000000,0.00000000,0.00000000,0.00000000,0.00000000,0.00000000,0.00000000,0.00000000,0.00000000,0.00000000,0.00000000,0.00000000,0.00000000,0.00000000,0.00000000,0.00000000,0.00000000,0.00000000,0.00000000,0.00000000,0.00000000,0.00000000,0.00000000,0.00000000,0.00000000,0.00762907,0.00000000,0.00000000,0.00000000,0.00000000,0.00000000,0.00000000,0.00000000,0.00000000,0.00000000,0.00000000,0.00000000,0.00000000,0.00000000,0.00000000,0.00000000,0.00000000,0.00000000,0.00000000,0.00000000,0.00000000,0.00000000,0.00000000,0.00000000,0.00000000,0.00000000,0.00000000,0.00000000,0.00000000,0.00000000,0.00000000,0.00000000,0.00000000,0.00000000,0.00000000,0.00000000,0.00000000,0.00000000,0.00000000,0.00000000,0.00000000,0.01349625,0.03440163,0.00947737,0.01541825,0.01378537,0.07447227,0.02552744,0.12147682,0.05935426,0.00435092,0.20889462,0.12738984,0.00333542,0.01339298,0.01056898,0.09480122,0.10626526,0.01948994,0.00356168,0.08711491,0.01101043,0.00077792,0.00175229,0.00592644,0.00427178,0.05574273,0.02060378,0.00233027,0.04227359,0.15211361,0.01472610,0.00000000,0.00000000,0.03830095,0.24002523,0.00000000,0.02961193,0.09712410,0.06104243,0.00000000,0.00715059,0.04001880,0.05605667,0.03227131,0.21526660,0.16050684,0.09643367,0.02098282,0.01422032,0.03783712,0.79959424,0.33539912,0.16072172,0.01089262,0.00097478,0.03988748,0.01040319,2.36741124,0.08293297,0.40248391,2.17467374,2.38400722,0.00000000,0.02028748,0.00607593,0.10267015,0.00000000,0.05568716,1.74779072,0.00793567,0.01363085,0.01072825,3.88814666,0.00659072,0.11512664,0.15746383,2.00561920,0.10148709,0.19599918,0.04911889,0.00190956
0.00000000,0.00000000,0.00000000,0.00000000,0.00000000,0.00000000,0.00000000,0.00000000,0.00000000,0.00000000,0.00000000,0.00000000,0.00000000,0.00000000,0.00000000,0.00000000,0.00000000,0.00000000,0.00000000,0.00000000,0.00000000,0.00000000,0.00000000,0.00000000,0.00000000,0.00000000,0.00000000,0.00000000,0.00000000,0.00000000,0.00000000,0.00000000,0.00000000,0.00000000,0.00000000,0.00000000,0.00000000,0.00000000,0.00000000,0.00000000,0.00767878,0.00000000,0.00000000,0.00000000,0.00000000,0.00000000,0.00000000,0.00000000,0.00000000,0.00000000,0.00000000,0.00000000,0.00000000,0.00000000,0.00000000,0.00000000,0.00000000,0.00000000,0.00000000,0.00000000,0.00000000,0.00000000,0.00000000,0.00000000,0.00000000,0.00000000,0.00000000,0.00000000,0.00000000,0.00000000,0.00000000,0.00000000,0.00000000,0.00000000,0.00000000,0.00000000,0.00000000,0.00000000,0.00000000,0.00000000,0.00000000,0.00000000,0.00000000,0.00213269,0.00000000,0.00000000,0.00155676,0.00353549,0.00379246,0.00448758,0.00135852,0.00314761,0.00355879,0.00237421,0.00524009,0.00752738,0.00089004,0.00796614,0.00585218,0.00153069,0.00072276,0.00000000,0.00381318,0.00895706,0.02626193,0.00525159,0.00000000,0.00000000,0.00962746,0.00541043,0.00169976,0.02399104,0.00461697,0.00152230,0.00000000,0.00355169,0.01118059,0.00075145,0.08466153,0.00000000,0.00781079,0.01678718,0.04901778,0.00282910,0.57073778,0.00557681,0.02563023,0.10476110,0.04228194,0.00000000,0.34708959,0.00913164,0.00406032,0.00880800,0.54612377,0.19283895,0.00000000,0.02842710,0.01222001,0.72170141,0.00299774,0.96096221,0.00754255,0.00757169,2.43273371,0.01450506,0.00271590,0.05568716,0.00000000,0.00574456,0.13344407,0.01589206,0.00000000,1.85569943,0.00529581,0.56459091,0.00241944,0.03539787,0.11528538,0.02634430,0.00382774,0.00000000
0.00000000,0.00000000,0.00000000,0.00000000,0.00000000,0.00000000,0.00000000,0.00000000,0.00000000,0.00000000,0.00000000,0.00000000,0.00000000,0.00000000,0.00000000,0.00000000,0.00000000,0.00000000,0.00000000,0.00000000,0.00000000,0.00000000,0.00000000,0.00000000,0.00000000,0.00000000,0.00000000,0.00000000,0.00000000,0.00000000,0.00000000,0.00000000,0.00000000,0.00000000,0.00000000,0.00000000,0.00000000,0.00000000,0.00000000,0.00000000,0.00000000,0.00000000,0.00000000,0.00000000,0.00000000,0.00000000,0.00000000,0.00000000,0.00000000,0.00000000,0.00000000,0.00000000,0.00000000,0.00000000,0.00000000,0.00000000,0.00000000,0.00000000,0.00000000,0.00000000,0.00000000,0.00000000,0.00000000,0.00000000,0.00000000,0.00000000,0.00000000,0.00000000,0.00000000,0.00000000,0.00000000,0.00000000,0.00000000,0.00000000,0.00000000,0.00000000,0.00000000,0.00000000,0.00000000,0.00000000,0.00000000,0.02156408,0.05889619,0.01405605,0.02270397,0.02708245,0.09468691,0.04099043,0.07784670,0.05919754,0.00329668,0.14265166,0.04594030,0.00318985,0.00783370,0.00811342,0.09152747,0.02302207,0.00656098,0.00194853,0.02981254,0.02504993,0.00000000,0.00000000,0.00217922,0.00000000,0.07712944,0.00367965,0.00000000,0.00371335,0.04897756,0.00679399,0.00000000,0.00000000,0.09299835,0.21006653,0.00000000,0.00385662,0.00443874,0.12684655,0.00000000,0.00000000,0.01069867,0.00242336,0.00352807,0.02851262,0.00774163,0.02925590,0.00338182,0.05720632,0.00611535,0.55881988,0.80824531,0.00580863,0.00000000,0.00000000,0.18921230,0.00182747,0.14965489,0.00307533,1.89049629,0.05301661,2.15118398,0.00000000,0.00332831,0.00244061,1.36470235,1.74779072,0.00574456,0.00000000,0.00189271,0.00764100,0.20230367,0.48468110,0.00450306,0.05048015,1.98798521,2.18465264,0.09939438,0.18272520,0.22561288,0.00551945
0.00000000,0.00000000,0.00000000,0.00000000,0.00000000,0.00000000,0.00000000,0.00000000,0.00000000,0.00000000,0.00000000,0.00000000,0.00000000,0.00000000,0.00000000,0.00000000,0.00000000,0.00000000,0.00000000,0.00000000,0.00000000,0.00000000,0.00000000,0.00000000,0.00000000,0.00000000,0.00000000,0.00000000,0.00000000,0.00000000,0.00000000,0.00000000,0.00000000,0.00000000,0.00000000,0.00000000,0.00000000,0.00000000,0.00000000,0.00000000,0.00708162,0.00000000,0.00000000,0.00000000,0.00000000,0.00000000,0.00000000,0.00000000,0.00000000,0.00000000,0.00000000,0.00000000,0.00000000,0.00000000,0.00000000,0.00000000,0.00000000,0.00000000,0.00000000,0.00000000,0.00000000,0.00000000,0.00000000,0.00000000,0.00000000,0.00000000,0.00000000,0.00000000,0.00000000,0.00000000,0.00000000,0.00000000,0.00000000,0.00000000,0.00000000,0.00000000,0.00000000,0.00000000,0.00000000,0.00000000,0.00000000,0.00000000,0.00000000,0.00549369,0.00000000,0.00000000,0.00000000,0.00968245,0.00245523,0.00775802,0.00174191,0.00000000,0.00115438,0.00925975,0.00614857,0.03242323,0.00000000,0.00272105,0.00274328,0.00341791,0.00000000,0.00000000,0.02081644,0.06900845,0.05815460,0.00105788,0.00000000,0.00000000,0.00486653,0.00209866,0.00000000,0.06415641,0.03720442,0.01911240,0.00000000,0.00000000,0.04016995,0.00000000,0.01235476,0.00000000,0.08390945,0.04286937,0.05487870,0.00000000,0.16008058,0.00099249,0.00342150,0.42538076,0.05199492,0.00000000,2.60228447,0.00128562,0.00085345,0.00092443,0.02084452,0.97410614,0.00000000,0.11784019,0.00218065,0.00959731,0.00000000,0.02215031,0.00000000,2.00778858,3.20899002,0.37151173,0.00000000,0.00793567,0.13344407,0.00189271,0.00000000,1.20052825,0.00000000,0.25450788,0.02412504,1.28757232,0.00083819,0.01641445,1.51355501,0.02187586,0.00496935,0.00000000
0.00000000,0.00000000,0.00000000,0.00000000,0.00000000,0.00000000,0.00000000,0.00000000,0.00000000,0.00000000,0.00000000,0.00000000,0.00000000,0.00000000,0.00000000,0.00000000,0.00000000,0.00000000,0.00000000,0.00000000,0.00000000,0.00000000,0.00000000,0.00000000,0.00000000,0.00000000,0.00000000,0.00000000,0.00000000,0.00000000,0.00000000,0.00000000,0.00000000,0.00000000,0.00000000,0.00000000,0.00000000,0.00173528,0.00000000,0.00000000,0.01458546,0.00000000,0.00000000,0.00000000,0.00000000,0.00000000,0.00000000,0.00212942,0.00000000,0.02923266,0.00000000,0.00000000,0.00000000,0.00000000,0.00105927,0.02622624,0.00000000,0.00000000,0.00000000,0.00000000,0.00000000,0.00000000,0.00682833,0.00000000,0.00000000,0.00000000,0.00000000,0.00000000,0.00628124,0.00000000,0.00000000,0.00000000,0.00000000,0.00000000,0.00061755,0.00000000,0.00000000,0.00000000,0.00000000,0.00000000,0.00000000,0.00000000,0.00177291,0.01188531,0.00065099,0.00000000,0.00127452,0.00983791,0.00344225,0.00693774,0.00810509,0.00390718,0.00180842,0.00881041,0.00243080,0.01450985,0.00000000,0.00407858,0.00160678,0.00801240,0.00000000,0.00000000,0.01966070,0.03589773,0.01394908,0.00000000,0.00000000,0.00000000,0.00133079,0.00335912,0.00000000,0.10379877,0.04609553,0.01485412,0.00083550,0.00146998,0.00608153,0.00000000,0.00780113,0.00000000,0.07385814,0.07886883,0.13665176,0.00000000,0.02072173,0.00508773,0.00442760,0.98055390,0.11340228,0.00000000,0.87408712,0.00635032,0.00508674,0.00000000,0.00312451,0.03376124,0.00000000,0.49170599,0.00521431,0.00258848,0.00378701,0.01291223,0.00300162,0.84610396,0.05408438,2.96344852,0.00604067,0.01363085,0.01589206,0.00764100,1.20052825,0.00000000,0.00114258,0.10957279,0.66971954,0.64661273,0.01181745,0.14385468,4.15716198,0.15003305,0.04591685,0.00623149
0.00000000,0.00000000,0.00000000,0.00000000,0.00000000,0.00000000,0.00000000,0.00000000,0.00000000,0.00000000,0.00000000,0.00000000,0.00000000,0.00000000,0.00000000,0.00000000,0.00000000,0.00000000,0.00000000,0.00000000,0.00000000,0.00000000,0.00000000,0.00000000,0.00000000,0.00000000,0.00000000,0.00000000,0.00000000,0.00000000,0.00000000,0.00000000,0.00000000,0.00000000,0.00000000,0.00000000,0.00000000,0.00000000,0.00000000,0.00000000,0.00000000,0.00000000,0.00000000,0.00000000,0.00000000,0.00000000,0.00000000,0.00000000,0.00000000,0.00000000,0.00000000,0.00000000,0.00000000,0.00000000,0.00000000,0.00000000,0.00000000,0.00000000,0.00000000,0.00000000,0.00000000,0.00000000,0.00000000,0.00000000,0.00000000,0.00000000,0.00000000,0.00000000,0.00000000,0.00000000,0.00000000,0.00000000,0.00000000,0.00000000,0.00000000,0.00000000,0.00000000,0.00000000,0.00000000,0.00000000,0.00000000,0.01210815,0.02281041,0.00582647,0.00561067,0.02019592,0.01245293,0.01175570,0.00488311,0.00794452,0.00140294,0.00717313,0.00000000,0.00000000,0.00000000,0.00000000,0.00648341,0.00000000,0.00000000,0.00000000,0.00000000,0.02476442,0.00000000,0.00000000,0.00000000,0.00000000,0.00975793,0.00000000,0.00000000,0.00000000,0.00000000,0.00078894,0.00000000,0.00000000,0.05582603,0.00451438,0.00000000,0.00000000,0.00000000,0.02124055,0.00000000,0.00000000,0.00210718,0.00000000,0.00000000,0.00000000,0.00000000,0.00366778,0.00000000,0.05335013,0.00000000,0.00560658,0.05399351,0.00000000,0.00000000,0.00000000,0.08536469,0.00000000,0.00052101,0.00000000,0.02584827,0.00000000,0.00759480,0.00000000,0.00000000,0.00000000,0.70410449,0.01072825,0.00000000,0.20230367,0.00000000,0.00114258,0.00000000,0.00740305,0.00111287,0.00324352,0.94228263,0.11814039,0.02506261,0.01288161,0.16595056,0.00258743
0.00000000,0.00000000,0.00000000,0.00000000,0.00000000,0.00000000,0.00000000,0.00000000,0.00000000,0.00000000,0.00000000,0.00000000,0.00000000,0.00000000,0.00000000,0.00000000,0.00000000,0.00000000,0.00000000,0.00000000,0.00000000,0.00000000,0.00000000,0.00000000,0.00000000,0.00000000,0.00000000,0.00000000,0.00000000,0.00000000,0.00000000,0.00000000,0.00000000,0.00000000,0.00000000,0.00000000,0.00000000,0.00000000,0.00000000,0.00000000,0.03585415,0.00000000,0.00000000,0.00000000,0.00000000,0.00000000,0.00000000,0.00202735,0.00000000,0.00808430,0.00000000,0.00000000,0.00000000,0.00000000,0.00000000,0.00000000,0.00000000,0.00000000,0.00000000,0.00000000,0.00000000,0.00000000,0.00000000,0.00000000,0.00000000,0.00000000,0.00000000,0.00000000,0.00000000,0.00000000,0.00000000,0.00000000,0.00000000,0.00000000,0.00000000,0.00000000,0.00000000,0.00000000,0.00000000,0.00000000,0.00000000,0.01289068,0.03449254,0.01741952,0.01635364,0.01193680,0.07318817,0.03320707,0.11156767,0.06182326,0.01471731,0.13000957,0.08628951,0.00988880,0.02104050,0.02825597,0.06744934,0.07822593,0.02842560,0.01003218,0.04164012,0.01109009,0.00828916,0.02032995,0.04826734,0.01472196,0.04556988,0.01382116,0.01676104,0.04235672,0.07635898,0.08010891,0.01400732,0.00377287,0.03691771,0.13225417,0.01269699,0.01664033,0.31872700,0.03974858,0.01564746,0.05302310,0.21485631,0.03531809,0.56403245,0.08232036,0.19958526,0.35443981,0.12827047,0.01284393,0.52165777,0.27641445,0.19329478,0.10583475,0.25909459,0.07994452,0.02923093,0.10872825,0.46763072,0.59640456,0.16186302,3.87001985,0.31837576,0.01409614,1.04949814,0.05745342,0.07600687,3.88814666,1.85569943,0.48468110,0.25450788,0.10957279,0.00740305,0.00000000,0.03825296,2.17273715,0.11379114,2.54111315,1.00156082,1.45949269,0.10109211,0.00852752
0.00000000,0.00000000,0.00000000,0.00000000,0.00000000,0.00000000,0.00000000,0.00000000,0.00000000,0.00000000,0.00000000,0.00000000,0.00000000,0.00000000,0.00000000,0.00000000,0.00000000,0.00000000,0.00000000,0.00000000,0.00000000,0.00000000,0.00000000,0.00000000,0.00000000,0.00000000,0.00000000,0.00000000,0.00000000,0.00000000,0.00059072,0.00000000,0.00000000,0.00000000,0.00000000,0.00000000,0.00000000,0.00000000,0.00000000,0.00000000,0.01370298,0.00000000,0.00000000,0.00000000,0.00000000,0.02200831,0.00000000,0.00217658,0.00000000,0.04694385,0.00000000,0.00000000,0.00000000,0.00000000,0.00097228,0.04195578,0.00000000,0.00000000,0.00000000,0.00000000,0.00000000,0.00000000,0.01446934,0.00000000,0.00000000,0.00000000,0.00000000,0.00000000,0.02124139,0.00000000,0.00000000,0.00000000,0.00000000,0.00000000,0.02532873,0.00000000,0.00000000,0.00250678,0.00000000,0.00000000,0.00273133,0.00000000,0.00000000,0.01366164,0.00000000,0.00000000,0.00000000,0.00326671,0.00000000,0.00106365,0.01305946,0.00000000,0.00000000,0.00313321,0.00000000,0.00089865,0.00000000,0.00607281,0.00000000,0.01251852,0.00000000,0.00000000,0.00123176,0.00141133,0.00110163,0.00000000,0.00000000,0.00000000,0.00000000,0.00150653,0.00000000,0.07992010,0.00453206,0.00000000,0.00000000,0.00000000,0.00000000,0.00000000,0.00460181,0.00000000,0.00304626,0.01783181,0.17937819,0.00000000,0.00524405,0.00292374,0.00304092,0.12503552,0.08445728,0.00000000,0.02704280,0.00414058,0.00237696,0.00000000,0.00000000,0.00106967,0.00000000,0.16800303,0.00472211,0.00067693,0.00000000,0.01018918,0.00000000,0.00743157,0.00683911,0.57681279,0.00557356,0.00659072,0.00529581,0.00450306,0.02412504,0.66971954,0.00111287,0.03825296,0.00000000,0.07073840,0.01199015,0.03787121,0.59661621,0.04414558,0.06078268,0.00556799
0.00000000,0.00000000,0.00000000,0.00000000,0.00000000,0.00000000,0.00000000,0.00000000,0.00000000,0.00000000,0.00000000,0.00000000,0.00000000,0.00000000,0.00000000,0.00000000,0.00000000,0.00000000,0.00000000,0.00000000,0.00000000,0.00000000,0.00000000,0.00000000,0.00000000,0.00000000,0.00000000,0.00000000,0.00000000,0.00000000,0.00000000,0.00000000,0.00000000,0.00000000,0.00000000,0.00000000,0.00000000,0.00000000,0.00000000,0.00000000,0.02166569,0.00000000,0.00000000,0.00000000,0.00000000,0.00000000,0.00000000,0.00000000,0.00000000,0.00000000,0.00000000,0.00000000,0.00000000,0.00000000,0.00000000,0.00000000,0.00000000,0.00000000,0.00000000,0.00000000,0.00000000,0.00000000,0.00000000,0.00000000,0.00000000,0.00000000,0.00000000,0.00000000,0.00000000,0.00000000,0.00000000,0.00000000,0.00000000,0.00000000,0.00000000,0.00000000,0.00000000,0.00000000,0.00000000,0.00000000,0.00000000,0.00258522,0.00667640,0.00960954,0.00322412,0.00250506,0.01205425,0.01948113,0.01693010,0.02413764,0.00465793,0.01685604,0.01108835,0.01110981,0.01258864,0.03114301,0.00854354,0.01192728,0.00663545,0.00774670,0.00355464,0.00281812,0.02092531,0.05229595,0.06010127,0.00290643,0.00866640,0.00094349,0.00719043,0.00869287,0.00657475,0.09524312,0.03607869,0.01352103,0.00967868,0.01979437,0.02777505,0.00149418,0.03774929,0.00957149,0.05586061,0.06121665,0.17206940,0.00363501,0.24987313,0.01142602,0.01490080,0.48085145,0.11162431,0.00261003,0.92605255,0.03103656,0.03405549,0.00627935,0.05286363,0.19286155,0.00800868,0.17209449,0.02076075,0.03626955,0.02326371,0.12049937,0.02300160,0.14670308,1.67196055,0.26880634,0.02383943,0.11512664,0.56459091,0.05048015,1.28757232,0.64661273,0.00324352,2.17273715,0.07073840,0.00000000,0.04384519,0.37821733,3.76752646,0.94939361,0.09344413,0.01357681
0.00000000,0.00000000,0.00000000,0.00000000,0.00000000,0.00000000,0.00000000,0.00000000,0.00000000,0.00000000,0.00000000,0.00000000,0.00000000,0.00000000,0.00000000,0.00000000,0.00000000,0.00000000,0.00000000,0.00000000,0.00000000,0.00000000,0.00000000,0.00000000,0.00000000,0.00000000,0.00000000,0.00000000,0.00000000,0.00000000,0.00000000,0.00000000,0.00000000,0.00000000,0.00000000,0.00000000,0.00000000,0.00000000,0.00000000,0.00000000,0.00000000,0.00000000,0.00000000,0.00000000,0.00000000,0.00000000,0.00000000,0.00000000,0.00000000,0.00000000,0.00000000,0.00000000,0.00000000,0.00000000,0.00000000,0.00000000,0.00000000,0.00000000,0.00000000,0.00000000,0.00000000,0.00000000,0.00000000,0.00000000,0.00000000,0.00000000,0.00000000,0.00000000,0.00000000,0.00000000,0.00000000,0.00000000,0.00000000,0.00000000,0.00000000,0.00000000,0.00000000,0.00000000,0.00000000,0.00000000,0.00000000,0.02524845,0.04569601,0.01520014,0.01601393,0.03611430,0.04731546,0.03456243,0.03066610,0.02991090,0.00675409,0.03645069,0.00761237,0.00241635,0.00210067,0.00346011,0.02661446,0.00394573,0.00000000,0.00292949,0.00339410,0.03814270,0.00000000,0.00000000,0.00000000,0.00000000,0.03513560,0.00000000,0.00000000,0.00000000,0.00534138,0.00766176,0.00000000,0.00000000,0.09051801,0.03384717,0.00000000,0.00000000,0.00067617,0.06559416,0.00000000,0.00000000,0.01571257,0.00000000,0.00000000,0.00213895,0.00116461,0.02215296,0.00257639,0.07334226,0.00234302,0.05001876,0.25712491,0.00000000,0.00000000,0.00000000,0.16011210,0.00222710,0.00756296,0.00000000,0.31314207,0.00724835,0.13590716,0.00000000,0.00000000,0.00422123,1.54363533,0.15746383,0.00241944,1.98798521,0.00083819,0.01181745,0.94228263,0.11379114,0.01199015,0.04384519,0.00000000,3.89665078,0.21829524,0.19613499,1.85968734,0.02235978
0.00000000,0.00000000,0.00000000,0.00000000,0.00000000,0.00000000,0.00000000,0.00000000,0.00000000,0.00000000,0.00000000,0.00000000,0.00000000,0.00000000,0.00000000,0.00000000,0.00000000,0.00000000,0.00000000,0.00000000,0.00000000,0.00000000,0.00000000,0.00000000,0.00000000,0.00000000,0.00000000,0.00000000,0.00000000,0.00000000,0.00000000,0.00000000,0.00000000,0.00000000,0.00000000,0.00000000,0.00000000,0.00000000,0.00000000,0.00000000,0.00934306,0.00000000,0.00000000,0.00000000,0.00000000,0.00000000,0.00000000,0.00000000,0.00000000,0.00111071,0.00000000,0.00000000,0.00000000,0.00000000,0.00000000,0.00000000,0.00000000,0.00000000,0.00000000,0.00000000,0.00000000,0.00000000,0.00000000,0.00000000,0.00000000,0.00000000,0.00000000,0.00000000,0.00000000,0.00000000,0.00000000,0.00000000,0.00000000,0.00000000,0.00000000,0.00000000,0.00000000,0.00000000,0.00000000,0.00000000,0.00000000,0.04146386,0.08880526,0.02843527,0.03805689,0.03804066,0.12875995,0.07126271,0.12144107,0.10814613,0.01432704,0.13144424,0.04951782,0.00794976,0.01131175,0.01682241,0.09206683,0.02408849,0.00816660,0.00966549,0.02489644,0.03764253,0.00220558,0.00301149,0.00643395,0.00000000,0.08440883,0.00475305,0.00129292,0.01009456,0.03803206,0.03091370,0.00270505,0.00000000,0.11400631,0.14117801,0.00000000,0.00513230,0.01368024,0.12315917,0.00265905,0.00953501,0.06061650,0.00587035,0.01824796,0.02601543,0.01550141,0.10691300,0.02622845,0.05946389,0.03050800,0.20363986,0.43139404,0.01009768,0.00468805,0.00184854,0.15232276,0.02762538,0.07794147,0.01144574,0.40252695,0.12761617,0.32328254,0.00283393,0.01838384,0.03296019,0.66320573,2.00561920,0.03539787,2.18465264,0.01641445,0.14385468,0.11814039,2.54111315,0.03787121,0.37821733,3.89665078,0.00000000,1.07457223,2.29728053,2.32190056,0.05241866
0.00000000,0.00000000,0.00000000,0.00000000,0.00000000,0.00000000,0.00000000,0.00000000,0.00000000,0.00000000,0.00000000,0.00000000,0.00000000,0.00000000,0.00000000,0.00000000,0.00000000,0.00000000,0.00000000,0.00000000,0.00000000,0.00000000,0.00000000,0.00000000,0.00000000,0.00000000,0.00000000,0.00000000,0.00000000,0.00000000,0.00119787,0.00000000,0.00000000,0.00000000,0.00000000,0.00000000,0.00000000,0.00000000,0.00000000,0.00000000,0.03527901,0.00000000,0.00000000,0.00000000,0.00000000,0.00000000,0.00000000,0.00881143,0.00000000,0.02671674,0.00000000,0.00000000,0.00000000,0.00000000,0.00080127,0.01262468,0.00000000,0.00000000,0.00000000,0.00000000,0.00000000,0.00000000,0.00939374,0.00000000,0.00000000,0.00000000,0.00000000,0.00000000,0.00000000,0.00000000,0.00000000,0.00000000,0.00000000,0.00000000,0.00000000,0.00000000,0.00000000,0.00000000,0.00000000,0.00000000,0.00000000,0.00853108,0.01742977,0.02379060,0.00924514,0.00875217,0.02419447,0.03262409,0.02556236,0.03360391,0.02085731,0.02947745,0.01386061,0.01571104,0.01029283,0.02762070,0.01626539,0.02027653,0.00630881,0.01755449,0.00676538,0.00752510,0.02158912,0.05203042,0.03787759,0.00205457,0.01416902,0.00502357,0.00461107,0.01292063,0.01217448,0.16803309,0.04686739,0.01397786,0.02645349,0.02755496,0.01476207,0.00539778,0.03125654,0.02251672,0.07446381,0.09035338,0.29198701,0.00698675,0.08150625,0.01797750,0.01793827,0.84162274,0.17456256,0.01301540,0.81119811,0.04216342,0.06579745,0.00892640,0.01673454,0.07662360,0.02397995,0.35058002,0.02765745,0.01696103,0.03857357,0.07293307,0.02976953,0.31160967,0.30416521,0.89167995,0.09247507,0.10148709,0.11528538,0.09939438,1.51355501,4.15716198,0.02506261,1.00156082,0.59661621,3.76752646,0.21829524,1.07457223,0.00000000,1.90192866,1.38069484,0.30117037
0.00000000,0.00000000,0.00000000,0.00000000,0.00000000,0.00000000,0.00000000,0.00000000,0.00000000,0.00000000,0.00000000,0.00000000,0.00000000,0.00000000,0.00000000,0.00000000,0.00000000,0.00000000,0.00000000,0.00000000,0.00000000,0.00000000,0.00000000,0.00000000,0.00000000,0.00000000,0.00000000,0.00000000,0.00000000,0.00000000,0.00000000,0.00000000,0.00000000,0.00000000,0.00000000,0.00000000,0.00000000,0.00000000,0.00000000,0.00000000,0.01004826,0.00000000,0.00000000,0.00000000,0.00000000,0.00000000,0.00000000,0.00000000,0.00000000,0.00000000,0.00000000,0.00000000,0.00000000,0.00000000,0.00000000,0.00000000,0.00000000,0.00000000,0.00000000,0.00000000,0.00000000,0.00000000,0.00000000,0.00000000,0.00000000,0.00000000,0.00000000,0.00000000,0.00000000,0.00000000,0.00000000,0.00000000,0.00000000,0.00000000,0.00000000,0.00000000,0.00000000,0.00000000,0.00000000,0.00000000,0.00000000,0.00725236,0.01850840,0.00891356,0.00787105,0.00818033,0.02718182,0.01784906,0.02332100,0.02879365,0.00557009,0.03462031,0.01272554,0.00363583,0.00437586,0.00640779,0.02160615,0.00879996,0.00220918,0.00443595,0.00558623,0.00643800,0.00226206,0.00400299,0.00413679,0.00000000,0.01564748,0.00062510,0.00000000,0.00412995,0.00869586,0.02502900,0.00358329,0.00000000,0.02228516,0.03250054,0.00087609,0.00170382,0.01154381,0.02603482,0.00366569,0.01137971,0.06580986,0.00186579,0.01542863,0.00876293,0.00817919,0.11549904,0.02679614,0.01144809,0.04199559,0.04887845,0.08043654,0.00469869,0.00574715,0.00332455,0.02834576,0.03802870,0.02159912,0.00748828,0.05854517,0.05072364,0.04309755,0.00474539,0.02173582,0.05127004,0.09135181,0.19599918,0.02634430,0.18272520,0.02187586,0.15003305,0.01288161,1.45949269,0.04414558,0.94939361,0.19613499,2.29728053,1.90192866,0.00000000,0.75012148,0.06472448
0.00000000,0.00000000,0.00000000,0.00000000,0.00000000,0.00000000,0.00000000,0.00000000,0.00000000,0.00000000,0.00000000,0.00000000,0.00000000,0.00000000,0.00000000,0.00000000,0.00000000,0.00000000,0.00000000,0.00000000,0.00000000,0.00000000,0.00000000,0.00000000,0.00000000,0.00000000,0.00000000,0.00000000,0.00000000,0.00000000,0.00000000,0.00000000,0.00000000,0.00000000,0.00000000,0.00000000,0.00000000,0.00000000,0.00000000,0.00000000,0.00499211,0.00000000,0.00000000,0.00000000,0.00000000,0.00000000,0.00000000,0.00000000,0.00000000,0.00159195,0.00000000,0.00000000,0.00000000,0.00000000,0.00000000,0.00000000,0.00000000,0.00000000,0.00000000,0.00000000,0.00000000,0.00000000,0.00000000,0.00000000,0.00000000,0.00000000,0.00000000,0.00000000,0.00000000,0.00000000,0.00000000,0.00000000,0.00000000,0.00000000,0.00000000,0.00000000,0.00000000,0.00000000,0.00000000,0.00000000,0.00000000,0.01573769,0.03035337,0.01183525,0.01090172,0.01807577,0.02734201,0.02336739,0.01705431,0.02272023,0.01583224,0.01956578,0.00666114,0.00224192,0.00110495,0.00225341,0.01519438,0.00742014,0.00000000,0.00659315,0.00209172,0.01613344,0.00000000,0.00000000,0.00000000,0.00000000,0.01580838,0.00000000,0.00000000,0.00265434,0.00366572,0.02025008,0.00000000,0.00000000,0.04386980,0.01743842,0.00000000,0.00000000,0.00577534,0.03093223,0.00000000,0.00458426,0.05870131,0.00000000,0.00270097,0.00521259,0.00276769,0.06380603,0.01382957,0.03105115,0.00569733,0.02470639,0.08972630,0.00092108,0.00000000,0.00000000,0.06208883,0.01393905,0.00811517,0.00000000,0.05781131,0.01482724,0.02336253,0.00000000,0.00391935,0.02893342,0.34101228,0.04911889,0.00382774,0.22561288,0.00496935,0.04591685,0.16595056,0.10109211,0.06078268,0.09344413,1.85968734,2.32190056,1.38069484,0.75012148,0.00000000,0.28177531
0.00000000,0.00000000,0.00000000,0.00000000,0.00000000,0.00000000,0.00000000,0.00000000,0.00000000,0.00000000,0.00000000,0.00000000,0.00000000,0.00000000,0.00000000,0.00000000,0.00000000,0.00000000,0.00000000,0.00000000,0.00000000,0.00000000,0.00000000,0.00000000,0.00000000,0.00000000,0.00000000,0.00000000,0.00000000,0.00000000,0.00000000,0.00000000,0.00000000,0.00000000,0.00000000,0.00000000,0.00000000,0.00000000,0.00000000,0.00000000,0.00000000,0.00000000,0.00000000,0.00000000,0.00000000,0.00000000,0.00000000,0.00000000,0.00000000,0.00000000,0.00000000,0.00000000,0.00000000,0.00000000,0.00000000,0.00000000,0.00000000,0.00000000,0.00000000,0.00000000,0.00000000,0.00000000,0.00000000,0.00000000,0.00000000,0.00000000,0.00000000,0.00000000,0.00000000,0.00000000,0.00000000,0.00000000,0.00000000,0.00000000,0.00000000,0.00000000,0.00000000,0.00000000,0.00000000,0.00000000,0.00000000,0.00000000,0.00000000,0.00000000,0.00000000,0.00000000,0.00000000,0.00000000,0.00000000,0.00000000,0.00000000,0.00000000,0.00000000,0.00000000,0.00000000,0.00000000,0.00000000,0.00000000,0.00000000,0.00000000,0.00000000,0.00000000,0.00000000,0.00000000,0.00000000,0.00000000,0.00000000,0.00000000,0.00000000,0.00000000,0.00000000,0.00118034,0.00000000,0.00000000,0.00000000,0.00000000,0.00000000,0.00000000,0.00000000,0.00000000,0.00000000,0.00000000,0.00420507,0.00000000,0.00000000,0.00000000,0.00000000,0.00506773,0.00000000,0.00000000,0.00000000,0.00000000,0.00277915,0.00000000,0.00000000,0.00000000,0.00101903,0.00110145,0.00000000,0.00000000,0.00137444,0.00000000,0.00000000,0.00000000,0.00000000,0.00286502,0.00626672,0.00190956,0.00000000,0.00551945,0.00000000,0.00623149,0.00258743,0.00852752,0.00556799,0.01357681,0.02235978,0.05241866,0.30117037,0.06472448,0.28177531,0.00000000
