0.00000000,0.08961789,0.00000000,0.00000000,0.00000000,0.00000000,0.02144054,0.00000000,0.00000000,0.00000000,0.00000000,0.00000000,0.00000000,0.00000000,0.00000000,0.00000000,0.00000000,0.01523140,0.00000000,0.00068687,0.00818882,0.00000000,0.00000000,0.00717685,0.00000000,0.00000000,0.00000000,0.00000000,0.00000000,0.00779200,0.01791801,0.00000000,0.00000000,0.04643772,0.00000000,0.00000000,0.03341022,0.00438426,0.00000000,0.00000000,0.00000000,0.00000000,0.00000000,0.00000000,0.00000000,1.22399798,0.00000000,0.00000000,0.00000000,0.00000000,0.00338428,0.00000000,0.00000000,0.00000000,0.05763392,0.12706239,0.00000000,0.00000000,0.30761848,0.00000000,0.00000000,0.00502019,0.00000000,0.00000000,0.00000000,0.00000000,2.69415606,0.00000000,0.00000000,0.00000000,0.02940047,0.00000000,0.00000000,0.00000000,0.00000000,5.01915201,0.17492509,0.00000000,0.00000000,0.00000000,0.00000000,0.15531714,0.00000000,0.06235074,0.00000000,0.00000000,0.00000000,0.00000000,0.00000000,0.00000000,6.41054467,0.00310342,0.02488028,0.00000000,0.00353823,0.00000000,0.00000000,0.00000000,0.00000000,0.00410486,0.00000000,0.00000000,0.00000000,0.00000000,0.00000000,0.03062025,0.00000000,0.00000000,0.00000000,0.00894481,0.00000000,1.58017272,0.62876761,0.00000000,0.00000000,0.00000000,0.02580474,0.00000000,0.00000000,0.10560286,0.00821641,0.01480591,0.00000000,0.00000000,0.90262805,0.00000000,0.00000000,0.00000000,0.00000000,0.03856139,0.00000000,0.00000000,0.00000000,0.31227857,0.00000000
0.08961789,0.00000000,0.00000000,0.00000000,0.00000000,0.01792301,0.00000000,0.00000000,0.00000000,0.00000000,0.00000000,0.00000000,0.00000000,0.52546135,0.01175348,0.00000000,0.00955197,0.00000000,0.00000000,0.00132756,0.48664254,0.00000000,0.00868957,0.00000000,0.00000000,0.00000000,0.00000000,0.00000000,0.00000000,0.00000000,0.29120393,0.00000000,0.00000000,0.00000000,0.00000000,0.00000000,0.75576237,1.72861627,0.00000000,0.19800732,0.03760534,0.00000000,0.00000000,0.00000000,0.00000000,0.00000000,0.00000000,0.00000000,0.00000000,0.00000000,0.00000000,0.33099519,0.34921602,0.00000000,0.00000000,0.00000000,0.08701757,0.00000000,0.10897851,0.00000000,0.00000000,0.00000000,0.20496365,0.00000000,0.01435595,0.00000000,0.00000000,0.00000000,0.00212017,0.00000000,0.00139081,0.00000000,0.27480892,0.00000000,0.00000000,0.00513184,0.00000000,0.03861931,0.01434703,0.00000000,0.00000000,0.00000000,0.00103176,0.00000000,0.00000000,0.00000000,0.00000000,0.00000000,0.00000000,0.06741375,0.00000000,0.00000000,0.00000000,0.00000000,0.00000000,0.00000000,0.00598040,3.38542941,0.00000000,0.05168212,0.00000000,0.06077324,0.00000000,0.00000000,0.00000000,0.00000000,0.00000000,0.00000000,0.00142990,0.05302346,0.00000000,0.00000000,0.02418547,0.00000000,0.47088700,0.00000000,0.00000000,0.00000000,0.00000000,0.00000000,0.00000000,0.00000000,0.00000000,0.00000000,0.00000000,0.07419194,0.00000000,0.00000000,0.00000000,0.00000000,0.08818778,0.68799667,0.00000000,0.00000000,0.00000000
0.00000000,0.00000000,0.00000000,0.00000000,0.00000000,0.10834560,0.00528122,0.00636636,0.00000000,0.00000000,0.00000000,0.00000000,0.00000000,0.00126575,0.00000000,0.00293232,0.00000000,0.00000000,3.36405503,0.00000000,0.00794232,0.12191340,0.00000000,0.00000000,3.77900289,0.00000000,0.01599531,0.00826861,0.00000000,0.00000000,0.00182003,0.00351097,0.00000000,0.00000000,0.00000000,0.00000000,0.00767089,0.00000000,0.00000000,0.00000000,0.00000000,0.00000000,4.12348239,0.00000000,0.00000000,0.04725379,0.00000000,0.00000000,0.00000000,0.00000000,0.03659376,0.00000000,0.00000000,0.00000000,0.00000000,0.00000000,0.05235829,0.00000000,0.00000000,0.60584560,0.00000000,0.00000000,0.00000000,0.01011967,0.00000000,0.00000000,0.00000000,0.00000000,0.00585103,0.00000000,0.08613130,0.00000000,0.00000000,0.00000000,0.01508988,0.00000000,0.00000000,0.00000000,0.00000000,0.00000000,0.00000000,6.34278435,8.05337220,0.00000000,0.00345593,0.01416875,0.00000000,0.02123160,0.00000000,0.00000000,0.00000000,0.00000000,0.00000000,0.00000000,0.00000000,0.03359696,0.00000000,0.00000000,0.00000000,0.00000000,0.13307576,0.00000000,0.01957981,0.00000000,0.00000000,0.00000000,0.00000000,0.00000000,0.00000000,0.00000000,0.00000000,0.00162669,0.00488391,0.00000000,0.00000000,0.13486312,0.00000000,0.00000000,0.00000000,0.00000000,0.00000000,0.00000000,0.00000000,0.00000000,0.00000000,0.01499508,0.00000000,0.02987751,0.00000000,0.06276245,0.00000000,0.08034492,0.00000000,0.00000000,0.05819063
0.00000000,0.00000000,0.00000000,0.00000000,0.00000000,0.00000000,0.00000000,0.16486210,0.40724960,0.00000000,0.00793363,0.00000000,0.00000000,0.00000000,1.55372230,0.34607222,0.00182359,0.00546924,0.23986099,0.01081315,0.01373709,0.00000000,0.01566031,0.00162231,0.00000000,0.06117788,0.53192682,0.00000000,0.00551400,0.02397274,0.00000000,0.00000000,0.00529958,0.00000000,0.00000000,0.00000000,0.14592171,0.00000000,0.28637400,0.00000000,2.32884609,0.00528024,0.00000000,0.02552003,0.00000000,0.00000000,0.00000000,0.00000000,0.00000000,0.00000000,0.00000000,0.00000000,0.00000000,0.00000000,0.00000000,0.00000000,0.00000000,0.00162235,0.00000000,0.00000000,0.00000000,0.00000000,0.00000000,0.00000000,0.00747248,0.35268117,0.00392683,0.00000000,0.00000000,0.02808544,0.00000000,0.00000000,0.00000000,0.00000000,0.00000000,0.00000000,0.00000000,0.00000000,0.00000000,0.00000000,0.01574341,0.00000000,0.00000000,0.00000000,0.00361966,0.00252264,0.00000000,0.62533746,0.00000000,0.00000000,0.00000000,0.00000000,0.00000000,0.00000000,0.00000000,0.02561066,0.00000000,0.00000000,0.00000000,0.00000000,0.00000000,4.16358251,0.00000000,0.95504515,0.00906917,0.01957452,0.03090655,0.00000000,0.00000000,0.00000000,0.00000000,0.00000000,0.00000000,0.00081374,0.00000000,0.00166344,0.00000000,0.00000000,0.38587348,1.60498844,0.00175058,0.25333136,0.00000000,0.00000000,0.00000000,0.00000000,0.00000000,0.00000000,0.03448455,0.09276128,0.00000000,0.00460571,0.00000000,5.01271823,0.00000000
0.00000000,0.00000000,0.00000000,0.00000000,0.00000000,0.00000000,0.00000000,0.03224836,0.00000000,0.00000000,0.00000000,0.00000000,0.00000000,0.00000000,0.32086856,0.00000000,0.00000000,0.00493699,0.00000000,0.00000000,0.00000000,0.00807009,0.00725352,0.00320216,0.00000000,0.00000000,0.00000000,0.00000000,0.00000000,0.00000000,0.00000000,0.00741764,0.03191198,0.00000000,0.02829320,0.00000000,0.45387766,0.04106716,0.00000000,0.00000000,0.00000000,0.01319922,0.00000000,0.00000000,0.00000000,0.00000000,3.20987640,0.00852172,0.00000000,0.00000000,0.00000000,0.00000000,0.00000000,0.01727484,0.00000000,0.00000000,0.01670237,0.00000000,0.00000000,0.00000000,0.00000000,0.00000000,0.00000000,0.00331694,0.00000000,0.00000000,0.00345259,0.00219626,0.00000000,0.00000000,0.02137012,0.10065093,0.10156837,0.00000000,0.00000000,0.00000000,0.00000000,0.03262934,0.00000000,0.00000000,0.00000000,0.02394394,0.00000000,0.00000000,0.00000000,0.00000000,0.00000000,0.00000000,2.37987759,0.00164828,0.00000000,0.00000000,0.00000000,0.00000000,0.00336991,0.00487598,0.25077865,0.00000000,0.00542187,0.00000000,0.00000000,0.00000000,5.01695939,0.00304010,4.33619763,0.00000000,0.00000000,0.00000000,0.02472629,0.00000000,0.00000000,0.00000000,0.16316391,0.00000000,0.00000000,0.00000000,0.77362786,0.00000000,0.00000000,0.00000000,0.00000000,0.00000000,0.00000000,0.52984950,0.00000000,0.00430575,0.00000000,0.00000000,0.00000000,0.00000000,0.00000000,0.00000000,0.00000000,0.00577705,0.00000000
0.00000000,0.01792301,0.10834560,0.00000000,0.00000000,0.00000000,0.00346408,0.00000000,0.26155624,0.00282462,0.00000000,0.07345294,0.00000000,0.00000000,0.00000000,0.00000000,0.00000000,0.00000000,0.00000000,0.00000000,0.00000000,0.00000000,0.00000000,0.01483675,0.00000000,0.00000000,0.09607248,0.00000000,0.00000000,0.00000000,0.00000000,0.00000000,0.00000000,0.01321486,0.00000000,0.00406557,0.00000000,3.92512267,0.00000000,0.00000000,0.00000000,0.00000000,0.00000000,0.03407975,0.00000000,0.00000000,0.00000000,0.00000000,0.00000000,0.00000000,0.07866651,0.01883735,0.00000000,0.00262523,2.95935697,0.02048458,0.00000000,0.00000000,0.00000000,0.00390594,0.00000000,0.00000000,0.00000000,0.00000000,0.00058907,0.00000000,0.00000000,0.03734274,0.00000000,0.00000000,0.01288549,0.00000000,0.00000000,0.00000000,0.00000000,0.02252332,0.00000000,0.00000000,0.01353664,0.00000000,0.00000000,0.00000000,0.01677070,0.00000000,0.00000000,0.00802548,0.15518558,0.00000000,0.00000000,0.00000000,0.00000000,0.00000000,0.00000000,0.09942900,0.00000000,0.00000000,3.05545991,0.03740433,0.07410337,0.00000000,0.00000000,0.00000000,0.00000000,0.00000000,0.00000000,0.00000000,0.00000000,0.00661053,0.00376085,0.00000000,0.00000000,0.00000000,0.00000000,0.05576001,0.00363378,0.23787784,0.00000000,0.00000000,0.00000000,0.00000000,0.00000000,0.00000000,0.00000000,0.42321726,0.04141132,0.00237105,0.00000000,0.00000000,0.01544479,0.00000000,0.00000000,0.00000000,0.00000000,0.18774453,0.00537161
0.02144054,0.00000000,0.00528122,0.00000000,0.00000000,0.00346408,0.00000000,0.00000000,0.00879923,0.00000000,0.07489333,0.00000000,0.00000000,0.68731324,0.00000000,0.00000000,0.00000000,0.00000000,3.65468291,0.00000000,0.00000000,0.00000000,0.00000000,0.00000000,0.03131970,0.00746353,0.04208439,0.05801011,0.00000000,0.00000000,0.12195119,0.00000000,0.00000000,0.00000000,0.00000000,0.00000000,0.00000000,0.00000000,0.00000000,0.00000000,0.04011816,0.00000000,0.00000000,0.00000000,0.00000000,0.00000000,0.00000000,0.00000000,0.03405804,0.00000000,0.00000000,0.00000000,0.00439062,0.00726807,0.00000000,0.00159984,0.07676315,0.00000000,0.00000000,0.00493828,0.00341852,0.00285057,0.07186021,0.01638011,0.00000000,0.06337114,0.08159840,0.00000000,0.00000000,0.30110946,0.00000000,0.00000000,0.00134106,0.00000000,0.00000000,0.00000000,0.03129524,0.01053621,0.00000000,0.00000000,0.00000000,0.00000000,0.21071401,0.03827147,0.04883766,0.00000000,0.00000000,0.00000000,0.00000000,0.00000000,0.00000000,0.00000000,0.00000000,0.00000000,0.00000000,0.02763444,0.00000000,0.00000000,0.00000000,0.01083933,0.14432744,0.00000000,0.00000000,0.09268163,0.00000000,0.00000000,0.00000000,2.33638077,0.00000000,0.00000000,0.00207085,0.01136308,0.00000000,0.00000000,0.10694803,0.00000000,0.01427678,0.00000000,0.00000000,0.00000000,0.00000000,0.00000000,0.00000000,0.00000000,0.01350421,0.00000000,0.00000000,0.00336434,0.01335169,0.00000000,0.00000000,0.00000000,0.01475834,0.00215994,0.00000000
0.00000000,0.00000000,0.00636636,0.16486210,0.03224836,0.00000000,0.00000000,0.00000000,0.00000000,0.00000000,0.02519544,1.04411665,0.00384257,0.00000000,3.56660114,0.00000000,0.00000000,0.04367704,0.00000000,0.00000000,0.07751368,0.00000000,0.11795091,0.00000000,0.00000000,0.00000000,0.05104618,0.00000000,0.00000000,0.00000000,0.00000000,0.00000000,0.00000000,0.00000000,0.00000000,0.00000000,0.00000000,0.00000000,0.00000000,0.00000000,0.00000000,0.00000000,0.00397356,0.00000000,0.01467467,0.07141746,0.00000000,0.00000000,0.00208682,0.00000000,0.00000000,0.00000000,0.00000000,0.00000000,0.00000000,0.02196500,0.00000000,0.00000000,0.00000000,0.00000000,0.00638590,0.00958080,0.01525943,0.00000000,0.60059936,0.00000000,0.00000000,0.00000000,0.00000000,0.14549192,0.00000000,0.00000000,0.00278132,0.05358459,0.00000000,0.00411311,0.00000000,0.00183623,0.00000000,0.00000000,0.36786169,0.00000000,0.00000000,0.00000000,0.00000000,0.00101905,0.00000000,0.02656323,0.00000000,0.00000000,0.00000000,0.00000000,0.00000000,0.00000000,0.00000000,0.00000000,0.00000000,0.07774351,0.00000000,0.01801248,0.29963257,0.00000000,0.00000000,0.00000000,0.00000000,0.00000000,0.00000000,0.00535498,0.00000000,0.00000000,0.00000000,0.00000000,0.00000000,0.00000000,0.00000000,0.00000000,0.65098464,0.00000000,0.00000000,0.00000000,0.00000000,0.01387536,0.00532546,0.00000000,0.00000000,0.00198632,0.00000000,0.06413191,0.00000000,0.00651583,0.00000000,0.00000000,0.00000000,0.00000000,0.01696055
0.00000000,0.00000000,0.00000000,0.40724960,0.00000000,0.26155624,0.00879923,0.00000000,0.00000000,0.00000000,0.00000000,0.00000000,0.00000000,0.00676350,0.00000000,0.00000000,0.00068043,0.61344997,0.00000000,4.38682054,0.00000000,0.00000000,0.07228577,0.00000000,0.00000000,0.00000000,0.00801283,0.00000000,0.00000000,0.00000000,0.00000000,0.00749557,0.00000000,0.00000000,0.00000000,0.00083008,0.00000000,0.00000000,0.00000000,0.00000000,4.87063021,0.00222565,0.01383014,0.00000000,0.00000000,0.00783714,0.01445349,0.00000000,0.00000000,0.10402539,0.02799257,0.00000000,0.00000000,0.00216327,0.00000000,0.00000000,0.00000000,0.00000000,0.00000000,0.00000000,0.00000000,0.00000000,0.00000000,0.00000000,0.00000000,0.00000000,0.00000000,0.00000000,0.28686431,0.00000000,0.00000000,0.03809492,0.00000000,0.00000000,0.00000000,0.00000000,0.01247033,0.00000000,0.00000000,0.00000000,0.00000000,0.00000000,0.06826863,0.00000000,0.00000000,0.00000000,0.00000000,0.00482417,0.00000000,0.00000000,0.00000000,0.80081260,0.00000000,0.01253181,0.00000000,0.00000000,0.74567325,0.00000000,0.00000000,0.00000000,0.00000000,0.00000000,0.00000000,0.00000000,0.00000000,0.00000000,0.00000000,0.01771012,0.00000000,0.00000000,0.00000000,0.00000000,0.00000000,0.00000000,0.08092115,0.00000000,0.00000000,0.00000000,0.00000000,0.00000000,0.00000000,0.00919004,0.00000000,0.00000000,0.00000000,0.00000000,0.02203524,0.00000000,0.11227057,0.00666107,0.00000000,0.18452214,0.00000000,4.33404898,0.00000000
0.00000000,0.00000000,0.00000000,0.00000000,0.00000000,0.00282462,0.00000000,0.00000000,0.00000000,0.00000000,0.03238164,0.01077494,0.00000000,0.00000000,0.00000000,0.00000000,0.00000000,0.00000000,0.00000000,0.00404043,0.00177830,0.00000000,0.12126958,0.00000000,0.05798300,0.00000000,0.00000000,0.00000000,0.03139357,0.00000000,0.00000000,0.00000000,0.00000000,0.00000000,0.00000000,0.16776731,0.00000000,0.00000000,0.00000000,0.00645781,0.00000000,0.00000000,0.00000000,0.01996849,0.00000000,0.00000000,0.00867421,0.00000000,0.00000000,0.00000000,0.00000000,0.00000000,0.00000000,0.00407174,0.00000000,0.00000000,0.01573816,0.00000000,0.00000000,0.02335638,0.00000000,0.00000000,0.00000000,0.00000000,0.00000000,0.00000000,0.00000000,0.00000000,0.00000000,0.00000000,0.00000000,0.55670141,0.00000000,0.00000000,0.00000000,0.00000000,0.00000000,0.00000000,0.00000000,0.09709557,0.00000000,0.00000000,0.00000000,0.00000000,0.00000000,0.00000000,0.00000000,0.06180656,0.00197276,0.00000000,0.00000000,0.00000000,0.00000000,0.02908521,0.00000000,0.00000000,0.00000000,0.00998413,0.00000000,0.00000000,0.00653424,0.00000000,0.00000000,0.00000000,0.00208710,0.00000000,0.00000000,0.00570653,0.04019076,0.00000000,0.00000000,0.00000000,0.00000000,0.00000000,0.00000000,0.00000000,0.53283703,0.00394302,0.38269818,0.00000000,0.00000000,0.00000000,0.01363150,0.13182720,0.01276899,0.00000000,0.00000000,0.00638521,0.02045049,0.00000000,0.00000000,0.00000000,4.32701812,0.00000000,0.02165730
0.00000000,0.00000000,0.00000000,0.00793363,0.00000000,0.00000000,0.07489333,0.02519544,0.00000000,0.03238164,0.00000000,0.04123160,0.00000000,0.06004212,0.00000000,0.00000000,0.00000000,0.00000000,0.00000000,0.00346280,0.00000000,0.02572716,0.00000000,0.00000000,0.00000000,0.00000000,0.00000000,0.00000000,0.00000000,0.06033045,0.00000000,0.00000000,0.00000000,0.04612441,0.00000000,0.00000000,0.00000000,0.00000000,0.00000000,0.00000000,0.00000000,0.00307778,0.11110381,0.00000000,0.00000000,0.01622041,0.00000000,0.00000000,0.00000000,5.66770820,0.00000000,0.05460450,0.00000000,0.00000000,4.53814326,0.09279739,0.00000000,0.01907995,0.00000000,0.65456388,0.00000000,0.00000000,0.00000000,0.00000000,0.00000000,0.00000000,0.03095525,0.00000000,0.00000000,0.00379774,0.00000000,0.00252657,0.00917746,0.00000000,0.01862217,0.00000000,0.00000000,0.00917913,0.00000000,0.00000000,0.00000000,1.30340779,0.00000000,0.00000000,0.00000000,0.05122974,0.00000000,0.06764185,0.17259810,0.00000000,0.00000000,0.00000000,0.00000000,0.00000000,0.00000000,0.00000000,0.00200918,0.00000000,0.00000000,0.00692736,0.00000000,0.00000000,0.00000000,2.66820005,0.00000000,0.00000000,0.00000000,0.00000000,0.03743475,0.00000000,0.07191107,5.47666031,0.00000000,0.00491341,0.00000000,0.13836475,0.00000000,0.00580822,0.00000000,0.00000000,0.00000000,0.00000000,0.00000000,0.00000000,0.00000000,0.00000000,0.04728547,0.00000000,0.00000000,0.00000000,0.00220195,0.00000000,0.00000000,0.03111989,0.00000000
0.00000000,0.00000000,0.00000000,0.00000000,0.00000000,0.07345294,0.00000000,1.04411665,0.00000000,0.01077494,0.04123160,0.00000000,0.00000000,0.00000000,9.92671163,0.00000000,0.00000000,3.40519568,0.00000000,0.00000000,0.42903217,0.38507207,0.04328755,0.00000000,4.14000457,4.73025382,0.19908306,0.00000000,0.00000000,0.04475237,0.00000000,0.01635498,0.00000000,0.00000000,0.00000000,0.01355651,0.00581245,2.36409426,0.00000000,0.01288892,0.03114908,0.00000000,0.00000000,0.00233992,0.25048663,0.00000000,0.00000000,0.00000000,0.02199654,0.33978156,0.00000000,2.71693920,0.00000000,0.00000000,0.02426689,0.11982957,0.03128504,0.00000000,0.00000000,0.00240483,0.00000000,0.00000000,0.67425296,0.00000000,0.00000000,0.00000000,0.01416100,0.00000000,0.00000000,0.00000000,0.04126284,0.01302265,0.00000000,0.00000000,0.00198959,0.00000000,0.00000000,0.00000000,0.00000000,0.15759892,0.00000000,0.00000000,0.00000000,0.00000000,0.00000000,0.03605302,0.24188723,0.00000000,0.24057408,0.00000000,0.00000000,0.00000000,0.00000000,0.02005412,0.00000000,0.02954029,0.01719046,0.00000000,0.09350388,0.00773882,0.00000000,0.00000000,0.00000000,0.00000000,0.00000000,0.00000000,0.00000000,0.00000000,0.00900943,0.00000000,0.00000000,0.00000000,0.00000000,0.00000000,0.00000000,0.00000000,0.03650088,0.14773094,0.00000000,0.00000000,0.00000000,0.00000000,0.00000000,0.00000000,0.00000000,0.00000000,0.00000000,0.00000000,0.00000000,0.00000000,0.00000000,0.01461404,0.00360536,0.00000000,1.09242456
0.00000000,0.00000000,0.00000000,0.00000000,0.00000000,0.00000000,0.00000000,0.00384257,0.00000000,0.00000000,0.00000000,0.00000000,0.00000000,0.00000000,0.04759793,0.00249746,0.00000000,0.02723894,0.00347122,0.47669400,0.01972234,0.00569808,0.00000000,0.00335120,0.00000000,0.00000000,0.00438073,0.00000000,0.09251741,0.00000000,0.29946919,0.00534621,0.00000000,0.00000000,0.00000000,0.00000000,0.00000000,0.00000000,0.00000000,0.00000000,0.00000000,0.00000000,0.00000000,0.00000000,0.00000000,0.05668523,0.00000000,0.00000000,0.94006265,0.08785632,0.00000000,0.00000000,0.00000000,0.00000000,0.00000000,0.00000000,0.00000000,0.00215228,0.07085481,0.00000000,0.00000000,0.00000000,0.00000000,0.00000000,0.00000000,4.19917371,0.00000000,0.57942308,0.00000000,0.00000000,0.03689071,0.00000000,0.00000000,0.00000000,0.03500751,0.00000000,0.00000000,0.00000000,0.00000000,0.00000000,0.00000000,0.00946723,0.00000000,0.00000000,0.00000000,0.00000000,0.04514188,0.00000000,0.00000000,0.00000000,0.00000000,0.00000000,0.00150724,0.01416982,0.00000000,0.00000000,0.00000000,0.00000000,0.00000000,0.00000000,0.00000000,0.45066167,0.00000000,0.00000000,0.01110754,0.00000000,0.00000000,0.00000000,0.00000000,0.00000000,0.00000000,0.00000000,0.00507291,0.01333083,0.01483669,0.00000000,0.01286315,0.00000000,0.00000000,0.04626863,0.00000000,7.13768221,0.00000000,0.00000000,0.00167786,0.00000000,0.00000000,3.35204660,0.00000000,0.00551514,0.00000000,0.00000000,0.01243569,0.34538477,1.31922718
0.00000000,0.52546135,0.00126575,0.00000000,0.00000000,0.00000000,0.68731324,0.00000000,0.00676350,0.00000000,0.06004212,0.00000000,0.00000000,0.00000000,0.00000000,0.33703789,0.00000000,0.01072507,0.00000000,0.00000000,0.01135271,0.02718187,0.00000000,0.00000000,0.00000000,0.00000000,0.00000000,0.00000000,0.26300024,0.00000000,0.00000000,0.01349356,0.00000000,0.00000000,0.77153019,0.00000000,0.00000000,0.00000000,0.00221308,0.00000000,0.00000000,0.01120561,0.00000000,0.00653339,0.00000000,0.00000000,0.00000000,0.00000000,0.00000000,0.00000000,0.00000000,0.00000000,0.00000000,0.00000000,0.01906271,0.00000000,0.00000000,0.00000000,0.00000000,0.00000000,0.01656566,0.00000000,0.00516882,0.09326010,0.00000000,0.00000000,0.00399131,0.03212903,0.09349926,4.87656283,0.00000000,0.00000000,0.00097750,0.00196627,1.70480265,0.16739740,0.00000000,0.01037294,0.00000000,0.07119022,0.00000000,0.00000000,0.00000000,0.00055204,0.00000000,0.01207483,0.00000000,0.00300713,0.00000000,0.00000000,0.00000000,0.00000000,0.00000000,0.00000000,0.00000000,0.02115024,0.01970487,0.00000000,0.00000000,0.00000000,0.00000000,0.00000000,0.00000000,0.02466155,0.00000000,0.00000000,0.00000000,0.05030471,0.00000000,0.00000000,0.00000000,0.00000000,0.00000000,0.00000000,0.00000000,0.00162529,0.00847195,0.00000000,0.00000000,0.00000000,0.00000000,0.00000000,0.00808722,0.00000000,0.00000000,0.00000000,0.06751575,0.78717243,0.00000000,0.00322824,0.00000000,0.00000000,0.06593676,0.00000000,0.14046928
0.00000000,0.01175348,0.00000000,1.55372230,0.32086856,0.00000000,0.00000000,3.56660114,0.00000000,0.00000000,0.00000000,9.92671163,0.04759793,0.00000000,0.00000000,0.00000000,0.01895995,0.00000000,0.00000000,0.00000000,0.00000000,0.00554729,0.00000000,0.00000000,0.00000000,0.00000000,0.00000000,0.09200229,0.33259020,0.06331477,0.21689594,0.01394334,0.00000000,0.00000000,0.00000000,0.00794855,0.58562077,0.00000000,0.00964695,0.02458529,0.00000000,0.00000000,0.00000000,0.00000000,0.00000000,0.00000000,0.01388188,0.00733520,0.00000000,0.00000000,0.00000000,0.00000000,0.00000000,0.00000000,0.00000000,0.00000000,0.00000000,0.01221855,0.00000000,0.00000000,0.00000000,0.00000000,0.00000000,0.00000000,0.10770945,2.12739474,0.00000000,0.00000000,0.00000000,0.00000000,0.00000000,0.02163762,2.73736199,0.00000000,0.00000000,0.00000000,0.42430247,0.17945373,0.00000000,0.00000000,0.00000000,0.00000000,0.00000000,0.00088466,0.00000000,0.01382356,0.00000000,0.00000000,0.00000000,0.00000000,0.00000000,0.00000000,0.28706002,0.61878914,0.00000000,0.01285772,0.00000000,0.00000000,0.00000000,0.19577591,0.00000000,0.00000000,0.00000000,0.00000000,0.00000000,0.00000000,0.00000000,0.00307228,0.00000000,0.00000000,0.00000000,0.00000000,0.00000000,0.00000000,0.00000000,0.00000000,0.01316934,0.00000000,0.00000000,0.01955287,0.00000000,0.00000000,0.00000000,0.00000000,0.00000000,0.00000000,0.00000000,0.00332476,0.00290351,0.00000000,0.00000000,0.00000000,0.00264321,0.00000000,0.00000000
0.00000000,0.00000000,0.00293232,0.34607222,0.00000000,0.00000000,0.00000000,0.00000000,0.00000000,0.00000000,0.00000000,0.00000000,0.00249746,0.33703789,0.00000000,0.00000000,0.04413670,0.00000000,0.00000000,0.00000000,0.00000000,0.00000000,0.00198273,0.00000000,0.06060545,0.00000000,0.00000000,0.00000000,0.00000000,0.00000000,0.00000000,0.04208686,0.09442301,0.00000000,0.00000000,0.00000000,0.00000000,0.00000000,0.00000000,0.00000000,0.00000000,1.12950319,0.00000000,0.00000000,0.00000000,0.00000000,0.00000000,0.00000000,0.00000000,0.00645103,0.00000000,0.02954471,0.00000000,0.00000000,0.00000000,0.00000000,0.00000000,0.17736037,0.00000000,0.00000000,0.00000000,0.00444613,0.00000000,0.00000000,0.00000000,0.00000000,0.00000000,0.00000000,0.00492313,0.00000000,0.00000000,0.00000000,0.00993997,0.00000000,0.00000000,0.00000000,0.00000000,0.00000000,0.00000000,0.03512500,0.00000000,0.00000000,0.00000000,0.00097097,0.00812621,0.00000000,0.00000000,0.00000000,0.00000000,0.00000000,0.00000000,0.00000000,0.00000000,0.00000000,0.00000000,0.00000000,0.00000000,0.00000000,0.00000000,0.00821944,0.00000000,0.00000000,0.07067704,0.00289902,0.00000000,0.00308348,0.00000000,0.46762613,0.00000000,0.00257935,0.00000000,0.07723556,0.00000000,1.96824350,0.00000000,0.00000000,0.00646646,0.88964066,0.00000000,0.00000000,0.00000000,0.00000000,0.00000000,0.00000000,0.63216884,0.00000000,0.00000000,0.22034684,0.00000000,0.40596857,0.00000000,0.00000000,0.00000000,0.03300201,0.00000000
0.00000000,0.00955197,0.00000000,0.00182359,0.00000000,0.00000000,0.00000000,0.00000000,0.00068043,0.00000000,0.00000000,0.00000000,0.00000000,0.00000000,0.01895995,0.04413670,0.00000000,4.02862080,0.00000000,0.00000000,0.00000000,0.00000000,0.00138608,0.00000000,0.00000000,0.00000000,0.00000000,0.00000000,0.00000000,0.00000000,0.00000000,0.00000000,0.00397718,0.00687541,0.00000000,0.00000000,0.00000000,0.00000000,0.00000000,0.00000000,0.01279948,0.00000000,0.00000000,0.00000000,0.00000000,0.00000000,0.00000000,0.00000000,0.00000000,0.00000000,0.00000000,0.00634717,0.00000000,0.00000000,0.00000000,0.08550657,0.00000000,0.01827712,0.01023496,0.13088094,0.00000000,0.00000000,0.00000000,0.00000000,0.00000000,0.00401157,0.00000000,2.22210608,0.00000000,0.00000000,0.00000000,0.00000000,0.00000000,0.00000000,0.03333924,0.22150082,0.00000000,0.00000000,0.00000000,0.00989993,0.00000000,0.00268629,0.00000000,0.00000000,0.03151179,0.00000000,0.00000000,0.00000000,0.00000000,0.00185623,0.00000000,0.00000000,0.00000000,0.00000000,0.00000000,0.00000000,0.15629543,0.00490888,0.00000000,0.00284388,0.00478671,0.00000000,0.00000000,0.04652710,0.00000000,0.00000000,0.00000000,0.00000000,0.00000000,0.16366310,0.00000000,0.00000000,0.00000000,0.03813659,0.00000000,0.00000000,0.00000000,0.00000000,0.02716377,0.00000000,0.00000000,0.00000000,0.00000000,0.00000000,0.00000000,0.03143276,0.00000000,0.00000000,0.00000000,0.00000000,0.00000000,0.01648784,0.01522573,0.00000000,0.01957700
0.01523140,0.00000000,0.00000000,0.00546924,0.00493699,0.00000000,0.00000000,0.04367704,0.61344997,0.00000000,0.00000000,3.40519568,0.02723894,0.01072507,0.00000000,0.00000000,4.02862080,0.00000000,0.00000000,0.00000000,0.00000000,0.00000000,3.46586942,0.00000000,0.00000000,0.11767960,0.00000000,0.00000000,0.00000000,0.02967055,0.00000000,5.33384985,0.00000000,0.01262336,0.00000000,0.00000000,0.00000000,0.00778743,0.14794142,0.00107319,0.00000000,0.00000000,0.00176303,0.00000000,0.00000000,0.11558220,0.02401321,0.00961081,0.00000000,0.00000000,0.09626272,0.06268153,0.09750370,0.00000000,0.01051296,0.00000000,0.00000000,0.00000000,0.00000000,0.00000000,0.00000000,0.00000000,0.00000000,0.00000000,0.00000000,0.00000000,0.00000000,0.00000000,0.00507301,0.00000000,0.00081708,0.00000000,0.00000000,0.00000000,0.00000000,0.00000000,0.00000000,0.00000000,0.24448213,0.00000000,0.00000000,0.00000000,0.00000000,0.00000000,0.00000000,0.00000000,0.00000000,0.11631578,0.00124090,0.00000000,0.00000000,0.00000000,0.00000000,0.00000000,0.00000000,0.08144895,0.36024611,0.00573897,0.01279084,0.00000000,0.00000000,0.00000000,0.00000000,0.00000000,0.00000000,0.00132462,0.06755984,0.00000000,0.00000000,0.11090171,0.00000000,0.00000000,0.00000000,0.00000000,0.00000000,0.00000000,0.00000000,0.00379053,0.04200316,2.27336985,0.00000000,0.00000000,0.55618966,0.02641709,0.00000000,0.00000000,0.00000000,0.00000000,0.00000000,1.15226686,0.00324756,0.00000000,0.00000000,0.00000000,0.00000000
0.00000000,0.00000000,3.36405503,0.23986099,0.00000000,0.00000000,3.65468291,0.00000000,0.00000000,0.00000000,0.00000000,0.00000000,0.00347122,0.00000000,0.00000000,0.00000000,0.00000000,0.00000000,0.00000000,0.00000000,0.00000000,0.01162967,0.05082928,0.00000000,0.00000000,0.00000000,0.00000000,0.00000000,0.00000000,0.00000000,0.02511985,0.00472433,0.00000000,0.49434974,0.00000000,0.08247692,0.00447385,0.00000000,0.00000000,0.00000000,0.00000000,0.00000000,0.00000000,0.00000000,0.00000000,0.00000000,0.01344067,0.00000000,0.00000000,0.05951568,4.34729383,0.00000000,0.00000000,0.00000000,0.01447105,0.00874299,0.00294960,0.00000000,0.00000000,0.00000000,0.00000000,0.00000000,0.00000000,0.00000000,0.00000000,0.00000000,0.03430821,0.00000000,0.00000000,0.00000000,0.00000000,0.00673152,0.00000000,0.00000000,0.00000000,0.00253067,2.74984316,0.00000000,0.00000000,0.00000000,0.00000000,0.01028613,0.00000000,0.00000000,0.00854979,0.00000000,0.00458843,0.18241960,0.00000000,0.00575038,0.00000000,0.00000000,0.00000000,0.01515895,0.01610857,0.00000000,0.00000000,0.00000000,3.24916425,0.00000000,0.00000000,0.00000000,0.00000000,0.00000000,0.00000000,0.00000000,0.00000000,0.00000000,0.00000000,0.00000000,0.00000000,0.19697439,0.00000000,0.00000000,0.00000000,0.00000000,0.02260684,0.44312318,0.00000000,0.00000000,0.00000000,0.06826542,0.00000000,0.10613925,0.22320375,0.00000000,0.00000000,0.00417733,0.00000000,0.00000000,0.00322650,0.00000000,0.00000000,0.00000000,0.00274161
0.00068687,0.00132756,0.00000000,0.01081315,0.00000000,0.00000000,0.00000000,0.00000000,4.38682054,0.00404043,0.00346280,0.00000000,0.47669400,0.00000000,0.00000000,0.00000000,0.00000000,0.00000000,0.00000000,0.00000000,0.00000000,0.00000000,0.11619052,0.00000000,0.04111098,0.03420392,0.00000000,0.00000000,0.00000000,0.41455197,3.63969710,0.00000000,0.00000000,0.00000000,0.00000000,0.12639192,0.00938239,0.00000000,0.00000000,0.00000000,0.00000000,0.00000000,0.00000000,0.00000000,0.00000000,0.83214495,0.06926774,0.00000000,0.00000000,0.00319975,0.00000000,0.00000000,0.00000000,0.27396437,0.00000000,0.00000000,0.00000000,0.23876114,1.44790431,0.00000000,0.07836084,0.03099144,4.38573199,0.03531484,0.00000000,0.00608653,0.00000000,0.00000000,0.03011138,0.00000000,0.00000000,0.00000000,0.00000000,0.10019681,5.16133092,0.00000000,0.00000000,0.17643036,0.00000000,0.00704941,0.00000000,0.00000000,0.00000000,0.00000000,0.00000000,0.00000000,0.00000000,0.00282231,0.47269242,0.00000000,0.01592463,0.00000000,0.00000000,0.00000000,0.00000000,3.65083539,0.00000000,0.00000000,0.01089143,0.00000000,0.00000000,6.84756930,0.00000000,2.99759723,0.01325615,0.00000000,0.29447137,0.07570150,0.00000000,0.00514621,0.00704428,0.00000000,0.00594267,0.00820151,0.00000000,0.01431257,0.00419532,0.00000000,0.00000000,0.00000000,0.00000000,0.00000000,5.51195011,0.66776551,0.00000000,0.00000000,0.03152349,0.00000000,0.00000000,0.00000000,0.00000000,0.00000000,0.01347676,0.04597548,0.11914324
0.00818882,0.48664254,0.00794232,0.01373709,0.00000000,0.00000000,0.00000000,0.07751368,0.00000000,0.00177830,0.00000000,0.42903217,0.01972234,0.01135271,0.00000000,0.00000000,0.00000000,0.00000000,0.00000000,0.00000000,0.00000000,0.00000000,0.00000000,0.00000000,0.00000000,0.00128666,0.00000000,0.00000000,0.00000000,0.00000000,0.00000000,0.00000000,0.00000000,0.00548043,0.00000000,0.00000000,0.00000000,0.00000000,0.00000000,0.00771307,0.00000000,0.07115076,0.55788048,0.00000000,0.00000000,0.00000000,0.04308062,0.07256865,0.16706130,0.00000000,0.00000000,0.00000000,0.00000000,0.00000000,0.00732495,0.04009187,0.00000000,0.04536248,0.00000000,0.00000000,0.00000000,0.00000000,0.00000000,0.00000000,0.00000000,0.03084777,0.00000000,0.00000000,0.00000000,0.24693230,0.00000000,2.39991688,0.25228913,0.00000000,0.00000000,0.00000000,0.00355666,0.00000000,0.00000000,0.00000000,0.00000000,0.00256968,0.01383436,0.00000000,0.00065027,0.00000000,0.00000000,0.00000000,0.01070151,0.00572436,0.00000000,0.00000000,0.00000000,0.00000000,0.00000000,0.00000000,0.00000000,0.00819045,0.00000000,0.00000000,0.03215123,0.01774773,0.00000000,0.00000000,0.01891224,0.00000000,3.22631157,0.00000000,0.00000000,0.00419844,0.00000000,0.00000000,0.00337293,0.44309654,0.00000000,0.00000000,0.00000000,0.00000000,0.00000000,0.07343788,0.00324886,0.00000000,0.00000000,0.00000000,0.00000000,0.68369114,0.00000000,0.00000000,0.01048271,0.00000000,0.00000000,0.01412590,0.00963619,0.00000000,0.00000000
0.00000000,0.00000000,0.12191340,0.00000000,0.00807009,0.00000000,0.00000000,0.00000000,0.00000000,0.00000000,0.02572716,0.38507207,0.00569808,0.02718187,0.00554729,0.00000000,0.00000000,0.00000000,0.01162967,0.00000000,0.00000000,0.00000000,0.00000000,0.02002242,0.00000000,0.00000000,0.15774312,0.00000000,0.00000000,0.00000000,0.00000000,1.79683932,0.00000000,0.00000000,0.00000000,0.00610951,0.00000000,0.00000000,0.00000000,0.00664463,5.14178953,0.00000000,0.00000000,0.00000000,0.01517072,0.00000000,0.00000000,0.00000000,0.00000000,0.00000000,0.01925597,0.00000000,1.21084729,0.01482956,0.00000000,0.01983572,0.01389568,0.01155437,0.00000000,2.93168691,0.13464897,0.00000000,0.00000000,0.00000000,0.00000000,0.00790793,0.21895283,0.00385169,0.21215810,2.12750005,0.00000000,0.00000000,0.00000000,0.00000000,0.00000000,0.31180812,0.00757899,0.00000000,0.00000000,0.00000000,0.00000000,0.00000000,0.00000000,0.00000000,0.00738643,0.00000000,0.00000000,0.09447390,0.07148711,0.00000000,0.00000000,0.00102390,0.00000000,0.07266267,0.00000000,0.00000000,0.00000000,0.00079942,0.00901485,0.01276267,0.00000000,0.00000000,0.00000000,0.10268588,0.00000000,0.00000000,0.04819810,0.00216720,0.00000000,0.00000000,2.07955793,0.00000000,0.00000000,0.00000000,0.00000000,0.00000000,0.00000000,0.00000000,0.00000000,0.01164283,0.02674882,0.10127142,0.00000000,0.00000000,0.09547252,4.57909125,0.00000000,0.00000000,0.00000000,0.00000000,0.05466408,0.23167365,0.01780628,0.00000000,0.00000000
0.00000000,0.00868957,0.00000000,0.01566031,0.00725352,0.00000000,0.00000000,0.11795091,0.07228577,0.12126958,0.00000000,0.04328755,0.00000000,0.00000000,0.00000000,0.00198273,0.00138608,3.46586942,0.05082928,0.11619052,0.00000000,0.00000000,0.00000000,0.00000000,0.00872857,0.00000000,0.00000000,0.00000000,0.00270459,0.00000000,0.01337498,0.01857062,0.00000000,0.18429670,0.02112993,0.00000000,0.00000000,0.00000000,0.00000000,0.00000000,0.00700043,0.49486132,5.71345587,0.00000000,0.00319304,0.00000000,0.00000000,0.00000000,1.70713886,0.00000000,0.00103666,0.00000000,0.00000000,0.09127579,0.00000000,0.01326724,0.00000000,0.00000000,0.00000000,0.00092628,0.00000000,0.00000000,0.00000000,0.00092201,0.00000000,0.00259472,0.00000000,0.00000000,0.39178706,0.00000000,0.00816157,4.25217935,0.00000000,0.21595032,0.00000000,0.00000000,0.00000000,0.00955651,0.00000000,0.00000000,0.00000000,0.00000000,0.00000000,0.01168062,0.06131482,0.00000000,0.00000000,0.00000000,0.00000000,0.00000000,0.00000000,0.00935955,0.00643276,0.00000000,0.00000000,0.00000000,0.00071362,0.00000000,0.00000000,0.00197035,0.00000000,0.00000000,0.00000000,0.00000000,0.00000000,0.00148162,0.01504001,0.00000000,0.02675993,0.00000000,0.00000000,0.00000000,0.00000000,1.91998932,0.00000000,0.00000000,0.00000000,2.41322284,0.00000000,0.00000000,0.00575539,0.00000000,0.00000000,0.00000000,0.00000000,0.00000000,0.00000000,0.00000000,0.00000000,0.02489070,0.00000000,0.00000000,0.00000000,0.00000000,0.00909583
0.00717685,0.00000000,0.00000000,0.00162231,0.00320216,0.01483675,0.00000000,0.00000000,0.00000000,0.00000000,0.00000000,0.00000000,0.00335120,0.00000000,0.00000000,0.00000000,0.00000000,0.00000000,0.00000000,0.00000000,0.00000000,0.02002242,0.00000000,0.00000000,0.01464068,0.06170587,0.00000000,0.00259287,0.00000000,0.00000000,0.00000000,0.00000000,1.91568215,0.12180393,0.01302826,0.00000000,0.01597480,0.00000000,0.00697285,0.00000000,0.00000000,0.00000000,0.00000000,0.01029992,0.02234224,0.00000000,0.00000000,0.00000000,0.01285230,0.00000000,0.00000000,0.00000000,0.00000000,0.00000000,0.00000000,0.00000000,0.00000000,0.02761702,0.00000000,0.00000000,0.00000000,0.00000000,0.01025147,0.00000000,0.00000000,0.00000000,0.00000000,0.01212704,0.00000000,0.00000000,0.00000000,0.05857776,0.00000000,0.05425928,0.00000000,0.00000000,0.00000000,0.21509118,0.00000000,0.00000000,0.00000000,0.00000000,0.00000000,0.00284868,0.00000000,0.00000000,0.00000000,0.00000000,0.00000000,0.00000000,0.02197507,0.00000000,0.00000000,0.00000000,0.00000000,0.00000000,0.00000000,0.00534836,0.00000000,0.00000000,0.00288832,0.03169945,0.00000000,0.10465822,0.00275287,0.00000000,0.07237376,0.16745402,0.00909315,0.02217108,0.00431850,0.00000000,0.00558477,0.33834081,0.00000000,1.45478406,0.00000000,5.77711782,0.00000000,0.00000000,0.24081934,0.00000000,0.00000000,0.00961827,0.01166243,0.00366663,0.03368213,1.10176215,0.00000000,0.00000000,0.00000000,0.00000000,0.00000000,0.00000000,0.00000000
0.00000000,0.00000000,3.77900289,0.00000000,0.00000000,0.00000000,0.03131970,0.00000000,0.00000000,0.05798300,0.00000000,4.14000457,0.00000000,0.00000000,0.00000000,0.06060545,0.00000000,0.00000000,0.00000000,0.04111098,0.00000000,0.00000000,0.00872857,0.01464068,0.00000000,0.00284776,0.00000000,0.00000000,0.14644375,0.00000000,0.00000000,0.00000000,0.00465087,0.00000000,0.00000000,0.00000000,0.02644143,0.00000000,0.00000000,0.00000000,0.00000000,0.00000000,0.00000000,0.00000000,0.03767826,0.00382327,0.00000000,0.00000000,0.00000000,0.00000000,0.00000000,0.00000000,0.00000000,0.00000000,0.00000000,0.00000000,0.31786481,0.00000000,0.00000000,0.00000000,0.00000000,5.09176210,0.00000000,0.19217289,0.00000000,0.00000000,0.00000000,0.00000000,0.02535649,0.00000000,0.00000000,0.00000000,0.02399991,1.39730513,0.00482761,0.02975916,0.00000000,0.00000000,0.00000000,0.48436366,0.04722414,0.00000000,2.77387031,0.00000000,0.09849562,0.00950352,0.00000000,0.00000000,0.04068721,0.00000000,0.00000000,0.12254747,0.00000000,0.00000000,0.00645594,0.30408387,0.22290378,0.00000000,0.00240764,0.00000000,0.00000000,0.00000000,0.00000000,0.00672762,0.18579926,0.00256779,0.00000000,0.02957221,4.77031389,0.00000000,0.01832867,0.00417717,0.00000000,0.00000000,0.00000000,3.66766634,0.00000000,0.00000000,0.00000000,0.03934416,0.00000000,0.03681038,0.00000000,0.00300471,0.07779748,0.00000000,0.00000000,0.01429764,0.00000000,0.00000000,0.00000000,0.01556104,0.00000000,0.01324091,0.00000000
0.00000000,0.00000000,0.00000000,0.06117788,0.00000000,0.00000000,0.00746353,0.00000000,0.00000000,0.00000000,0.00000000,4.73025382,0.00000000,0.00000000,0.00000000,0.00000000,0.00000000,0.11767960,0.00000000,0.03420392,0.00128666,0.00000000,0.00000000,0.06170587,0.00284776,0.00000000,0.00000000,0.00000000,0.00000000,0.02749941,0.00000000,0.00093474,0.00000000,0.00000000,0.00000000,0.00000000,0.02591487,0.00000000,0.00000000,0.00000000,0.06035546,0.00000000,0.00000000,0.00000000,0.00000000,0.00000000,0.00277918,0.00000000,0.00000000,0.00000000,0.00000000,0.00275444,0.00000000,0.00000000,0.01956711,0.00000000,0.00000000,0.01184634,0.00000000,0.00000000,0.00000000,0.00000000,0.00000000,0.00000000,3.55080243,0.00288315,0.00000000,0.00000000,0.00000000,0.62745522,0.00382238,0.00253830,0.00000000,0.00000000,0.72796330,0.00000000,0.00000000,0.00000000,0.00000000,0.00000000,0.00000000,0.00000000,0.00000000,0.00000000,0.00000000,0.00000000,0.00000000,0.84485841,0.00000000,0.24967265,0.00000000,0.00390288,0.00421879,0.00000000,0.00000000,0.00000000,0.00000000,0.00000000,0.00000000,0.00454309,9.58837130,0.00000000,0.17160801,0.00000000,0.00000000,0.00000000,0.21433951,0.00000000,0.00000000,0.00000000,0.00000000,0.00000000,0.39266461,0.00000000,0.00000000,0.00000000,0.00000000,0.00000000,0.00000000,0.00211328,0.00267631,0.00891206,0.00000000,0.00000000,0.00000000,0.00000000,0.42704869,0.00000000,0.00210306,0.00000000,0.00000000,0.00000000,0.00000000,0.00746405,0.00000000
0.00000000,0.00000000,0.01599531,0.53192682,0.00000000,0.09607248,0.04208439,0.05104618,0.00801283,0.00000000,0.00000000,0.19908306,0.00438073,0.00000000,0.00000000,0.00000000,0.00000000,0.00000000,0.00000000,0.00000000,0.00000000,0.15774312,0.00000000,0.00000000,0.00000000,0.00000000,0.00000000,0.00000000,0.00000000,3.29781552,0.00000000,0.04499132,2.28302423,0.00000000,0.00000000,0.00582686,0.00000000,0.00000000,0.02236963,0.00000000,0.00000000,0.00178087,0.01953199,0.00000000,0.00000000,0.00000000,0.00000000,0.00000000,0.00000000,0.00000000,0.00000000,0.00000000,0.44783140,0.00469698,0.00000000,0.00000000,0.00000000,0.10113145,0.00000000,0.00000000,0.00000000,0.00000000,0.00000000,0.00000000,0.00000000,0.00000000,0.00000000,0.02666798,0.00000000,0.00000000,0.00160902,0.18243153,0.00000000,0.00000000,0.00000000,0.00000000,0.00779589,0.00649080,0.00338893,0.00000000,0.00000000,0.00000000,0.00000000,0.00330469,0.00000000,0.00410193,0.00000000,0.00000000,0.00000000,0.00000000,0.00000000,0.00900802,0.00000000,0.00000000,0.01369214,0.00000000,0.00000000,0.00000000,0.00000000,0.00000000,0.00000000,0.00000000,0.00000000,0.00000000,0.00000000,0.00000000,0.00142112,0.17408385,5.33843291,0.00000000,0.00555852,0.00000000,0.00000000,0.01047812,0.10759022,0.00268181,0.00000000,0.00000000,0.00000000,0.00000000,0.00000000,0.00131060,0.05944260,0.00000000,0.00000000,0.00000000,0.00000000,0.00000000,0.00000000,0.01012654,0.00000000,0.00000000,0.00000000,4.12284638,0.00000000
0.00000000,0.00000000,0.00826861,0.00000000,0.00000000,0.00000000,0.05801011,0.00000000,0.00000000,0.00000000,0.00000000,0.00000000,0.00000000,0.00000000,0.09200229,0.00000000,0.00000000,0.00000000,0.00000000,0.00000000,0.00000000,0.00000000,0.00000000,0.00259287,0.00000000,0.00000000,0.00000000,0.00000000,0.15193735,0.26987734,0.00000000,0.00335100,0.00000000,0.00000000,0.00000000,0.00000000,0.02758263,0.02083841,0.00000000,0.00000000,0.00000000,0.00000000,0.00000000,0.71342283,0.04023755,0.00000000,0.11393237,0.04892510,0.00000000,0.00000000,0.00000000,0.00622967,0.30848490,0.00000000,0.00000000,0.00936490,0.01451580,0.00000000,0.31375360,0.00000000,0.00000000,0.00000000,0.00000000,0.00000000,0.00257210,0.00000000,0.00000000,0.00000000,0.00000000,0.12257337,0.00000000,3.41659047,0.00127800,0.00329745,0.00000000,0.00000000,0.13684194,0.00000000,0.00000000,0.00000000,0.00000000,0.00000000,0.00331828,0.00000000,0.02933485,0.00000000,0.00363948,0.00000000,0.00000000,0.06191605,0.08660883,0.00000000,0.00000000,0.00000000,0.06315406,4.83244387,5.15173449,0.00000000,0.00000000,0.00000000,0.00669267,0.00000000,0.88567541,0.00000000,0.00000000,0.03601067,0.00000000,0.00000000,0.00000000,0.00000000,0.37346438,0.00000000,0.00000000,0.00000000,0.00000000,0.00000000,0.83920288,0.03827970,0.00000000,0.00000000,0.00222829,0.03136853,0.00000000,0.00000000,0.00000000,0.00000000,0.01419157,0.00000000,0.00000000,0.00000000,0.00000000,0.00000000,0.00000000,0.00000000,0.00000000
0.00000000,0.00000000,0.00000000,0.00551400,0.00000000,0.00000000,0.00000000,0.00000000,0.00000000,0.03139357,0.00000000,0.00000000,0.09251741,0.26300024,0.33259020,0.00000000,0.00000000,0.00000000,0.00000000,0.00000000,0.00000000,0.00000000,0.00270459,0.00000000,0.14644375,0.00000000,0.00000000,0.15193735,0.00000000,0.00000000,0.00000000,0.00000000,0.00000000,0.00000000,0.00451826,0.24468382,0.00000000,0.00000000,0.00589850,0.00000000,0.00000000,0.23427859,0.00000000,3.60623513,0.00000000,0.00000000,1.00913181,0.00000000,0.00000000,0.00000000,0.00000000,0.00000000,0.00000000,0.00000000,0.28331798,0.00000000,0.00000000,0.00000000,0.06493769,0.00000000,0.00000000,0.00000000,0.13148873,0.00000000,0.00000000,0.35016677,0.00000000,0.00000000,0.00000000,0.00000000,0.06131007,0.00000000,0.00000000,0.00000000,0.00000000,0.00756611,0.00000000,0.00000000,0.00000000,0.08288732,0.00000000,0.00397049,0.03668405,0.00564486,0.00000000,0.01607170,0.00000000,0.00000000,0.00000000,0.02947094,0.00000000,0.00000000,0.09541291,0.00345935,0.00000000,0.00000000,0.00000000,0.46302332,0.00000000,0.00000000,0.00000000,0.00843105,0.00000000,0.00000000,0.00000000,0.00000000,0.00000000,0.05089671,0.00000000,0.00000000,0.36641676,1.00464312,0.00000000,0.00000000,0.03557287,0.05200217,0.00000000,0.00000000,0.03740421,0.00000000,0.00000000,0.00000000,0.00000000,0.00000000,0.00000000,0.00000000,0.00906201,0.00710510,0.00000000,0.00000000,0.00000000,0.27832135,0.00000000,0.02412288,0.00000000
0.00779200,0.00000000,0.00000000,0.02397274,0.00000000,0.00000000,0.00000000,0.00000000,0.00000000,0.00000000,0.06033045,0.04475237,0.00000000,0.00000000,0.06331477,0.00000000,0.00000000,0.02967055,0.00000000,0.41455197,0.00000000,0.00000000,0.00000000,0.00000000,0.00000000,0.02749941,3.29781552,0.26987734,0.00000000,0.00000000,0.00000000,0.07599358,0.00754010,0.00000000,0.00000000,0.00000000,0.00000000,0.00000000,0.00769848,0.00467782,0.00945007,0.05594769,0.04385804,0.00000000,0.04708660,0.00000000,0.00000000,0.00000000,0.00000000,0.00000000,0.00000000,0.00000000,0.00000000,0.00000000,0.00000000,0.09808984,0.00000000,0.00813807,0.00000000,0.84556516,0.00000000,0.00000000,0.06434253,0.00000000,0.00000000,1.06491890,0.00000000,0.14187422,0.00000000,0.00000000,0.00000000,0.26170322,0.00182148,0.00000000,0.00000000,0.00000000,0.01431591,0.00000000,0.00000000,0.01355724,0.00000000,0.05834589,0.00000000,0.00000000,0.00824402,0.00194442,0.00000000,0.07814128,0.00000000,0.00000000,0.00000000,0.00000000,0.00000000,0.00959990,0.00000000,0.00000000,0.00000000,0.00000000,0.04753740,0.00000000,0.00000000,0.00000000,0.00000000,0.00000000,0.00000000,0.00000000,0.02550378,0.00000000,0.00000000,0.00394434,0.00000000,0.09551360,0.00000000,0.01868678,0.00000000,0.00000000,0.00000000,0.00000000,0.00000000,0.00706785,0.02069107,0.00000000,0.00000000,0.09438761,0.00000000,0.00000000,0.00000000,0.00000000,0.11251877,0.00000000,0.00198129,0.00000000,0.07189278,0.05655851,0.00000000
0.01791801,0.29120393,0.00182003,0.00000000,0.00000000,0.00000000,0.12195119,0.00000000,0.00000000,0.00000000,0.00000000,0.00000000,0.29946919,0.00000000,0.21689594,0.00000000,0.00000000,0.00000000,0.02511985,3.63969710,0.00000000,0.00000000,0.01337498,0.00000000,0.00000000,0.00000000,0.00000000,0.00000000,0.00000000,0.00000000,0.00000000,0.04514567,0.00000000,1.53166829,0.00000000,0.00000000,0.00000000,0.04100628,0.00000000,0.02091530,0.00000000,0.00000000,0.00000000,0.00000000,0.00000000,0.00000000,0.00000000,0.00189063,0.00000000,0.00000000,2.37830364,0.00000000,0.00000000,0.00000000,0.00000000,0.00000000,0.00000000,0.01723852,0.00000000,0.01916630,4.98338661,0.00000000,0.00000000,0.00000000,0.12265847,0.00000000,0.00000000,0.00000000,0.00347305,0.00166603,0.00000000,0.00000000,0.00000000,0.00000000,0.00000000,0.00000000,0.00000000,0.00000000,0.00000000,0.00000000,0.00000000,0.00000000,3.28777365,0.00000000,0.00000000,0.00000000,0.01311009,0.00000000,0.00000000,0.00000000,0.00000000,0.00000000,1.93090755,0.00859076,0.00000000,0.00000000,0.00000000,0.45052701,0.00000000,0.06310624,0.04585043,0.00000000,0.00000000,0.00000000,0.01077236,0.00000000,0.00000000,0.00000000,0.00000000,0.00000000,0.00548004,4.22728166,0.00000000,0.00000000,0.00000000,0.00000000,0.22992524,0.00000000,0.28725516,0.00000000,0.00000000,0.00000000,0.32715876,0.00000000,0.00000000,0.84289633,0.00000000,0.00000000,3.34194166,0.00000000,0.00000000,0.00000000,0.00000000,0.01553947,0.00000000
0.00000000,0.00000000,0.00351097,0.00000000,0.00741764,0.00000000,0.00000000,0.00000000,0.00749557,0.00000000,0.00000000,0.01635498,0.00534621,0.01349356,0.01394334,0.04208686,0.00000000,5.33384985,0.00472433,0.00000000,0.00000000,1.79683932,0.01857062,0.00000000,0.00000000,0.00093474,0.04499132,0.00335100,0.00000000,0.07599358,0.04514567,0.00000000,0.00000000,0.00000000,0.00000000,0.00000000,0.00000000,0.00000000,0.00000000,0.06237281,0.00000000,0.21809238,0.00654439,0.00000000,0.00568161,0.00000000,0.00000000,3.85500656,0.00000000,0.00000000,0.02221556,0.00000000,0.01411847,0.00000000,0.00000000,0.02093771,0.00000000,0.06425557,0.08820116,0.00000000,0.00446811,0.00000000,0.00000000,0.00000000,0.00000000,0.00000000,0.14658130,0.27983716,0.00000000,0.00000000,0.00000000,0.00000000,0.01371034,0.00000000,0.01149958,0.00000000,0.00000000,0.00000000,0.00000000,0.00000000,0.00000000,3.43536110,0.00171952,0.00000000,0.00000000,0.00000000,0.00000000,0.00000000,0.00000000,0.00000000,0.00000000,0.00000000,0.57349648,0.00479104,0.00000000,0.06143043,0.00000000,0.00000000,0.01061474,0.00000000,0.00000000,0.01001274,0.12513828,0.00000000,0.00000000,0.00000000,0.00533947,0.00000000,0.00000000,0.00197439,0.00000000,0.00814711,0.00000000,0.00000000,0.00430258,0.00000000,0.00896788,0.00000000,2.67000312,0.00000000,0.00000000,0.00000000,0.00000000,0.00000000,0.01944146,0.00000000,0.00000000,0.00000000,4.40878379,0.00000000,0.00676342,0.00000000,0.11679481,0.00000000,5.91692841
0.00000000,0.00000000,0.00000000,0.00529958,0.03191198,0.00000000,0.00000000,0.00000000,0.00000000,0.00000000,0.00000000,0.00000000,0.00000000,0.00000000,0.00000000,0.09442301,0.00397718,0.00000000,0.00000000,0.00000000,0.00000000,0.00000000,0.00000000,1.91568215,0.00465087,0.00000000,2.28302423,0.00000000,0.00000000,0.00754010,0.00000000,0.00000000,0.00000000,0.03182790,0.00000000,3.41553552,0.00000000,0.00000000,0.00000000,0.00000000,0.00000000,0.00000000,0.00000000,0.00000000,0.00000000,0.00000000,0.00000000,0.00056425,0.00000000,0.00996954,0.00000000,0.38239674,0.00367987,0.00000000,0.00182891,0.00000000,0.00000000,0.00000000,0.00000000,0.00000000,0.00000000,0.00000000,0.04245539,0.00000000,0.00000000,0.00342579,0.02245410,0.00000000,0.00000000,0.00000000,0.00000000,0.00000000,0.00000000,0.00000000,0.00000000,0.00000000,0.00000000,0.00098517,0.00000000,0.00395215,0.01490870,0.06984142,1.57004233,0.00000000,0.00000000,0.00000000,0.00000000,0.04472879,0.00000000,0.05752705,0.00317747,0.00000000,0.00000000,0.00640876,0.00000000,0.00000000,0.00000000,0.00000000,0.00000000,0.01315520,0.00000000,0.02585001,0.02862821,0.00000000,0.00000000,0.00000000,0.00000000,0.01300796,0.74183773,0.00000000,0.01301122,0.00000000,0.00000000,0.00000000,0.00000000,0.00637985,0.09344689,0.11586434,0.31389763,0.00000000,0.00000000,0.00000000,0.00000000,0.00000000,0.00000000,0.00000000,0.14132603,0.00000000,0.00000000,0.00000000,0.00000000,0.01839644,0.00000000,0.00000000,0.00000000
0.04643772,0.00000000,0.00000000,0.00000000,0.00000000,0.01321486,0.00000000,0.00000000,0.00000000,0.00000000,0.04612441,0.00000000,0.00000000,0.00000000,0.00000000,0.00000000,0.00687541,0.01262336,0.49434974,0.00000000,0.00548043,0.00000000,0.18429670,0.12180393,0.00000000,0.00000000,0.00000000,0.00000000,0.00000000,0.00000000,1.53166829,0.00000000,0.03182790,0.00000000,0.01971189,0.00000000,0.00000000,0.00000000,0.00000000,0.00000000,0.00000000,0.00000000,0.00000000,0.00000000,0.00000000,0.00000000,0.00000000,0.00000000,0.00000000,0.06261735,0.00000000,0.34833786,0.00000000,0.00000000,0.00272869,0.00000000,0.00000000,0.00000000,0.00000000,3.71051872,0.00000000,0.06252889,0.00000000,0.03466793,0.00000000,0.00000000,0.21084979,0.00000000,0.00154669,0.00000000,0.00000000,0.00000000,0.00000000,0.00000000,0.00000000,0.00000000,0.00000000,0.00000000,0.00000000,0.00000000,0.00000000,0.00000000,0.00000000,0.00000000,5.65936662,0.00000000,0.00000000,0.00000000,0.04220654,0.00000000,0.00000000,0.00000000,0.00000000,0.00000000,0.00000000,0.00000000,0.00408412,0.00000000,0.00000000,0.00000000,0.00000000,0.00000000,2.75698631,0.01562461,0.00000000,0.00000000,0.00000000,5.06623897,0.02750019,0.00000000,0.00000000,0.00000000,0.00000000,0.00000000,0.00000000,0.00000000,0.00000000,0.00000000,0.00000000,0.33048046,0.00829475,0.00000000,0.00415707,0.00000000,0.00000000,0.00000000,0.00000000,0.05256667,0.00000000,0.00000000,0.00000000,0.00622644,0.00000000,0.00195123,0.00000000
0.00000000,0.00000000,0.00000000,0.00000000,0.02829320,0.00000000,0.00000000,0.00000000,0.00000000,0.00000000,0.00000000,0.00000000,0.00000000,0.77153019,0.00000000,0.00000000,0.00000000,0.00000000,0.00000000,0.00000000,0.00000000,0.00000000,0.02112993,0.01302826,0.00000000,0.00000000,0.00000000,0.00000000,0.00451826,0.00000000,0.00000000,0.00000000,0.00000000,0.01971189,0.00000000,0.00000000,0.00000000,0.00000000,0.00146767,0.09065510,0.50814802,3.90418702,0.00000000,0.00000000,0.00000000,0.00178990,0.00000000,0.00000000,0.00000000,0.00000000,0.37388856,2.59108360,0.00000000,0.00000000,0.01343252,0.00000000,0.00000000,0.00000000,0.00000000,0.05994883,0.00000000,0.00000000,0.00000000,0.00000000,0.00000000,0.00430740,0.00000000,0.00000000,0.00000000,0.00000000,0.00000000,0.05384650,0.06463676,0.00000000,0.00000000,0.00000000,0.00000000,0.00000000,3.88070677,0.00000000,0.00125165,0.00414600,0.00000000,0.00981815,0.00000000,0.00000000,0.00000000,1.26210087,0.00000000,0.00359455,0.00000000,0.00166599,0.00000000,0.00000000,0.00874453,0.00000000,0.00000000,0.00000000,0.00000000,0.00000000,0.00119114,0.00000000,0.00000000,0.00000000,0.00000000,0.00000000,0.07530831,0.00000000,0.00772438,0.00000000,0.00501595,0.00000000,0.00000000,0.00000000,0.00000000,0.01065020,0.16520190,0.00296785,0.00000000,0.00000000,0.00000000,0.02401023,0.00000000,0.00000000,0.00000000,0.14018097,0.00000000,0.00000000,0.00000000,0.00000000,0.00000000,0.00000000,0.00000000,0.00000000,0.00000000
0.00000000,0.00000000,0.00000000,0.00000000,0.00000000,0.00406557,0.00000000,0.00000000,0.00083008,0.16776731,0.00000000,0.01355651,0.00000000,0.00000000,0.00794855,0.00000000,0.00000000,0.00000000,0.08247692,0.12639192,0.00000000,0.00610951,0.00000000,0.00000000,0.00000000,0.00000000,0.00582686,0.00000000,0.24468382,0.00000000,0.00000000,0.00000000,3.41553552,0.00000000,0.00000000,0.00000000,0.00000000,0.00547179,0.00000000,0.00000000,0.00000000,0.08007009,0.00000000,0.00000000,0.00000000,0.17660181,0.00000000,0.08153121,0.03715474,0.00000000,0.00000000,0.03031314,0.00000000,0.00000000,0.00000000,0.00000000,0.00000000,0.00000000,0.00000000,0.00000000,0.00000000,0.00000000,0.00000000,0.00000000,0.04751894,0.00000000,0.00000000,0.00000000,0.00000000,0.07681061,0.00000000,0.00000000,0.00376860,0.00000000,0.00000000,2.35343885,0.00000000,0.00201226,0.00000000,0.00000000,0.00000000,0.00000000,0.07631728,0.00814605,0.00000000,0.00327259,0.00000000,0.00000000,1.57239321,0.00341742,0.00000000,0.00000000,0.00000000,0.00000000,0.00000000,0.00000000,0.00000000,0.00000000,0.06971002,0.00000000,0.02209116,0.00000000,0.00000000,0.00000000,0.00000000,0.00000000,0.02665251,0.00000000,0.00000000,0.00000000,0.00000000,0.00845356,0.03464849,0.00116422,0.00000000,0.02034780,0.00000000,0.09584565,0.01630688,0.00000000,0.00000000,0.00000000,0.06841891,0.00000000,0.00494609,0.22576597,0.00000000,0.00000000,0.00000000,0.03963759,0.00000000,0.00000000,0.00000000,0.00000000,0.00000000
0.03341022,0.75576237,0.00767089,0.14592171,0.45387766,0.00000000,0.00000000,0.00000000,0.00000000,0.00000000,0.00000000,0.00581245,0.00000000,0.00000000,0.58562077,0.00000000,0.00000000,0.00000000,0.00447385,0.00938239,0.00000000,0.00000000,0.00000000,0.01597480,0.02644143,0.02591487,0.00000000,0.02758263,0.00000000,0.00000000,0.00000000,0.00000000,0.00000000,0.00000000,0.00000000,0.00000000,0.00000000,0.00000000,0.07085380,0.00000000,4.05023581,0.00000000,0.00000000,0.00000000,0.01017156,0.00000000,0.00000000,0.71190424,0.00000000,0.00000000,0.00000000,0.00000000,0.01790953,0.00000000,0.00000000,0.04537329,0.00000000,0.00000000,0.00000000,0.00000000,0.00000000,0.28761685,0.00000000,0.00000000,0.00000000,0.00000000,0.00000000,0.00000000,0.00000000,0.00716302,0.00000000,0.00000000,0.00187883,0.00000000,0.00000000,0.00000000,0.00000000,1.37481734,0.00000000,0.00000000,0.01209610,2.53953717,0.00000000,0.00000000,0.00000000,0.00000000,0.00000000,0.00000000,0.00000000,0.00000000,0.00000000,0.01141924,0.00000000,4.19892806,0.00000000,0.00000000,0.00000000,0.00000000,0.00000000,0.00000000,0.06441518,0.00000000,0.00000000,0.00000000,0.07650004,0.00000000,0.62868749,0.03495644,3.67367559,0.00000000,0.00000000,0.00000000,0.00000000,0.00000000,0.00000000,0.00178633,0.00000000,0.00000000,0.00000000,0.00000000,0.00000000,0.00000000,0.00000000,0.00917480,0.00000000,0.00000000,0.00000000,0.70046046,0.02355113,0.00000000,0.00000000,0.00000000,0.04190593,0.02174051,0.00000000
0.00438426,1.72861627,0.00000000,0.00000000,0.04106716,3.92512267,0.00000000,0.00000000,0.00000000,0.00000000,0.00000000,2.36409426,0.00000000,0.00000000,0.00000000,0.00000000,0.00000000,0.00778743,0.00000000,0.00000000,0.00000000,0.00000000,0.00000000,0.00000000,0.00000000,0.00000000,0.00000000,0.02083841,0.00000000,0.00000000,0.04100628,0.00000000,0.00000000,0.00000000,0.00000000,0.00547179,0.00000000,0.00000000,0.00000000,0.00000000,0.00000000,0.00000000,0.00000000,0.00135412,0.00000000,0.00000000,0.04284093,0.00000000,0.00000000,0.00000000,0.00000000,0.00000000,0.00000000,0.00000000,0.00000000,0.00000000,0.26933651,0.00000000,0.00000000,0.00000000,0.30741179,0.00000000,0.01324242,0.00000000,0.00000000,0.00000000,0.00000000,0.00000000,0.00000000,0.00000000,0.00000000,0.00000000,0.00000000,0.00000000,0.00727734,5.06946247,0.00000000,0.28810154,0.00251996,0.00000000,0.00000000,0.03827149,0.01217070,0.00525185,0.05137291,0.00693240,0.00000000,0.00000000,0.00000000,0.00000000,0.00000000,0.00000000,0.01923705,0.00172558,0.00000000,0.00000000,0.00000000,0.01254982,0.28607143,0.00000000,0.00000000,0.00000000,0.00000000,0.19277026,0.00000000,0.00000000,0.00000000,0.00000000,0.00000000,0.00100747,0.00000000,0.00112339,0.00000000,0.00000000,0.00000000,0.00000000,0.01847483,0.00000000,0.00000000,0.00000000,0.00000000,0.00000000,0.00201999,0.00000000,0.00000000,0.00000000,0.00000000,0.00000000,0.30265028,0.00109667,0.00000000,0.00000000,0.00000000,0.00000000,0.00000000
0.00000000,0.00000000,0.00000000,0.28637400,0.00000000,0.00000000,0.00000000,0.00000000,0.00000000,0.00000000,0.00000000,0.00000000,0.00000000,0.00221308,0.00964695,0.00000000,0.00000000,0.14794142,0.00000000,0.00000000,0.00000000,0.00000000,0.00000000,0.00697285,0.00000000,0.00000000,0.02236963,0.00000000,0.00589850,0.00769848,0.00000000,0.00000000,0.00000000,0.00000000,0.00146767,0.00000000,0.07085380,0.00000000,0.00000000,0.00000000,0.00775583,0.02663131,0.80370166,0.00174480,0.04181558,0.00000000,4.83576423,0.00267963,0.00000000,0.00000000,0.00000000,0.00000000,0.00000000,0.00000000,0.00000000,0.02330455,0.00000000,0.00445540,0.00000000,0.00000000,0.00000000,0.16267067,0.00000000,0.02231909,0.00000000,0.00000000,0.00000000,0.00000000,0.00000000,0.00000000,0.00000000,0.00000000,0.00000000,0.00000000,0.00000000,0.00000000,0.60062674,0.00000000,0.00202153,0.00000000,0.00000000,0.00000000,0.00000000,0.07801140,0.00000000,0.00000000,0.00000000,0.01938466,0.00000000,0.08978280,0.00000000,0.01922411,0.00000000,1.93772719,0.00000000,0.00000000,0.00000000,0.00000000,0.00090511,0.03378453,0.00983513,0.00216631,0.00000000,0.00000000,0.00000000,0.00000000,0.00000000,0.00000000,0.00674079,0.00000000,0.00000000,0.00000000,0.00000000,0.00000000,0.00000000,0.00000000,0.00000000,0.01814849,0.00000000,0.00000000,0.00000000,0.00000000,0.02481729,0.11506374,0.00000000,0.00000000,0.00000000,0.00000000,0.00376208,0.00000000,0.00292657,0.00000000,0.04937227,0.00000000,0.00195468
0.00000000,0.19800732,0.00000000,0.00000000,0.00000000,0.00000000,0.00000000,0.00000000,0.00000000,0.00645781,0.00000000,0.01288892,0.00000000,0.00000000,0.02458529,0.00000000,0.00000000,0.00107319,0.00000000,0.00000000,0.00771307,0.00664463,0.00000000,0.00000000,0.00000000,0.00000000,0.00000000,0.00000000,0.00000000,0.00467782,0.02091530,0.06237281,0.00000000,0.00000000,0.09065510,0.00000000,0.00000000,0.00000000,0.00000000,0.00000000,0.00000000,0.00000000,0.00000000,0.00000000,0.00000000,0.00000000,0.00217260,6.93383291,0.00000000,1.17380598,3.39363435,0.04204410,0.27773712,0.04397902,0.00000000,0.22584988,0.00000000,0.00000000,0.17952448,0.00000000,0.00000000,0.02745408,0.00000000,0.12083262,0.00000000,0.00000000,0.19307508,0.00000000,0.00000000,0.00000000,0.00000000,0.03936822,0.00000000,0.02068902,4.50162441,0.00000000,0.00000000,0.00000000,0.00000000,0.01743586,0.00000000,0.00000000,0.00000000,0.01316491,0.04771561,0.00000000,0.00000000,0.00000000,0.01998208,0.00000000,0.00000000,0.00000000,0.00000000,0.04393373,0.00000000,0.00000000,0.00000000,0.00000000,0.04229627,0.00000000,0.00000000,0.00000000,0.00000000,0.00000000,0.00115497,0.00000000,0.00000000,0.00646614,0.00000000,0.00000000,0.00000000,0.00000000,0.00000000,0.00000000,0.00000000,0.00000000,0.00000000,0.00000000,0.03766411,0.00000000,0.00000000,0.00000000,0.00000000,0.00000000,0.00000000,0.00000000,0.00000000,0.00086113,0.01123523,0.00000000,0.00000000,0.00000000,0.00000000,0.00000000,0.00000000
0.00000000,0.03760534,0.00000000,2.32884609,0.00000000,0.00000000,0.04011816,0.00000000,4.87063021,0.00000000,0.00000000,0.03114908,0.00000000,0.00000000,0.00000000,0.00000000,0.01279948,0.00000000,0.00000000,0.00000000,0.00000000,5.14178953,0.00700043,0.00000000,0.00000000,0.06035546,0.00000000,0.00000000,0.00000000,0.00945007,0.00000000,0.00000000,0.00000000,0.00000000,0.50814802,0.00000000,4.05023581,0.00000000,0.00775583,0.00000000,0.00000000,0.00000000,0.00000000,0.00199418,0.00000000,0.00000000,0.00000000,0.00287071,0.07003318,0.00000000,0.00000000,0.08936622,0.00183808,0.00000000,0.00000000,0.02649297,0.91545693,0.00000000,0.14472515,0.00000000,0.04293903,0.00000000,0.00000000,0.00000000,0.02302764,0.00000000,0.00000000,0.00000000,0.00000000,0.00000000,0.00000000,0.19147987,0.00000000,0.00000000,0.00000000,0.00000000,1.60887567,0.00000000,0.00000000,0.00000000,1.06021705,0.00000000,0.00000000,0.00440533,0.00000000,0.00000000,0.00000000,0.00680186,0.00000000,0.00000000,0.00000000,0.00000000,0.00000000,0.00000000,0.00000000,0.00000000,0.24990124,0.00000000,0.00000000,0.00000000,0.00000000,0.17515793,0.00000000,0.01190819,0.00000000,0.00000000,0.00000000,0.00000000,0.00000000,0.49767475,0.00000000,0.00000000,0.04834680,0.00000000,0.00000000,0.00000000,0.00000000,0.00000000,0.00000000,0.00000000,0.00000000,0.00000000,0.00000000,0.00000000,0.00000000,0.00000000,0.00000000,0.00000000,0.00000000,0.00000000,0.00000000,0.00000000,0.00000000,0.00000000,0.00000000
0.00000000,0.00000000,0.00000000,0.00528024,0.01319922,0.00000000,0.00000000,0.00000000,0.00222565,0.00000000,0.00307778,0.00000000,0.00000000,0.01120561,0.00000000,1.12950319,0.00000000,0.00000000,0.00000000,0.00000000,0.07115076,0.00000000,0.49486132,0.00000000,0.00000000,0.00000000,0.00178087,0.00000000,0.23427859,0.05594769,0.00000000,0.21809238,0.00000000,0.00000000,3.90418702,0.08007009,0.00000000,0.00000000,0.02663131,0.00000000,0.00000000,0.00000000,0.00515486,0.00000000,0.00000000,0.00000000,0.01918260,0.00000000,0.00000000,0.00000000,0.00000000,0.00000000,0.04672909,0.00000000,0.00000000,0.00000000,0.00000000,0.00384109,0.00000000,0.00000000,0.00000000,0.02609514,0.00000000,0.00000000,0.00000000,0.08522102,0.00000000,0.00000000,0.00000000,0.00000000,0.01384090,0.55407142,0.76964518,0.00000000,0.00000000,0.01114427,0.00000000,0.00000000,0.00000000,0.00000000,0.00000000,0.00000000,0.00000000,0.00000000,0.00525779,0.00490621,0.00000000,0.00000000,0.34321237,0.00000000,0.00000000,0.00000000,0.00000000,0.00000000,0.00000000,0.00904186,0.00578303,0.57526480,0.00000000,0.04078786,0.00000000,0.00000000,0.00756331,0.00000000,0.00000000,0.00000000,0.00000000,0.00000000,0.00000000,0.00380769,0.01179335,0.00000000,0.00000000,0.00000000,0.00521953,0.00000000,0.00000000,0.00000000,0.00000000,0.00000000,0.00000000,0.00000000,0.00000000,0.00000000,0.08246927,0.00000000,0.00826075,0.65100803,0.00000000,0.00000000,0.03197096,0.00000000,0.00000000,0.02719508,0.01347039
0.00000000,0.00000000,4.12348239,0.00000000,0.00000000,0.00000000,0.00000000,0.00397356,0.01383014,0.00000000,0.11110381,0.00000000,0.00000000,0.00000000,0.00000000,0.00000000,0.00000000,0.00176303,0.00000000,0.00000000,0.55788048,0.00000000,5.71345587,0.00000000,0.00000000,0.00000000,0.01953199,0.00000000,0.00000000,0.04385804,0.00000000,0.00654439,0.00000000,0.00000000,0.00000000,0.00000000,0.00000000,0.00000000,0.80370166,0.00000000,0.00000000,0.00515486,0.00000000,0.00000000,0.00000000,0.00000000,0.00000000,0.00000000,0.00000000,0.00000000,0.00000000,0.00885826,0.00000000,0.00414239,0.00000000,0.00000000,0.04367332,0.01963798,0.00000000,0.00225065,0.08785643,0.00000000,0.00000000,0.00271495,0.00970799,0.00000000,0.00000000,0.00786195,0.00000000,0.00000000,0.00000000,0.00000000,0.00000000,0.00000000,0.00000000,0.01487444,0.00000000,0.00000000,1.02468985,0.00000000,0.00000000,0.00000000,0.00000000,0.00000000,0.01057798,0.00000000,0.00000000,0.00000000,0.00000000,0.00000000,0.00000000,0.00000000,0.00000000,0.00000000,0.00000000,0.12410900,0.00000000,0.00000000,0.00307083,0.00000000,0.00000000,0.00075739,0.00000000,0.00000000,0.01018408,0.00000000,0.00000000,0.00000000,0.00000000,0.00000000,0.05553246,0.00000000,0.00000000,0.00000000,0.00000000,0.00000000,0.00000000,0.00000000,0.00087390,0.00000000,0.00000000,0.00000000,0.00000000,0.01373298,0.00000000,4.99753970,0.00000000,0.00000000,0.00000000,0.00000000,0.00000000,0.00000000,0.00000000,0.00000000,0.00735981
0.00000000,0.00000000,0.00000000,0.02552003,0.00000000,0.03407975,0.00000000,0.00000000,0.00000000,0.01996849,0.00000000,0.00233992,0.00000000,0.00653339,0.00000000,0.00000000,0.00000000,0.00000000,0.00000000,0.00000000,0.00000000,0.00000000,0.00000000,0.01029992,0.00000000,0.00000000,0.00000000,0.71342283,3.60623513,0.00000000,0.00000000,0.00000000,0.00000000,0.00000000,0.00000000,0.00000000,0.00000000,0.00135412,0.00174480,0.00000000,0.00199418,0.00000000,0.00000000,0.00000000,0.00000000,0.00098479,0.00000000,0.00000000,0.00000000,0.00000000,0.00000000,0.00926508,0.00000000,0.00000000,0.00000000,0.17947429,0.00000000,0.00591240,0.00000000,0.00000000,0.00000000,0.00000000,0.00000000,0.00000000,0.00000000,0.00000000,0.00000000,0.00000000,0.00000000,0.00347359,0.00000000,0.46087870,0.00000000,0.02286146,0.00366071,0.00000000,0.18884747,0.00000000,0.03475192,0.00000000,0.00281220,0.00000000,0.00000000,1.25438753,0.01708291,0.00000000,0.00000000,0.00128508,0.00000000,0.00501602,0.00121305,0.00457341,0.00000000,0.00000000,0.00000000,0.00000000,0.00000000,0.00000000,0.00000000,0.00000000,0.00000000,0.00000000,0.00107988,0.00000000,0.00000000,0.00000000,0.00000000,0.00000000,0.00971313,0.01395493,0.00000000,0.00000000,7.69863485,0.00000000,0.00000000,0.00000000,0.00000000,0.00000000,0.00000000,0.00000000,0.00000000,0.00000000,0.00000000,0.00000000,0.16070213,0.00436426,0.00000000,0.00000000,0.00000000,0.00000000,0.02650920,0.07048276,0.00000000,0.05210747,0.25236525
0.00000000,0.00000000,0.00000000,0.00000000,0.00000000,0.00000000,0.00000000,0.01467467,0.00000000,0.00000000,0.00000000,0.25048663,0.00000000,0.00000000,0.00000000,0.00000000,0.00000000,0.00000000,0.00000000,0.00000000,0.00000000,0.01517072,0.00319304,0.02234224,0.03767826,0.00000000,0.00000000,0.04023755,0.00000000,0.04708660,0.00000000,0.00568161,0.00000000,0.00000000,0.00000000,0.00000000,0.01017156,0.00000000,0.04181558,0.00000000,0.00000000,0.00000000,0.00000000,0.00000000,0.00000000,0.00906892,0.00000000,0.00000000,0.00000000,0.00000000,0.00717952,0.00243108,0.00000000,0.40121003,0.00000000,0.00000000,0.00000000,0.00000000,4.46955710,0.00000000,0.00000000,0.00000000,0.06338567,0.00000000,0.00000000,0.00000000,0.00836447,0.00000000,0.00000000,0.00000000,0.00000000,6.82555138,0.00000000,0.00000000,0.00593137,0.00000000,0.45358658,0.00000000,0.00000000,0.00000000,0.00473632,0.00000000,0.00000000,0.00271309,0.00000000,0.00000000,0.00000000,0.00000000,0.00000000,0.00000000,0.00771926,0.00000000,0.00000000,0.00000000,3.06435318,0.00000000,0.00000000,0.82716575,0.05057216,1.08908454,0.56817806,0.00095602,0.00000000,4.57327982,0.00000000,0.00000000,0.00000000,0.00000000,0.00000000,0.00000000,0.00205826,0.00000000,0.00643350,0.00092746,0.00000000,0.00000000,0.00000000,5.37416110,0.00000000,4.24728507,0.00000000,0.00561255,0.00000000,0.00000000,0.00219693,0.03345870,0.00000000,0.00000000,0.00000000,0.00000000,0.01530392,0.00000000,0.00000000,0.00000000,0.00760484
1.22399798,0.00000000,0.04725379,0.00000000,0.00000000,0.00000000,0.00000000,0.07141746,0.00783714,0.00000000,0.01622041,0.00000000,0.05668523,0.00000000,0.00000000,0.00000000,0.00000000,0.11558220,0.00000000,0.83214495,0.00000000,0.00000000,0.00000000,0.00000000,0.00382327,0.00000000,0.00000000,0.00000000,0.00000000,0.00000000,0.00000000,0.00000000,0.00000000,0.00000000,0.00178990,0.17660181,0.00000000,0.00000000,0.00000000,0.00000000,0.00000000,0.00000000,0.00000000,0.00098479,0.00906892,0.00000000,0.00000000,0.06502669,0.19469765,5.00529775,0.00000000,0.01189027,0.31450454,0.15624776,0.00000000,0.00000000,0.00000000,0.00000000,0.00000000,0.00000000,0.00000000,0.00000000,0.00000000,0.03102452,0.00575484,0.00000000,0.00701102,0.08852591,0.01592015,0.01446750,0.00000000,0.00000000,0.00273685,0.00000000,0.05408787,0.00000000,0.00000000,0.00556421,0.00396373,0.00000000,0.00000000,0.00000000,0.00000000,0.00000000,0.00000000,0.00000000,0.00000000,0.00000000,0.01566241,0.01760346,0.00000000,0.00000000,0.00000000,0.00000000,0.04480220,0.00000000,0.00000000,0.00000000,0.00000000,0.08943055,0.00000000,2.81040302,0.06947832,0.00000000,0.00000000,0.00000000,0.00000000,0.00000000,0.15532507,0.00000000,0.63673574,1.32381842,0.00000000,0.00000000,0.00349420,0.00000000,0.00505608,0.00000000,0.00000000,0.00000000,0.00000000,0.00000000,0.00000000,0.00000000,0.00000000,0.02066041,0.00000000,0.00000000,0.02779763,0.00314860,0.02646054,0.00000000,3.53719480,0.11515218,0.00000000
0.00000000,0.00000000,0.00000000,0.00000000,3.20987640,0.00000000,0.00000000,0.00000000,0.01445349,0.00867421,0.00000000,0.00000000,0.00000000,0.00000000,0.01388188,0.00000000,0.00000000,0.02401321,0.01344067,0.06926774,0.04308062,0.00000000,0.00000000,0.00000000,0.00000000,0.00277918,0.00000000,0.11393237,1.00913181,0.00000000,0.00000000,0.00000000,0.00000000,0.00000000,0.00000000,0.00000000,0.00000000,0.04284093,4.83576423,0.00217260,0.00000000,0.01918260,0.00000000,0.00000000,0.00000000,0.00000000,0.00000000,0.01050981,0.00986437,0.00000000,0.00000000,0.00000000,0.00000000,0.00000000,0.00000000,0.04349268,0.00000000,0.30433972,0.00000000,0.00000000,0.02693725,0.00000000,0.00000000,0.00000000,0.00000000,0.11586809,0.00000000,0.01164017,0.00521608,0.00000000,0.00000000,0.71558414,0.02680390,0.00000000,1.65170798,0.00220551,0.00000000,0.00000000,0.00000000,0.00000000,0.78544467,0.00000000,0.00000000,0.00000000,0.00000000,0.82801067,0.00000000,0.00000000,0.47025366,0.00225441,0.00000000,0.00185282,0.00000000,0.00000000,0.00000000,0.00000000,0.02053984,0.12226589,0.00000000,0.00000000,0.00000000,0.00038612,0.00266068,0.00000000,0.00000000,0.00000000,0.00000000,0.00000000,0.00000000,0.00000000,0.00000000,0.00000000,3.24949883,0.00000000,0.44137003,0.00000000,0.01484094,0.00000000,0.00000000,0.00000000,0.00000000,0.00688043,0.02892290,0.00000000,0.00000000,0.00000000,0.00000000,0.00577884,0.00000000,0.00000000,0.00000000,0.00000000,0.00000000,0.00000000,0.00000000
0.00000000,0.00000000,0.00000000,0.00000000,0.00852172,0.00000000,0.00000000,0.00000000,0.00000000,0.00000000,0.00000000,0.00000000,0.00000000,0.00000000,0.00733520,0.00000000,0.00000000,0.00961081,0.00000000,0.00000000,0.07256865,0.00000000,0.00000000,0.00000000,0.00000000,0.00000000,0.00000000,0.04892510,0.00000000,0.00000000,0.00189063,3.85500656,0.00056425,0.00000000,0.00000000,0.08153121,0.71190424,0.00000000,0.00267963,6.93383291,0.00287071,0.00000000,0.00000000,0.00000000,0.00000000,0.06502669,0.01050981,0.00000000,0.00517949,0.00000000,0.00000000,0.00814124,0.01070764,0.01010168,0.02002685,0.00000000,0.14969732,0.00000000,0.04325565,0.00000000,0.00000000,0.00000000,0.00000000,0.00000000,0.34990991,0.00682762,0.00000000,0.00000000,0.00000000,0.00000000,0.00000000,0.00000000,0.06367087,0.00000000,0.00000000,0.00000000,0.00000000,0.00000000,0.61129750,0.00501189,0.00000000,0.00000000,0.00000000,0.00000000,0.08065368,0.00000000,0.00000000,0.00000000,0.00402437,0.00000000,0.00000000,0.00000000,0.00000000,0.00000000,0.00000000,0.00000000,0.00000000,0.00000000,0.00000000,0.00000000,0.00000000,0.22432431,3.83828464,0.00000000,0.00000000,0.00000000,0.00000000,0.00000000,0.00903460,0.00000000,0.00000000,5.17110193,0.00000000,0.00000000,0.00000000,0.13458908,0.00000000,0.00000000,0.00000000,0.30172069,0.03938932,0.25578027,0.00000000,0.00000000,0.04426493,0.00000000,0.00000000,0.00000000,0.00000000,0.00906027,0.00769259,0.00418127,0.00000000,0.00000000,0.00000000
0.00000000,0.00000000,0.00000000,0.00000000,0.00000000,0.00000000,0.03405804,0.00208682,0.00000000,0.00000000,0.00000000,0.02199654,0.94006265,0.00000000,0.00000000,0.00000000,0.00000000,0.00000000,0.00000000,0.00000000,0.16706130,0.00000000,1.70713886,0.01285230,0.00000000,0.00000000,0.00000000,0.00000000,0.00000000,0.00000000,0.00000000,0.00000000,0.00000000,0.00000000,0.00000000,0.03715474,0.00000000,0.00000000,0.00000000,0.00000000,0.07003318,0.00000000,0.00000000,0.00000000,0.00000000,0.19469765,0.00986437,0.00517949,0.00000000,0.00000000,0.00000000,0.00000000,0.03130648,0.21873786,0.00000000,0.02765835,0.00000000,0.00000000,0.00000000,0.00000000,0.00000000,0.00000000,0.00000000,0.00000000,2.54846223,0.00000000,0.00000000,0.01922462,2.16326413,0.59893021,0.00000000,0.00000000,0.03624311,0.00000000,0.07339990,0.00000000,0.00000000,0.00108027,0.00000000,0.00000000,0.00000000,0.00000000,0.00000000,0.00000000,0.00000000,0.01138103,0.00000000,0.00000000,0.00000000,0.00000000,0.06055645,0.00000000,0.00000000,0.22707682,0.00485161,0.00000000,1.33747798,0.00000000,0.00000000,0.00000000,0.00662995,0.24082169,0.00000000,0.00632747,0.00000000,0.17496811,0.00000000,1.37873772,0.00792963,0.00000000,0.00000000,0.00000000,0.00000000,0.00787905,0.00000000,0.00000000,0.00000000,0.01901451,0.00000000,0.00000000,0.00372711,0.03462551,0.00494478,0.00000000,0.00000000,0.00000000,0.00000000,0.00000000,0.00000000,0.00291640,0.00000000,0.00000000,0.00000000,0.00000000,0.00000000
0.00000000,0.00000000,0.00000000,0.00000000,0.00000000,0.00000000,0.00000000,0.00000000,0.10402539,0.00000000,5.66770820,0.33978156,0.08785632,0.00000000,0.00000000,0.00645103,0.00000000,0.00000000,0.05951568,0.00319975,0.00000000,0.00000000,0.00000000,0.00000000,0.00000000,0.00000000,0.00000000,0.00000000,0.00000000,0.00000000,0.00000000,0.00000000,0.00996954,0.06261735,0.00000000,0.00000000,0.00000000,0.00000000,0.00000000,1.17380598,0.00000000,0.00000000,0.00000000,0.00000000,0.00000000,5.00529775,0.00000000,0.00000000,0.00000000,0.00000000,0.00000000,1.73133402,4.13874958,0.00000000,0.00000000,0.00000000,0.02127854,0.00000000,0.00000000,0.02027501,0.01969476,0.04780548,0.08551145,0.00108212,0.00000000,0.03713101,0.00449066,0.00000000,0.00000000,0.00000000,0.00000000,9.48128643,0.00304844,0.00000000,0.02007766,0.00256744,0.00000000,0.00000000,0.03124928,0.00000000,0.03655743,0.00000000,0.13968532,0.00000000,0.00000000,0.02804627,0.60362842,0.00122589,0.00000000,0.00000000,0.00000000,0.00000000,0.00000000,0.00000000,0.04910993,0.00000000,0.00622667,4.98909685,0.00343871,0.00000000,0.00000000,0.02465587,0.00225274,0.00000000,0.00000000,0.00000000,0.00000000,0.00000000,0.07397721,0.00000000,0.00000000,0.07394095,0.00000000,0.00000000,0.00000000,0.00261486,0.00000000,0.00349009,0.00000000,0.27752864,0.00000000,0.00000000,0.00000000,0.00000000,0.09579452,0.00000000,0.03945756,0.00000000,0.09194629,0.00819534,0.00455829,0.00000000,0.09037847,0.00000000,0.00000000
0.00338428,0.00000000,0.03659376,0.00000000,0.00000000,0.07866651,0.00000000,0.00000000,0.02799257,0.00000000,0.00000000,0.00000000,0.00000000,0.00000000,0.00000000,0.00000000,0.00000000,0.09626272,4.34729383,0.00000000,0.00000000,0.01925597,0.00103666,0.00000000,0.00000000,0.00000000,0.00000000,0.00000000,0.00000000,0.00000000,2.37830364,0.02221556,0.00000000,0.00000000,0.37388856,0.00000000,0.00000000,0.00000000,0.00000000,3.39363435,0.00000000,0.00000000,0.00000000,0.00000000,0.00717952,0.00000000,0.00000000,0.00000000,0.00000000,0.00000000,0.00000000,0.00000000,0.00000000,0.05874309,0.89243498,0.00000000,0.00000000,0.00000000,0.00000000,0.00000000,0.00000000,0.00000000,0.00447635,0.12810673,0.00000000,0.00000000,0.04525774,0.00770720,0.00000000,0.00000000,0.00000000,0.00000000,0.00000000,0.00000000,0.00000000,0.00000000,0.00000000,0.02015876,0.00000000,0.00000000,0.06851508,0.00000000,0.00000000,0.68506353,0.00000000,0.00369311,0.00000000,0.08215816,0.00930716,0.00182185,0.51316017,0.46595365,0.00000000,0.00000000,0.00000000,0.00000000,0.00000000,0.00107872,0.00000000,0.00000000,0.00000000,0.00000000,1.93816438,0.00000000,0.72151994,0.00000000,0.00000000,0.00000000,0.04231003,0.00881258,0.00000000,0.00328101,4.80237100,0.00000000,0.00807160,0.00000000,0.00000000,0.00000000,0.00000000,0.00000000,0.00000000,0.00000000,0.00000000,0.00349777,0.05756224,0.00000000,0.00000000,0.00000000,0.00000000,0.00000000,0.00000000,0.00000000,0.00000000,0.00548133,0.00000000
0.00000000,0.33099519,0.00000000,0.00000000,0.00000000,0.01883735,0.00000000,0.00000000,0.00000000,0.00000000,0.05460450,2.71693920,0.00000000,0.00000000,0.00000000,0.02954471,0.00634717,0.06268153,0.00000000,0.00000000,0.00000000,0.00000000,0.00000000,0.00000000,0.00000000,0.00275444,0.00000000,0.00622967,0.00000000,0.00000000,0.00000000,0.00000000,0.38239674,0.34833786,2.59108360,0.03031314,0.00000000,0.00000000,0.00000000,0.04204410,0.08936622,0.00000000,0.00885826,0.00926508,0.00243108,0.01189027,0.00000000,0.00814124,0.00000000,1.73133402,0.00000000,0.00000000,0.00236020,0.00000000,0.11344577,0.00000000,0.00000000,0.18703503,0.00000000,0.00000000,0.00000000,0.00000000,0.00000000,0.00288849,0.02289396,0.24929269,0.00000000,0.00000000,0.00000000,0.00000000,0.00000000,0.00308428,0.00000000,0.00000000,0.00752204,0.00000000,0.00000000,0.00525209,0.00000000,0.00000000,0.00000000,0.00757772,0.00000000,0.00000000,0.00000000,1.22872645,0.00000000,0.00000000,0.00000000,0.02138008,0.00000000,0.01181217,0.00000000,0.00000000,0.00000000,0.01875768,0.12823800,0.00000000,0.00000000,0.00000000,0.00277967,0.00000000,0.00000000,0.00000000,0.01182772,0.00000000,0.00000000,0.00000000,0.00000000,0.00000000,0.00000000,0.00000000,0.00000000,0.00124332,0.00000000,0.00704356,0.02606013,0.00000000,0.00000000,0.00000000,0.00000000,0.04343820,0.00000000,0.00000000,0.00098118,0.00000000,0.06036205,0.00000000,0.00000000,0.00000000,0.11677872,0.00000000,0.00000000,0.00000000,0.00000000
0.00000000,0.34921602,0.00000000,0.00000000,0.00000000,0.00000000,0.00439062,0.00000000,0.00000000,0.00000000,0.00000000,0.00000000,0.00000000,0.00000000,0.00000000,0.00000000,0.00000000,0.09750370,0.00000000,0.00000000,0.00000000,1.21084729,0.00000000,0.00000000,0.00000000,0.00000000,0.44783140,0.30848490,0.00000000,0.00000000,0.00000000,0.01411847,0.00367987,0.00000000,0.00000000,0.00000000,0.01790953,0.00000000,0.00000000,0.27773712,0.00183808,0.04672909,0.00000000,0.00000000,0.00000000,0.31450454,0.00000000,0.01070764,0.03130648,4.13874958,0.00000000,0.00236020,0.00000000,0.00000000,0.00000000,0.03105609,0.00000000,0.00000000,0.02061836,0.00000000,0.00000000,0.00000000,0.02895225,0.00000000,0.00000000,0.00000000,0.00000000,0.00000000,0.00661148,0.00000000,0.00000000,0.00000000,0.00000000,0.00000000,0.00000000,0.00000000,0.00000000,0.00000000,0.00000000,0.01124670,0.00000000,0.01125872,0.00000000,6.34953417,0.00000000,0.00000000,0.00000000,0.00000000,0.00000000,0.00000000,0.05201401,0.00000000,0.00000000,0.00000000,0.00000000,0.00000000,0.00000000,0.00000000,0.00000000,0.00000000,0.00000000,0.00000000,0.00000000,0.20322490,0.03530429,0.00000000,0.00000000,0.00000000,0.00000000,0.00000000,0.00000000,0.00000000,0.07572654,0.00000000,0.00000000,0.00000000,0.00000000,0.06485956,0.00000000,0.00000000,0.01600775,0.00000000,0.10458034,0.00000000,0.00000000,0.00000000,0.00000000,0.00000000,0.00000000,0.00000000,1.07400685,0.00000000,0.00000000,0.00000000,0.00104859
0.00000000,0.00000000,0.00000000,0.00000000,0.01727484,0.00262523,0.00726807,0.00000000,0.00216327,0.00407174,0.00000000,0.00000000,0.00000000,0.00000000,0.00000000,0.00000000,0.00000000,0.00000000,0.00000000,0.27396437,0.00000000,0.01482956,0.09127579,0.00000000,0.00000000,0.00000000,0.00469698,0.00000000,0.00000000,0.00000000,0.00000000,0.00000000,0.00000000,0.00000000,0.00000000,0.00000000,0.00000000,0.00000000,0.00000000,0.04397902,0.00000000,0.00000000,0.00414239,0.00000000,0.40121003,0.15624776,0.00000000,0.01010168,0.21873786,0.00000000,0.05874309,0.00000000,0.00000000,0.00000000,0.00000000,0.00000000,0.00281220,0.00000000,0.00000000,0.00000000,0.00547929,0.00000000,0.00000000,0.13526235,0.00000000,0.00000000,0.00000000,0.00000000,0.00000000,0.10934806,0.00000000,0.00000000,0.14634299,0.00000000,0.00712580,0.00000000,0.00000000,0.00000000,0.09953866,0.00000000,0.00000000,0.02393366,0.00000000,0.00000000,0.00000000,0.00000000,0.04260125,0.01361503,0.00000000,0.03151493,0.00000000,0.00000000,0.00000000,0.00000000,0.00000000,0.00000000,0.00000000,0.00000000,0.00522897,0.03063439,0.00000000,0.06743397,0.18825294,0.00324687,0.00000000,0.00000000,0.00000000,0.00000000,0.00000000,0.00000000,0.00336367,0.00000000,0.00000000,0.00000000,0.04344007,0.00000000,0.00000000,0.00000000,0.00000000,0.00358217,0.00000000,0.02934591,0.00134799,0.00000000,0.00000000,0.00000000,0.04210259,0.00000000,0.00000000,0.00000000,0.00000000,0.00000000,0.00000000,0.00000000,0.00933022
0.05763392,0.00000000,0.00000000,0.00000000,0.00000000,2.95935697,0.00000000,0.00000000,0.00000000,0.00000000,4.53814326,0.02426689,0.00000000,0.01906271,0.00000000,0.00000000,0.00000000,0.01051296,0.01447105,0.00000000,0.00732495,0.00000000,0.00000000,0.00000000,0.00000000,0.01956711,0.00000000,0.00000000,0.28331798,0.00000000,0.00000000,0.00000000,0.00182891,0.00272869,0.01343252,0.00000000,0.00000000,0.00000000,0.00000000,0.00000000,0.00000000,0.00000000,0.00000000,0.00000000,0.00000000,0.00000000,0.00000000,0.02002685,0.00000000,0.00000000,0.89243498,0.11344577,0.00000000,0.00000000,0.00000000,0.00000000,0.05582678,0.00000000,0.05466918,0.00000000,0.00000000,0.00000000,0.01895426,0.00000000,0.00000000,0.00000000,0.00000000,0.00000000,0.00000000,0.11768022,0.01492661,0.00000000,0.00000000,0.00000000,0.00157780,0.00000000,0.00000000,0.01264877,0.00000000,0.00000000,0.00000000,0.00189302,0.00000000,0.01169212,0.05304841,0.00000000,0.00000000,0.01580226,0.00000000,0.00000000,0.05546407,0.20632648,0.00000000,0.00000000,0.00000000,0.00000000,0.00000000,0.00000000,0.00000000,0.00000000,0.00000000,0.00000000,0.00000000,0.00758841,0.00000000,0.00000000,0.00000000,0.00000000,0.13390056,0.00000000,0.00000000,0.00000000,0.09104920,0.01004426,0.00000000,0.00000000,0.00000000,0.00000000,0.00000000,0.00935393,0.00000000,0.00000000,0.00652503,0.00000000,0.00000000,0.00330407,0.00429391,0.00000000,0.00000000,0.00000000,0.00000000,0.00000000,0.00096557,0.00286858,0.00000000
0.12706239,0.00000000,0.00000000,0.00000000,0.00000000,0.02048458,0.00159984,0.02196500,0.00000000,0.00000000,0.09279739,0.11982957,0.00000000,0.00000000,0.00000000,0.00000000,0.08550657,0.00000000,0.00874299,0.00000000,0.04009187,0.01983572,0.01326724,0.00000000,0.00000000,0.00000000,0.00000000,0.00936490,0.00000000,0.09808984,0.00000000,0.02093771,0.00000000,0.00000000,0.00000000,0.00000000,0.04537329,0.00000000,0.02330455,0.22584988,0.02649297,0.00000000,0.00000000,0.17947429,0.00000000,0.00000000,0.04349268,0.00000000,0.02765835,0.00000000,0.00000000,0.00000000,0.03105609,0.00000000,0.00000000,0.00000000,0.00117114,0.00000000,0.00000000,0.00000000,0.01120056,0.01353784,0.13818980,0.02744287,0.00000000,0.01156523,0.00000000,0.00000000,0.00000000,0.06934854,0.01203314,0.00000000,0.00000000,0.00000000,0.00000000,0.03276397,0.00000000,0.00000000,0.00000000,0.00000000,0.00000000,0.05084497,0.00000000,0.00000000,0.00000000,0.00000000,0.00000000,0.00000000,0.00000000,0.00109187,0.00000000,0.00000000,0.00000000,0.05008413,0.00000000,0.00000000,0.00309430,0.00000000,0.00000000,0.00673189,0.05480925,0.22033085,0.00000000,0.00000000,0.00000000,0.00000000,0.04798351,0.00000000,0.00000000,0.01759113,0.00000000,0.00000000,0.00000000,0.00000000,0.00000000,0.00000000,0.44719235,0.00000000,0.21207932,0.00000000,0.00000000,0.58408692,0.00000000,0.00000000,0.00000000,0.00000000,0.00000000,0.00000000,0.00000000,0.00449271,0.00000000,0.53905883,0.00000000,0.00000000,0.00000000
0.00000000,0.08701757,0.05235829,0.00000000,0.01670237,0.00000000,0.07676315,0.00000000,0.00000000,0.01573816,0.00000000,0.03128504,0.00000000,0.00000000,0.00000000,0.00000000,0.00000000,0.00000000,0.00294960,0.00000000,0.00000000,0.01389568,0.00000000,0.00000000,0.31786481,0.00000000,0.00000000,0.01451580,0.00000000,0.00000000,0.00000000,0.00000000,0.00000000,0.00000000,0.00000000,0.00000000,0.00000000,0.26933651,0.00000000,0.00000000,0.91545693,0.00000000,0.04367332,0.00000000,0.00000000,0.00000000,0.00000000,0.14969732,0.00000000,0.02127854,0.00000000,0.00000000,0.00000000,0.00281220,0.05582678,0.00117114,0.00000000,0.00000000,0.00000000,0.00000000,0.00000000,0.00000000,0.00131325,0.00000000,0.00395605,0.00000000,0.00000000,0.00000000,0.00000000,0.00565853,0.00000000,0.00000000,0.00000000,0.00000000,0.00000000,0.01198129,0.01085790,0.00000000,0.03535160,0.00000000,0.00000000,0.00000000,0.00000000,0.00628929,0.00000000,0.00000000,0.00000000,0.01848480,0.00000000,0.00000000,0.00000000,0.00000000,2.17950381,0.00000000,0.00000000,0.00205864,0.00000000,0.00000000,0.00000000,0.00000000,0.16801094,0.00000000,1.18696517,0.00000000,0.05589245,0.00000000,0.00000000,0.00000000,0.00000000,0.00000000,0.00269371,0.00000000,0.00000000,0.10686864,0.00000000,0.04521015,0.00000000,0.00364074,0.00000000,0.00000000,0.00000000,0.01090458,0.13180783,0.01213468,0.00000000,0.00000000,0.00000000,0.04510251,0.00000000,0.00000000,0.00000000,0.00000000,0.00000000,0.00000000,0.00000000
0.00000000,0.00000000,0.00000000,0.00162235,0.00000000,0.00000000,0.00000000,0.00000000,0.00000000,0.00000000,0.01907995,0.00000000,0.00215228,0.00000000,0.01221855,0.17736037,0.01827712,0.00000000,0.00000000,0.23876114,0.04536248,0.01155437,0.00000000,0.02761702,0.00000000,0.01184634,0.10113145,0.00000000,0.00000000,0.00813807,0.01723852,0.06425557,0.00000000,0.00000000,0.00000000,0.00000000,0.00000000,0.00000000,0.00445540,0.00000000,0.00000000,0.00384109,0.01963798,0.00591240,0.00000000,0.00000000,0.30433972,0.00000000,0.00000000,0.00000000,0.00000000,0.18703503,0.00000000,0.00000000,0.00000000,0.00000000,0.00000000,0.00000000,0.00000000,0.00000000,0.00000000,0.00000000,0.00000000,0.00000000,0.00000000,0.30483436,0.00289308,0.00000000,0.00000000,0.00000000,0.00000000,0.00000000,0.00000000,0.00000000,0.02144054,0.01234431,0.00000000,0.00000000,0.00000000,0.00000000,6.41054467,0.00000000,0.07830587,0.03341022,0.03856139,0.00000000,0.00000000,0.00000000,0.00000000,0.01615912,0.00000000,0.00000000,0.00000000,0.00000000,0.00000000,0.00000000,0.00000000,0.00000000,0.00000000,0.00000000,0.00000000,0.00000000,0.00000000,0.00000000,0.00000000,0.00000000,0.00000000,0.00000000,0.00000000,0.00000000,0.00000000,0.00000000,0.00000000,0.01791801,0.01138395,0.00310342,0.00000000,0.00068687,0.08961789,0.00000000,0.00000000,0.02580474,0.00128169,0.00000000,0.00000000,0.00000000,0.00000000,0.00000000,0.00000000,0.00000000,0.00000000,0.00000000,0.00000000,0.00818882,0.01221034
0.30761848,0.10897851,0.00000000,0.00000000,0.00000000,0.00000000,0.00000000,0.00000000,0.00000000,0.00000000,0.00000000,0.00000000,0.07085481,0.00000000,0.00000000,0.00000000,0.01023496,0.00000000,0.00000000,1.44790431,0.00000000,0.00000000,0.00000000,0.00000000,0.00000000,0.00000000,0.00000000,0.31375360,0.06493769,0.00000000,0.00000000,0.08820116,0.00000000,0.00000000,0.00000000,0.00000000,0.00000000,0.00000000,0.00000000,0.17952448,0.14472515,0.00000000,0.00000000,0.00000000,4.46955710,0.00000000,0.00000000,0.04325565,0.00000000,0.00000000,0.00000000,0.00000000,0.02061836,0.00000000,0.05466918,0.00000000,0.00000000,0.00000000,0.00000000,0.00000000,0.15531714,0.00000000,0.00000000,0.62876761,0.00000000,0.00000000,0.00000000,0.31227857,0.00717685,0.00000000,0.00353823,0.00000000,0.00000000,0.00000000,0.00000000,0.00410486,2.69415606,0.00000000,0.00000000,0.06235074,0.00000000,0.00000000,0.00894481,0.02488028,0.00779200,0.00000000,0.00000000,0.00000000,0.00000000,0.00000000,0.00000000,0.17492509,0.00000000,0.02940047,0.00000000,0.00000000,0.00502019,0.00000000,0.30761848,0.00000000,0.00000000,0.90262805,0.00000000,0.00000000,0.00000000,0.00000000,0.00000000,0.00000000,0.00000000,0.00000000,0.00000000,0.00000000,0.00000000,0.00000000,0.05763392,0.00000000,0.00000000,0.00000000,0.00821641,0.00000000,0.00000000,0.00000000,0.00000000,1.58017272,0.00000000,0.00338428,1.22399798,0.03062025,0.00000000,0.00438426,0.00000000,0.00000000,0.00000000,0.00000000,0.00000000
0.00000000,0.00000000,0.60584560,0.00000000,0.00000000,0.00390594,0.00493828,0.00000000,0.00000000,0.02335638,0.65456388,0.00240483,0.00000000,0.00000000,0.00000000,0.00000000,0.13088094,0.00000000,0.00000000,0.00000000,0.00000000,2.93168691,0.00092628,0.00000000,0.00000000,0.00000000,0.00000000,0.00000000,0.00000000,0.84556516,0.01916630,0.00000000,0.00000000,3.71051872,0.05994883,0.00000000,0.00000000,0.00000000,0.00000000,0.00000000,0.00000000,0.00000000,0.00225065,0.00000000,0.00000000,0.00000000,0.00000000,0.00000000,0.00000000,0.02027501,0.00000000,0.00000000,0.00000000,0.00000000,0.00000000,0.00000000,0.00000000,0.00000000,0.00000000,0.00000000,0.00000000,0.00000000,0.00000000,0.00000000,0.00000000,0.00000000,0.00000000,0.00000000,0.00000000,0.48664254,0.00000000,0.00000000,0.01480591,0.00000000,0.00000000,0.00000000,0.01435595,0.00000000,0.00000000,0.00000000,0.00103176,0.00000000,0.00000000,0.00000000,0.68799667,0.00000000,0.00000000,0.00000000,0.00000000,0.00000000,0.00000000,0.01175348,0.00000000,0.00000000,0.00000000,0.00000000,0.00000000,0.00513184,0.00000000,0.00000000,0.00868957,0.00000000,0.06741375,0.00000000,0.00000000,0.00000000,0.00000000,0.00000000,0.00000000,0.01523140,0.10560286,0.00212017,0.00000000,0.12706239,0.05302346,0.01434703,0.75576237,0.02418547,0.00000000,0.00000000,0.00000000,0.00000000,5.01915201,0.29120393,0.00000000,0.00000000,0.00000000,0.03861931,0.33099519,0.00000000,0.00000000,0.04643772,0.00000000,0.00000000,0.52546135
0.00000000,0.00000000,0.00000000,0.00000000,0.00000000,0.00000000,0.00341852,0.00638590,0.00000000,0.00000000,0.00000000,0.00000000,0.00000000,0.01656566,0.00000000,0.00000000,0.00000000,0.00000000,0.00000000,0.07836084,0.00000000,0.13464897,0.00000000,0.00000000,0.00000000,0.00000000,0.00000000,0.00000000,0.00000000,0.00000000,4.98338661,0.00446811,0.00000000,0.00000000,0.00000000,0.00000000,0.00000000,0.30741179,0.00000000,0.00000000,0.04293903,0.00000000,0.08785643,0.00000000,0.00000000,0.00000000,0.02693725,0.00000000,0.00000000,0.01969476,0.00000000,0.00000000,0.00000000,0.00547929,0.00000000,0.01120056,0.00000000,0.00000000,0.15531714,0.00000000,0.00000000,0.00000000,0.00000000,0.00000000,0.20496365,0.00142990,0.00000000,0.00000000,0.00000000,0.00598040,0.00351097,1.72861627,0.00000000,0.00000000,0.00000000,0.10897851,0.00000000,0.00000000,0.08701757,0.00000000,0.00000000,0.00000000,0.00000000,0.00000000,0.00000000,0.05168212,0.00000000,0.00000000,0.00000000,0.34921602,3.38542941,0.00000000,0.00000000,0.00000000,0.01792301,0.00000000,0.00000000,0.00000000,0.19800732,0.00000000,0.00000000,0.00955197,0.00132756,0.00000000,0.27480892,0.00000000,0.00000000,0.00000000,0.00000000,0.00000000,0.00000000,0.00000000,0.00000000,0.00000000,0.00000000,0.00000000,0.00000000,0.00139081,0.00000000,0.00000000,0.00000000,0.47088700,0.00000000,0.03760534,0.07419194,0.00000000,0.00000000,0.00000000,0.00000000,0.08818778,0.00000000,0.06077324,0.00000000,0.00000000,0.00000000
0.00502019,0.00000000,0.00000000,0.00000000,0.00000000,0.00000000,0.00285057,0.00958080,0.00000000,0.00000000,0.00000000,0.00000000,0.00000000,0.00000000,0.00000000,0.00444613,0.00000000,0.00000000,0.00000000,0.03099144,0.00000000,0.00000000,0.00000000,0.00000000,5.09176210,0.00000000,0.00000000,0.00000000,0.00000000,0.00000000,0.00000000,0.00000000,0.00000000,0.06252889,0.00000000,0.00000000,0.28761685,0.00000000,0.16267067,0.02745408,0.00000000,0.02609514,0.00000000,0.00000000,0.00000000,0.00000000,0.00000000,0.00000000,0.00000000,0.04780548,0.00000000,0.00000000,0.00000000,0.00000000,0.00000000,0.01353784,0.00000000,0.00000000,0.00000000,0.00000000,0.00000000,0.00000000,0.00345593,0.00000000,0.00000000,0.00126575,0.60584560,0.00000000,0.01499508,0.00000000,0.00000000,0.00000000,0.00293232,0.00182003,0.01508988,0.00000000,0.00000000,0.00000000,0.00000000,0.00000000,0.00000000,0.00000000,0.00000000,0.00000000,0.00000000,0.00000000,0.00000000,0.00000000,0.00000000,0.00000000,0.00000000,0.00000000,0.04725379,0.00162669,0.00000000,0.00000000,0.00000000,0.00000000,0.00636636,0.00000000,0.00000000,0.00488391,0.00000000,0.06276245,0.01599531,0.00000000,0.00000000,6.34278435,0.05235829,0.00000000,0.00000000,0.12191340,0.00000000,0.00000000,0.00000000,0.08034492,0.00000000,0.00000000,0.00000000,0.00000000,0.00000000,0.00000000,0.00000000,0.00000000,0.13307576,0.05819063,0.13486312,0.00000000,0.00000000,0.00000000,0.00000000,0.01011967,0.00000000,0.00826861,0.00000000
0.00000000,0.20496365,0.00000000,0.00000000,0.00000000,0.00000000,0.07186021,0.01525943,0.00000000,0.00000000,0.00000000,0.67425296,0.00000000,0.00516882,0.00000000,0.00000000,0.00000000,0.00000000,0.00000000,4.38573199,0.00000000,0.00000000,0.00000000,0.01025147,0.00000000,0.00000000,0.00000000,0.00000000,0.13148873,0.06434253,0.00000000,0.00000000,0.04245539,0.00000000,0.00000000,0.00000000,0.00000000,0.01324242,0.00000000,0.00000000,0.00000000,0.00000000,0.00000000,0.00000000,0.06338567,0.00000000,0.00000000,0.00000000,0.00000000,0.08551145,0.00447635,0.00000000,0.02895225,0.00000000,0.01895426,0.13818980,0.00131325,0.00000000,0.00000000,0.00000000,0.00000000,0.00345593,0.00000000,0.00000000,0.00000000,0.00000000,0.00000000,0.00000000,0.00000000,0.00000000,0.00000000,0.01957981,0.00000000,0.00528122,0.00000000,0.00000000,3.77900289,0.00000000,0.00000000,8.05337220,0.00000000,0.00000000,5.01271823,4.16358251,0.00000000,0.00000000,0.08613130,0.00000000,0.00000000,4.12348239,0.03359696,0.00000000,0.00000000,0.00000000,0.00000000,0.02123160,3.36405503,0.00000000,0.02987751,0.02808544,0.00000000,0.00000000,0.00000000,0.00000000,0.00000000,0.00000000,0.00000000,0.00000000,0.00000000,0.00000000,0.00000000,0.00000000,0.01416875,0.25333136,0.00000000,0.00767089,0.00000000,0.00000000,0.00000000,0.00794232,0.00182359,0.00000000,0.00000000,0.00000000,0.10834560,0.00000000,0.00000000,0.00000000,0.00000000,0.00000000,0.03659376,0.00000000,0.00000000,0.00585103,0.00000000
0.00000000,0.00000000,0.01011967,0.00000000,0.00331694,0.00000000,0.01638011,0.00000000,0.00000000,0.00000000,0.00000000,0.00000000,0.00000000,0.09326010,0.00000000,0.00000000,0.00000000,0.00000000,0.00000000,0.03531484,0.00000000,0.00000000,0.00092201,0.00000000,0.19217289,0.00000000,0.00000000,0.00000000,0.00000000,0.00000000,0.00000000,0.00000000,0.00000000,0.03466793,0.00000000,0.00000000,0.00000000,0.00000000,0.02231909,0.12083262,0.00000000,0.00000000,0.00271495,0.00000000,0.00000000,0.03102452,0.00000000,0.00000000,0.00000000,0.00108212,0.12810673,0.00288849,0.00000000,0.13526235,0.00000000,0.02744287,0.00000000,0.00000000,0.62876761,0.00000000,0.00000000,0.00000000,0.00000000,0.00000000,0.00000000,0.00000000,0.00000000,0.00000000,0.00000000,0.00162235,0.00000000,0.23986099,0.00000000,0.00000000,0.00000000,0.00000000,0.00000000,0.00000000,0.00460571,0.00392683,0.00000000,0.35268117,0.00000000,0.00000000,0.00000000,0.00000000,0.40724960,0.02397274,0.53192682,0.03448455,0.00000000,0.28637400,0.00000000,0.00162231,0.00000000,0.00000000,0.02552003,0.00000000,0.00906917,0.16486210,0.00000000,0.00000000,0.00000000,0.00000000,0.00546924,0.00000000,0.00000000,0.00000000,0.00000000,0.34607222,0.00000000,0.00000000,0.00000000,0.00000000,0.00000000,0.00000000,0.00000000,0.00000000,0.00000000,0.00000000,0.00000000,0.00000000,0.00166344,0.00000000,0.00000000,0.00000000,0.00000000,0.00000000,0.00000000,1.55372230,0.00000000,0.00000000,0.00000000,0.01373709,0.00000000
0.00000000,0.01435595,0.00000000,0.00747248,0.00000000,0.00058907,0.00000000,0.60059936,0.00000000,0.00000000,0.00000000,0.00000000,0.00000000,0.00000000,0.10770945,0.00000000,0.00000000,0.00000000,0.00000000,0.00000000,0.00000000,0.00000000,0.00000000,0.00000000,0.00000000,3.55080243,0.00000000,0.00257210,0.00000000,0.00000000,0.12265847,0.00000000,0.00000000,0.00000000,0.00000000,0.04751894,0.00000000,0.00000000,0.00000000,0.00000000,0.02302764,0.00000000,0.00970799,0.00000000,0.00000000,0.00575484,0.00000000,0.34990991,2.54846223,0.00000000,0.00000000,0.02289396,0.00000000,0.00000000,0.00000000,0.00000000,0.00395605,0.00000000,0.00000000,0.00000000,0.20496365,0.00000000,0.00000000,0.00000000,0.00000000,0.00000000,0.00000000,0.00361966,0.00000000,0.00000000,0.00000000,0.00000000,0.00000000,0.00000000,0.38587348,0.95504515,0.00000000,0.00000000,0.02561066,0.14592171,0.62533746,0.00000000,0.00000000,0.00000000,0.01081315,0.00000000,0.00000000,0.00000000,0.00000000,0.00000000,0.00551400,0.00000000,0.00000000,0.00000000,0.00000000,0.00000000,0.00000000,0.00000000,0.00000000,0.00000000,0.00000000,0.00175058,0.06117788,0.00000000,0.00081374,0.00793363,0.00000000,0.00000000,0.00000000,0.00000000,0.00529958,0.00000000,0.00000000,0.00528024,0.09276128,0.00000000,0.00000000,0.00000000,0.00000000,0.00000000,0.00252264,0.00000000,2.32884609,0.00000000,0.03090655,0.00000000,0.00000000,1.60498844,0.00000000,0.00747248,0.01574341,0.00000000,0.00000000,0.01957452,0.00000000
0.00000000,0.00000000,0.00000000,0.35268117,0.00000000,0.00000000,0.06337114,0.00000000,0.00000000,0.00000000,0.00000000,0.00000000,4.19917371,0.00000000,2.12739474,0.00000000,0.00401157,0.00000000,0.00000000,0.00608653,0.03084777,0.00790793,0.00259472,0.00000000,0.00000000,0.00288315,0.00000000,0.00000000,0.35016677,1.06491890,0.00000000,0.00000000,0.00342579,0.00000000,0.00430740,0.00000000,0.00000000,0.00000000,0.00000000,0.00000000,0.00000000,0.08522102,0.00000000,0.00000000,0.00000000,0.00000000,0.11586809,0.00682762,0.00000000,0.03713101,0.00000000,0.24929269,0.00000000,0.00000000,0.00000000,0.01156523,0.00000000,0.30483436,0.00000000,0.00000000,0.00142990,0.00126575,0.00000000,0.00000000,0.00000000,0.00000000,0.00000000,0.01670237,0.00000000,0.00000000,0.00000000,0.00807009,0.00000000,0.00000000,0.16316391,0.00000000,0.00000000,0.00000000,0.00000000,0.00000000,0.00000000,0.00000000,0.03224836,0.00000000,0.00000000,0.00000000,0.00000000,0.00000000,0.00000000,0.00000000,0.00000000,0.00000000,0.00000000,0.00000000,0.00000000,0.00000000,0.00542187,0.00725352,0.01566031,0.00000000,0.00000000,0.04106716,0.00331694,0.00000000,0.00000000,0.00345259,0.10156837,0.00000000,0.00000000,0.00000000,0.00000000,0.00000000,0.00000000,0.00741764,0.00000000,0.00000000,0.00000000,0.03191198,0.00000000,0.00336991,0.00304010,0.03262934,0.02829320,0.52984950,0.01319922,0.00000000,0.00000000,0.00000000,0.00000000,0.77362786,0.00493699,0.00000000,0.02394394,5.01695939,0.00000000
2.69415606,0.00000000,0.00000000,0.00392683,0.00345259,0.00000000,0.08159840,0.00000000,0.00000000,0.00000000,0.03095525,0.01416100,0.00000000,0.00399131,0.00000000,0.00000000,0.00000000,0.00000000,0.03430821,0.00000000,0.00000000,0.21895283,0.00000000,0.00000000,0.00000000,0.00000000,0.00000000,0.00000000,0.00000000,0.00000000,0.00000000,0.14658130,0.02245410,0.21084979,0.00000000,0.00000000,0.00000000,0.00000000,0.00000000,0.19307508,0.00000000,0.00000000,0.00000000,0.00000000,0.00836447,0.00701102,0.00000000,0.00000000,0.00000000,0.00449066,0.04525774,0.00000000,0.00000000,0.00000000,0.00000000,0.00000000,0.00000000,0.00289308,0.00000000,0.00000000,0.00000000,0.60584560,0.00000000,0.00000000,0.00000000,0.00000000,0.00000000,0.00000000,0.00000000,0.00000000,0.10065093,0.00000000,0.00000000,0.00000000,0.00000000,0.00000000,3.20987640,0.00000000,0.03734274,0.00000000,0.00000000,0.01727484,0.00000000,0.00000000,0.00852172,0.00000000,0.00430575,0.00000000,0.00320216,0.00000000,0.00577705,2.37987759,0.45387766,0.26155624,0.00000000,0.00000000,0.00000000,0.25077865,0.00000000,0.00164828,0.00219626,0.00000000,0.00000000,0.15518558,0.00000000,0.00000000,0.02137012,0.02472629,0.00000000,0.00000000,0.00000000,0.00000000,0.00000000,0.00000000,0.00000000,0.00237105,0.00000000,0.00000000,0.00000000,0.00487598,0.00000000,0.00000000,0.00000000,0.00000000,0.00000000,0.00000000,0.00000000,0.00000000,0.00000000,0.00000000,4.33619763,0.32086856,0.00000000,0.00000000,0.00000000
0.00000000,0.00000000,0.00000000,0.00000000,0.00219626,0.03734274,0.00000000,0.00000000,0.00000000,0.00000000,0.00000000,0.00000000,0.57942308,0.03212903,0.00000000,0.00000000,2.22210608,0.00000000,0.00000000,0.00000000,0.00000000,0.00385169,0.00000000,0.01212704,0.00000000,0.00000000,0.02666798,0.00000000,0.00000000,0.14187422,0.00000000,0.27983716,0.00000000,0.00000000,0.00000000,0.00000000,0.00000000,0.00000000,0.00000000,0.00000000,0.00000000,0.00000000,0.00786195,0.00000000,0.00000000,0.08852591,0.01164017,0.00000000,0.01922462,0.00000000,0.00770720,0.00000000,0.00000000,0.00000000,0.00000000,0.00000000,0.00000000,0.00000000,0.31227857,0.00000000,0.00000000,0.00000000,0.00000000,0.00000000,0.00361966,0.01670237,0.00000000,0.00000000,0.00000000,0.00000000,0.00000000,0.00000000,0.00000000,0.00000000,0.00000000,0.00282462,0.00000000,0.00000000,0.00000000,0.00000000,0.00000000,0.00390594,0.00000000,0.00000000,0.42321726,0.00000000,0.00000000,0.00000000,0.09607248,0.00000000,0.00000000,0.00000000,2.95935697,0.00000000,0.00406557,0.00000000,0.00000000,0.00000000,0.00000000,0.02252332,0.01677070,0.00000000,0.01288549,0.00000000,0.00000000,0.00000000,0.00363378,0.00802548,0.00000000,0.01483675,0.00000000,0.00000000,0.03740433,0.04141132,0.00000000,0.00000000,0.00376085,0.00000000,0.00000000,0.00000000,0.00058907,0.00000000,0.00000000,0.00000000,0.00000000,0.07866651,0.00000000,0.00000000,0.00000000,0.00000000,0.00000000,0.00000000,0.00000000,0.00000000,0.00000000
0.00000000,0.00212017,0.00585103,0.00000000,0.00000000,0.00000000,0.00000000,0.00000000,0.28686431,0.00000000,0.00000000,0.00000000,0.00000000,0.09349926,0.00000000,0.00492313,0.00000000,0.00507301,0.00000000,0.03011138,0.00000000,0.21215810,0.39178706,0.00000000,0.02535649,0.00000000,0.00000000,0.00000000,0.00000000,0.00000000,0.00347305,0.00000000,0.00000000,0.00154669,0.00000000,0.00000000,0.00000000,0.00000000,0.00000000,0.00000000,0.00000000,0.00000000,0.00000000,0.00000000,0.00000000,0.01592015,0.00521608,0.00000000,2.16326413,0.00000000,0.00000000,0.00000000,0.00661148,0.00000000,0.00000000,0.00000000,0.00000000,0.00000000,0.00717685,0.00000000,0.00000000,0.01499508,0.00000000,0.00000000,0.00000000,0.00000000,0.00000000,0.00000000,0.00000000,0.00000000,0.03407975,0.00000000,0.00000000,0.00000000,0.00000000,0.00000000,0.00000000,0.00000000,0.00000000,0.00000000,0.00537161,0.00000000,0.00000000,0.00000000,0.18774453,0.00346408,0.00000000,0.00000000,0.00000000,0.00000000,0.00000000,0.05576001,3.05545991,0.00000000,0.00000000,0.00000000,0.00000000,0.07410337,0.00000000,0.01353664,0.00000000,0.09942900,0.00000000,0.00000000,0.02048458,0.00000000,0.00000000,0.00000000,0.00000000,0.00000000,0.00000000,0.00000000,0.00000000,0.00000000,0.00000000,0.01883735,0.00000000,0.00000000,0.00000000,0.00000000,0.00000000,0.00000000,0.00000000,0.00000000,0.00000000,0.00000000,0.00000000,0.00000000,0.00000000,3.92512267,0.01544479,0.00000000,0.00000000,0.00000000,0.00262523
0.00000000,0.00000000,0.00000000,0.02808544,0.00000000,0.00000000,0.30110946,0.14549192,0.00000000,0.00000000,0.00379774,0.00000000,0.00000000,4.87656283,0.00000000,0.00000000,0.00000000,0.00000000,0.00000000,0.00000000,0.24693230,2.12750005,0.00000000,0.00000000,0.00000000,0.62745522,0.00000000,0.12257337,0.00000000,0.00000000,0.00166603,0.00000000,0.00000000,0.00000000,0.00000000,0.07681061,0.00716302,0.00000000,0.00000000,0.00000000,0.00000000,0.00000000,0.00000000,0.00347359,0.00000000,0.01446750,0.00000000,0.00000000,0.59893021,0.00000000,0.00000000,0.00000000,0.00000000,0.10934806,0.11768022,0.06934854,0.00565853,0.00000000,0.00000000,0.48664254,0.00598040,0.00000000,0.00000000,0.00162235,0.00000000,0.00000000,0.00000000,0.00000000,0.00000000,0.00000000,0.00285057,0.00000000,0.00000000,0.00661053,0.00000000,0.07345294,0.00000000,0.00000000,0.00000000,0.00207085,0.00000000,0.00000000,0.00000000,0.01350421,0.00000000,0.00159984,0.00000000,0.03827147,0.00000000,0.00000000,0.00000000,0.00000000,0.00000000,0.00000000,0.00000000,0.00000000,0.00000000,0.00000000,0.00000000,0.00000000,0.00000000,0.00000000,0.00000000,0.00000000,0.00000000,0.00000000,0.01321486,0.07489333,0.00000000,0.00000000,0.01083933,0.00000000,0.00726807,0.00000000,2.33638077,0.00134106,0.00000000,0.00000000,0.00000000,0.00000000,0.00000000,0.08159840,0.00000000,0.00000000,0.00000000,0.00000000,0.00000000,3.65468291,0.01427678,0.00000000,0.00000000,0.00000000,0.00000000,0.23787784,0.06337114
0.02940047,0.00139081,0.08613130,0.00000000,0.02137012,0.01288549,0.00000000,0.00000000,0.00000000,0.00000000,0.00000000,0.04126284,0.03689071,0.00000000,0.00000000,0.00000000,0.00000000,0.00081708,0.00000000,0.00000000,0.00000000,0.00000000,0.00816157,0.00000000,0.00000000,0.00382238,0.00160902,0.00000000,0.06131007,0.00000000,0.00000000,0.00000000,0.00000000,0.00000000,0.00000000,0.00000000,0.00000000,0.00000000,0.00000000,0.00000000,0.00000000,0.01384090,0.00000000,0.00000000,0.00000000,0.00000000,0.00000000,0.00000000,0.00000000,0.00000000,0.00000000,0.00000000,0.00000000,0.00000000,0.01492661,0.01203314,0.00000000,0.00000000,0.00353823,0.00000000,0.00351097,0.00000000,0.00000000,0.00000000,0.00000000,0.00000000,0.10065093,0.00000000,0.03407975,0.00285057,0.00000000,0.00000000,0.00000000,0.00000000,0.03405804,0.00000000,0.00000000,0.00000000,0.00000000,0.00000000,0.00000000,0.00000000,0.00000000,0.00000000,0.04883766,0.68731324,0.00000000,0.00341852,0.00000000,0.00000000,0.00746353,0.00336434,0.00000000,0.00000000,0.12195119,0.00000000,0.00000000,0.00000000,0.02763444,0.04011816,0.00000000,0.00000000,0.00000000,0.00000000,0.00000000,0.00000000,0.00000000,0.00000000,0.01053621,0.00000000,0.07186021,0.00000000,0.00000000,0.00000000,0.00000000,0.00000000,0.00000000,0.00000000,0.00000000,0.00000000,0.00000000,0.00000000,0.21071401,0.00000000,0.00000000,0.00000000,0.05801011,0.00000000,0.00000000,0.00000000,0.00000000,0.00000000,0.00000000,0.00000000,0.00000000
0.00000000,0.00000000,0.00000000,0.00000000,0.10065093,0.00000000,0.00000000,0.00000000,0.03809492,0.55670141,0.00252657,0.01302265,0.00000000,0.00000000,0.02163762,0.00000000,0.00000000,0.00000000,0.00673152,0.00000000,2.39991688,0.00000000,4.25217935,0.05857776,0.00000000,0.00253830,0.18243153,3.41659047,0.00000000,0.26170322,0.00000000,0.00000000,0.00000000,0.00000000,0.05384650,0.00000000,0.00000000,0.00000000,0.00000000,0.03936822,0.19147987,0.55407142,0.00000000,0.46087870,6.82555138,0.00000000,0.71558414,0.00000000,0.00000000,9.48128643,0.00000000,0.00308428,0.00000000,0.00000000,0.00000000,0.00000000,0.00000000,0.00000000,0.00000000,0.00000000,1.72861627,0.00000000,0.01957981,0.23986099,0.00000000,0.00807009,0.00000000,0.00000000,0.00000000,0.00000000,0.00000000,0.00000000,0.00000000,0.00000000,0.00000000,0.14432744,0.00000000,0.00000000,0.00000000,0.00000000,0.01136308,0.00000000,0.03129524,0.00000000,0.00000000,0.00000000,0.00215994,0.00000000,0.10694803,0.00000000,0.00000000,0.00000000,0.00000000,0.00000000,0.00000000,0.00000000,0.01475834,0.00000000,0.00000000,0.00000000,0.00000000,0.30110946,0.00000000,0.00000000,0.00000000,0.00000000,0.01638011,0.00535498,0.03131970,0.00879923,0.00000000,0.00000000,0.00000000,0.00000000,0.00000000,0.00000000,0.00000000,0.00000000,0.00000000,0.00000000,0.00000000,0.00000000,0.00000000,0.00000000,0.00493828,0.00000000,0.04208439,0.00000000,0.07676315,0.00439062,0.00000000,0.00000000,0.01335169,0.00000000,0.09268163
0.00000000,0.27480892,0.00000000,0.00000000,0.10156837,0.00000000,0.00134106,0.00278132,0.00000000,0.00000000,0.00917746,0.00000000,0.00000000,0.00097750,2.73736199,0.00993997,0.00000000,0.00000000,0.00000000,0.00000000,0.25228913,0.00000000,0.00000000,0.00000000,0.02399991,0.00000000,0.00000000,0.00127800,0.00000000,0.00182148,0.00000000,0.01371034,0.00000000,0.00000000,0.06463676,0.00376860,0.00187883,0.00000000,0.00000000,0.00000000,0.00000000,0.76964518,0.00000000,0.00000000,0.00000000,0.00273685,0.02680390,0.06367087,0.03624311,0.00304844,0.00000000,0.00000000,0.00000000,0.14634299,0.00000000,0.00000000,0.00000000,0.00000000,0.00000000,0.01480591,0.00000000,0.00293232,0.00000000,0.00000000,0.00000000,0.00000000,0.00000000,0.00000000,0.00000000,0.00000000,0.00000000,0.00000000,0.00000000,0.00638590,0.00000000,0.14549192,0.00000000,0.00000000,0.00000000,0.00000000,0.00000000,0.00000000,0.00000000,0.36786169,0.01467467,0.00000000,0.00000000,0.00000000,0.00000000,0.00000000,0.00000000,0.00000000,0.00000000,0.00000000,0.00651583,0.00000000,0.00411311,0.00000000,0.00000000,0.29963257,0.00000000,0.01525943,0.00000000,0.00000000,0.60059936,0.01696055,0.00000000,1.04411665,0.00278132,0.00000000,0.00000000,0.00000000,0.00000000,0.00101905,0.00000000,0.00000000,0.00000000,0.00000000,0.65098464,0.07774351,0.00000000,0.00000000,0.00958080,0.02656323,0.06413191,0.02519544,0.00532546,0.05104618,0.04367704,0.00000000,0.00000000,0.00384257,0.00000000,0.07141746,0.00000000
0.00000000,0.00000000,0.00000000,0.00000000,0.00000000,0.00000000,0.00000000,0.05358459,0.00000000,0.00000000,0.00000000,0.00000000,0.00000000,0.00196627,0.00000000,0.00000000,0.00000000,0.00000000,0.00000000,0.10019681,0.00000000,0.00000000,0.21595032,0.05425928,1.39730513,0.00000000,0.00000000,0.00329745,0.00000000,0.00000000,0.00000000,0.00000000,0.00000000,0.00000000,0.00000000,0.00000000,0.00000000,0.00000000,0.00000000,0.02068902,0.00000000,0.00000000,0.00000000,0.02286146,0.00000000,0.00000000,0.00000000,0.00000000,0.00000000,0.00000000,0.00000000,0.00000000,0.00000000,0.00000000,0.00000000,0.00000000,0.00000000,0.00000000,0.00000000,0.00000000,0.00000000,0.00182003,0.00528122,0.00000000,0.00000000,0.00000000,0.00000000,0.00000000,0.00000000,0.00661053,0.00000000,0.00000000,0.00638590,0.00000000,0.02196500,0.00198632,0.00000000,0.00000000,0.01387536,0.00000000,0.00000000,0.00000000,0.00397356,0.00000000,0.01383014,0.11227057,0.00000000,0.00000000,0.00000000,0.00000000,0.00000000,0.00000000,0.00000000,0.00000000,0.00000000,0.00000000,0.00000000,0.00000000,0.00749557,0.00000000,0.00000000,0.00183623,0.11795091,0.01253181,0.18452214,0.00000000,0.00000000,0.00208682,0.00000000,0.02203524,0.00000000,0.00000000,0.00000000,3.56660114,0.00000000,0.07751368,0.28686431,0.00000000,0.01801248,0.00000000,0.00000000,0.00000000,0.00000000,0.80081260,0.00000000,0.05358459,0.00000000,0.00000000,0.00000000,0.00666107,0.00801283,0.00000000,0.00000000,0.03809492,0.00000000
0.00000000,0.00000000,0.01508988,0.00000000,0.00000000,0.00000000,0.00000000,0.00000000,0.00000000,0.00000000,0.01862217,0.00198959,0.03500751,1.70480265,0.00000000,0.00000000,0.03333924,0.00000000,0.00000000,5.16133092,0.00000000,0.00000000,0.00000000,0.00000000,0.00482761,0.72796330,0.00000000,0.00000000,0.00000000,0.00000000,0.00000000,0.01149958,0.00000000,0.00000000,0.00000000,0.00000000,0.00000000,0.00727734,0.00000000,4.50162441,0.00000000,0.00000000,0.00000000,0.00366071,0.00593137,0.05408787,1.65170798,0.00000000,0.07339990,0.02007766,0.00000000,0.00752204,0.00000000,0.00712580,0.00157780,0.00000000,0.00000000,0.02144054,0.00000000,0.00000000,0.00000000,0.01508988,0.00000000,0.00000000,0.38587348,0.16316391,0.00000000,0.00000000,0.00000000,0.00000000,0.03405804,0.00000000,0.00000000,0.02196500,0.00000000,0.00000000,0.00000000,0.00000000,0.01247033,0.00000000,0.00000000,0.00000000,0.00000000,0.00000000,0.00000000,0.00482417,0.00000000,0.07228577,0.00000000,0.00000000,0.00000000,0.00676350,0.74567325,0.06826863,0.08092115,0.00000000,0.00000000,0.00000000,0.00000000,0.00000000,0.00919004,0.00000000,0.00068043,0.00000000,0.00000000,0.00000000,0.00000000,0.00000000,0.00000000,0.00000000,4.33404898,0.00000000,0.00000000,0.02799257,0.00000000,0.00083008,0.00000000,0.00000000,0.01445349,0.00000000,0.00000000,0.00000000,0.00000000,0.00000000,0.00222565,0.00000000,0.10402539,0.01771012,0.00783714,0.00000000,0.00000000,0.00000000,0.00216327,0.00000000,0.00000000
5.01915201,0.00513184,0.00000000,0.00000000,0.00000000,0.02252332,0.00000000,0.00411311,0.00000000,0.00000000,0.00000000,0.00000000,0.00000000,0.16739740,0.00000000,0.00000000,0.22150082,0.00000000,0.00253067,0.00000000,0.00000000,0.31180812,0.00000000,0.00000000,0.02975916,0.00000000,0.00000000,0.00000000,0.00756611,0.00000000,0.00000000,0.00000000,0.00000000,0.00000000,0.00000000,2.35343885,0.00000000,5.06946247,0.00000000,0.00000000,0.00000000,0.01114427,0.01487444,0.00000000,0.00000000,0.00000000,0.00220551,0.00000000,0.00000000,0.00256744,0.00000000,0.00000000,0.00000000,0.00000000,0.00000000,0.03276397,0.01198129,0.01234431,0.00410486,0.00000000,0.10897851,0.00000000,0.00000000,0.00000000,0.95504515,0.00000000,0.00000000,0.00282462,0.00000000,0.07345294,0.00000000,0.14432744,0.14549192,0.00198632,0.00000000,0.00000000,0.00000000,0.00000000,0.00000000,0.13182720,0.00653424,0.00000000,0.01996849,0.00000000,0.09709557,0.61344997,0.00000000,0.01077494,0.00000000,0.00000000,0.02045049,0.00000000,0.00000000,0.00000000,0.00000000,0.00000000,0.00000000,0.00208710,0.00000000,0.00000000,0.00000000,0.00000000,0.02165730,4.38682054,0.00000000,0.00000000,0.00000000,0.00000000,0.00000000,0.00197276,0.00000000,0.00000000,4.32701812,0.00000000,0.00000000,0.00000000,0.00000000,0.00000000,0.00000000,0.53283703,0.00000000,0.00407174,0.01363150,4.87063021,0.00000000,0.00000000,0.02335638,0.00000000,0.00000000,0.00000000,0.00000000,0.00638521,0.00000000,0.00000000,0.00000000
0.17492509,0.00000000,0.00000000,0.00000000,0.00000000,0.00000000,0.03129524,0.00000000,0.01247033,0.00000000,0.00000000,0.00000000,0.00000000,0.00000000,0.42430247,0.00000000,0.00000000,0.00000000,2.74984316,0.00000000,0.00355666,0.00757899,0.00000000,0.00000000,0.00000000,0.00000000,0.00779589,0.13684194,0.00000000,0.01431591,0.00000000,0.00000000,0.00000000,0.00000000,0.00000000,0.00000000,0.00000000,0.00000000,0.60062674,0.00000000,1.60887567,0.00000000,0.00000000,0.18884747,0.45358658,0.00000000,0.00000000,0.00000000,0.00000000,0.00000000,0.00000000,0.00000000,0.00000000,0.00000000,0.00000000,0.00000000,0.01085790,0.00000000,2.69415606,0.01435595,0.00000000,0.00000000,3.77900289,0.00000000,0.00000000,0.00000000,3.20987640,0.00000000,0.00000000,0.00000000,0.00000000,0.00000000,0.00000000,0.00000000,0.00000000,0.00000000,0.00000000,0.00000000,0.00404043,0.00000000,0.04019076,0.00000000,0.00000000,0.06180656,0.00000000,0.00000000,0.00000000,0.00000000,0.00000000,0.00000000,0.00000000,0.00000000,0.00000000,0.00000000,0.00000000,0.00000000,0.03238164,0.00000000,0.00645781,0.12126958,0.00000000,0.00000000,0.00000000,0.00000000,0.00000000,0.00394302,0.00000000,0.00000000,0.00000000,0.00000000,0.02908521,0.00000000,0.00000000,0.00000000,0.01276899,0.00000000,0.00998413,0.00000000,0.00000000,0.00000000,0.00000000,0.01573816,0.03139357,0.05798300,0.00000000,0.00570653,0.00000000,0.00000000,0.00867421,0.00000000,0.00177830,0.00000000,0.00000000,0.00000000,0.00000000
0.00000000,0.03861931,0.00000000,0.00000000,0.03262934,0.00000000,0.01053621,0.00183623,0.00000000,0.00000000,0.00917913,0.00000000,0.00000000,0.01037294,0.17945373,0.00000000,0.00000000,0.00000000,0.00000000,0.17643036,0.00000000,0.00000000,0.00955651,0.21509118,0.00000000,0.00000000,0.00649080,0.00000000,0.00000000,0.00000000,0.00000000,0.00000000,0.00098517,0.00000000,0.00000000,0.00201226,1.37481734,0.28810154,0.00000000,0.00000000,0.00000000,0.00000000,0.00000000,0.00000000,0.00000000,0.00556421,0.00000000,0.00000000,0.00108027,0.00000000,0.02015876,0.00525209,0.00000000,0.00000000,0.01264877,0.00000000,0.00000000,0.00000000,0.00000000,0.00000000,0.00000000,0.00000000,0.00000000,0.00000000,0.00000000,0.00000000,0.00000000,0.00000000,0.00000000,0.00000000,0.00000000,0.00000000,0.00000000,0.00000000,0.00000000,0.00000000,0.00000000,0.00000000,0.00000000,0.07191107,0.01907995,0.03111989,0.00307778,0.04123160,0.00000000,0.00000000,0.00000000,0.00000000,0.01862217,0.00000000,0.00000000,0.00379774,0.00000000,0.00000000,0.00000000,0.00000000,0.00000000,0.00000000,0.55670141,0.00000000,0.00000000,0.00000000,0.00000000,0.00000000,0.00000000,0.00000000,0.04612441,0.38269818,0.00000000,0.00000000,0.00000000,0.00000000,0.00000000,0.00917913,0.00000000,0.11110381,0.00000000,0.00000000,0.00000000,0.06004212,0.00000000,0.65456388,0.16776731,0.00000000,0.00000000,0.00000000,0.00000000,0.09279739,0.00000000,0.00000000,0.00000000,0.00000000,0.00000000,0.00000000,0.00000000
0.00000000,0.01434703,0.00000000,0.00000000,0.00000000,0.01353664,0.00000000,0.00000000,0.00000000,0.00000000,0.00000000,0.00000000,0.00000000,0.00000000,0.00000000,0.00000000,0.00000000,0.24448213,0.00000000,0.00000000,0.00000000,0.00000000,0.00000000,0.00000000,0.00000000,0.00000000,0.00338893,0.00000000,0.00000000,0.00000000,0.00000000,0.00000000,0.00000000,0.00000000,3.88070677,0.00000000,0.00000000,0.00251996,0.00202153,0.00000000,0.00000000,0.00000000,1.02468985,0.03475192,0.00000000,0.00396373,0.00000000,0.61129750,0.00000000,0.03124928,0.00000000,0.00000000,0.00000000,0.09953866,0.00000000,0.00000000,0.03535160,0.00000000,0.00000000,0.00000000,0.08701757,0.00000000,0.00000000,0.00460571,0.02561066,0.00000000,0.03734274,0.00000000,0.00000000,0.00000000,0.00000000,0.00000000,0.00000000,0.01387536,0.01247033,0.00000000,0.00404043,0.00000000,0.00000000,0.00220195,0.00000000,0.00000000,0.00000000,0.00000000,0.00000000,0.00580822,0.13836475,0.05460450,0.06764185,0.04728547,0.00000000,0.00000000,0.06033045,0.00000000,0.03743475,0.02572716,0.00000000,0.00000000,0.00000000,0.00000000,0.00491341,0.00000000,0.00917746,0.00000000,0.00000000,0.00252657,0.00000000,0.00000000,0.00000000,0.00000000,0.00000000,0.00000000,0.00000000,0.00000000,0.00000000,0.00000000,0.03095525,0.00000000,0.05122974,0.00000000,0.00000000,0.17259810,0.00000000,0.00000000,0.01622041,0.00000000,5.66770820,0.00000000,0.00000000,0.00000000,0.00000000,0.00000000,0.00000000,5.47666031,0.00200918
0.00000000,0.00000000,0.00000000,0.00000000,0.00000000,0.00000000,0.00000000,0.00000000,0.00000000,0.09709557,0.00000000,0.15759892,0.00000000,0.07119022,0.00000000,0.03512500,0.00989993,0.00000000,0.00000000,0.00704941,0.00000000,0.00000000,0.00000000,0.00000000,0.48436366,0.00000000,0.00000000,0.00000000,0.08288732,0.01355724,0.00000000,0.00000000,0.00395215,0.00000000,0.00000000,0.00000000,0.00000000,0.00000000,0.00000000,0.01743586,0.00000000,0.00000000,0.00000000,0.00000000,0.00000000,0.00000000,0.00000000,0.00501189,0.00000000,0.00000000,0.00000000,0.00000000,0.01124670,0.00000000,0.00000000,0.00000000,0.00000000,0.00000000,0.06235074,0.00000000,0.00000000,0.00000000,8.05337220,0.00392683,0.14592171,0.00000000,0.00000000,0.00000000,0.00000000,0.00207085,0.00000000,0.00000000,0.00000000,0.00000000,0.00000000,0.13182720,0.00000000,0.07191107,0.00220195,0.00000000,1.30340779,0.00000000,0.00000000,0.00000000,4.53814326,0.00000000,0.00000000,0.24057408,0.00000000,0.00000000,0.00000000,0.00000000,0.00346280,0.00000000,0.00000000,0.00000000,0.00000000,0.00000000,0.00000000,0.00000000,0.00000000,0.03128504,0.00000000,0.00000000,0.00692736,0.03650088,0.00000000,0.00233992,0.00000000,0.00000000,0.00000000,0.04126284,2.66820005,0.00000000,0.02005412,0.00000000,0.00000000,0.00000000,0.00000000,0.33978156,0.02199654,0.00000000,0.00000000,0.00000000,0.00000000,0.01635498,0.00000000,0.00000000,0.00000000,0.00000000,0.00000000,0.00000000,0.00000000,0.00000000,0.00000000
0.00000000,0.00000000,0.00000000,0.01574341,0.00000000,0.00000000,0.00000000,0.36786169,0.00000000,0.00000000,0.00000000,0.00000000,0.00000000,0.00000000,0.00000000,0.00000000,0.00000000,0.00000000,0.00000000,0.00000000,0.00000000,0.00000000,0.00000000,0.00000000,0.04722414,0.00000000,0.00000000,0.00000000,0.00000000,0.00000000,0.00000000,0.00000000,0.01490870,0.00000000,0.00125165,0.00000000,0.01209610,0.00000000,0.00000000,0.00000000,1.06021705,0.00000000,0.00000000,0.00281220,0.00473632,0.00000000,0.78544467,0.00000000,0.00000000,0.03655743,0.06851508,0.00000000,0.00000000,0.00000000,0.00000000,0.00000000,0.00000000,6.41054467,0.00000000,0.00103176,0.00000000,0.00000000,0.00000000,0.00000000,0.62533746,0.00000000,0.00000000,0.00000000,0.00537161,0.00000000,0.00000000,0.01136308,0.00000000,0.00000000,0.00000000,0.00653424,0.04019076,0.01907995,0.00000000,1.30340779,0.00000000,0.00000000,0.01302265,0.00000000,0.00000000,0.00000000,0.00000000,0.00360536,0.00000000,0.00000000,0.00000000,0.00000000,0.00000000,0.14773094,0.00000000,0.00000000,0.00000000,0.00000000,0.00000000,0.11982957,0.42903217,1.09242456,0.19908306,0.04475237,0.00000000,0.03605302,0.00000000,0.00000000,0.00000000,0.00000000,0.24188723,0.00000000,0.00000000,9.92671163,0.03114908,0.00000000,0.00000000,0.00000000,0.00000000,0.00000000,0.02426689,2.71693920,0.00198959,0.09350388,0.00000000,0.00000000,0.00000000,0.00000000,0.00000000,4.73025382,0.00000000,0.00000000,2.36409426,0.00000000,0.00000000
0.15531714,0.00000000,6.34278435,0.00000000,0.02394394,0.00000000,0.00000000,0.00000000,0.00000000,0.00000000,1.30340779,0.00000000,0.00946723,0.00000000,0.00000000,0.00000000,0.00268629,0.00000000,0.01028613,0.00000000,0.00256968,0.00000000,0.00000000,0.00000000,0.00000000,0.00000000,0.00000000,0.00000000,0.00397049,0.05834589,0.00000000,3.43536110,0.06984142,0.00000000,0.00414600,0.00000000,2.53953717,0.03827149,0.00000000,0.00000000,0.00000000,0.00000000,0.00000000,0.00000000,0.00000000,0.00000000,0.00000000,0.00000000,0.00000000,0.00000000,0.00000000,0.00757772,0.01125872,0.02393366,0.00189302,0.05084497,0.00000000,0.00000000,0.00000000,0.00000000,0.00000000,0.00000000,0.00000000,0.35268117,0.00000000,0.00000000,0.01727484,0.00390594,0.00000000,0.00000000,0.00000000,0.00000000,0.00000000,0.00000000,0.00000000,0.00000000,0.00000000,0.03111989,0.00000000,0.00000000,0.00000000,0.00000000,0.00000000,0.00000000,0.00000000,0.00000000,0.00000000,0.00000000,0.00000000,0.15759892,0.00000000,0.00000000,0.38507207,0.00000000,0.00000000,0.25048663,0.00000000,3.40519568,0.00000000,0.00000000,0.00000000,0.67425296,0.00900943,0.00000000,0.02954029,0.00000000,0.00000000,0.00581245,4.14000457,0.00000000,0.00000000,0.00000000,0.00000000,0.01288892,0.00000000,0.01416100,0.00000000,0.00000000,0.00240483,0.00000000,0.00000000,0.00000000,0.00000000,0.00000000,0.01461404,0.00000000,0.00000000,0.01719046,0.01355651,0.00000000,0.00000000,0.00000000,0.00773882,0.00000000,0.04328755
0.00000000,0.00103176,8.05337220,0.00000000,0.00000000,0.01677070,0.21071401,0.00000000,0.06826863,0.00000000,0.00000000,0.00000000,0.00000000,0.00000000,0.00000000,0.00000000,0.00000000,0.00000000,0.00000000,0.00000000,0.01383436,0.00000000,0.00000000,0.00000000,2.77387031,0.00000000,0.00000000,0.00331828,0.03668405,0.00000000,3.28777365,0.00171952,1.57004233,0.00000000,0.00000000,0.07631728,0.00000000,0.01217070,0.00000000,0.00000000,0.00000000,0.00000000,0.00000000,0.00000000,0.00000000,0.00000000,0.00000000,0.00000000,0.00000000,0.13968532,0.00000000,0.00000000,0.00000000,0.00000000,0.00000000,0.00000000,0.00000000,0.07830587,0.00894481,0.00000000,0.00000000,0.00000000,5.01271823,0.00000000,0.00000000,0.03224836,0.00000000,0.00000000,0.00000000,0.00000000,0.00000000,0.03129524,0.00000000,0.00397356,0.00000000,0.01996849,0.00000000,0.00307778,0.00000000,0.00000000,0.01302265,0.00000000,0.00000000,0.00000000,0.00000000,0.04759793,0.00000000,0.00000000,0.00000000,0.00000000,0.00000000,7.13768221,0.01972234,0.94006265,0.29946919,0.00215228,0.00000000,0.00000000,0.00000000,0.00000000,0.00000000,0.00000000,0.00000000,0.00000000,0.00000000,0.45066167,0.00000000,0.00000000,0.00000000,0.00000000,0.00000000,0.03689071,0.00946723,0.00438073,0.00000000,0.01416982,0.00000000,0.00167786,0.00000000,0.00000000,0.00000000,0.00000000,0.00000000,0.00347122,0.00000000,0.00507291,0.00000000,0.00000000,0.00000000,0.00000000,0.00150724,0.00000000,0.00000000,0.00000000,0.00000000
0.06235074,0.00000000,0.00000000,0.00000000,0.00000000,0.00000000,0.03827147,0.00000000,0.00000000,0.00000000,0.00000000,0.00000000,0.00000000,0.00055204,0.00088466,0.00097097,0.00000000,0.00000000,0.00000000,0.00000000,0.00000000,0.00000000,0.01168062,0.00284868,0.00000000,0.00000000,0.00330469,0.00000000,0.00564486,0.00000000,0.00000000,0.00000000,0.00000000,0.00000000,0.00981815,0.00814605,0.00000000,0.00525185,0.07801140,0.01316491,0.00440533,0.00000000,0.00000000,1.25438753,0.00271309,0.00000000,0.00000000,0.00000000,0.00000000,0.00000000,0.68506353,0.00000000,6.34953417,0.00000000,0.01169212,0.00000000,0.00628929,0.03341022,0.02488028,0.00000000,0.00000000,0.00000000,4.16358251,0.00000000,0.00000000,0.00000000,0.00000000,0.00000000,0.00000000,0.01350421,0.00000000,0.00000000,0.36786169,0.00000000,0.00000000,0.00000000,0.06180656,0.04123160,0.00000000,0.00000000,0.00000000,0.00000000,0.00000000,0.00000000,0.00000000,0.00000000,0.08785632,0.00000000,0.00000000,0.00000000,0.00000000,0.00000000,0.00000000,0.57942308,0.47669400,0.04514188,0.00000000,0.00000000,0.00000000,0.00000000,0.00000000,0.00000000,0.00000000,0.00000000,0.00000000,0.00000000,0.00000000,0.00000000,0.00000000,1.31922718,0.00000000,0.00249746,0.00000000,0.00534621,0.00000000,0.00000000,0.00000000,3.35204660,0.00000000,0.00335120,0.34538477,0.00000000,0.01110754,0.00000000,0.01243569,0.00000000,0.00000000,0.00000000,0.00000000,0.00000000,0.00000000,0.00000000,0.00000000,0.01483669,0.00000000
0.00000000,0.00000000,0.00345593,0.00361966,0.00000000,0.00000000,0.04883766,0.00000000,0.00000000,0.00000000,0.00000000,0.00000000,0.00000000,0.00000000,0.00000000,0.00812621,0.03151179,0.00000000,0.00854979,0.00000000,0.00065027,0.00738643,0.06131482,0.00000000,0.09849562,0.00000000,0.00000000,0.02933485,0.00000000,0.00824402,0.00000000,0.00000000,0.00000000,5.65936662,0.00000000,0.00000000,0.00000000,0.05137291,0.00000000,0.04771561,0.00000000,0.00525779,0.01057798,0.01708291,0.00000000,0.00000000,0.00000000,0.08065368,0.00000000,0.00000000,0.00000000,0.00000000,0.00000000,0.00000000,0.05304841,0.00000000,0.00000000,0.03856139,0.00779200,0.68799667,0.00000000,0.00000000,0.00000000,0.00000000,0.01081315,0.00000000,0.00852172,0.42321726,0.18774453,0.00000000,0.04883766,0.00000000,0.01467467,0.01383014,0.00000000,0.09709557,0.00000000,0.00000000,0.00000000,4.53814326,0.00000000,0.00000000,0.00000000,0.00000000,0.00000000,0.00000000,0.00000000,0.02723894,0.00000000,0.00000000,0.00000000,0.00000000,0.00000000,0.00000000,0.00000000,0.00569808,0.03212903,0.00000000,0.00000000,0.00000000,0.00000000,0.00000000,0.00000000,0.00000000,0.05668523,0.00000000,0.00000000,0.00000000,0.00000000,0.01120561,0.00000000,0.00000000,0.00000000,0.01333083,0.04626863,0.00000000,0.00000000,0.00000000,0.00000000,0.00000000,0.00000000,0.00000000,0.00516882,0.26300024,0.00000000,0.00653339,0.00000000,0.00000000,0.09251741,0.01286315,0.03500751,4.19917371,0.07085481,0.00000000,0.00551514
0.00000000,0.00000000,0.01416875,0.00252264,0.00000000,0.00802548,0.00000000,0.00101905,0.00000000,0.00000000,0.05122974,0.03605302,0.00000000,0.01207483,0.01382356,0.00000000,0.00000000,0.00000000,0.00000000,0.00000000,0.00000000,0.00000000,0.00000000,0.00000000,0.00950352,0.00000000,0.00410193,0.00000000,0.01607170,0.00194442,0.00000000,0.00000000,0.00000000,0.00000000,0.00000000,0.00327259,0.00000000,0.00693240,0.00000000,0.00000000,0.00000000,0.00490621,0.00000000,0.00000000,0.00000000,0.00000000,0.82801067,0.00000000,0.01138103,0.02804627,0.00369311,1.22872645,0.00000000,0.00000000,0.00000000,0.00000000,0.00000000,0.00000000,0.00000000,0.00000000,0.05168212,0.00000000,0.00000000,0.00000000,0.00000000,0.00000000,0.00000000,0.00000000,0.00346408,0.00159984,0.68731324,0.00000000,0.00000000,0.11227057,0.00482417,0.61344997,0.00000000,0.00000000,0.00580822,0.00000000,0.00000000,0.00000000,0.04759793,0.00000000,0.00000000,0.00000000,0.00000000,0.00000000,0.00000000,4.87656283,0.00000000,0.01656566,0.00000000,0.00322824,0.00000000,0.09326010,0.00000000,0.01037294,0.00808722,0.00000000,0.00000000,0.00000000,0.00162529,0.33703789,0.02466155,0.00000000,0.00000000,0.00000000,0.00000000,0.00000000,0.01970487,0.00000000,0.06751575,0.00000000,0.00399131,0.00000000,0.00000000,0.00000000,0.07119022,0.00221308,0.00000000,0.00000000,0.01135271,0.01207483,0.01906271,0.05030471,0.78717243,0.00000000,0.00000000,0.00000000,0.09349926,0.06593676,0.00000000,0.00000000,0.00000000
0.00000000,0.00000000,0.00000000,0.00000000,0.00000000,0.15518558,0.00000000,0.00000000,0.00000000,0.00000000,0.00000000,0.24188723,0.04514188,0.00000000,0.00000000,0.00000000,0.00000000,0.00000000,0.00458843,0.00000000,0.00000000,0.00000000,0.00000000,0.00000000,0.00000000,0.00000000,0.00000000,0.00363948,0.00000000,0.00000000,0.01311009,0.00000000,0.00000000,0.00000000,0.00000000,0.00000000,0.00000000,0.00000000,0.00000000,0.00000000,0.00000000,0.00000000,0.00000000,0.00000000,0.00000000,0.00000000,0.00000000,0.00000000,0.00000000,0.60362842,0.00000000,0.00000000,0.00000000,0.04260125,0.00000000,0.00000000,0.00000000,0.00000000,0.00000000,0.00000000,0.00000000,0.00000000,0.08613130,0.40724960,0.00000000,0.00000000,0.00430575,0.00000000,0.00000000,0.00000000,0.00000000,0.00215994,0.00000000,0.00000000,0.00000000,0.00000000,0.00000000,0.00000000,0.13836475,0.00000000,0.00000000,0.00000000,0.00000000,0.08785632,0.00000000,0.00000000,0.00000000,0.00000000,0.00000000,0.00000000,0.02115024,0.00000000,0.00000000,0.00000000,0.00000000,0.02718187,0.00000000,0.00000000,0.00000000,0.00000000,0.00000000,0.00000000,0.00000000,0.00000000,0.77153019,0.00000000,1.70480265,0.00000000,0.00055204,0.00000000,0.00000000,0.00000000,0.00000000,0.00000000,0.00000000,0.00000000,0.00000000,0.00000000,0.00000000,0.00000000,0.00000000,0.00000000,0.00000000,0.00300713,0.01072507,0.00000000,0.00097750,0.00000000,0.00000000,0.00000000,0.00000000,0.14046928,0.00000000,0.00000000,0.00000000
0.00000000,0.00000000,0.02123160,0.62533746,0.00000000,0.00000000,0.00000000,0.02656323,0.00482417,0.06180656,0.06764185,0.00000000,0.00000000,0.00300713,0.00000000,0.00000000,0.00000000,0.11631578,0.18241960,0.00282231,0.00000000,0.09447390,0.00000000,0.00000000,0.00000000,0.84485841,0.00000000,0.00000000,0.00000000,0.07814128,0.00000000,0.00000000,0.04472879,0.00000000,1.26210087,0.00000000,0.00000000,0.00000000,0.01938466,0.00000000,0.00680186,0.00000000,0.00000000,0.00128508,0.00000000,0.00000000,0.00000000,0.00000000,0.00000000,0.00122589,0.08215816,0.00000000,0.00000000,0.01361503,0.01580226,0.00000000,0.01848480,0.00000000,0.00000000,0.00000000,0.00000000,0.00000000,0.00000000,0.02397274,0.00000000,0.00000000,0.00000000,0.00000000,0.00000000,0.03827147,0.00341852,0.00000000,0.00000000,0.00000000,0.07228577,0.01077494,0.00000000,0.00000000,0.05460450,0.24057408,0.00360536,0.00000000,0.00000000,0.00000000,0.02723894,0.00000000,0.00000000,0.00000000,0.00000000,0.00000000,0.00000000,0.00000000,0.00000000,0.00000000,0.01221855,0.00000000,0.00964695,0.00000000,0.00000000,0.00000000,0.00000000,0.00264321,0.00000000,0.00847195,0.16739740,0.00000000,0.01955287,0.00000000,0.00000000,0.00000000,0.00000000,0.00307228,0.00000000,0.00000000,0.00000000,0.00000000,0.00000000,0.00000000,0.00000000,0.00000000,0.28706002,0.00000000,2.12739474,0.00000000,0.00000000,0.00000000,0.01349356,0.00000000,0.00000000,0.00000000,0.00196627,0.00000000,0.00000000,0.00000000,0.10770945
0.00000000,0.00000000,0.00000000,0.00000000,2.37987759,0.00000000,0.00000000,0.00000000,0.00000000,0.00197276,0.17259810,0.24057408,0.00000000,0.00000000,0.00000000,0.00000000,0.00000000,0.00124090,0.00000000,0.47269242,0.01070151,0.07148711,0.00000000,0.00000000,0.04068721,0.00000000,0.00000000,0.00000000,0.00000000,0.00000000,0.00000000,0.00000000,0.00000000,0.04220654,0.00000000,1.57239321,0.00000000,0.00000000,0.00000000,0.01998208,0.00000000,0.34321237,0.00000000,0.00000000,0.00000000,0.01566241,0.47025366,0.00402437,0.00000000,0.00000000,0.00930716,0.00000000,0.00000000,0.00000000,0.00000000,0.00000000,0.00000000,0.00000000,0.00000000,0.00000000,0.00000000,0.00000000,0.00000000,0.53192682,0.00000000,0.00000000,0.00320216,0.09607248,0.00000000,0.00000000,0.00000000,0.10694803,0.00000000,0.00000000,0.00000000,0.00000000,0.00000000,0.01862217,0.06764185,0.00000000,0.00000000,0.00000000,0.00000000,0.00000000,0.00000000,0.00000000,0.00000000,0.00000000,0.00000000,0.21689594,0.00000000,0.00000000,0.09200229,2.73736199,0.00000000,0.00000000,0.00000000,0.00000000,0.00000000,0.00000000,0.01285772,0.00000000,0.00000000,0.06331477,0.00332476,0.00000000,0.00000000,0.00000000,0.01388188,0.02458529,0.00000000,0.00000000,0.58562077,0.00000000,0.01895995,0.00554729,0.00000000,0.02163762,0.00000000,0.00000000,0.17945373,0.00000000,0.19577591,0.00000000,0.01316934,0.00000000,0.00000000,0.00000000,0.00794855,0.00000000,0.01382356,0.00000000,0.00000000,0.61878914,0.00000000
0.00000000,0.06741375,0.00000000,0.00000000,0.00164828,0.00000000,0.00000000,0.00000000,0.00000000,0.00000000,0.00000000,0.00000000,0.00000000,0.00000000,0.00000000,0.00000000,0.00185623,0.00000000,0.00575038,0.00000000,0.00572436,0.00000000,0.00000000,0.00000000,0.00000000,0.24967265,0.00000000,0.06191605,0.02947094,0.00000000,0.00000000,0.00000000,0.05752705,0.00000000,0.00359455,0.00341742,0.00000000,0.00000000,0.08978280,0.00000000,0.00000000,0.00000000,0.00000000,0.00501602,0.00000000,0.01760346,0.00225441,0.00000000,0.00000000,0.00000000,0.00182185,0.02138008,0.00000000,0.03151493,0.00000000,0.00109187,0.00000000,0.01615912,0.00000000,0.00000000,0.34921602,0.00000000,4.12348239,0.03448455,0.00000000,0.00000000,0.00000000,0.00000000,0.00000000,0.00000000,0.00000000,0.00000000,0.00000000,0.00000000,0.00000000,0.00000000,0.00000000,0.00000000,0.04728547,0.00000000,0.00000000,0.15759892,0.00000000,0.00000000,0.00000000,4.87656283,0.00000000,0.00000000,0.21689594,0.00000000,0.00000000,0.00000000,0.03512500,0.00000000,0.00000000,0.07067704,0.00000000,0.00000000,0.00000000,0.00000000,0.63216884,0.88964066,0.00645103,1.96824350,0.00000000,0.00257935,0.01394334,0.40596857,0.00000000,0.00000000,0.00000000,0.00000000,0.00000000,0.00000000,0.00000000,0.00000000,0.00000000,0.00290351,0.00733520,0.00000000,0.00000000,0.00000000,0.00000000,0.09442301,0.22034684,0.33259020,0.00000000,0.00000000,0.00000000,0.00000000,0.00088466,0.00000000,0.00000000,0.42430247,0.00000000
6.41054467,0.00000000,0.00000000,0.00000000,0.00000000,0.00000000,0.00000000,0.00000000,0.00000000,0.00000000,0.00000000,0.00000000,0.00000000,0.00000000,0.00000000,0.00000000,0.00000000,0.00000000,0.00000000,0.01592463,0.00000000,0.00000000,0.00000000,0.02197507,0.00000000,0.00000000,0.00000000,0.08660883,0.00000000,0.00000000,0.00000000,0.00000000,0.00317747,0.00000000,0.00000000,0.00000000,0.00000000,0.00000000,0.00000000,0.00000000,0.00000000,0.00000000,0.00000000,0.00121305,0.00771926,0.00000000,0.00000000,0.00000000,0.06055645,0.00000000,0.51316017,0.00000000,0.05201401,0.00000000,0.05546407,0.00000000,0.00000000,0.00000000,0.00000000,0.00000000,3.38542941,0.00000000,0.03359696,0.00000000,0.00551400,0.00000000,0.00577705,0.00000000,0.00000000,0.00000000,0.00746353,0.00000000,0.00000000,0.00000000,0.00000000,0.02045049,0.00000000,0.00000000,0.00000000,0.00000000,0.00000000,0.00000000,0.00000000,0.00000000,0.00000000,0.00000000,0.02115024,0.00000000,0.00000000,0.00000000,0.00000000,0.00000000,0.00000000,0.00000000,0.00000000,0.00289902,0.00000000,0.00198273,1.12950319,0.00000000,0.46762613,0.00000000,0.00000000,0.00000000,0.00000000,0.00000000,0.00000000,0.00000000,0.00000000,0.00000000,0.00000000,0.00000000,0.00000000,0.00812621,0.00821944,0.00492313,0.00000000,0.00097097,0.00993997,0.03300201,0.00444613,0.17736037,0.00000000,0.00000000,0.06060545,0.00000000,0.00646646,0.00000000,0.00000000,0.02954471,0.00000000,0.00000000,0.00000000,0.00308348,0.00000000
0.00310342,0.00000000,0.00000000,0.00000000,0.00000000,0.00000000,0.00000000,0.00000000,0.80081260,0.00000000,0.00000000,0.00000000,0.00000000,0.00000000,0.00000000,0.00000000,0.00000000,0.00000000,0.00000000,0.00000000,0.00000000,0.00102390,0.00935955,0.00000000,0.12254747,0.00390288,0.00900802,0.00000000,0.00000000,0.00000000,0.00000000,0.00000000,0.00000000,0.00000000,0.00166599,0.00000000,0.01141924,0.00000000,0.01922411,0.00000000,0.00000000,0.00000000,0.00000000,0.00457341,0.00000000,0.00000000,0.00185282,0.00000000,0.00000000,0.00000000,0.46595365,0.01181217,0.00000000,0.00000000,0.20632648,0.00000000,0.00000000,0.00000000,0.17492509,0.01175348,0.00000000,0.00000000,0.00000000,0.28637400,0.00000000,0.00000000,2.37987759,0.00000000,0.05576001,0.00000000,0.00336434,0.00000000,0.00000000,0.00000000,0.00676350,0.00000000,0.00000000,0.00379774,0.00000000,0.00000000,0.00000000,0.00000000,7.13768221,0.00000000,0.00000000,0.01656566,0.00000000,0.00000000,0.00000000,0.00000000,0.00000000,0.00000000,0.00138608,0.00000000,0.01023496,0.00000000,0.00000000,0.00000000,0.00000000,0.00000000,0.00000000,0.00000000,0.00000000,0.00687541,0.08550657,0.04208686,0.00000000,0.00397718,0.00000000,0.00000000,0.00185623,0.00284388,0.04413670,0.00000000,0.00000000,4.02862080,0.01522573,0.00000000,0.00000000,0.00268629,0.00000000,0.07723556,0.00000000,0.00000000,0.00000000,0.13088094,0.00000000,0.00000000,0.00000000,0.00000000,0.00000000,0.00000000,0.00000000,0.03151179,0.01827712
0.02488028,0.00000000,0.00000000,0.00000000,0.00000000,0.00000000,0.00000000,0.00000000,0.00000000,0.00000000,0.00000000,0.00000000,0.00150724,0.00000000,0.28706002,0.00000000,0.00000000,0.00000000,0.00000000,0.00000000,0.00000000,0.00000000,0.00643276,0.00000000,0.00000000,0.00421879,0.00000000,0.00000000,0.09541291,0.00000000,1.93090755,0.57349648,0.00000000,0.00000000,0.00000000,0.00000000,0.00000000,0.01923705,0.00000000,0.00000000,0.00000000,0.00000000,0.00000000,0.00000000,0.00000000,0.00000000,0.00000000,0.00000000,0.00000000,0.00000000,0.00000000,0.00000000,0.00000000,0.00000000,0.00000000,0.00000000,2.17950381,0.00000000,0.00000000,0.00000000,0.00000000,0.04725379,0.00000000,0.00000000,0.00000000,0.00000000,0.45387766,2.95935697,3.05545991,0.00000000,0.00000000,0.00000000,0.00000000,0.00000000,0.74567325,0.00000000,0.00000000,0.00000000,0.06033045,0.00346280,0.00000000,0.38507207,0.01972234,0.00000000,0.00000000,0.00000000,0.00000000,0.00000000,0.09200229,0.03512500,0.00000000,0.00138608,0.00000000,0.00000000,0.00000000,0.03143276,0.00000000,0.00000000,0.15629543,0.16366310,0.00490888,0.00000000,0.00000000,0.02716377,0.03333924,0.03813659,0.00000000,0.00634717,0.01279948,0.00000000,0.00000000,0.02641709,0.00478671,0.00000000,0.00989993,0.00000000,0.00000000,0.00401157,0.00000000,0.00000000,0.04652710,0.00000000,0.00000000,2.22210608,0.00000000,0.00961081,0.00000000,0.00000000,0.00000000,0.00000000,0.01957700,0.00000000,0.00000000,0.22150082,0.01648784
0.00000000,0.00000000,0.00000000,0.00000000,0.00000000,0.09942900,0.00000000,0.00000000,0.01253181,0.02908521,0.00000000,0.02005412,0.01416982,0.00000000,0.61878914,0.00000000,0.00000000,0.00000000,0.01515895,0.00000000,0.00000000,0.07266267,0.00000000,0.00000000,0.00000000,0.00000000,0.00000000,0.00000000,0.00345935,0.00959990,0.00859076,0.00479104,0.00640876,0.00000000,0.00000000,0.00000000,4.19892806,0.00172558,1.93772719,0.04393373,0.00000000,0.00000000,0.00000000,0.00000000,0.00000000,0.00000000,0.00000000,0.00000000,0.22707682,0.00000000,0.00000000,0.00000000,0.00000000,0.00000000,0.00000000,0.05008413,0.00000000,0.00000000,0.02940047,0.00000000,0.00000000,0.00162669,0.00000000,0.00162231,0.00000000,0.00000000,0.26155624,0.00000000,0.00000000,0.00000000,0.00000000,0.00000000,0.00000000,0.00000000,0.06826863,0.00000000,0.00000000,0.00000000,0.00000000,0.00000000,0.14773094,0.00000000,0.94006265,0.57942308,0.00000000,0.00322824,0.00000000,0.00000000,2.73736199,0.00000000,0.00000000,0.00000000,0.00000000,0.00000000,0.00000000,0.00000000,0.00000000,0.00124090,0.00000000,0.00000000,0.11767960,0.00000000,0.06268153,0.00000000,0.00000000,0.00000000,0.00000000,0.00324756,0.00000000,0.00000000,0.11631578,0.00000000,0.02967055,0.00000000,0.00000000,0.00000000,0.00000000,0.00107319,0.00000000,0.00000000,2.27336985,5.33384985,0.00132462,0.00000000,0.00000000,0.00000000,0.00000000,0.00000000,0.00000000,0.02401321,0.00000000,0.11558220,0.00000000,0.00000000,0.00000000
0.00353823,0.00000000,0.00000000,0.00000000,0.00336991,0.00000000,0.00000000,0.00000000,0.00000000,0.00000000,0.00000000,0.00000000,0.00000000,0.00000000,0.00000000,0.00000000,0.00000000,0.00000000,0.01610857,0.00000000,0.00000000,0.00000000,0.00000000,0.00000000,0.00645594,0.00000000,0.01369214,0.06315406,0.00000000,0.00000000,0.00000000,0.00000000,0.00000000,0.00000000,0.00874453,0.00000000,0.00000000,0.00000000,0.00000000,0.00000000,0.00000000,0.00000000,0.00000000,0.00000000,3.06435318,0.04480220,0.00000000,0.00000000,0.00485161,0.04910993,0.00000000,0.00000000,0.00000000,0.00000000,0.00000000,0.00000000,0.00000000,0.00000000,0.00000000,0.00000000,0.01792301,0.00000000,0.00000000,0.00000000,0.00000000,0.00000000,0.00000000,0.00406557,0.00000000,0.00000000,0.12195119,0.00000000,0.00651583,0.00000000,0.08092115,0.00000000,0.00000000,0.00000000,0.03743475,0.00000000,0.00000000,0.00000000,0.29946919,0.47669400,0.00000000,0.00000000,0.00000000,0.01221855,0.00000000,0.00000000,0.00000000,0.01023496,0.00000000,0.00000000,0.00000000,0.00000000,0.06755984,0.00000000,0.00379053,0.00000000,0.00000000,0.00000000,0.00000000,0.00000000,0.00000000,0.00000000,0.00000000,0.00000000,0.00000000,0.00000000,0.00000000,0.00000000,0.00000000,0.08144895,0.00000000,0.00000000,0.00000000,0.00000000,0.00000000,0.00000000,0.00000000,0.00507301,0.00000000,0.00000000,0.14794142,0.00000000,0.00000000,0.00000000,0.00081708,0.00000000,0.00000000,0.00000000,0.00000000,0.00000000,0.00000000
0.00000000,0.00000000,0.03359696,0.02561066,0.00487598,0.00000000,0.02763444,0.00000000,0.00000000,0.00000000,0.00000000,0.02954029,0.00000000,0.02115024,0.01285772,0.00000000,0.00000000,0.08144895,0.00000000,3.65083539,0.00000000,0.00000000,0.00000000,0.00000000,0.30408387,0.00000000,0.00000000,4.83244387,0.00000000,0.00000000,0.00000000,0.06143043,0.00000000,0.00000000,0.00000000,0.00000000,0.00000000,0.00000000,0.00000000,0.00000000,0.00000000,0.00904186,0.12410900,0.00000000,0.00000000,0.00000000,0.00000000,0.00000000,0.00000000,0.00000000,0.00000000,0.01875768,0.00000000,0.00000000,0.00000000,0.00000000,0.00205864,0.00000000,0.00000000,0.00000000,0.00000000,0.00000000,0.02123160,0.00000000,0.00000000,0.00000000,0.00000000,0.00000000,0.00000000,0.00000000,0.00000000,0.00000000,0.00000000,0.00000000,0.00000000,0.00000000,0.00000000,0.00000000,0.02572716,0.00000000,0.00000000,0.25048663,0.00215228,0.04514188,0.00569808,0.09326010,0.02718187,0.00000000,0.00000000,0.07067704,0.00289902,0.00000000,0.03143276,0.00000000,0.00000000,0.00000000,0.00000000,0.00000000,0.00000000,0.00573897,0.00000000,0.00778743,0.00000000,0.00000000,0.00000000,0.36024611,0.00000000,0.00000000,0.00000000,0.55618966,0.00000000,0.00000000,0.00000000,0.00000000,0.01279084,0.00000000,0.00000000,0.00000000,0.24448213,0.00000000,0.00000000,0.00000000,0.00000000,0.00176303,0.00000000,0.00000000,0.01051296,0.04200316,0.00000000,3.46586942,0.00000000,0.11090171,0.00000000,0.00000000,0.00000000
0.00000000,0.00598040,0.00000000,0.00000000,0.25077865,3.05545991,0.00000000,0.00000000,0.74567325,0.00000000,0.00200918,0.01719046,0.00000000,0.01970487,0.00000000,0.00000000,0.15629543,0.36024611,0.00000000,0.00000000,0.00000000,0.00000000,0.00071362,0.00000000,0.22290378,0.00000000,0.00000000,5.15173449,0.00000000,0.00000000,0.00000000,0.00000000,0.00000000,0.00408412,0.00000000,0.00000000,0.00000000,0.00000000,0.00000000,0.00000000,0.24990124,0.00578303,0.00000000,0.00000000,0.00000000,0.00000000,0.02053984,0.00000000,1.33747798,0.00622667,0.00000000,0.12823800,0.00000000,0.00000000,0.00000000,0.00309430,0.00000000,0.00000000,0.00502019,0.00000000,0.00000000,0.00000000,3.36405503,0.02552003,0.00000000,0.00542187,0.00000000,0.00000000,0.00000000,0.00000000,0.00000000,0.01475834,0.00411311,0.00000000,0.00000000,0.00000000,0.03238164,0.00000000,0.00000000,0.00000000,0.00000000,0.00000000,0.00000000,0.00000000,0.03212903,0.00000000,0.00000000,0.00964695,0.00000000,0.00000000,0.00000000,0.00000000,0.00000000,0.00000000,0.06755984,0.00000000,0.00000000,0.00000000,0.00000000,0.00000000,0.00000000,0.00000000,0.00000000,0.00000000,0.00000000,1.15226686,0.19697439,0.00000000,0.00000000,0.00000000,0.00000000,0.00000000,0.09626272,0.00000000,0.00000000,0.00000000,0.09750370,0.00000000,3.24916425,0.00000000,0.00000000,0.00000000,0.00000000,0.00000000,0.01262336,0.00000000,0.00000000,0.00000000,0.00000000,0.00000000,0.00000000,0.00000000,0.00000000,0.00000000,0.00000000
0.00000000,3.38542941,0.00000000,0.00000000,0.00000000,0.03740433,0.00000000,0.07774351,0.00000000,0.00998413,0.00000000,0.00000000,0.00000000,0.00000000,0.00000000,0.00000000,0.00490888,0.00573897,0.00000000,0.00000000,0.00819045,0.00079942,0.00000000,0.00534836,0.00000000,0.00000000,0.00000000,0.00000000,0.46302332,0.00000000,0.45052701,0.00000000,0.00000000,0.00000000,0.00000000,0.00000000,0.00000000,0.01254982,0.00000000,0.00000000,0.00000000,0.57526480,0.00000000,0.00000000,0.82716575,0.00000000,0.12226589,0.00000000,0.00000000,4.98909685,0.00107872,0.00000000,0.00000000,0.00000000,0.00000000,0.00000000,0.00000000,0.00000000,0.00000000,0.00513184,0.00000000,0.00000000,0.00000000,0.00000000,0.00000000,0.00725352,0.25077865,0.00000000,0.07410337,0.00000000,0.00000000,0.00000000,0.00000000,0.00000000,0.00000000,0.00208710,0.00000000,0.00000000,0.00000000,0.00000000,0.00000000,3.40519568,0.00000000,0.00000000,0.00000000,0.01037294,0.00000000,0.00000000,0.00000000,0.00000000,0.00198273,0.00000000,0.00000000,0.00124090,0.00000000,0.00000000,0.00000000,0.00000000,0.44312318,0.00000000,0.00000000,0.00000000,0.00000000,0.00000000,0.00000000,0.00000000,0.00000000,0.00000000,0.00000000,0.00000000,0.00000000,0.00000000,0.00000000,0.00000000,0.00000000,0.00000000,0.00000000,0.00000000,0.00322650,0.00000000,0.00000000,0.00000000,0.00854979,0.05951568,0.00000000,2.74984316,0.00000000,0.00000000,0.00000000,0.00000000,0.00000000,0.00000000,0.00000000,0.00000000,0.00000000
0.00000000,0.00000000,0.00000000,0.00000000,0.00542187,0.07410337,0.00000000,0.00000000,0.00000000,0.00000000,0.00000000,0.09350388,0.00000000,0.00000000,0.00000000,0.00000000,0.00000000,0.01279084,3.24916425,0.01089143,0.00000000,0.00901485,0.00000000,0.00000000,0.00240764,0.00000000,0.00000000,0.00000000,0.00000000,0.04753740,0.00000000,0.01061474,0.00000000,0.00000000,0.00000000,0.06971002,0.00000000,0.28607143,0.00090511,0.04229627,0.00000000,0.00000000,0.00307083,0.00000000,0.05057216,0.00000000,0.00000000,0.00000000,0.00000000,0.00343871,0.00000000,0.00000000,0.00000000,0.00522897,0.00000000,0.00000000,0.00000000,0.00000000,0.30761848,0.00000000,0.19800732,0.00636636,0.02987751,0.00906917,0.00000000,0.01566031,0.00000000,0.00000000,0.00000000,0.00000000,0.02763444,0.00000000,0.00000000,0.00749557,0.00000000,0.00000000,0.00645781,0.55670141,0.00000000,0.00000000,0.00000000,0.00000000,0.00000000,0.00000000,0.00000000,0.00808722,0.00000000,0.00000000,0.00000000,0.00000000,1.12950319,0.00000000,0.15629543,0.00000000,0.00379053,0.00000000,0.00000000,0.44312318,0.00000000,0.00000000,0.00000000,0.00000000,0.00000000,0.00000000,0.00000000,0.00447385,0.01610857,0.00000000,0.00000000,0.00000000,0.00000000,0.00417733,0.00000000,0.00000000,0.00253067,0.00000000,0.00000000,0.00000000,0.00000000,0.00000000,0.00472433,0.00000000,0.00000000,0.00000000,0.00000000,0.00000000,0.00000000,0.01344067,0.00000000,0.00000000,0.00874299,0.01162967,0.00000000,0.00000000,0.00000000
0.00410486,0.05168212,0.00000000,0.00000000,0.00000000,0.00000000,0.01083933,0.01801248,0.00000000,0.00000000,0.00692736,0.00773882,0.00000000,0.00000000,0.19577591,0.00821944,0.00284388,0.00000000,0.00000000,0.00000000,0.00000000,0.01276267,0.00197035,0.00000000,0.00000000,0.00454309,0.00000000,0.00000000,0.00000000,0.00000000,0.06310624,0.00000000,0.01315520,0.00000000,0.00000000,0.00000000,0.00000000,0.00000000,0.03378453,0.00000000,0.00000000,0.04078786,0.00000000,0.00000000,1.08908454,0.08943055,0.00000000,0.00000000,0.00000000,0.00000000,0.00000000,0.00000000,0.00000000,0.03063439,0.00000000,0.00673189,0.00000000,0.00000000,0.00000000,0.00000000,0.00000000,0.00000000,0.02808544,0.16486210,0.00000000,0.00000000,0.00164828,0.02252332,0.01353664,0.00000000,0.04011816,0.00000000,0.29963257,0.00000000,0.00000000,0.00000000,0.12126958,0.00000000,0.00000000,0.00000000,0.11982957,0.00000000,0.00000000,0.00000000,0.00000000,0.00000000,0.00000000,0.00000000,0.00000000,0.00000000,0.00000000,0.00000000,0.16366310,0.00000000,0.00000000,0.00573897,0.00000000,0.00000000,0.00000000,0.00000000,0.00000000,0.01447105,0.05082928,0.18241960,0.10613925,0.00000000,0.00000000,4.34729383,0.00000000,0.00000000,0.01515895,0.01028613,0.00000000,0.00000000,0.00000000,0.00000000,0.02511985,0.00000000,0.00000000,0.00673152,0.00294960,0.00000000,0.00000000,0.00000000,0.00274161,0.00000000,0.22320375,0.00000000,0.00000000,0.00000000,0.00000000,0.49434974,0.02260684,0.00000000,0.03430821
0.00000000,0.00000000,0.13307576,0.00000000,0.00000000,0.00000000,0.14432744,0.29963257,0.00000000,0.00653424,0.00000000,0.00000000,0.00000000,0.00000000,0.00000000,0.00000000,0.00478671,0.00000000,0.00000000,0.00000000,0.03215123,0.00000000,0.00000000,0.00288832,0.00000000,9.58837130,0.00000000,0.00669267,0.00000000,0.00000000,0.04585043,0.00000000,0.00000000,0.00000000,0.00119114,0.02209116,0.06441518,0.00000000,0.00983513,0.00000000,0.00000000,0.00000000,0.00000000,0.00000000,0.56817806,0.00000000,0.00000000,0.00000000,0.00662995,0.00000000,0.00000000,0.00277967,0.00000000,0.00000000,0.00000000,0.05480925,0.16801094,0.00000000,0.00000000,0.00868957,0.00000000,0.00000000,0.00000000,0.00000000,0.00000000,0.00000000,0.00219626,0.01677070,0.00000000,0.00000000,0.00000000,0.00000000,0.00000000,0.00000000,0.00919004,0.00000000,0.00000000,0.00000000,0.00491341,0.00000000,0.42903217,0.00000000,0.00000000,0.00000000,0.00000000,0.00000000,0.00000000,0.00000000,0.01285772,0.63216884,0.46762613,0.00000000,0.00490888,0.11767960,0.00000000,0.00000000,0.00000000,0.00000000,0.00000000,0.00000000,0.00000000,0.00000000,0.00000000,0.08247692,0.00000000,0.00000000,0.03420392,0.00000000,0.00000000,0.00000000,0.00000000,0.00000000,0.00000000,0.00000000,0.00000000,0.00000000,0.00000000,0.00000000,0.00000000,0.00458843,0.00000000,0.00000000,0.00000000,0.00000000,0.00000000,0.00000000,0.00000000,0.00000000,0.41455197,0.00000000,0.00000000,0.06826542,0.00000000,0.47269242,0.00575038
0.00000000,0.06077324,0.00000000,4.16358251,0.00000000,0.00000000,0.00000000,0.00000000,0.00000000,0.00000000,0.00000000,0.00000000,0.45066167,0.00000000,0.00000000,0.00000000,0.00000000,0.00000000,0.00000000,6.84756930,0.01774773,0.00000000,0.00000000,0.03169945,0.00000000,0.00000000,0.00000000,0.00000000,0.00843105,0.00000000,0.00000000,0.01001274,0.02585001,0.00000000,0.00000000,0.00000000,0.00000000,0.00000000,0.00216631,0.00000000,0.17515793,0.00000000,0.00075739,0.00000000,0.00095602,2.81040302,0.00038612,0.22432431,0.24082169,0.02465587,0.00000000,0.00000000,0.00000000,0.06743397,0.00000000,0.22033085,0.00000000,0.00000000,0.90262805,0.00000000,0.00955197,0.00488391,0.00000000,0.00000000,0.00175058,0.04106716,0.00000000,0.00000000,0.09942900,0.00000000,0.00000000,0.30110946,0.01525943,0.00183623,0.00000000,0.00000000,0.00000000,0.00000000,0.00000000,0.03128504,1.09242456,0.67425296,0.00000000,0.00000000,0.00000000,0.00000000,0.00000000,0.00264321,0.00000000,0.88964066,0.00000000,0.00000000,0.00000000,0.00000000,0.00000000,0.00778743,0.00000000,0.00000000,0.00000000,0.01447105,0.00000000,0.00000000,0.00000000,0.00000000,0.23876114,0.04111098,0.00000000,0.03531484,0.00000000,0.06926774,0.01347676,0.00000000,0.00000000,0.66776551,0.00000000,5.16133092,0.00000000,0.00000000,0.03011138,0.00000000,0.11619052,0.00000000,0.00938239,0.00000000,0.00000000,0.00000000,0.07836084,0.00000000,0.00000000,0.11914324,0.00000000,0.00000000,0.00000000,0.00000000,0.00000000
0.00000000,0.00000000,0.01957981,0.00000000,5.01695939,0.00000000,0.00000000,0.00000000,0.00000000,0.00000000,0.00000000,0.00000000,0.00000000,0.00000000,0.00000000,0.07067704,0.00000000,0.00000000,0.00000000,0.00000000,0.00000000,0.00000000,0.00000000,0.00000000,0.00000000,0.17160801,0.00000000,0.88567541,0.00000000,0.00000000,0.00000000,0.12513828,0.02862821,2.75698631,0.00000000,0.00000000,0.00000000,0.00000000,0.00000000,0.00000000,0.00000000,0.00756331,0.00000000,0.00107988,0.00000000,0.06947832,0.00266068,3.83828464,0.00000000,0.00225274,1.93816438,0.00000000,0.00000000,0.18825294,0.00000000,0.00000000,1.18696517,0.00000000,0.00000000,0.06741375,0.00132756,0.00000000,0.00000000,0.00000000,0.06117788,0.00331694,0.00000000,0.01288549,0.00000000,0.00000000,0.00000000,0.00000000,0.00000000,0.11795091,0.00068043,0.02165730,0.00000000,0.00000000,0.00917746,0.00000000,0.19908306,0.00900943,0.00000000,0.00000000,0.00000000,0.00162529,0.00000000,0.00000000,0.00000000,0.00645103,0.00000000,0.00000000,0.00000000,0.06268153,0.00000000,0.00000000,0.00000000,0.00000000,0.00000000,0.05082928,0.00000000,0.00000000,0.00000000,0.00608653,0.00000000,0.00000000,0.27396437,0.00000000,0.00000000,0.03152349,0.29447137,0.00000000,0.00000000,0.00000000,0.00000000,0.00000000,2.99759723,0.00419532,0.00000000,0.00000000,0.00282231,0.01325615,0.00000000,0.00000000,0.00594267,0.00319975,0.00704428,0.00000000,0.00000000,4.38573199,0.00514621,0.00000000,0.03099144,0.00000000,0.00000000
0.00000000,0.00000000,0.00000000,0.95504515,0.00304010,0.00000000,0.09268163,0.00000000,0.00000000,0.00000000,2.66820005,0.00000000,0.00000000,0.02466155,0.00000000,0.00289902,0.04652710,0.00000000,0.00000000,2.99759723,0.00000000,0.10268588,0.00000000,0.10465822,0.00672762,0.00000000,0.00000000,0.00000000,0.00000000,0.00000000,0.00000000,0.00000000,0.00000000,0.01562461,0.00000000,0.00000000,0.00000000,0.19277026,0.00000000,0.00000000,0.01190819,0.00000000,0.00000000,0.00000000,4.57327982,0.00000000,0.00000000,0.00000000,0.00632747,0.00000000,0.00000000,0.00000000,0.20322490,0.00324687,0.00758841,0.00000000,0.00000000,0.00000000,0.00000000,0.00000000,0.00000000,0.06276245,0.00000000,0.00000000,0.00000000,0.00000000,0.15518558,0.00000000,0.00000000,0.00000000,0.00000000,0.00000000,0.00000000,0.01253181,0.00000000,4.38682054,0.00000000,0.00000000,0.00000000,0.00000000,0.04475237,0.00000000,0.00000000,0.00000000,0.00000000,0.33703789,0.00000000,0.00847195,0.06331477,1.96824350,0.00000000,0.00687541,0.02716377,0.00000000,0.00000000,0.00000000,0.00000000,0.00000000,0.00000000,0.18241960,0.08247692,0.00000000,0.00608653,0.00000000,0.01089143,0.00000000,0.00000000,0.00000000,0.00000000,0.00000000,0.00000000,0.00000000,3.65083539,0.00820151,5.51195011,0.00000000,0.00000000,0.00000000,3.63969710,0.00000000,0.10019681,0.00000000,0.00000000,0.00000000,0.00000000,0.01592463,0.00000000,0.00000000,0.00000000,0.12639192,0.00000000,0.83214495,0.04597548,0.00000000,0.00000000
0.00000000,0.00000000,0.00000000,0.00906917,4.33619763,0.00000000,0.00000000,0.00000000,0.00000000,0.00208710,0.00000000,0.00000000,0.01110754,0.00000000,0.00000000,0.00000000,0.00000000,0.00000000,0.00000000,0.01325615,0.01891224,0.00000000,0.00000000,0.00275287,0.18579926,0.00000000,0.00000000,0.00000000,0.00000000,0.00000000,0.01077236,0.00000000,0.00000000,0.00000000,0.00000000,0.00000000,0.07650004,0.00000000,0.00000000,0.00115497,0.00000000,0.00000000,0.01018408,0.00000000,0.00000000,0.00000000,0.00000000,0.00000000,0.00000000,0.00000000,0.72151994,0.01182772,0.03530429,0.00000000,0.00000000,0.00000000,0.05589245,0.00000000,0.00000000,0.00000000,0.27480892,0.01599531,0.00000000,0.00546924,0.00081374,0.00000000,0.00000000,0.00000000,0.02048458,0.00000000,0.00000000,0.00000000,0.60059936,0.18452214,0.00000000,0.00000000,0.00000000,0.00000000,0.00000000,0.00692736,0.00000000,0.02954029,0.00000000,0.00000000,0.05668523,0.02466155,0.77153019,0.16739740,0.00332476,0.00000000,0.00000000,0.08550657,0.03333924,0.00000000,0.00000000,0.00000000,0.00000000,0.00000000,0.00000000,0.10613925,0.00000000,0.23876114,0.00000000,0.01089143,0.00000000,0.00000000,0.00000000,0.00324886,0.00000000,0.00000000,0.00000000,0.04009187,0.17643036,0.00000000,0.00000000,0.44309654,0.00000000,0.00572436,0.00732495,0.00000000,1.44790431,0.01431257,6.84756930,0.07570150,0.00000000,0.00000000,0.00000000,0.00000000,0.00000000,0.00000000,0.00704941,0.00000000,0.00000000,0.00000000,0.00000000
0.03062025,0.00000000,0.00000000,0.01957452,0.00000000,0.00000000,0.00000000,0.00000000,0.00000000,0.00000000,0.00000000,0.00000000,0.00000000,0.00000000,0.00000000,0.00308348,0.00000000,0.00132462,0.00000000,0.00000000,0.00000000,0.00000000,0.00148162,0.00000000,0.00256779,0.00000000,0.00000000,0.03601067,0.00000000,0.00000000,0.00000000,0.00000000,0.00000000,0.00000000,0.00000000,0.00000000,0.00000000,0.00000000,0.00000000,0.00000000,0.00000000,0.00000000,0.00000000,0.00000000,0.00000000,0.00000000,0.00000000,0.00000000,0.17496811,0.00000000,0.00000000,0.00000000,0.00000000,0.00000000,0.00000000,0.00000000,0.00000000,0.00000000,0.00000000,0.00000000,0.00000000,0.00000000,0.00000000,0.00000000,0.00793363,0.00345259,0.00000000,0.00000000,0.00000000,0.00000000,0.00000000,0.00000000,0.01696055,0.00000000,0.00000000,0.00000000,0.00394302,0.00000000,0.00252657,0.03650088,0.03605302,0.00000000,0.45066167,0.00000000,0.00000000,0.00000000,0.00000000,0.00000000,0.00000000,0.00257935,0.00000000,0.04208686,0.03813659,0.00000000,0.00000000,0.36024611,1.15226686,0.00000000,0.00447385,0.00000000,0.00000000,0.04111098,0.00000000,0.00000000,0.00000000,0.00000000,0.68369114,0.24693230,0.00000000,0.00000000,0.04536248,0.00000000,0.00000000,0.00000000,0.00065027,0.00000000,0.00000000,0.00000000,0.00000000,0.00000000,0.00000000,0.00000000,0.00000000,0.00000000,0.01070151,0.01383436,0.00000000,0.00000000,0.00000000,0.00000000,0.00000000,0.00000000,0.00000000,0.00000000,0.00000000
0.00000000,0.00000000,0.00000000,0.03090655,0.00000000,0.00000000,0.00000000,0.00000000,0.00000000,0.00000000,0.00000000,0.00000000,0.00000000,0.00000000,0.00000000,0.00000000,0.00000000,0.06755984,0.00000000,0.29447137,3.22631157,0.04819810,0.01504001,0.07237376,0.00000000,0.21433951,0.00142112,0.00000000,0.00000000,0.02550378,0.00000000,0.00533947,0.00000000,0.00000000,0.07530831,0.02665251,0.62868749,0.00000000,0.00000000,0.00000000,0.00000000,0.00000000,0.00000000,0.00000000,0.00000000,0.00000000,0.00000000,0.00000000,0.00000000,0.00000000,0.00000000,0.00000000,0.00000000,0.00000000,0.00000000,0.04798351,0.00000000,0.00000000,0.00000000,0.00000000,0.00000000,0.00000000,0.00000000,0.00000000,0.00000000,0.10156837,0.02137012,0.00363378,0.00000000,0.01321486,0.00000000,0.01638011,0.00000000,0.00000000,0.00000000,0.00000000,0.00000000,0.04612441,0.00000000,0.00000000,0.00000000,0.00000000,0.00000000,0.00000000,0.00000000,0.00000000,1.70480265,0.01955287,0.00000000,0.01394334,0.00000000,0.00000000,0.00000000,0.00000000,0.00000000,0.00000000,0.19697439,0.00000000,0.01610857,0.00000000,0.03420392,0.00000000,0.27396437,0.00000000,0.00000000,0.68369114,0.00000000,0.00000000,0.00819045,0.00419844,0.00000000,0.00000000,0.00000000,0.00000000,0.04308062,0.00000000,0.00000000,0.00000000,0.03084777,0.00000000,0.00000000,0.00000000,0.00000000,0.00000000,0.00000000,3.22631157,0.00000000,0.00000000,0.00000000,2.39991688,0.00000000,0.00000000,0.00000000,0.00000000,0.00000000
0.00000000,0.00000000,0.00000000,0.00000000,0.00000000,0.00661053,2.33638077,0.00535498,0.01771012,0.00570653,0.00000000,0.00000000,0.00000000,0.05030471,0.00307228,0.46762613,0.00000000,0.00000000,0.00000000,0.07570150,0.00000000,0.00216720,0.00000000,0.16745402,0.02957221,0.00000000,0.17408385,0.00000000,0.05089671,0.00000000,0.00000000,0.00000000,0.01300796,5.06623897,0.00000000,0.00000000,0.03495644,0.00000000,0.00000000,0.00646614,0.00000000,0.00000000,0.00000000,0.00000000,0.00000000,0.00000000,0.00000000,0.00000000,1.37873772,0.00000000,0.00000000,0.00000000,0.00000000,0.00000000,0.00000000,0.00000000,0.00000000,0.00000000,0.00000000,0.00000000,0.00000000,6.34278435,0.00000000,0.00000000,0.00000000,0.00000000,0.02472629,0.00802548,0.00000000,0.07489333,0.00000000,0.00535498,1.04411665,0.00208682,0.00000000,0.00000000,0.00000000,0.38269818,0.00000000,0.00233992,0.00000000,0.00581245,0.00000000,0.00000000,0.00000000,0.00000000,0.00000000,0.00000000,0.00000000,0.40596857,0.00000000,0.00397718,0.00634717,0.00324756,0.00000000,0.00000000,0.00000000,0.00000000,0.00000000,4.34729383,0.00000000,0.03531484,0.00000000,0.00000000,0.00324886,0.24693230,0.00000000,0.00000000,0.00000000,0.00000000,0.00000000,0.01891224,0.00000000,0.00000000,0.00000000,0.00000000,0.00000000,0.00771307,0.00000000,0.00000000,0.00000000,0.07256865,0.01774773,0.00000000,0.00000000,0.00000000,0.03215123,0.00128666,0.00000000,0.00000000,0.00000000,0.00000000,0.00000000,0.00000000,0.00000000
0.00000000,0.00142990,0.00000000,0.00000000,0.02472629,0.00376085,0.00000000,0.00000000,0.00000000,0.04019076,0.03743475,0.00900943,0.00000000,0.00000000,0.00000000,0.00000000,0.00000000,0.00000000,0.00000000,0.00000000,0.00000000,0.00000000,0.02675993,0.00909315,4.77031389,0.00000000,5.33843291,0.00000000,0.00000000,0.00000000,0.00000000,0.00000000,0.74183773,0.02750019,0.00772438,0.00000000,3.67367559,0.00000000,0.00674079,0.00000000,0.00000000,0.00000000,0.00000000,0.00971313,0.00000000,0.15532507,0.00000000,0.00903460,0.00792963,0.07397721,0.04231003,0.00000000,0.00000000,0.00000000,0.13390056,0.00000000,0.00000000,0.00000000,0.00000000,0.00000000,0.00000000,0.05235829,0.00000000,0.00000000,0.00000000,0.00000000,0.00000000,0.00000000,0.00000000,0.00000000,0.01053621,0.03131970,0.00278132,0.00000000,0.00000000,0.00000000,0.00000000,0.00000000,0.00000000,0.00000000,0.00000000,4.14000457,0.00000000,0.00000000,0.00000000,0.00000000,0.00055204,0.00000000,0.01388188,0.00000000,0.00000000,0.00000000,0.01279948,0.00000000,0.00000000,0.00000000,0.00000000,0.00000000,0.00000000,0.00000000,0.00000000,0.00000000,0.00000000,0.00000000,0.00000000,0.00000000,0.00819045,0.00000000,0.00000000,0.00000000,0.00000000,0.00000000,0.00000000,0.00000000,0.00256968,0.07115076,0.00000000,0.00963619,0.00000000,0.00000000,0.00000000,0.00000000,0.00000000,0.00000000,0.00337293,0.00000000,0.16706130,0.00000000,0.00000000,0.07343788,0.00000000,0.00000000,0.00000000,0.00000000,0.00000000
0.00894481,0.05302346,0.00000000,0.00000000,0.00000000,0.00000000,0.00000000,0.00000000,0.00000000,0.00000000,0.00000000,0.00000000,0.00000000,0.00000000,0.00000000,0.00257935,0.16366310,0.11090171,0.00000000,0.00514621,0.00419844,0.00000000,0.00000000,0.02217108,0.00000000,0.00000000,0.00000000,0.00000000,0.00000000,0.00394434,0.00000000,0.00197439,0.00000000,0.00000000,0.00000000,0.00000000,0.00000000,0.00100747,0.00000000,0.00000000,0.49767475,0.00380769,0.00000000,0.01395493,0.00000000,0.00000000,0.00000000,0.00000000,0.00000000,0.00000000,0.00881258,0.00000000,0.00000000,0.00000000,0.00000000,0.01759113,0.00000000,0.00000000,0.00000000,0.01523140,0.00000000,0.00000000,0.00000000,0.34607222,0.00000000,0.00000000,0.00000000,0.01483675,0.00000000,0.00000000,0.00000000,0.00879923,0.00000000,0.02203524,0.00000000,0.00197276,0.00000000,0.00000000,0.00000000,0.00000000,0.00000000,0.00000000,0.00000000,1.31922718,0.01120561,0.00000000,0.00000000,0.00000000,0.02458529,0.00000000,0.00000000,0.00000000,0.00000000,0.00000000,0.00000000,0.55618966,0.00000000,0.00000000,0.00000000,0.00000000,0.00000000,0.06926774,0.03152349,0.00000000,0.00000000,0.00000000,0.00419844,0.00000000,0.00000000,0.00000000,0.00000000,0.55788048,0.00000000,0.00000000,0.00000000,0.00000000,0.00548043,0.00000000,0.00000000,0.00000000,0.00355666,1.79683932,0.00000000,0.00000000,0.00000000,0.01048271,0.00000000,0.00000000,0.00000000,0.25228913,0.01412590,0.00000000,0.00000000,0.02674882,0.00000000
0.00000000,0.00000000,0.00000000,0.00000000,0.00000000,0.00000000,0.00207085,0.00000000,0.00000000,0.00000000,0.07191107,0.00000000,0.00000000,0.00000000,0.00000000,0.00000000,0.00000000,0.00000000,0.00000000,0.00704428,0.00000000,2.07955793,0.00000000,0.00431850,0.01832867,0.00000000,0.00555852,0.37346438,0.36641676,0.00000000,0.00548004,0.00000000,0.01301122,0.00000000,0.00501595,0.00000000,0.00000000,0.00000000,0.00000000,0.00000000,0.00000000,0.01179335,0.05553246,0.00000000,0.00205826,0.63673574,0.00000000,0.00000000,0.00000000,0.00000000,0.00000000,0.00000000,0.00000000,0.00336367,0.00000000,0.00000000,0.00269371,0.00000000,0.00000000,0.10560286,0.00000000,0.00000000,0.00000000,0.00000000,0.00529958,0.00000000,0.00000000,0.00000000,0.00000000,0.01083933,0.07186021,0.00000000,0.00000000,0.00000000,4.33404898,0.00000000,0.02908521,0.00000000,0.00000000,0.00000000,0.24188723,0.00000000,0.00000000,0.00000000,0.00000000,0.01970487,0.00000000,0.00000000,0.00000000,0.00000000,0.00000000,0.00185623,0.00000000,0.11631578,0.00000000,0.00000000,0.00000000,0.00000000,0.00000000,0.01515895,0.00000000,0.01347676,0.29447137,0.00000000,0.00000000,0.04536248,0.00000000,0.00000000,0.00000000,0.00000000,0.00000000,0.00000000,0.00000000,0.00000000,0.00000000,5.14178953,0.05466408,0.00000000,0.01276267,0.00000000,0.00000000,0.00000000,0.00000000,0.00000000,0.01164283,0.10127142,4.57909125,0.00000000,0.00000000,0.00000000,0.00610951,0.00000000,0.09447390,0.00000000,0.00000000
1.58017272,0.00000000,0.00162669,0.00000000,0.00000000,0.00000000,0.01136308,0.00000000,0.00000000,0.00000000,5.47666031,0.00000000,0.00000000,0.00000000,0.00000000,0.07723556,0.00000000,0.00000000,0.19697439,0.00000000,0.00000000,0.00000000,0.00000000,0.00000000,0.00417717,0.00000000,0.00000000,0.00000000,1.00464312,0.09551360,4.22728166,0.00814711,0.00000000,0.00000000,0.00000000,0.00845356,0.00000000,0.00112339,0.00000000,0.00000000,0.00000000,0.00000000,0.00000000,0.00000000,0.00000000,1.32381842,0.00000000,5.17110193,0.00000000,0.07394095,0.00328101,0.00000000,0.00000000,0.00000000,0.00000000,0.00000000,0.00000000,0.00000000,0.00000000,0.00212017,0.00000000,0.12191340,0.00000000,0.00000000,0.00000000,0.00000000,0.00000000,0.00000000,0.00000000,0.00000000,0.00000000,0.00000000,0.00000000,0.00000000,0.00000000,0.00000000,0.00000000,0.00000000,0.00000000,0.04126284,0.00000000,0.00000000,0.03689071,0.00249746,0.00000000,0.00000000,0.00000000,0.00307228,0.00000000,0.00000000,0.00000000,0.00284388,0.02641709,0.00000000,0.00000000,0.00000000,0.00000000,0.00000000,0.00417733,0.01028613,0.00000000,0.00000000,0.00000000,0.00000000,0.04009187,0.00000000,0.00000000,0.01891224,0.00000000,0.55788048,0.00000000,0.00000000,0.00000000,2.12750005,0.00000000,0.00000000,0.00000000,0.00000000,0.00000000,0.00000000,0.00000000,0.00000000,0.01389568,0.09547252,0.00102390,0.00000000,0.00000000,0.01983572,0.15774312,0.10268588,0.00000000,0.00000000,0.00000000,0.01482956,0.04819810
0.62876761,0.02418547,0.00488391,0.00000000,0.16316391,0.00000000,0.00000000,0.00000000,0.00000000,0.00000000,0.00000000,0.00000000,0.00507291,0.00000000,0.00000000,0.00000000,0.00000000,0.00000000,0.00000000,0.00594267,0.00337293,0.00000000,0.00000000,0.00558477,0.00000000,0.39266461,0.00000000,0.00000000,0.00000000,0.00000000,0.00000000,0.00000000,0.00000000,0.00000000,0.00000000,0.03464849,0.00000000,0.00000000,0.00000000,0.00000000,0.04834680,0.00000000,0.00000000,7.69863485,0.00643350,0.00000000,3.24949883,0.00000000,0.00000000,0.00000000,4.80237100,0.00000000,0.07572654,0.00000000,0.09104920,0.00000000,0.00000000,0.00000000,0.00000000,0.00000000,0.00000000,0.00000000,0.01416875,0.00000000,0.00000000,0.00000000,0.00000000,0.03740433,0.00000000,0.00726807,0.00000000,0.00000000,0.00000000,0.00000000,0.00000000,4.32701812,0.00000000,0.00000000,0.00000000,2.66820005,0.00000000,0.00000000,0.00946723,0.00000000,0.00000000,0.06751575,0.00000000,0.00000000,0.58562077,0.00000000,0.00000000,0.04413670,0.00478671,0.02967055,0.00000000,0.00000000,0.09626272,0.00000000,0.00000000,0.00000000,0.00000000,0.00000000,0.00000000,3.65083539,0.17643036,0.00000000,0.00000000,0.00000000,0.00000000,0.00000000,0.00000000,0.00000000,0.00000000,0.00000000,0.01517072,0.00000000,2.07955793,0.00000000,0.00000000,0.00000000,0.00000000,0.00901485,0.00000000,0.00000000,0.00000000,0.00000000,0.00000000,0.07266267,0.00000000,0.00000000,0.00000000,0.00000000,0.00000000,0.00000000,0.00757899
0.00000000,0.00000000,0.00000000,0.00081374,0.00000000,0.05576001,0.00000000,0.00000000,0.00000000,0.00000000,0.00491341,0.00000000,0.01333083,0.00000000,0.00000000,1.96824350,0.03813659,0.00000000,0.00000000,0.00820151,0.44309654,0.00000000,1.91998932,0.33834081,0.00000000,0.00000000,0.01047812,0.00000000,0.00000000,0.01868678,0.00000000,0.00000000,0.00000000,0.00000000,0.00000000,0.00116422,0.00000000,0.00000000,0.00000000,0.00000000,0.00000000,0.00000000,0.00000000,0.00000000,0.00092746,0.00000000,0.00000000,0.00000000,0.00787905,0.00000000,0.00000000,0.00124332,0.00000000,0.00000000,0.01004426,0.00000000,0.10686864,0.01791801,0.00000000,0.12706239,0.00000000,0.00000000,0.25333136,0.00000000,0.00528024,0.00741764,0.00000000,0.04141132,0.00000000,0.00000000,0.00000000,0.00000000,0.00101905,3.56660114,0.02799257,0.00000000,0.00000000,0.00917913,0.00000000,0.00000000,9.92671163,0.01288892,0.00438073,0.00534621,0.01333083,0.00000000,0.00000000,0.00000000,0.00000000,0.00000000,0.00812621,0.00000000,0.00000000,0.00000000,0.08144895,0.00000000,0.00000000,0.00000000,0.00000000,0.00000000,0.00000000,0.66776551,0.00000000,0.00820151,0.00000000,0.00000000,0.00000000,0.00000000,0.00000000,0.00000000,0.00000000,2.12750005,0.00000000,0.00000000,0.00000000,0.01155437,0.00000000,0.00000000,0.00000000,0.00000000,0.00000000,0.00000000,0.00000000,0.00000000,0.00000000,0.00000000,0.23167365,0.00000000,0.00000000,0.21895283,0.00000000,0.00000000,0.00000000,0.00000000,0.00000000
0.00000000,0.47088700,0.00000000,0.00000000,0.00000000,0.00363378,0.10694803,0.00000000,0.08092115,0.00000000,0.00000000,0.00000000,0.01483669,0.00000000,0.00000000,0.00000000,0.00000000,0.00000000,0.00000000,0.00000000,0.00000000,0.00000000,0.00000000,0.00000000,0.00000000,0.00000000,0.10759022,0.00000000,0.03557287,0.00000000,0.00000000,0.00430258,0.00000000,0.00000000,0.00000000,0.00000000,0.00000000,0.00000000,0.00000000,0.00000000,0.00000000,0.00521953,0.00000000,0.00000000,0.00000000,0.00349420,0.44137003,0.00000000,0.00000000,0.00000000,0.00807160,0.00000000,0.00000000,0.04344007,0.00000000,0.00000000,0.00000000,0.01138395,0.05763392,0.05302346,0.00000000,0.00000000,0.00000000,0.00000000,0.09276128,0.00000000,0.00000000,0.00000000,0.00000000,2.33638077,0.00000000,0.00000000,0.00000000,0.00000000,0.00000000,0.00000000,0.01276899,0.00000000,0.00000000,0.02005412,0.03114908,0.00000000,0.00000000,0.00000000,0.04626863,0.00399131,0.00000000,0.00000000,0.01895995,0.00000000,0.00821944,0.00000000,0.00989993,0.00000000,0.00000000,0.01279084,0.00000000,0.00000000,0.00253067,0.00000000,0.00000000,0.00000000,0.00000000,5.51195011,0.00000000,0.00065027,0.04308062,0.00000000,0.00256968,0.00000000,0.00000000,0.00000000,0.01517072,0.00000000,0.00000000,0.00000000,0.00000000,0.00000000,0.00000000,0.00000000,0.00738643,0.00216720,0.00000000,0.00079942,0.00000000,0.00000000,0.21215810,2.93168691,0.00000000,0.00000000,0.13464897,1.21084729,0.01780628,0.00000000,0.00664463
0.00000000,0.00000000,0.13486312,0.00166344,0.00000000,0.23787784,0.00000000,0.00000000,0.00000000,0.00000000,0.13836475,0.00000000,0.00000000,0.00162529,0.00000000,0.00000000,0.00000000,0.00000000,0.00000000,0.01431257,0.00000000,0.00000000,0.00000000,1.45478406,3.66766634,0.00000000,0.00268181,0.00000000,0.05200217,0.00000000,0.00000000,0.00000000,0.00637985,0.00000000,0.01065020,0.02034780,0.00178633,0.00000000,0.00000000,0.00000000,0.00000000,0.00000000,0.00000000,0.00000000,0.00000000,0.00000000,0.00000000,0.13458908,0.00000000,0.00261486,0.00000000,0.00704356,0.00000000,0.00000000,0.00000000,0.00000000,0.04521015,0.00310342,0.00000000,0.01434703,0.00000000,0.08034492,0.00767089,0.00000000,0.00000000,0.00000000,0.00237105,0.00000000,0.01883735,0.00134106,0.00000000,0.00000000,0.00000000,0.07751368,0.00083008,0.00000000,0.00000000,0.11110381,0.00000000,0.00000000,0.00000000,0.01416100,0.01416982,0.00000000,0.00000000,0.00000000,0.00000000,0.00000000,0.00554729,0.00000000,0.00492313,4.02862080,0.00000000,0.00000000,0.00000000,0.00000000,0.00000000,0.00000000,0.00000000,0.00000000,0.00000000,5.16133092,0.00000000,0.00000000,0.44309654,0.00000000,0.00000000,0.00000000,0.07115076,0.00000000,5.14178953,0.00000000,0.00000000,0.01155437,0.00000000,0.00000000,0.02002242,0.00000000,0.00000000,0.00000000,0.00000000,0.00000000,0.31180812,0.00000000,0.00790793,0.01925597,0.00000000,0.00000000,0.00000000,0.00000000,0.00000000,0.00000000,0.00000000,0.00000000,0.00000000
0.02580474,0.00000000,0.00000000,0.00000000,0.77362786,0.00000000,0.01427678,0.65098464,0.00000000,0.53283703,0.00000000,0.03650088,0.01286315,0.00847195,0.01316934,0.00646646,0.00000000,0.00000000,0.02260684,0.00419532,0.00000000,0.00000000,0.00000000,0.00000000,0.00000000,0.00000000,0.00000000,0.83920288,0.00000000,0.00000000,0.22992524,0.00896788,0.09344689,0.00000000,0.16520190,0.00000000,0.00000000,0.01847483,0.00000000,0.00000000,0.00000000,0.00000000,0.00000000,0.00000000,0.00000000,0.00505608,0.01484094,0.00000000,0.00000000,0.00000000,0.00000000,0.02606013,0.00000000,0.00000000,0.00000000,0.44719235,0.00000000,0.00000000,0.00000000,0.75576237,0.00000000,0.00000000,0.00000000,0.00000000,0.00000000,0.00000000,0.00000000,0.00376085,0.00000000,0.00000000,0.00000000,0.00000000,0.00000000,0.28686431,0.00000000,0.00000000,0.00998413,0.00000000,0.03095525,0.00000000,0.00000000,0.00000000,0.00000000,0.00000000,0.00000000,0.00000000,0.00000000,0.00000000,0.00000000,0.00000000,0.00000000,0.01522573,0.00000000,0.00000000,0.00000000,0.00000000,0.09750370,0.00000000,0.00000000,0.02511985,0.00000000,0.00000000,2.99759723,0.00000000,0.00000000,0.00000000,0.00000000,0.00000000,0.00000000,0.00548043,0.05466408,0.00000000,2.07955793,0.00000000,0.00000000,0.02002242,0.00000000,0.00000000,0.00000000,0.00000000,0.00000000,0.00000000,0.00000000,0.00000000,0.07148711,0.01326724,0.00385169,0.00000000,0.00000000,0.00000000,0.01504001,0.09127579,0.00092201,0.00000000,0.00000000
0.00000000,0.00000000,0.00000000,0.00000000,0.00000000,0.00000000,0.00000000,0.00000000,0.00000000,0.00394302,0.00580822,0.14773094,0.00000000,0.00000000,0.00000000,0.88964066,0.00000000,0.00379053,0.44312318,0.00000000,0.00000000,0.00000000,2.41322284,5.77711782,0.00000000,0.00000000,0.00000000,0.03827970,0.00000000,0.00000000,0.00000000,0.00000000,0.11586434,0.00000000,0.00296785,0.09584565,0.00000000,0.00000000,0.01814849,0.00000000,0.00000000,0.00000000,0.00000000,0.00000000,5.37416110,0.00000000,0.00000000,0.00000000,0.01901451,0.00349009,0.00000000,0.00000000,0.06485956,0.00000000,0.00000000,0.00000000,0.00364074,0.00068687,0.00000000,0.02418547,0.00139081,0.00000000,0.00000000,0.00000000,0.00000000,0.03191198,0.00000000,0.00000000,0.00000000,0.00000000,0.00000000,0.00000000,0.00000000,0.00000000,0.00000000,0.00000000,0.00000000,0.00000000,0.00000000,0.00000000,0.00000000,0.00000000,0.00167786,3.35204660,0.00000000,0.00000000,0.00000000,0.00000000,0.02163762,0.00290351,0.00097097,0.00000000,0.00401157,0.00107319,0.00000000,0.00000000,0.00000000,0.00000000,0.00000000,0.00000000,0.00000000,0.00000000,0.00419532,0.00000000,0.00572436,0.00000000,0.00000000,0.00771307,0.00963619,0.00000000,0.00000000,0.00000000,0.00000000,0.00000000,0.00000000,0.00000000,0.00000000,0.00000000,0.00000000,0.21595032,0.00000000,0.00270459,0.00000000,1.91998932,0.00000000,0.00000000,0.00000000,0.00000000,0.00103666,0.00092628,0.00000000,0.00000000,0.00000000,0.00000000,0.00000000
0.00000000,0.00000000,0.00000000,0.38587348,0.00000000,0.00000000,0.00000000,0.00000000,0.00000000,0.38269818,0.00000000,0.00000000,0.00000000,0.00000000,0.00000000,0.00000000,0.02716377,0.04200316,0.00000000,0.00000000,0.00000000,0.00000000,0.00000000,0.00000000,0.00000000,0.00000000,0.00000000,0.00000000,0.03740421,0.00000000,0.28725516,2.67000312,0.31389763,0.00000000,0.00000000,0.01630688,0.00000000,0.00000000,0.00000000,0.03766411,0.00000000,0.00000000,0.00087390,0.00000000,0.00000000,0.00000000,0.00000000,0.00000000,0.00000000,0.00000000,0.00000000,0.00000000,0.00000000,0.00000000,0.00000000,0.21207932,0.00000000,0.08961789,0.00821641,0.00000000,0.00000000,0.00000000,0.00000000,0.00000000,0.00000000,0.00000000,0.00000000,0.00000000,0.00000000,0.00000000,0.00000000,0.00000000,0.65098464,0.01801248,0.01445349,0.00000000,0.00000000,0.00000000,0.05122974,0.00000000,0.00000000,0.00240483,0.00000000,0.00000000,0.00000000,0.07119022,0.00000000,0.00000000,0.00000000,0.00733520,0.00993997,0.00000000,0.00000000,0.00000000,0.00000000,0.24448213,3.24916425,0.00322650,0.00000000,0.00000000,0.00000000,0.03011138,0.00000000,3.63969710,0.00732495,0.00000000,0.03084777,0.00000000,0.00000000,0.00000000,0.01276267,0.00000000,0.00000000,0.00000000,0.00000000,0.00000000,0.00000000,0.00000000,0.00000000,0.02675993,0.00000000,0.00000000,0.00000000,0.00197035,0.00000000,0.00000000,0.06131482,0.00909583,0.00575539,0.00000000,0.00000000,0.01857062,0.00000000,0.02489070,0.00000000
0.10560286,0.00000000,0.00000000,1.60498844,0.00000000,0.00000000,0.00000000,0.00000000,0.00000000,0.00000000,0.00000000,0.00000000,0.04626863,0.00000000,0.01955287,0.00000000,0.00000000,2.27336985,0.00000000,0.00000000,0.07343788,0.01164283,0.00000000,0.00000000,0.03934416,0.00211328,0.00000000,0.00000000,0.00000000,0.00706785,0.00000000,0.00000000,0.00000000,0.33048046,0.00000000,0.00000000,0.00000000,0.00000000,0.00000000,0.00000000,0.00000000,0.00000000,0.00000000,0.00000000,4.24728507,0.00000000,0.00000000,0.30172069,0.00000000,0.27752864,0.00000000,0.00000000,0.00000000,0.00358217,0.00935393,0.00000000,0.00000000,0.00000000,0.00000000,0.00000000,0.00000000,0.00000000,0.00794232,0.00000000,0.00000000,0.00336991,0.00487598,0.00000000,0.00000000,0.00000000,0.00000000,0.00000000,0.07774351,0.00000000,0.00000000,0.53283703,0.00000000,0.06004212,0.00000000,0.33978156,0.00000000,0.00000000,0.00000000,0.00335120,0.00000000,0.00221308,0.00000000,0.00000000,0.00000000,0.00000000,0.03300201,0.00268629,0.00000000,0.00000000,0.00000000,0.00000000,0.00000000,0.00000000,0.00000000,0.00673152,0.00458843,0.00000000,0.00000000,0.00000000,0.00000000,0.00000000,0.00000000,0.00000000,0.00000000,0.00000000,0.00000000,0.00000000,0.00000000,0.00000000,0.00000000,0.00000000,0.00000000,0.21595032,0.02675993,0.00000000,0.00000000,0.00000000,0.00000000,0.00000000,0.00000000,0.00000000,0.00000000,0.00700043,0.00000000,0.00643276,0.00000000,0.00000000,0.00000000,0.00000000,0.00000000
0.00821641,0.00000000,0.00000000,0.00175058,0.00000000,0.00000000,0.00000000,0.00000000,0.00000000,0.00000000,0.00000000,0.00000000,0.00000000,0.00000000,0.00000000,0.00000000,0.00000000,0.00000000,0.00000000,0.00000000,0.00324886,0.02674882,0.00575539,0.24081934,0.00000000,0.00267631,0.00000000,0.00222829,0.00000000,0.02069107,0.00000000,0.00000000,0.00000000,0.00829475,0.00000000,0.00000000,0.00000000,0.00000000,0.00000000,0.00000000,0.00000000,0.00000000,0.00000000,0.00000000,0.00000000,0.00000000,0.00000000,0.03938932,0.00372711,0.00000000,0.00000000,0.00000000,0.01600775,0.00000000,0.00000000,0.00000000,0.00000000,0.00000000,0.00000000,0.00000000,0.00000000,0.00000000,0.00182359,0.00000000,0.00252264,0.00304010,0.00000000,0.00058907,0.00000000,0.00000000,0.00000000,0.00000000,0.00000000,0.00000000,0.00000000,0.00000000,0.00000000,0.00000000,0.00000000,0.02199654,0.02426689,0.00000000,0.00000000,0.34538477,0.00000000,0.00000000,0.00000000,0.28706002,0.17945373,0.00000000,0.00444613,0.00000000,0.04652710,2.27336985,0.00000000,0.00000000,0.00000000,0.00000000,0.00472433,0.00294960,0.00000000,0.11619052,0.00282231,0.10019681,1.44790431,0.00000000,0.00000000,0.00000000,0.00000000,0.00355666,0.00000000,0.00000000,0.00000000,0.00000000,0.00738643,0.00000000,0.00000000,0.00000000,0.00000000,0.00000000,0.00000000,0.00000000,0.00000000,0.00872857,0.00319304,0.00000000,0.00000000,1.70713886,2.41322284,0.00000000,0.00259472,0.00000000,0.00000000,0.00000000,0.39178706
0.01480591,0.00000000,0.00000000,0.25333136,0.00000000,0.00000000,0.00000000,0.01387536,0.00919004,0.00000000,0.00000000,0.00000000,7.13768221,0.00000000,0.00000000,0.00000000,0.00000000,0.00000000,0.06826542,0.00000000,0.00000000,0.10127142,0.00000000,0.00000000,0.03681038,0.00891206,0.00131060,0.03136853,0.00000000,0.00000000,0.00000000,0.00000000,0.00000000,0.00000000,0.02401023,0.00000000,0.00000000,0.00000000,0.00000000,0.00000000,0.00000000,0.00000000,0.00000000,0.00000000,0.00561255,0.00000000,0.00688043,0.25578027,0.03462551,0.00000000,0.00000000,0.04343820,0.00000000,0.02934591,0.00000000,0.58408692,0.01090458,0.02580474,0.00000000,0.00000000,0.47088700,0.00000000,0.00000000,0.00000000,0.00000000,0.03262934,0.00000000,0.00000000,0.00000000,0.08159840,0.00000000,0.00000000,0.00000000,0.00000000,0.00000000,0.00407174,0.01573816,0.65456388,0.17259810,0.00000000,2.71693920,0.00000000,0.00000000,0.00000000,0.00000000,0.00000000,0.00000000,0.00000000,0.00000000,0.00000000,0.17736037,0.07723556,0.00000000,5.33384985,0.00507301,0.00000000,0.00000000,0.00000000,0.00000000,0.00000000,0.00000000,0.00000000,0.01325615,0.00000000,0.01431257,0.00000000,0.00000000,0.07256865,0.00000000,1.79683932,0.00000000,0.00000000,0.00901485,0.00000000,0.00216720,0.00000000,0.00000000,0.00270459,0.00000000,0.00000000,0.00000000,0.00000000,0.00000000,0.00000000,0.00000000,0.00000000,0.00000000,5.71345587,0.00000000,0.00955651,0.00000000,0.00000000,0.00000000,0.00000000,0.02112993
0.00000000,0.00000000,0.00000000,0.00000000,0.00000000,0.00000000,0.00000000,0.00532546,0.00000000,0.01363150,0.00000000,0.00000000,0.00000000,0.00808722,0.00000000,0.00000000,0.00000000,0.55618966,0.00000000,5.51195011,0.00000000,0.00000000,0.00000000,0.00000000,0.00000000,0.00000000,0.05944260,0.00000000,0.00000000,0.00000000,0.32715876,0.00000000,0.00000000,0.00415707,0.00000000,0.06841891,0.00000000,0.00201999,0.02481729,0.00000000,0.00000000,0.00000000,0.00000000,0.00000000,0.00000000,0.00000000,0.02892290,0.00000000,0.00494478,0.00000000,0.00000000,0.00000000,0.10458034,0.00134799,0.00652503,0.00000000,0.13180783,0.00128169,0.00000000,5.01915201,0.00000000,0.00000000,0.00000000,0.00166344,2.32884609,0.02829320,0.00000000,0.00000000,0.00000000,0.00000000,0.21071401,0.00000000,0.00958080,0.00000000,0.00000000,0.01363150,0.03139357,0.16776731,0.00000000,0.00000000,0.00198959,0.00000000,0.00000000,0.01110754,0.00516882,0.01135271,0.00000000,2.12739474,0.19577591,0.00000000,0.00000000,0.00000000,0.00000000,0.00132462,0.00000000,0.00000000,0.00000000,0.00854979,0.00000000,0.00000000,0.00000000,0.00938239,0.00000000,0.00000000,6.84756930,0.00000000,0.00000000,0.01774773,0.00000000,0.00000000,0.00000000,0.01389568,0.00000000,0.00000000,0.00000000,0.31180812,0.00000000,0.00000000,0.00000000,0.00000000,0.00000000,0.00000000,0.00000000,0.00148162,0.00000000,0.00000000,0.00000000,0.00000000,4.25217935,0.00000000,0.00000000,0.00000000,0.00000000,0.00000000,0.00000000
0.00000000,0.00000000,0.00000000,0.00000000,0.52984950,0.42321726,0.00000000,0.00000000,0.00000000,0.13182720,0.00000000,0.00000000,0.00000000,0.00000000,0.00000000,0.00000000,0.00000000,0.02641709,0.10613925,0.66776551,0.00000000,0.00000000,0.00000000,0.00961827,0.00300471,0.00000000,0.00000000,0.00000000,0.00000000,0.09438761,0.00000000,0.00000000,0.00000000,0.00000000,0.00000000,0.00000000,0.00917480,0.00000000,0.11506374,0.00000000,0.00000000,0.00000000,0.01373298,0.00000000,0.00000000,0.00000000,0.00000000,0.00000000,0.00000000,0.00000000,0.00349777,0.00000000,0.00000000,0.00000000,0.00000000,0.00000000,0.01213468,0.00000000,1.58017272,0.29120393,0.03760534,0.00000000,0.00000000,0.00000000,0.00000000,0.52984950,0.00000000,0.00000000,0.00000000,0.00000000,0.00000000,0.00000000,0.02656323,0.80081260,0.00000000,4.87063021,0.05798300,0.00000000,0.00000000,0.00000000,0.09350388,0.00000000,0.00347122,0.00000000,0.26300024,0.01207483,0.00300713,0.00000000,0.00000000,0.09442301,0.00000000,0.00000000,2.22210608,0.00000000,0.00000000,0.00176303,0.00000000,0.05951568,0.00000000,0.00000000,0.00000000,0.00000000,0.00000000,0.00000000,0.07570150,0.00000000,0.00000000,0.00000000,0.00000000,0.00000000,0.00000000,0.09547252,0.00000000,0.00000000,0.00079942,0.00000000,0.00000000,1.91998932,0.00197035,0.00000000,0.00872857,0.00000000,0.00148162,0.00000000,0.00071362,0.00000000,0.00000000,0.00000000,0.00000000,0.01168062,0.00000000,0.00816157,0.18429670,0.00000000,0.00000000
0.90262805,0.00000000,0.00000000,0.00000000,0.00000000,0.04141132,0.01350421,0.00000000,0.00000000,0.01276899,0.00000000,0.00000000,0.00167786,0.00000000,0.00000000,0.63216884,0.00000000,0.00000000,0.22320375,0.00000000,0.00000000,0.09547252,0.00000000,0.01166243,0.07779748,0.00000000,0.00000000,0.00000000,0.00000000,0.00000000,0.00000000,0.01944146,0.00000000,0.00000000,0.00000000,0.00494609,0.00000000,0.00000000,0.00000000,0.00000000,0.00000000,0.08246927,0.00000000,0.16070213,0.00219693,0.00000000,0.00000000,0.04426493,0.00000000,0.09579452,0.05756224,0.00098118,0.00000000,0.00000000,0.00000000,0.00000000,0.00000000,0.00000000,0.00000000,0.00000000,0.07419194,0.13307576,0.10834560,0.00000000,0.03090655,0.01319922,0.00000000,0.00000000,0.00000000,0.00000000,0.00000000,0.00493828,0.06413191,0.00000000,0.00222565,0.00000000,0.00000000,0.00000000,0.01622041,0.00000000,0.00000000,0.01461404,0.00000000,0.01243569,0.00000000,0.01906271,0.01072507,0.00000000,0.01316934,0.22034684,0.06060545,0.00000000,0.00000000,0.00000000,0.14794142,0.00000000,0.01262336,0.00000000,0.00000000,0.00274161,0.00000000,0.00000000,0.00594267,0.00000000,0.00000000,0.01070151,0.00000000,0.00000000,0.00337293,0.00000000,0.01164283,0.00102390,0.00000000,0.00000000,0.00000000,0.00790793,0.07148711,0.00000000,0.00000000,0.00000000,0.00319304,0.00000000,0.00000000,0.00071362,0.00000000,0.00000000,0.01166243,0.00935955,0.16745402,1.10176215,0.00000000,0.01337498,0.10465822,0.49486132,0.00000000
0.00000000,0.07419194,0.01499508,0.00000000,0.00430575,0.00237105,0.00000000,0.00198632,0.00000000,0.00000000,0.00000000,0.00000000,0.00000000,0.00000000,0.00000000,0.00000000,0.03143276,0.00000000,0.00000000,0.00000000,0.68369114,4.57909125,0.00000000,0.00366663,0.00000000,0.00000000,0.00000000,0.00000000,0.00000000,0.00000000,0.84289633,0.00000000,0.00000000,0.00000000,0.14018097,0.22576597,0.00000000,0.00000000,0.00000000,0.00000000,0.00000000,0.00000000,4.99753970,0.00436426,0.03345870,0.02066041,0.00000000,0.00000000,0.00000000,0.00000000,0.00000000,0.00000000,0.00000000,0.00000000,0.00330407,0.00000000,0.00000000,0.00000000,0.00338428,0.00000000,0.00000000,0.05819063,0.00000000,0.00000000,0.00000000,0.00000000,0.00000000,0.07866651,0.00000000,0.00000000,0.00000000,0.00000000,0.02519544,0.05358459,0.00000000,0.00000000,0.00570653,0.00000000,0.00000000,0.01635498,0.00000000,0.00000000,0.00507291,0.00000000,0.00653339,0.05030471,0.00000000,0.00000000,0.00000000,0.33259020,0.00000000,0.13088094,0.00961081,0.00000000,0.00000000,0.00000000,0.00000000,2.74984316,0.00000000,0.00000000,0.00000000,0.00000000,0.00319975,0.01592463,0.00000000,0.01383436,3.22631157,0.00000000,0.00000000,0.01048271,0.10127142,0.00000000,0.00000000,0.00000000,0.00000000,0.01925597,0.01326724,0.00000000,0.00000000,0.00000000,0.00000000,0.00000000,0.00000000,0.00000000,0.00000000,0.00000000,0.00534836,0.00000000,0.00000000,0.00000000,0.00000000,0.00000000,0.00000000,0.03368213,0.00000000
0.00000000,0.00000000,0.00000000,0.00000000,0.00000000,0.00000000,0.00000000,0.00000000,0.02203524,0.00000000,0.04728547,0.00000000,0.00000000,0.06751575,0.00000000,0.00000000,0.00000000,0.00000000,0.00000000,0.03152349,0.00000000,0.00000000,0.00000000,0.03368213,0.00000000,0.42704869,0.00000000,0.01419157,0.00906201,0.00000000,0.00000000,0.00000000,0.14132603,0.00000000,0.00000000,0.00000000,0.00000000,0.00000000,0.00000000,0.00000000,0.00000000,0.00826075,0.00000000,0.00000000,0.00000000,0.00000000,0.00000000,0.00000000,0.00000000,0.03945756,0.00000000,0.06036205,0.00000000,0.04210259,0.00429391,0.00000000,0.00000000,0.00000000,1.22399798,0.00000000,0.00000000,0.13486312,0.00000000,0.00000000,0.00000000,0.00000000,0.00000000,0.00000000,0.00000000,0.00000000,0.05801011,0.04208439,0.00532546,0.00000000,0.10402539,0.02335638,0.00000000,0.00000000,5.66770820,0.00000000,0.00000000,0.00000000,0.00000000,0.00000000,0.00000000,0.78717243,0.00097750,0.01349356,0.00000000,0.00000000,0.00646646,0.00000000,0.00000000,0.00000000,0.00000000,0.01051296,0.00000000,0.00000000,0.00000000,0.22320375,0.00000000,0.07836084,0.00704428,0.00000000,0.00000000,0.00000000,0.00000000,0.03215123,0.16706130,0.00000000,4.57909125,0.00000000,0.00000000,0.23167365,0.21215810,0.00000000,0.00385169,0.00000000,0.06131482,0.00000000,0.00000000,0.00000000,0.00000000,0.00000000,0.01166243,0.00534836,0.00000000,0.01212704,0.00000000,0.00000000,0.00000000,0.03169945,0.00000000,0.00000000,0.00000000
0.00000000,0.00000000,0.02987751,0.00000000,0.00000000,0.00000000,0.00336434,0.06413191,0.00000000,0.00638521,0.00000000,0.00000000,3.35204660,0.78717243,0.00332476,0.22034684,0.00000000,0.00000000,0.00417733,0.00000000,0.00000000,0.00000000,0.00000000,1.10176215,0.01429764,0.00000000,0.00000000,0.00000000,0.00710510,0.00000000,0.00000000,0.00000000,0.00000000,0.05256667,0.00000000,0.00000000,0.70046046,0.00000000,0.00000000,0.00086113,0.00000000,0.65100803,0.00000000,0.00000000,0.00000000,0.00000000,0.00577884,0.00000000,0.00000000,0.00000000,0.00000000,0.00000000,0.00000000,0.00000000,0.00000000,0.00000000,0.04510251,0.00000000,0.03062025,0.03861931,0.00000000,0.00000000,0.00000000,0.00000000,1.60498844,0.00000000,0.00000000,0.00000000,0.00000000,3.65468291,0.00000000,0.00000000,0.05104618,0.00000000,0.01771012,0.00000000,0.00000000,0.09279739,0.00000000,0.00000000,0.00000000,0.01719046,0.00000000,0.00000000,0.00000000,0.00000000,0.00000000,0.00000000,0.00000000,0.00000000,0.00000000,0.00000000,0.00000000,0.00000000,0.00000000,0.04200316,0.00000000,0.00000000,0.01344067,0.00000000,0.00000000,0.00000000,0.00000000,0.00000000,0.00000000,0.00000000,0.00000000,0.00128666,0.00000000,0.00000000,0.00000000,0.01983572,0.07266267,0.00000000,2.93168691,0.00000000,0.00000000,0.00000000,0.00909583,0.00700043,1.70713886,5.71345587,0.00000000,0.00000000,0.00935955,0.00000000,0.01212704,0.00000000,0.00000000,0.00961827,0.00000000,0.01302826,0.00000000,0.00000000,0.00284868
0.00000000,0.00000000,0.00000000,0.03448455,0.00000000,0.01544479,0.01335169,0.00000000,0.11227057,0.02045049,0.00000000,0.00000000,0.00000000,0.00000000,0.00290351,0.00000000,0.00000000,0.00000000,0.00000000,0.00000000,0.01048271,0.00000000,0.00000000,0.00000000,0.00000000,0.00210306,0.00000000,0.00000000,0.00000000,0.11251877,3.34194166,4.40878379,0.00000000,0.00000000,0.00000000,0.00000000,0.02355113,0.30265028,0.00376208,0.01123523,0.00000000,0.00000000,0.00000000,0.00000000,0.00000000,0.02779763,0.00000000,0.00000000,0.00000000,0.09194629,0.00000000,0.00000000,0.00000000,0.00000000,0.00000000,0.00000000,0.00000000,0.00000000,0.00000000,0.33099519,0.00000000,0.00000000,0.00000000,0.00000000,0.00000000,0.00000000,0.00000000,0.00000000,0.00000000,0.01427678,0.00000000,0.07676315,0.04367704,0.00000000,0.00783714,0.00000000,0.00867421,0.00000000,0.00000000,0.00000000,0.00000000,0.01355651,0.00000000,0.00000000,0.09251741,0.00000000,0.00000000,0.00000000,0.00794855,0.00000000,0.00000000,0.00000000,0.00000000,0.00000000,0.00081708,0.00000000,0.00000000,0.00000000,0.00000000,0.00000000,0.41455197,0.00000000,0.00000000,0.00000000,0.00000000,0.00000000,0.00000000,0.00000000,0.00000000,0.00000000,0.00000000,0.15774312,0.00000000,0.00000000,0.00000000,0.00000000,0.00000000,0.00103666,0.00575539,0.00000000,2.41322284,0.00000000,4.25217935,0.00000000,0.16745402,0.00000000,0.00000000,0.00000000,0.00000000,0.00000000,0.00000000,0.00000000,0.00000000,1.91568215,0.00000000
0.03856139,0.00000000,0.06276245,0.09276128,0.00000000,0.00000000,0.00000000,0.00651583,0.00666107,0.00000000,0.00000000,0.00000000,0.00551514,0.00322824,0.00000000,0.40596857,0.00000000,1.15226686,0.00000000,0.00000000,0.00000000,0.00000000,0.02489070,0.00000000,0.00000000,0.00000000,0.01012654,0.00000000,0.00000000,0.00000000,0.00000000,0.00000000,0.00000000,0.00000000,0.00000000,0.03963759,0.00000000,0.00109667,0.00000000,0.00000000,0.00000000,0.00000000,0.00000000,0.00000000,0.00000000,0.00314860,0.00000000,0.00906027,0.00291640,0.00819534,0.00000000,0.00000000,0.00000000,0.00000000,0.00000000,0.00449271,0.00000000,0.00000000,0.00438426,0.00000000,0.08818778,0.00000000,0.00000000,1.55372230,0.00747248,0.77362786,0.00000000,0.00000000,3.92512267,0.00000000,0.00000000,0.00439062,0.00000000,0.00666107,0.00000000,0.00000000,0.00000000,0.00000000,0.00000000,0.00000000,4.73025382,0.00000000,0.00000000,0.00000000,0.01286315,0.00000000,0.00000000,0.00000000,0.00000000,0.00000000,0.02954471,0.00000000,0.00000000,0.02401321,0.00000000,3.46586942,0.00000000,0.00000000,0.00000000,0.00000000,0.00000000,0.11914324,4.38573199,0.12639192,0.00000000,0.00000000,2.39991688,0.00000000,0.07343788,0.25228913,0.00000000,0.10268588,0.00000000,0.21895283,0.00000000,0.00000000,0.00000000,0.00092628,0.00000000,0.00643276,0.00000000,0.00955651,0.00000000,0.01168062,1.10176215,0.00000000,0.00000000,0.00961827,0.00000000,0.00000000,0.00000000,0.00000000,0.00000000,0.01597480,0.00288832
0.00000000,0.08818778,0.00000000,0.00000000,0.00000000,0.00000000,0.00000000,0.00000000,0.00000000,0.00000000,0.00220195,0.00000000,0.00000000,0.00000000,0.00000000,0.00000000,0.00000000,0.00324756,0.00322650,0.00000000,0.00000000,0.05466408,0.00000000,0.00000000,0.00000000,0.00000000,0.00000000,0.00000000,0.00000000,0.00198129,0.00000000,0.00676342,0.00000000,0.00000000,0.00000000,0.00000000,0.00000000,0.00000000,0.00292657,0.00000000,0.00000000,0.03197096,0.00000000,0.02650920,0.01530392,0.02646054,0.00000000,0.00769259,0.00000000,0.00455829,0.00000000,0.11677872,1.07400685,0.00000000,0.00000000,0.00000000,0.00000000,0.00000000,0.00000000,0.00000000,0.00000000,0.00000000,0.03659376,0.00000000,0.01574341,0.00493699,4.33619763,0.00000000,0.01544479,0.00000000,0.00000000,0.00000000,0.00000000,0.00801283,0.00000000,0.00000000,0.00177830,0.00000000,0.00000000,0.00000000,0.00000000,0.00000000,0.00150724,0.00000000,0.03500751,0.09349926,0.00000000,0.00196627,0.01382356,0.00088466,0.00000000,0.00000000,0.01957700,0.00000000,0.00000000,0.00000000,0.00000000,0.00000000,0.00874299,0.00000000,0.00000000,0.00000000,0.00514621,0.00000000,0.00704941,0.00000000,0.00000000,0.00000000,0.00000000,0.01412590,0.00610951,0.00000000,0.00000000,0.00000000,0.13464897,0.00000000,0.01504001,0.00000000,0.00000000,0.00000000,0.00259472,0.00000000,0.00000000,0.00000000,0.00000000,0.00000000,0.00000000,0.00000000,0.00000000,0.00000000,0.00000000,0.00000000,0.00000000,0.00000000,5.77711782
0.00000000,0.68799667,0.08034492,0.00460571,0.00000000,0.00000000,0.00000000,0.00000000,0.18452214,0.00000000,0.00000000,0.01461404,0.00000000,0.00000000,0.00000000,0.00000000,0.01648784,0.00000000,0.00000000,0.00000000,0.01412590,0.23167365,0.00000000,0.00000000,0.01556104,0.00000000,0.00000000,0.00000000,0.27832135,0.00000000,0.00000000,0.00000000,0.01839644,0.00622644,0.00000000,0.00000000,0.00000000,0.00000000,0.00000000,0.00000000,0.00000000,0.00000000,0.00000000,0.07048276,0.00000000,0.00000000,0.00000000,0.00418127,0.00000000,0.00000000,0.00000000,0.00000000,0.00000000,0.00000000,0.00000000,0.53905883,0.00000000,0.00000000,0.00000000,0.04643772,0.06077324,0.01011967,0.00000000,0.00000000,0.00000000,0.00000000,0.32086856,0.00000000,0.00000000,0.00000000,0.00000000,0.00000000,0.00384257,0.00000000,0.00000000,0.00638521,0.00000000,0.00000000,0.00000000,0.00000000,0.00000000,0.00000000,0.00000000,0.00000000,4.19917371,0.06593676,0.14046928,0.00000000,0.00000000,0.00000000,0.00000000,0.00000000,0.00000000,0.11558220,0.00000000,0.11090171,0.00000000,0.00000000,0.01162967,0.49434974,0.06826542,0.00000000,0.00000000,0.83214495,0.00000000,0.00000000,0.00000000,0.00000000,0.00000000,0.00000000,0.00000000,0.00000000,0.00000000,0.00000000,1.21084729,0.00000000,0.09127579,0.00000000,0.01857062,0.00000000,0.00000000,0.00000000,0.00000000,0.00816157,0.01337498,0.00000000,0.03169945,0.01302826,0.00000000,0.00000000,0.00000000,0.00000000,0.00000000,0.00000000,0.00000000
0.00000000,0.00000000,0.00000000,0.00000000,0.00000000,0.00000000,0.01475834,0.00000000,0.00000000,4.32701812,0.00000000,0.00360536,0.01243569,0.06593676,0.00264321,0.00000000,0.01522573,0.00000000,0.00000000,0.01347676,0.00963619,0.01780628,0.00000000,0.00000000,0.00000000,0.00000000,0.00000000,0.00000000,0.00000000,0.07189278,0.00000000,0.11679481,0.00000000,0.00000000,0.00000000,0.00000000,0.04190593,0.00000000,0.04937227,0.00000000,0.00000000,0.00000000,0.00000000,0.00000000,0.00000000,3.53719480,0.00000000,0.00000000,0.00000000,0.09037847,0.00000000,0.00000000,0.00000000,0.00000000,0.00096557,0.00000000,0.00000000,0.00000000,0.00000000,0.00000000,0.00000000,0.00000000,0.00000000,0.00000000,0.00000000,0.02394394,0.00000000,0.00000000,0.00000000,0.00000000,0.00000000,0.01335169,0.00000000,0.00000000,0.00216327,0.00000000,0.00000000,0.00000000,0.00000000,0.00000000,2.36409426,0.00773882,0.00000000,0.00000000,0.07085481,0.00000000,0.00000000,0.00000000,0.00000000,0.00000000,0.00000000,0.00000000,0.00000000,0.00000000,0.00000000,0.00000000,0.00000000,0.00000000,0.00000000,0.02260684,0.00000000,0.00000000,0.03099144,0.04597548,0.00000000,0.00000000,0.00000000,0.00000000,0.00000000,0.00000000,0.09447390,0.00000000,0.00000000,0.00000000,0.01780628,0.00000000,0.00092201,0.00000000,0.00000000,0.00000000,0.00000000,0.00000000,0.00000000,0.18429670,0.10465822,0.00000000,0.00000000,0.00000000,0.00000000,0.00000000,0.00000000,0.00000000,0.00000000,1.45478406,0.00000000
0.31227857,0.00000000,0.00000000,5.01271823,0.00577705,0.18774453,0.00215994,0.00000000,4.33404898,0.00000000,0.03111989,0.00000000,0.34538477,0.00000000,0.00000000,0.03300201,0.00000000,0.00000000,0.00000000,0.04597548,0.00000000,0.00000000,0.00000000,0.00000000,0.01324091,0.00746405,4.12284638,0.00000000,0.02412288,0.05655851,0.01553947,0.00000000,0.00000000,0.00195123,0.00000000,0.00000000,0.02174051,0.00000000,0.00000000,0.00000000,0.00000000,0.02719508,0.00000000,0.05210747,0.00000000,0.11515218,0.00000000,0.00000000,0.00000000,0.00000000,0.00548133,0.00000000,0.00000000,0.00000000,0.00286858,0.00000000,0.00000000,0.00818882,0.00000000,0.00000000,0.00000000,0.00826861,0.00585103,0.01373709,0.01957452,5.01695939,0.00000000,0.00000000,0.00000000,0.23787784,0.00000000,0.00000000,0.07141746,0.03809492,0.00000000,0.00000000,0.00000000,0.00000000,5.47666031,0.00000000,0.00000000,0.00000000,0.00000000,0.01483669,0.00000000,0.00000000,0.00000000,0.00000000,0.61878914,0.42430247,0.00308348,0.03151179,0.22150082,0.00000000,0.00000000,0.00000000,0.00000000,0.00000000,0.00000000,0.00000000,0.47269242,0.00000000,0.00000000,0.00000000,0.00000000,0.00000000,0.00000000,0.00000000,0.00000000,0.02674882,0.00000000,0.01482956,0.00000000,0.00000000,0.00000000,0.00000000,0.00000000,0.00000000,0.02489070,0.00000000,0.00000000,0.00000000,0.00000000,0.00000000,0.49486132,0.03368213,0.00000000,0.00000000,1.91568215,0.01597480,0.00000000,0.00000000,1.45478406,0.00000000,0.01464068
0.00000000,0.00000000,0.05819063,0.00000000,0.00000000,0.00537161,0.00000000,0.01696055,0.00000000,0.02165730,0.00000000,1.09242456,1.31922718,0.14046928,0.00000000,0.00000000,0.01957700,0.00000000,0.00274161,0.11914324,0.00000000,0.00000000,0.00909583,0.00000000,0.00000000,0.00000000,0.00000000,0.00000000,0.00000000,0.00000000,0.00000000,5.91692841,0.00000000,0.00000000,0.00000000,0.00000000,0.00000000,0.00000000,0.00195468,0.00000000,0.00000000,0.01347039,0.00735981,0.25236525,0.00760484,0.00000000,0.00000000,0.00000000,0.00000000,0.00000000,0.00000000,0.00000000,0.00104859,0.00933022,0.00000000,0.00000000,0.00000000,0.01221034,0.00000000,0.52546135,0.00000000,0.00000000,0.00000000,0.00000000,0.00000000,0.00000000,0.00000000,0.00000000,0.00262523,0.06337114,0.00000000,0.09268163,0.00000000,0.00000000,0.00000000,0.00000000,0.00000000,0.00000000,0.00200918,0.00000000,0.00000000,0.04328755,0.00000000,0.00000000,0.00551514,0.00000000,0.00000000,0.10770945,0.00000000,0.00000000,0.00000000,0.01827712,0.01648784,0.00000000,0.00000000,0.00000000,0.00000000,0.00000000,0.00000000,0.03430821,0.00575038,0.00000000,0.00000000,0.00000000,0.00000000,0.00000000,0.00000000,0.00000000,0.00000000,0.00000000,0.00000000,0.04819810,0.00757899,0.00000000,0.00664463,0.00000000,0.00000000,0.00000000,0.00000000,0.00000000,0.39178706,0.02112993,0.00000000,0.00000000,0.00000000,0.00000000,0.00000000,0.00284868,0.00000000,0.00288832,5.77711782,0.00000000,0.00000000,0.01464068,0.00000000
