0.00000000,3.23280439,3.27760168,0.25670053,0.83381385,0.31013428,0.01421240,0.04888341,0.04063002,0.48361160,0.00489535,0.06086193,0.01224894,0.53728768,0.00407851,0.13869103,0.00000000,0.00000000,0.00000000,0.00000000,0.27088375,0.00000000,0.00000000,0.04256997,0.10750285,0.00000000,0.00000000,0.00000000,0.00000000,0.00269313,0.00000000,0.05146202,0.00000000,0.00000000,0.00000000,0.02809198,0.00694874,0.00000000,0.00000000,0.00000000,0.00000000,0.00000000,0.00000000,0.00000000,0.00000000,0.00000000,0.00000000,0.00000000,0.00000000,0.00000000,0.00000000,0.00000000,0.00000000,0.00000000,0.00000000,0.00000000,0.00000000,0.00000000,0.00000000,0.00000000,0.00000000,0.00000000,0.00000000,0.00000000,0.00000000,0.00000000,0.00000000,0.00000000,0.00000000,0.00000000,0.00000000,0.00000000,0.00000000,0.00000000,0.00000000,0.00000000,0.00000000,0.00000000,0.00000000,0.00000000,0.00000000,0.00000000,0.00000000,0.00000000,0.00000000,0.00000000,0.00000000,0.00000000,0.00000000,0.00000000,0.00000000,0.00000000,0.00000000,0.00000000,0.00000000,0.00000000,0.00000000,0.00000000,0.00000000,0.00000000,0.00000000,0.00000000,0.00000000,0.07833237,0.00181543,0.16010190,0.12773959
3.23280439,0.00000000,8.51770196,0.20476844,0.12236057,0.03655211,0.84569869,0.03818676,0.47464708,0.20296228,0.12526116,0.06221350,0.03201041,0.19399433,0.03434531,0.06764223,0.00000000,0.00000000,0.00000000,0.00000000,0.02848555,0.00000000,0.00000000,0.17060645,0.20904171,0.00000000,0.00000000,0.00000000,0.00000000,0.00615651,0.00000000,0.15025678,0.00000000,0.00000000,0.00000000,0.09798755,0.02453049,0.00000000,0.00000000,0.00000000,0.00000000,0.00000000,0.00000000,0.00000000,0.00000000,0.00000000,0.00000000,0.00000000,0.00000000,0.00000000,0.00000000,0.00000000,0.00000000,0.00000000,0.00000000,0.00000000,0.00000000,0.00000000,0.00000000,0.00000000,0.00000000,0.00000000,0.00000000,0.00000000,0.00000000,0.00000000,0.00000000,0.00000000,0.00000000,0.00000000,0.00000000,0.00000000,0.00000000,0.00000000,0.00000000,0.00000000,0.00000000,0.00000000,0.00000000,0.00000000,0.00000000,0.00000000,0.00000000,0.00000000,0.00000000,0.00000000,0.00000000,0.00000000,0.00000000,0.00000000,0.00000000,0.00000000,0.00000000,0.00000000,0.00000000,0.00000000,0.00000000,0.00000000,0.00913353,0.00000000,0.00000000,0.00254669,0.00000000,0.35120878,0.00330951,0.46806407,0.29553771
3.27760168,8.51770196,0.00000000,8.11450367,1.16615200,0.03926300,0.19936258,0.36465726,1.65836452,0.95989985,0.02381276,0.18309574,0.03501722,0.36766080,0.01115397,0.07323013,0.00000000,0.00000000,0.00000000,0.00000000,0.03206755,0.00000000,0.00000000,0.08884240,0.32070490,0.00000000,0.00000000,0.00000000,0.00000000,0.00000000,0.00000000,0.04267614,0.00000000,0.00000000,0.00000000,0.00910554,0.00000000,0.00000000,0.00000000,0.00000000,0.00000000,0.00000000,0.00000000,0.00000000,0.00000000,0.00000000,0.00000000,0.00000000,0.00000000,0.00000000,0.00000000,0.00000000,0.00000000,0.00000000,0.00000000,0.00000000,0.00000000,0.00000000,0.00000000,0.00000000,0.00000000,0.00000000,0.00000000,0.00000000,0.00000000,0.00000000,0.00000000,0.00000000,0.00000000,0.00000000,0.00000000,0.00000000,0.00000000,0.00000000,0.00000000,0.00000000,0.00000000,0.00000000,0.00000000,0.00000000,0.00000000,0.00000000,0.00000000,0.00000000,0.00000000,0.00000000,0.00000000,0.00000000,0.00000000,0.00000000,0.00000000,0.00000000,0.00000000,0.00000000,0.00000000,0.00000000,0.00000000,0.00000000,0.00000000,0.00000000,0.00000000,0.00000000,0.00000000,0.15807224,0.00376864,0.49298610,0.33538885
0.25670053,0.20476844,8.11450367,0.00000000,6.89860845,0.01590623,0.02589179,5.54816012,0.87855531,3.09329719,0.00902893,0.25250666,0.01899076,0.21602725,0.00646585,0.04334390,0.00000000,0.00000000,0.00000000,0.00000000,0.01558446,0.00000000,0.00000000,0.01204671,0.13051254,0.00000000,0.00000000,0.00000000,0.00000000,0.00000000,0.00000000,0.00584050,0.00000000,0.00000000,0.00000000,0.00000000,0.00000000,0.00000000,0.00000000,0.00000000,0.00000000,0.00000000,0.00000000,0.00000000,0.00000000,0.00000000,0.00000000,0.00000000,0.00000000,0.00000000,0.00000000,0.00000000,0.00000000,0.00000000,0.00000000,0.00000000,0.00000000,0.00000000,0.00000000,0.00000000,0.00000000,0.00000000,0.00000000,0.00000000,0.00000000,0.00000000,0.00000000,0.00000000,0.00000000,0.00000000,0.00000000,0.00000000,0.00000000,0.00000000,0.00000000,0.00000000,0.00000000,0.00000000,0.00000000,0.00000000,0.00000000,0.00000000,0.00000000,0.00000000,0.00000000,0.00000000,0.00000000,0.00000000,0.00000000,0.00000000,0.00000000,0.00000000,0.00000000,0.00000000,0.00000000,0.00000000,0.00000000,0.00000000,0.00000000,0.00000000,0.00000000,0.00000000,0.00000000,0.04570667,0.00000000,0.18439187,0.14001246
0.83381385,0.12236057,1.16615200,6.89860845,0.00000000,0.26954547,0.00439251,1.82393841,0.09780220,5.77298232,0.00102376,0.19922286,0.01239664,0.65426183,0.00329806,0.11588711,0.00000000,0.00000000,0.00000000,0.00000000,0.02627495,0.00000000,0.00000000,0.01033607,0.09218398,0.00000000,0.00000000,0.00000000,0.00000000,0.00000000,0.00000000,0.00449413,0.00000000,0.00000000,0.00000000,0.00000000,0.00000000,0.00000000,0.00000000,0.00000000,0.00000000,0.00000000,0.00000000,0.00000000,0.00000000,0.00000000,0.00000000,0.00000000,0.00000000,0.00000000,0.00000000,0.00000000,0.00000000,0.00000000,0.00000000,0.00000000,0.00000000,0.00000000,0.00000000,0.00000000,0.00000000,0.00000000,0.00000000,0.00000000,0.00000000,0.00000000,0.00000000,0.00000000,0.00000000,0.00000000,0.00000000,0.00000000,0.00000000,0.00000000,0.00000000,0.00000000,0.00000000,0.00000000,0.00000000,0.00000000,0.00000000,0.00000000,0.00000000,0.00000000,0.00000000,0.00000000,0.00000000,0.00000000,0.00000000,0.00000000,0.00000000,0.00000000,0.00000000,0.00000000,0.00000000,0.00000000,0.00000000,0.00000000,0.00000000,0.00000000,0.00000000,0.00000000,0.00000000,0.03092314,0.00000000,0.12898200,0.09931279
0.31013428,0.03655211,0.03926300,0.01590623,0.26954547,0.00000000,0.00280581,0.00751126,0.01125605,0.14918292,0.00084298,0.01684643,0.00470373,0.35978253,0.00187224,0.11881327,0.00000000,0.00000000,0.00235028,0.00000000,4.65209733,0.00000000,0.00000000,0.06051455,0.17001225,0.00000000,0.00000000,0.00000000,0.00000000,0.00363770,0.00000000,0.07125398,0.00000000,0.00000000,0.00000000,0.04628183,0.02289106,0.00000000,0.00000000,0.00000000,0.00000000,0.00000000,0.00000000,0.00000000,0.00000000,0.00000000,0.00000000,0.00000000,0.00000000,0.00000000,0.00000000,0.00000000,0.00000000,0.00000000,0.00000000,0.00000000,0.00000000,0.00000000,0.00000000,0.00000000,0.00000000,0.00000000,0.00000000,0.00000000,0.00000000,0.00000000,0.00000000,0.00000000,0.00000000,0.00000000,0.00000000,0.00000000,0.00000000,0.00000000,0.00000000,0.00000000,0.00000000,0.00000000,0.00000000,0.00000000,0.00000000,0.00000000,0.00000000,0.00000000,0.00000000,0.00000000,0.00000000,0.00000000,0.00000000,0.00000000,0.00000000,0.00000000,0.00000000,0.00000000,0.00000000,0.00000000,0.00000000,0.00000000,0.00000000,0.00000000,0.00000000,0.00000000,0.00000000,0.06882649,0.00758862,0.23745067,0.18162180
0.01421240,0.84569869,0.19936258,0.02589179,0.00439251,0.00280581,0.00000000,0.02409661,4.46915196,0.02403304,2.99968237,0.41845858,2.45817409,0.19288672,1.61061841,0.32323795,0.00000000,0.00000000,0.00000000,0.00000000,0.00300944,0.00000000,0.00000000,0.02190331,0.06053140,0.00000000,0.00000000,0.00000000,0.00000000,0.00000000,0.00000000,0.01688860,0.00000000,0.00000000,0.00000000,0.00378413,0.00000000,0.00000000,0.00000000,0.00000000,0.00000000,0.00000000,0.00000000,0.00000000,0.00000000,0.00000000,0.00000000,0.00000000,0.00000000,0.00000000,0.00000000,0.00000000,0.00000000,0.00000000,0.00000000,0.00000000,0.00000000,0.00000000,0.00000000,0.00000000,0.00000000,0.00000000,0.00000000,0.00000000,0.00000000,0.00000000,0.00000000,0.00000000,0.00000000,0.00000000,0.00000000,0.00000000,0.00000000,0.00000000,0.00000000,0.00000000,0.00000000,0.00000000,0.00000000,0.00000000,0.00000000,0.00000000,0.00000000,0.00000000,0.00000000,0.00000000,0.00000000,0.00000000,0.00000000,0.00000000,0.00000000,0.00000000,0.00000000,0.00000000,0.00000000,0.00000000,0.00000000,0.00000000,0.00929622,0.00000000,0.00000000,0.00299430,0.00000000,0.14802491,0.00000000,0.11333757,0.09275219
0.04888341,0.03818676,0.36465726,5.54816012,1.82393841,0.00751126,0.02409661,0.00000000,1.69940132,9.00280134,0.00851846,3.84810666,0.03476584,0.49756257,0.00570316,0.04997206,0.00000000,0.00000000,0.00000000,0.00000000,0.00550199,0.00000000,0.00000000,0.00221390,0.06674399,0.00000000,0.00000000,0.00000000,0.00000000,0.00000000,0.00000000,0.00000000,0.00000000,0.00000000,0.00000000,0.00000000,0.00000000,0.00000000,0.00000000,0.00000000,0.00000000,0.00000000,0.00000000,0.00000000,0.00000000,0.00000000,0.00000000,0.00000000,0.00000000,0.00000000,0.00000000,0.00000000,0.00000000,0.00000000,0.00000000,0.00000000,0.00000000,0.00000000,0.00000000,0.00000000,0.00000000,0.00000000,0.00000000,0.00000000,0.00000000,0.00000000,0.00000000,0.00000000,0.00000000,0.00000000,0.00000000,0.00000000,0.00000000,0.00000000,0.00000000,0.00000000,0.00000000,0.00000000,0.00000000,0.00000000,0.00000000,0.00000000,0.00000000,0.00000000,0.00000000,0.00000000,0.00000000,0.00000000,0.00000000,0.00000000,0.00000000,0.00000000,0.00000000,0.00000000,0.00000000,0.00000000,0.00000000,0.00000000,0.00000000,0.00000000,0.00000000,0.00000000,0.00000000,0.02918541,0.00000000,0.09969610,0.08474010
0.04063002,0.47464708,1.65836452,0.87855531,0.09780220,0.01125605,4.46915196,1.69940132,0.00000000,0.85327533,0.26575225,6.30727390,6.91408273,0.82083983,0.24304739,0.49963127,0.00000000,0.00000000,0.00000000,0.00000000,0.01015347,0.00000000,0.00000000,0.02971583,0.17828740,0.00000000,0.00000000,0.00000000,0.00000000,0.00000000,0.00000000,0.01031405,0.00000000,0.00000000,0.00000000,0.00000000,0.00000000,0.00000000,0.00000000,0.00000000,0.00000000,0.00000000,0.00000000,0.00000000,0.00000000,0.00000000,0.00000000,0.00000000,0.00000000,0.00000000,0.00000000,0.00000000,0.00000000,0.00000000,0.00000000,0.00000000,0.00000000,0.00000000,0.00000000,0.00000000,0.00000000,0.00000000,0.00000000,0.00000000,0.00000000,0.00000000,0.00000000,0.00000000,0.00000000,0.00000000,0.00000000,0.00000000,0.00000000,0.00000000,0.00000000,0.00000000,0.00000000,0.00000000,0.00000000,0.00000000,0.00000000,0.00000000,0.00000000,0.00000000,0.00000000,0.00000000,0.00000000,0.00000000,0.00000000,0.00000000,0.00000000,0.00000000,0.00000000,0.00000000,0.00000000,0.00000000,0.00000000,0.00000000,0.00581308,0.00000000,0.00000000,0.00123973,0.00000000,0.13049198,0.00339675,0.29297573,0.24882829
0.48361160,0.20296228,0.95989985,3.09329719,5.77298232,0.14918292,0.02403304,9.00280134,0.85327533,0.00000000,0.00825554,4.13760320,0.07052996,5.79320741,0.01067394,0.35130813,0.00000000,0.00000000,0.00000000,0.00000000,0.03097550,0.00000000,0.00000000,0.01470868,0.19172517,0.00000000,0.00000000,0.00000000,0.00000000,0.00000000,0.00000000,0.00506537,0.00000000,0.00000000,0.00000000,0.00000000,0.00000000,0.00000000,0.00000000,0.00000000,0.00000000,0.00000000,0.00000000,0.00000000,0.00000000,0.00000000,0.00000000,0.00000000,0.00000000,0.00000000,0.00000000,0.00000000,0.00000000,0.00000000,0.00000000,0.00000000,0.00000000,0.00000000,0.00000000,0.00000000,0.00000000,0.00000000,0.00000000,0.00000000,0.00000000,0.00000000,0.00000000,0.00000000,0.00000000,0.00000000,0.00000000,0.00000000,0.00000000,0.00000000,0.00000000,0.00000000,0.00000000,0.00000000,0.00000000,0.00000000,0.00000000,0.00000000,0.00000000,0.00000000,0.00000000,0.00000000,0.00000000,0.00000000,0.00000000,0.00000000,0.00000000,0.00000000,0.00000000,0.00000000,0.00000000,0.00000000,0.00000000,0.00000000,0.00000000,0.00000000,0.00000000,0.00000000,0.00000000,0.06703019,0.00764186,0.28555139,0.28633587
0.00489535,0.12526116,0.02381276,0.00902893,0.00102376,0.00084298,2.99968237,0.00851846,0.26575225,0.00825554,0.00000000,0.05956749,0.30870405,0.04260645,5.39939895,0.11826018,0.00000000,0.00000000,0.00000000,0.00000000,0.00000000,0.00000000,0.00000000,0.00584399,0.01300746,0.00000000,0.00000000,0.00000000,0.00000000,0.00000000,0.00000000,0.00739418,0.00000000,0.00000000,0.00000000,0.00108732,0.00000000,0.00000000,0.00000000,0.00000000,0.00000000,0.00000000,0.00000000,0.00000000,0.00000000,0.00000000,0.00000000,0.00000000,0.00000000,0.00000000,0.00000000,0.00000000,0.00000000,0.00000000,0.00000000,0.00000000,0.00000000,0.00000000,0.00000000,0.00000000,0.00000000,0.00000000,0.00000000,0.00000000,0.00000000,0.00000000,0.00000000,0.00000000,0.00000000,0.00000000,0.00000000,0.00000000,0.00000000,0.00000000,0.00000000,0.00000000,0.00000000,0.00000000,0.00000000,0.00000000,0.00000000,0.00000000,0.00000000,0.00000000,0.00000000,0.00000000,0.00000000,0.00000000,0.00000000,0.00000000,0.00000000,0.00000000,0.00000000,0.00000000,0.00000000,0.00000000,0.00000000,0.00000000,0.00807597,0.00000000,0.00000000,0.00166063,0.00000000,0.11204562,0.00000000,0.03387767,0.03561475
0.06086193,0.06221350,0.18309574,0.25250666,0.19922286,0.01684643,0.41845858,3.84810666,6.30727390,4.13760320,0.05956749,0.00000000,5.07405820,5.53603879,0.07754204,1.39521921,0.00000000,0.00000000,0.00000000,0.00000000,0.00717745,0.00000000,0.00000000,0.00000000,0.07918304,0.00000000,0.00000000,0.00000000,0.00000000,0.00000000,0.00000000,0.00000000,0.00000000,0.00000000,0.00000000,0.00000000,0.00000000,0.00000000,0.00000000,0.00000000,0.00000000,0.00000000,0.00000000,0.00000000,0.00000000,0.00000000,0.00000000,0.00000000,0.00000000,0.00000000,0.00000000,0.00000000,0.00000000,0.00000000,0.00000000,0.00000000,0.00000000,0.00000000,0.00000000,0.00000000,0.00000000,0.00000000,0.00000000,0.00000000,0.00000000,0.00000000,0.00000000,0.00000000,0.00000000,0.00000000,0.00000000,0.00000000,0.00000000,0.00000000,0.00000000,0.00000000,0.00000000,0.00000000,0.00000000,0.00000000,0.00000000,0.00000000,0.00000000,0.00000000,0.00000000,0.00000000,0.00000000,0.00000000,0.00000000,0.00000000,0.00000000,0.00000000,0.00000000,0.00000000,0.00000000,0.00000000,0.00000000,0.00000000,0.00215874,0.00000000,0.00000000,0.00000000,0.00000000,0.05764417,0.00190346,0.12682020,0.15818138
0.01224894,0.03201041,0.03501722,0.01899076,0.01239664,0.00470373,2.45817409,0.03476584,6.91408273,0.07052996,0.30870405,5.07405820,0.00000000,1.38494176,3.34392317,1.63617551,0.00000000,0.00000000,0.00000000,0.00000000,0.00067507,0.00000000,0.00000000,0.00000000,0.02263232,0.00000000,0.00000000,0.00000000,0.00000000,0.00000000,0.00000000,0.00000000,0.00000000,0.00000000,0.00000000,0.00000000,0.00000000,0.00000000,0.00000000,0.00000000,0.00000000,0.00000000,0.00000000,0.00000000,0.00000000,0.00000000,0.00000000,0.00000000,0.00000000,0.00000000,0.00000000,0.00000000,0.00000000,0.00000000,0.00000000,0.00000000,0.00000000,0.00000000,0.00000000,0.00000000,0.00000000,0.00000000,0.00000000,0.00000000,0.00000000,0.00000000,0.00000000,0.00000000,0.00000000,0.00000000,0.00000000,0.00000000,0.00000000,0.00000000,0.00000000,0.00000000,0.00000000,0.00000000,0.00000000,0.00000000,0.00000000,0.00000000,0.00000000,0.00000000,0.00000000,0.00000000,0.00000000,0.00000000,0.00000000,0.00000000,0.00000000,0.00000000,0.00000000,0.00000000,0.00000000,0.00000000,0.00000000,0.00000000,0.00257748,0.00000000,0.00000000,0.00000000,0.00000000,0.04088407,0.00000000,0.04498283,0.06182066
0.53728768,0.19399433,0.36766080,0.21602725,0.65426183,0.35978253,0.19288672,0.49756257,0.82083983,5.79320741,0.04260645,5.53603879,1.38494176,0.00000000,0.12956920,7.35880301,0.00000000,0.00000000,0.00000000,0.00000000,0.07121897,0.00000000,0.00000000,0.01596608,0.30101623,0.00000000,0.00000000,0.00000000,0.00000000,0.00000000,0.00000000,0.00675613,0.00000000,0.00000000,0.00000000,0.00000000,0.00000000,0.00000000,0.00000000,0.00000000,0.00000000,0.00000000,0.00000000,0.00000000,0.00000000,0.00000000,0.00000000,0.00000000,0.00000000,0.00000000,0.00000000,0.00000000,0.00000000,0.00000000,0.00000000,0.00000000,0.00000000,0.00000000,0.00000000,0.00000000,0.00000000,0.00000000,0.00000000,0.00000000,0.00000000,0.00000000,0.00000000,0.00000000,0.00000000,0.00000000,0.00000000,0.00000000,0.00000000,0.00000000,0.00000000,0.00000000,0.00000000,0.00000000,0.00000000,0.00000000,0.00000000,0.00000000,0.00000000,0.00000000,0.00000000,0.00000000,0.00000000,0.00000000,0.00000000,0.00000000,0.00000000,0.00000000,0.00000000,0.00000000,0.00000000,0.00000000,0.00000000,0.00000000,0.00527453,0.00000000,0.00000000,0.00000000,0.00000000,0.13226366,0.02195219,0.47013764,0.54248570
0.00407851,0.03434531,0.01115397,0.00646585,0.00329806,0.00187224,1.61061841,0.00570316,0.24304739,0.01067394,5.39939895,0.07754204,3.34392317,0.12956920,0.00000000,0.35004035,0.00000000,0.00000000,0.00000000,0.00000000,0.00000000,0.00000000,0.00000000,0.00000000,0.01125531,0.00000000,0.00000000,0.00000000,0.00000000,0.00000000,0.00000000,0.00000000,0.00000000,0.00000000,0.00000000,0.00000000,0.00000000,0.00000000,0.00000000,0.00000000,0.00000000,0.00000000,0.00000000,0.00000000,0.00000000,0.00000000,0.00000000,0.00000000,0.00000000,0.00000000,0.00000000,0.00000000,0.00000000,0.00000000,0.00000000,0.00000000,0.00000000,0.00000000,0.00000000,0.00000000,0.00000000,0.00000000,0.00000000,0.00000000,0.00000000,0.00000000,0.00000000,0.00000000,0.00000000,0.00000000,0.00000000,0.00000000,0.00000000,0.00000000,0.00000000,0.00000000,0.00000000,0.00000000,0.00000000,0.00000000,0.00000000,0.00000000,0.00000000,0.00000000,0.00000000,0.00000000,0.00000000,0.00000000,0.00000000,0.00000000,0.00000000,0.00000000,0.00000000,0.00000000,0.00000000,0.00000000,0.00000000,0.00000000,0.00468254,0.00000000,0.00000000,0.00000000,0.00000000,0.06510281,0.00000000,0.02250462,0.03548896
0.13869103,0.06764223,0.07323013,0.04334390,0.11588711,0.11881327,0.32323795,0.04997206,0.49963127,0.35130813,0.11826018,1.39521921,1.63617551,7.35880301,0.35004035,0.00000000,0.00000000,0.00000000,0.00000000,0.00000000,0.02397077,0.00000000,0.00000000,0.00377769,0.15996519,0.00000000,0.00000000,0.00000000,0.00000000,0.00000000,0.00000000,0.00000000,0.00000000,0.00000000,0.00000000,0.00000000,0.00000000,0.00000000,0.00000000,0.00000000,0.00000000,0.00000000,0.00000000,0.00000000,0.00000000,0.00000000,0.00000000,0.00000000,0.00000000,0.00000000,0.00000000,0.00000000,0.00000000,0.00000000,0.00000000,0.00000000,0.00000000,0.00000000,0.00000000,0.00000000,0.00000000,0.00000000,0.00000000,0.00000000,0.00000000,0.00000000,0.00000000,0.00000000,0.00000000,0.00000000,0.00000000,0.00000000,0.00000000,0.00000000,0.00000000,0.00000000,0.00000000,0.00000000,0.00000000,0.00000000,0.00000000,0.00000000,0.00000000,0.00000000,0.00000000,0.00000000,0.00000000,0.00000000,0.00000000,0.00000000,0.00000000,0.00000000,0.00000000,0.00000000,0.00000000,0.00000000,0.00000000,0.00000000,0.00394056,0.00000000,0.00000000,0.00000000,0.00000000,0.11404356,0.01410877,0.28933328,0.35751385
0.00000000,0.00000000,0.00000000,0.00000000,0.00000000,0.00000000,0.00000000,0.00000000,0.00000000,0.00000000,0.00000000,0.00000000,0.00000000,0.00000000,0.00000000,0.00000000,0.00000000,0.00000000,0.00285144,0.01549404,0.00000000,0.00465271,0.00940892,0.00000000,0.00000000,0.00000000,0.00000000,0.00000000,0.00000000,0.00000000,0.00000000,0.00000000,0.00000000,0.00000000,0.03395801,0.00000000,0.00000000,0.00000000,0.00000000,0.00000000,0.00000000,0.01035365,0.00000000,0.00000000,0.00000000,0.00721943,0.00000000,0.00000000,0.00000000,0.00000000,0.00000000,0.00000000,0.00000000,0.00000000,0.00000000,0.00000000,0.00000000,0.00000000,0.00000000,0.00000000,0.00000000,0.00000000,0.00000000,0.00000000,0.00000000,0.00000000,0.00000000,0.42824952,0.02027012,0.51688233,0.00000000,0.00000000,0.12553326,0.05633898,0.80999390,0.00000000,0.00000000,0.00000000,0.00000000,0.00000000,0.00000000,0.00000000,0.00000000,0.00000000,0.00000000,0.00148678,0.37884071,0.00385317,0.00000000,0.00000000,0.00000000,0.00000000,0.00000000,0.00000000,0.00000000,0.00000000,0.00000000,0.31019350,0.00000000,0.08546393,0.10156572,0.18021539,0.19489967,0.00214500,0.04235862,0.10322367,0.19684077
0.00000000,0.00000000,0.00000000,0.00000000,0.00000000,0.00000000,0.00000000,0.00000000,0.00000000,0.00000000,0.00000000,0.00000000,0.00000000,0.00000000,0.00000000,0.00000000,0.00000000,0.00000000,0.67763716,0.23607257,0.00484022,0.08874174,0.01288766,0.01575501,0.02113091,0.00000000,0.00000000,0.00000000,0.00000000,0.00000000,0.00000000,0.00000000,0.00000000,0.00351203,0.00000000,0.00000000,0.00000000,0.00000000,0.00000000,0.00483395,0.00000000,0.06230255,0.00000000,0.00000000,0.00000000,0.14114243,0.00000000,0.00000000,0.00000000,0.00000000,0.00000000,0.00000000,0.00000000,0.00000000,0.00000000,0.00000000,0.00000000,0.00000000,0.00000000,0.00000000,0.00000000,0.00000000,0.00000000,0.00000000,0.00000000,0.00000000,0.00000000,0.00000000,0.00000000,0.00000000,0.00000000,0.00000000,0.00000000,0.00000000,0.00000000,0.00000000,0.00000000,0.00000000,0.00000000,0.00000000,0.00000000,0.00000000,0.00000000,0.00000000,0.00000000,0.00000000,0.00298308,0.00000000,0.00000000,0.00000000,0.00000000,0.00000000,0.00000000,0.00000000,0.00000000,0.00000000,0.00000000,0.00539568,0.00000000,0.00000000,0.00000000,0.00000000,0.20888687,0.06328297,0.28567459,0.99027431,0.87512904
0.00000000,0.00000000,0.00000000,0.00000000,0.00000000,0.00235028,0.00000000,0.00000000,0.00000000,0.00000000,0.00000000,0.00000000,0.00000000,0.00000000,0.00000000,0.00000000,0.00285144,0.67763716,0.00000000,1.90138560,0.00515501,0.08135035,0.02209417,0.01413429,0.10593487,0.00000000,0.00000000,0.00000000,0.00000000,0.00000000,0.00000000,0.00000000,0.00000000,0.00000000,0.00000000,0.00000000,0.00000000,0.00000000,0.00000000,0.00000000,0.00000000,0.03597671,0.00000000,0.00000000,0.00000000,0.07446561,0.00000000,0.00000000,0.00000000,0.00000000,0.00000000,0.00000000,0.00000000,0.00000000,0.00000000,0.00000000,0.00000000,0.00000000,0.00000000,0.00000000,0.00000000,0.00000000,0.00000000,0.00000000,0.00000000,0.00000000,0.00000000,0.00000000,0.00000000,0.00000000,0.00000000,0.00000000,0.00000000,0.00000000,0.00000000,0.00000000,0.00000000,0.00000000,0.00000000,0.00000000,0.00000000,0.00000000,0.00000000,0.00000000,0.00000000,0.00000000,0.02433963,0.00000000,0.00000000,0.00000000,0.00000000,0.00000000,0.00000000,0.00000000,0.00000000,0.00000000,0.00000000,0.01112129,0.00000000,0.00000000,0.00000000,0.01303149,0.21437450,0.10714136,0.29803972,1.35640606,1.61535590
0.00000000,0.00000000,0.00000000,0.00000000,0.00000000,0.00000000,0.00000000,0.00000000,0.00000000,0.00000000,0.00000000,0.00000000,0.00000000,0.00000000,0.00000000,0.00000000,0.01549404,0.23607257,1.90138560,0.00000000,0.00000000,0.07518626,0.04840390,0.01333207,0.03898936,0.00000000,0.00000000,0.00000000,0.00000000,0.00000000,0.00000000,0.00000000,0.00000000,0.00000000,0.00000000,0.00000000,0.00000000,0.00000000,0.00000000,0.00000000,0.00000000,0.03949817,0.00000000,0.00000000,0.00000000,0.04150643,0.00000000,0.00000000,0.00000000,0.00000000,0.00000000,0.00000000,0.00000000,0.00000000,0.00000000,0.00000000,0.00000000,0.00000000,0.00000000,0.00000000,0.00000000,0.00000000,0.00000000,0.00000000,0.00000000,0.00000000,0.00000000,0.00000000,0.00000000,0.00557908,0.00000000,0.00000000,0.00000000,0.00000000,0.00000000,0.00000000,0.00000000,0.00000000,0.00000000,0.00000000,0.00000000,0.00000000,0.00000000,0.00000000,0.00000000,0.00000000,0.04450929,0.00000000,0.00000000,0.00000000,0.00000000,0.00000000,0.00000000,0.00000000,0.00000000,0.00000000,0.00000000,0.02830271,0.00000000,0.00000000,0.00000000,0.01261523,0.56243753,0.13281693,0.42856367,1.35903526,2.64681840
0.27088375,0.02848555,0.03206755,0.01558446,0.02627495,4.65209733,0.00300944,0.00550199,0.01015347,0.03097550,0.00000000,0.00717745,0.00067507,0.07121897,0.00000000,0.02397077,0.00000000,0.00484022,0.00515501,0.00000000,0.00000000,0.00000000,0.00000000,0.03057699,0.06971347,0.00000000,0.00000000,0.00000000,0.00000000,0.01409817,0.00340337,0.10728519,0.00392435,0.00000000,0.00000000,0.05601172,0.01648928,0.00000000,0.00000000,0.00000000,0.00000000,0.00000000,0.00000000,0.00000000,0.00000000,0.00000000,0.00000000,0.00000000,0.00000000,0.00000000,0.00000000,0.00000000,0.00000000,0.00000000,0.00000000,0.00000000,0.00000000,0.00000000,0.00000000,0.00000000,0.00000000,0.00000000,0.00000000,0.00000000,0.00000000,0.00000000,0.00000000,0.00000000,0.00000000,0.00000000,0.00000000,0.00000000,0.00000000,0.00000000,0.00000000,0.00000000,0.00000000,0.00000000,0.00000000,0.00000000,0.00000000,0.00000000,0.00000000,0.00000000,0.00000000,0.00000000,0.00000000,0.00000000,0.00000000,0.00000000,0.00000000,0.00000000,0.00000000,0.00000000,0.00000000,0.00000000,0.00000000,0.00000000,0.00000000,0.00000000,0.00000000,0.00000000,0.00572447,0.05080230,0.00716767,0.14807731,0.10108008
0.00000000,0.00000000,0.00000000,0.00000000,0.00000000,0.00000000,0.00000000,0.00000000,0.00000000,0.00000000,0.00000000,0.00000000,0.00000000,0.00000000,0.00000000,0.00000000,0.00465271,0.08874174,0.08135035,0.07518626,0.00000000,0.00000000,2.36805132,0.02864572,0.00476919,0.02715164,0.00000000,0.00000000,0.00000000,0.00000000,0.00000000,0.00000000,0.00000000,0.03183902,0.00376102,0.00000000,0.00000000,0.00000000,0.00000000,0.02053068,0.00000000,0.21979990,0.00000000,0.00299963,0.00064736,2.83341138,0.00000000,0.00000000,0.00000000,0.00000000,0.00000000,0.00000000,0.00000000,0.00000000,0.00000000,0.00000000,0.00000000,0.00000000,0.00000000,0.00000000,0.00000000,0.00000000,0.00000000,0.00000000,0.00000000,0.00000000,0.00000000,0.06812443,0.00000000,0.00000000,0.00000000,0.00000000,0.05658069,0.05042578,0.17890759,0.00000000,0.00000000,0.00000000,0.00000000,0.00000000,0.00000000,0.00000000,0.00000000,0.00000000,0.00000000,0.00224636,0.00483257,0.00364507,0.00000000,0.00000000,0.00000000,0.00000000,0.00000000,0.00000000,0.00000000,0.00000000,0.00000000,0.10344667,0.00000000,0.01090082,0.03813138,0.02332913,0.73649378,0.00780612,0.26462671,0.83644526,0.98078635
0.00000000,0.00000000,0.00000000,0.00000000,0.00000000,0.00000000,0.00000000,0.00000000,0.00000000,0.00000000,0.00000000,0.00000000,0.00000000,0.00000000,0.00000000,0.00000000,0.00940892,0.01288766,0.02209417,0.04840390,0.00000000,2.36805132,0.00000000,0.05832562,0.00000000,0.04900854,0.00000000,0.00000000,0.00000000,0.00000000,0.00000000,0.00000000,0.00000000,0.03989952,0.01250099,0.00000000,0.00000000,0.00000000,0.00000000,0.04777200,0.00000000,0.46879818,0.00000000,0.00812107,0.00427733,0.20281908,0.00000000,0.00000000,0.00000000,0.00000000,0.00000000,0.00000000,0.00000000,0.00000000,0.00000000,0.00000000,0.00000000,0.00000000,0.00000000,0.00000000,0.00000000,0.00000000,0.00000000,0.00000000,0.00000000,0.00000000,0.00000000,0.07614444,0.00000000,0.00000000,0.00000000,0.00000000,0.08924990,0.09990546,0.10752663,0.00000000,0.00000000,0.00000000,0.00000000,0.00000000,0.00000000,0.00000000,0.00000000,0.00000000,0.00000000,0.00612562,0.00644121,0.01627657,0.00000000,0.00000000,0.00000000,0.00000000,0.00000000,0.00000000,0.00000000,0.00000000,0.00000000,0.11028782,0.00000000,0.00000000,0.03926121,0.01287953,0.86320055,0.00711190,0.50148360,1.51432138,1.70423864
0.04256997,0.17060645,0.08884240,0.01204671,0.01033607,0.06051455,0.02190331,0.00221390,0.02971583,0.01470868,0.00584399,0.00000000,0.00000000,0.01596608,0.00000000,0.00377769,0.00000000,0.01575501,0.01413429,0.01333207,0.03057699,0.02864572,0.05832562,0.00000000,2.69068598,0.05603503,0.02667281,0.01116025,0.00605173,0.04126754,0.14235249,0.02845157,0.80998330,0.04153913,0.03843602,0.49407028,0.86568660,0.00000000,0.00000000,0.12457860,0.00000000,0.11159426,0.00231429,0.04415641,0.04597888,0.02164074,0.00000000,0.00000000,0.00000000,0.00000000,0.00000000,0.00000000,0.00000000,0.00000000,0.00000000,0.00000000,0.00000000,0.00000000,0.00000000,0.00000000,0.00000000,0.00000000,0.00000000,0.00000000,0.00000000,0.00000000,0.00000000,0.00000000,0.00000000,0.00000000,0.00000000,0.00000000,0.00671519,0.01189240,0.00000000,0.00000000,0.00000000,0.00000000,0.00000000,0.00000000,0.00000000,0.00000000,0.00000000,0.00000000,0.00000000,0.00000000,0.00000000,0.00991720,0.00000000,0.00000000,0.00000000,0.00000000,0.00000000,0.00000000,0.00000000,0.00000000,0.00000000,0.00884291,0.00000000,0.00000000,0.00092133,0.00000000,0.12072042,0.11879795,0.03238555,2.53595513,0.23781961
0.10750285,0.20904171,0.32070490,0.13051254,0.09218398,0.17001225,0.06053140,0.06674399,0.17828740,0.19172517,0.01300746,0.07918304,0.02263232,0.30101623,0.01125531,0.15996519,0.00000000,0.02113091,0.10593487,0.03898936,0.06971347,0.00476919,0.00000000,2.69068598,0.00000000,0.00000000,0.00206936,0.00000000,0.00000000,0.00281275,0.00622810,0.00474169,0.11158503,0.00000000,0.00000000,0.10704045,0.83948743,0.00000000,0.00000000,0.00140957,0.00000000,0.01559193,0.00000000,0.00000000,0.00000000,0.00484239,0.00000000,0.00000000,0.00000000,0.00000000,0.00000000,0.00000000,0.00000000,0.00000000,0.00000000,0.00000000,0.00000000,0.00000000,0.00000000,0.00000000,0.00000000,0.00000000,0.00000000,0.00000000,0.00000000,0.00000000,0.00000000,0.00000000,0.00000000,0.00000000,0.00000000,0.00000000,0.00000000,0.00000000,0.00000000,0.00000000,0.00000000,0.00000000,0.00000000,0.00000000,0.00000000,0.00000000,0.00000000,0.00000000,0.00000000,0.00000000,0.00809813,0.00000000,0.00000000,0.00000000,0.00000000,0.00000000,0.00000000,0.00000000,0.00000000,0.00000000,0.00000000,0.00000000,0.00000000,0.00000000,0.00000000,0.00000000,0.01601533,0.04989956,0.02776189,1.68311506,0.24835206
0.00000000,0.00000000,0.00000000,0.00000000,0.00000000,0.00000000,0.00000000,0.00000000,0.00000000,0.00000000,0.00000000,0.00000000,0.00000000,0.00000000,0.00000000,0.00000000,0.00000000,0.00000000,0.00000000,0.00000000,0.00000000,0.02715164,0.04900854,0.05603503,0.00000000,0.00000000,0.00000000,0.00097976,0.02049856,0.00000000,0.00000000,0.00000000,0.00000000,4.07345890,0.09224334,0.00000000,0.00000000,0.00067523,0.00000000,0.15873098,0.00112379,0.12776990,0.02024573,7.16065785,0.68558833,0.03605553,0.00000000,0.00000000,0.00000000,0.00000000,0.00000000,0.00000000,0.00000000,0.00000000,0.00000000,0.00000000,0.00000000,0.00000000,0.00000000,0.00000000,0.00000000,0.00000000,0.00000000,0.00000000,0.00000000,0.00000000,0.00000000,0.00000000,0.00000000,0.00000000,0.00454917,0.00000000,0.00545480,0.02263396,0.00000000,0.00000000,0.00000000,0.00000000,0.00000000,0.00000000,0.00000000,0.00000000,0.00758383,0.06699507,0.07673198,0.00211797,0.00000000,0.15124924,0.00000000,0.00000000,0.00000000,0.00000000,0.00000000,0.00000000,0.00000000,0.00000000,0.04478416,0.30466227,0.00000000,0.00997299,0.11609730,0.00649902,1.36634807,0.00000000,0.16592003,1.08240506,0.66901296
0.00000000,0.00000000,0.00000000,0.00000000,0.00000000,0.00000000,0.00000000,0.00000000,0.00000000,0.00000000,0.00000000,0.00000000,0.00000000,0.00000000,0.00000000,0.00000000,0.00000000,0.00000000,0.00000000,0.00000000,0.00000000,0.00000000,0.00000000,0.02667281,0.00206936,0.00000000,0.00000000,4.96572851,0.22050019,0.00000000,0.00000000,0.00000000,0.00491399,0.00000000,0.00000000,0.00497216,0.00278221,0.05279028,0.03743069,0.01100806,0.00629398,0.00000000,0.00000000,0.00233844,0.00222331,0.00000000,0.00000000,0.00000000,0.00000000,0.00000000,0.00000000,0.00000000,0.00000000,0.00000000,0.00000000,0.00000000,0.00000000,0.00000000,0.00000000,0.00000000,0.00000000,0.00000000,0.00000000,0.00000000,0.00000000,0.00000000,0.00000000,0.00000000,0.00000000,0.00000000,0.00000000,0.00000000,0.00000000,0.00000000,0.00000000,0.00000000,0.00000000,0.00000000,0.00000000,0.00000000,0.00000000,0.00000000,0.00000000,0.00000000,0.00000000,0.00000000,0.00000000,0.00000000,0.00000000,0.00000000,0.00000000,0.00000000,0.00000000,0.00000000,0.00000000,0.00762078,0.00301138,0.01275784,0.00000000,0.00000000,0.00000000,0.00000000,0.46697698,0.00124980,0.00702681,1.22513034,0.01711930
0.00000000,0.00000000,0.00000000,0.00000000,0.00000000,0.00000000,0.00000000,0.00000000,0.00000000,0.00000000,0.00000000,0.00000000,0.00000000,0.00000000,0.00000000,0.00000000,0.00000000,0.00000000,0.00000000,0.00000000,0.00000000,0.00000000,0.00000000,0.01116025,0.00000000,0.00097976,4.96572851,0.00000000,7.15728598,0.00000000,0.00000000,0.00000000,0.00105677,0.00000000,0.00000000,0.00112502,0.00000000,2.50726492,0.22794297,0.00185958,0.05738431,0.00000000,0.01117776,0.00365578,0.00884029,0.00000000,0.00000000,0.00000000,0.00000000,0.00000000,0.00000000,0.00000000,0.00000000,0.00000000,0.00000000,0.00000000,0.00000000,0.00000000,0.00000000,0.00000000,0.00000000,0.00000000,0.00000000,0.00000000,0.00000000,0.00000000,0.00000000,0.00000000,0.00000000,0.00000000,0.00000000,0.00000000,0.00000000,0.00000000,0.00000000,0.00891181,0.00000000,0.00000000,0.00000000,0.00000000,0.00680307,0.00000000,0.07590077,0.00611985,0.00000000,0.00000000,0.00000000,0.00000000,0.00000000,0.00000000,0.00000000,0.00000000,0.00000000,0.00000000,0.00000000,0.21215557,0.09059264,0.11441869,0.00000000,0.00000000,0.01717976,0.00000000,1.73047430,0.00000000,0.01697147,1.82107667,0.04584415
0.00000000,0.00000000,0.00000000,0.00000000,0.00000000,0.00000000,0.00000000,0.00000000,0.00000000,0.00000000,0.00000000,0.00000000,0.00000000,0.00000000,0.00000000,0.00000000,0.00000000,0.00000000,0.00000000,0.00000000,0.00000000,0.00000000,0.00000000,0.00605173,0.00000000,0.02049856,0.22050019,7.15728598,0.00000000,0.00000000,0.00000000,0.00000000,0.00000000,0.00389017,0.00353748,0.00000000,0.00000000,5.54937335,0.21088623,0.00662861,0.19842325,0.00000000,0.07412649,0.05488455,0.10411129,0.00000000,0.00000000,0.00000000,0.00000000,0.00000000,0.00000000,0.00000000,0.00000000,0.00000000,0.00000000,0.00000000,0.00000000,0.00000000,0.00000000,0.00000000,0.00000000,0.00000000,0.00000000,0.00000000,0.00000000,0.00000000,0.00000000,0.00000000,0.00000000,0.00000000,0.00000000,0.00000000,0.00000000,0.00000000,0.00000000,0.01540964,0.00000000,0.00000000,0.00000000,0.00000000,0.02458151,0.00972253,0.32490857,0.05439498,0.00000000,0.00000000,0.00000000,0.00000000,0.00000000,0.00000000,0.00000000,0.00000000,0.00000000,0.00000000,0.00000000,0.53345067,0.46670818,0.16773903,0.00000000,0.00000000,0.03077972,0.00000000,1.96125365,0.00000000,0.04072552,1.39738663,0.10905240
0.00269313,0.00615651,0.00000000,0.00000000,0.00000000,0.00363770,0.00000000,0.00000000,0.00000000,0.00000000,0.00000000,0.00000000,0.00000000,0.00000000,0.00000000,0.00000000,0.00000000,0.00000000,0.00000000,0.00000000,0.01409817,0.00000000,0.00000000,0.04126754,0.00281275,0.00000000,0.00000000,0.00000000,0.00000000,0.00000000,5.53959353,4.97773140,0.20276950,0.00000000,0.00000000,5.57127193,0.06800736,0.00000000,0.00000000,0.00000000,0.00000000,0.00000000,0.00000000,0.00000000,0.00000000,0.00000000,0.00000000,0.00000000,0.00000000,0.00000000,0.00000000,0.00000000,0.00000000,0.00000000,0.00000000,0.00000000,0.00000000,0.00000000,0.00000000,0.00000000,0.00000000,0.00000000,0.00000000,0.00000000,0.00000000,0.00000000,0.00000000,0.00000000,0.00000000,0.00000000,0.00000000,0.00000000,0.00000000,0.00000000,0.00000000,0.00000000,0.00000000,0.00000000,0.00000000,0.00000000,0.00000000,0.00000000,0.00000000,0.00000000,0.00000000,0.00000000,0.00000000,0.00000000,0.00000000,0.00000000,0.00000000,0.00000000,0.00000000,0.00000000,0.00000000,0.00000000,0.00000000,0.00000000,0.00000000,0.00000000,0.00000000,0.00000000,0.00000000,1.26941857,0.00397195,0.15123604,0.24166308
0.00000000,0.00000000,0.00000000,0.00000000,0.00000000,0.00000000,0.00000000,0.00000000,0.00000000,0.00000000,0.00000000,0.00000000,0.00000000,0.00000000,0.00000000,0.00000000,0.00000000,0.00000000,0.00000000,0.00000000,0.00340337,0.00000000,0.00000000,0.14235249,0.00622810,0.00000000,0.00000000,0.00000000,0.00000000,5.53959353,0.00000000,0.42231066,4.06706404,0.00000000,0.00000000,3.81560915,0.13342150,0.00000000,0.00000000,0.00000000,0.00000000,0.00000000,0.00000000,0.00000000,0.00000000,0.00000000,0.00000000,0.00000000,0.00000000,0.00000000,0.00000000,0.00000000,0.00000000,0.00000000,0.00000000,0.00000000,0.00000000,0.00000000,0.00000000,0.00000000,0.00000000,0.00000000,0.00000000,0.00000000,0.00000000,0.00000000,0.00000000,0.00000000,0.00000000,0.00000000,0.00000000,0.00000000,0.00000000,0.00000000,0.00000000,0.00000000,0.00000000,0.00000000,0.00000000,0.00000000,0.00000000,0.00000000,0.00000000,0.00000000,0.00000000,0.00000000,0.00000000,0.00000000,0.00000000,0.00000000,0.00000000,0.00000000,0.00000000,0.00000000,0.00000000,0.00000000,0.00000000,0.00000000,0.00000000,0.00000000,0.00000000,0.00000000,0.00000000,0.65202161,0.00364591,0.12909924,0.16226230
0.05146202,0.15025678,0.04267614,0.00584050,0.00449413,0.07125398,0.01688860,0.00000000,0.01031405,0.00506537,0.00739418,0.00000000,0.00000000,0.00675613,0.00000000,0.00000000,0.00000000,0.00000000,0.00000000,0.00000000,0.10728519,0.00000000,0.00000000,0.02845157,0.00474169,0.00000000,0.00000000,0.00000000,0.00000000,4.97773140,0.42231066,0.00000000,0.09629189,0.00000000,0.00000000,2.38725895,0.04895910,0.00000000,0.00000000,0.00000000,0.00000000,0.00000000,0.00000000,0.00000000,0.00000000,0.00000000,0.00000000,0.00000000,0.00000000,0.00000000,0.00000000,0.00000000,0.00000000,0.00000000,0.00000000,0.00000000,0.00000000,0.00000000,0.00000000,0.00000000,0.00000000,0.00000000,0.00000000,0.00000000,0.00000000,0.00000000,0.00000000,0.00000000,0.00000000,0.00000000,0.00000000,0.00000000,0.00000000,0.00000000,0.00000000,0.00000000,0.00000000,0.00000000,0.00000000,0.00000000,0.00000000,0.00000000,0.00000000,0.00000000,0.00000000,0.00000000,0.00000000,0.00000000,0.00000000,0.00000000,0.00000000,0.00000000,0.00000000,0.00000000,0.00000000,0.00000000,0.00000000,0.00000000,0.00000000,0.00000000,0.00000000,0.00000000,0.00000000,2.52728788,0.00371105,0.11938954,0.24173862
0.00000000,0.00000000,0.00000000,0.00000000,0.00000000,0.00000000,0.00000000,0.00000000,0.00000000,0.00000000,0.00000000,0.00000000,0.00000000,0.00000000,0.00000000,0.00000000,0.00000000,0.00000000,0.00000000,0.00000000,0.00392435,0.00000000,0.00000000,0.80998330,0.11158503,0.00000000,0.00491399,0.00105677,0.00000000,0.20276950,4.06706404,0.09629189,0.00000000,0.00000000,0.00000000,5.32586031,3.16686623,0.00000000,0.00000000,0.00000000,0.00000000,0.00000000,0.00000000,0.00000000,0.00000000,0.00000000,0.00000000,0.00000000,0.00000000,0.00000000,0.00000000,0.00000000,0.00000000,0.00000000,0.00000000,0.00000000,0.00000000,0.00000000,0.00000000,0.00000000,0.00000000,0.00000000,0.00000000,0.00000000,0.00000000,0.00000000,0.00000000,0.00000000,0.00000000,0.00000000,0.00000000,0.00000000,0.00000000,0.00000000,0.00000000,0.00000000,0.00000000,0.00000000,0.00000000,0.00000000,0.00000000,0.00000000,0.00000000,0.00000000,0.00000000,0.00000000,0.00000000,0.00000000,0.00000000,0.00000000,0.00000000,0.00000000,0.00000000,0.00000000,0.00000000,0.00000000,0.00000000,0.00000000,0.00000000,0.00000000,0.00000000,0.00000000,0.00101330,0.26179941,0.00419896,0.22482405,0.14485651
0.00000000,0.00000000,0.00000000,0.00000000,0.00000000,0.00000000,0.00000000,0.00000000,0.00000000,0.00000000,0.00000000,0.00000000,0.00000000,0.00000000,0.00000000,0.00000000,0.00000000,0.00351203,0.00000000,0.00000000,0.00000000,0.03183902,0.03989952,0.04153913,0.00000000,4.07345890,0.00000000,0.00000000,0.00389017,0.00000000,0.00000000,0.00000000,0.00000000,0.00000000,0.05818445,0.00000000,0.00000000,0.00000000,0.00000000,0.26561278,0.00000000,0.30840634,0.00913120,0.20173702,0.13238891,0.08504190,0.00000000,0.00000000,0.00000000,0.00000000,0.00000000,0.00000000,0.00000000,0.00000000,0.00000000,0.00000000,0.00000000,0.00000000,0.00000000,0.00000000,0.00000000,0.00000000,0.00000000,0.00000000,0.00000000,0.00000000,0.00000000,0.00000000,0.00000000,0.00000000,0.00000000,0.00000000,0.00262909,0.01165696,0.00000000,0.00000000,0.00000000,0.00000000,0.00000000,0.00000000,0.00000000,0.00000000,0.00000000,0.01531400,0.02186428,0.00000000,0.00000000,0.04786684,0.00000000,0.00000000,0.00000000,0.00000000,0.00000000,0.00000000,0.00000000,0.00000000,0.00615165,0.12225573,0.00000000,0.00000000,0.04194916,0.00000000,0.99696516,0.00000000,0.13031983,0.75901868,0.53692130
0.00000000,0.00000000,0.00000000,0.00000000,0.00000000,0.00000000,0.00000000,0.00000000,0.00000000,0.00000000,0.00000000,0.00000000,0.00000000,0.00000000,0.00000000,0.00000000,0.03395801,0.00000000,0.00000000,0.00000000,0.00000000,0.00376102,0.01250099,0.03843602,0.00000000,0.09224334,0.00000000,0.00000000,0.00353748,0.00000000,0.00000000,0.00000000,0.00000000,0.05818445,0.00000000,0.00000000,0.00000000,0.00539861,0.00257547,0.06458180,0.01765668,0.20359024,0.36178111,0.10661106,0.55505194,0.00523528,0.00000000,0.00000000,0.00000000,0.00000000,0.00000000,0.00000000,0.00000000,0.00000000,0.00000000,0.00000000,0.00000000,0.00000000,0.00000000,0.00000000,0.00000000,0.00000000,0.00000000,0.00000000,0.00000000,0.00000000,0.00000000,0.01720006,0.00000000,0.00000000,0.00788114,0.00000000,0.11100107,0.41011492,0.01945339,0.00000000,0.00000000,0.00000000,0.00000000,0.00000000,0.00000000,0.00000000,0.00000000,0.00000000,0.01044298,0.08496168,0.00595271,0.97247200,0.00000000,0.00000000,0.00000000,0.00000000,0.00000000,0.00000000,0.00000000,0.00000000,0.00365185,0.49814678,0.00000000,0.04342531,0.27515350,0.06278322,0.83853197,0.00000000,0.13186950,0.74676674,0.64569468
0.02809198,0.09798755,0.00910554,0.00000000,0.00000000,0.04628183,0.00378413,0.00000000,0.00000000,0.00000000,0.00108732,0.00000000,0.00000000,0.00000000,0.00000000,0.00000000,0.00000000,0.00000000,0.00000000,0.00000000,0.05601172,0.00000000,0.00000000,0.49407028,0.10704045,0.00000000,0.00497216,0.00112502,0.00000000,5.57127193,3.81560915,2.38725895,5.32586031,0.00000000,0.00000000,0.00000000,7.71554074,0.00000000,0.00000000,0.00000000,0.00000000,0.00000000,0.00000000,0.00000000,0.00000000,0.00000000,0.00000000,0.00000000,0.00000000,0.00000000,0.00000000,0.00000000,0.00000000,0.00000000,0.00000000,0.00000000,0.00000000,0.00000000,0.00000000,0.00000000,0.00000000,0.00000000,0.00000000,0.00000000,0.00000000,0.00000000,0.00000000,0.00000000,0.00000000,0.00000000,0.00000000,0.00000000,0.00000000,0.00000000,0.00000000,0.00000000,0.00000000,0.00000000,0.00000000,0.00000000,0.00000000,0.00000000,0.00000000,0.00000000,0.00000000,0.00000000,0.00000000,0.00000000,0.00000000,0.00000000,0.00000000,0.00000000,0.00000000,0.00000000,0.00000000,0.00000000,0.00000000,0.00000000,0.00000000,0.00000000,0.00221003,0.00000000,0.00229303,0.82409414,0.01050732,0.50326489,0.44110757
0.00694874,0.02453049,0.00000000,0.00000000,0.00000000,0.02289106,0.00000000,0.00000000,0.00000000,0.00000000,0.00000000,0.00000000,0.00000000,0.00000000,0.00000000,0.00000000,0.00000000,0.00000000,0.00000000,0.00000000,0.01648928,0.00000000,0.00000000,0.86568660,0.83948743,0.00000000,0.00278221,0.00000000,0.00000000,0.06800736,0.13342150,0.04895910,3.16686623,0.00000000,0.00000000,7.71554074,0.00000000,0.00000000,0.00000000,0.00000000,0.00000000,0.00000000,0.00000000,0.00000000,0.00000000,0.00000000,0.00000000,0.00000000,0.00000000,0.00000000,0.00000000,0.00000000,0.00000000,0.00000000,0.00000000,0.00000000,0.00000000,0.00000000,0.00000000,0.00000000,0.00000000,0.00000000,0.00000000,0.00000000,0.00000000,0.00000000,0.00000000,0.00000000,0.00000000,0.00000000,0.00000000,0.00000000,0.00000000,0.00000000,0.00000000,0.00000000,0.00000000,0.00000000,0.00000000,0.00000000,0.00000000,0.00000000,0.00000000,0.00000000,0.00000000,0.00000000,0.00000000,0.00000000,0.00000000,0.00000000,0.00000000,0.00000000,0.00000000,0.00000000,0.00000000,0.00000000,0.00000000,0.00000000,0.00000000,0.00000000,0.00000000,0.00000000,0.00000000,0.12115684,0.00271166,0.26929482,0.13501531
0.00000000,0.00000000,0.00000000,0.00000000,0.00000000,0.00000000,0.00000000,0.00000000,0.00000000,0.00000000,0.00000000,0.00000000,0.00000000,0.00000000,0.00000000,0.00000000,0.00000000,0.00000000,0.00000000,0.00000000,0.00000000,0.00000000,0.00000000,0.00000000,0.00000000,0.00067523,0.05279028,2.50726492,5.54937335,0.00000000,0.00000000,0.00000000,0.00000000,0.00000000,0.00539861,0.00000000,0.00000000,0.00000000,4.12866935,0.00000000,1.75372569,0.00000000,0.25417815,0.01085095,0.10245081,0.00000000,0.00000000,0.00000000,0.00000000,0.00000000,0.00000000,0.00000000,0.00000000,0.00000000,0.00000000,0.00000000,0.00000000,0.00000000,0.00000000,0.00000000,0.00000000,0.00000000,0.00000000,0.00000000,0.00000000,0.00000000,0.00000000,0.00000000,0.00000000,0.00000000,0.00000000,0.00000000,0.00000000,0.00000000,0.00000000,0.01730999,0.00000000,0.00000000,0.00000000,0.00000000,0.02073840,0.00427558,0.24006845,0.02330455,0.00000000,0.00000000,0.00000000,0.00000000,0.00000000,0.00000000,0.00000000,0.00000000,0.00000000,0.00000000,0.00000000,0.49347690,0.34230898,0.17424781,0.00000000,0.00000000,0.03296363,0.00000000,0.60554994,0.00000000,0.00469988,0.23221171,0.00867368
0.00000000,0.00000000,0.00000000,0.00000000,0.00000000,0.00000000,0.00000000,0.00000000,0.00000000,0.00000000,0.00000000,0.00000000,0.00000000,0.00000000,0.00000000,0.00000000,0.00000000,0.00000000,0.00000000,0.00000000,0.00000000,0.00000000,0.00000000,0.00000000,0.00000000,0.00000000,0.03743069,0.22794297,0.21088623,0.00000000,0.00000000,0.00000000,0.00000000,0.00000000,0.00257547,0.00000000,0.00000000,4.12866935,0.00000000,0.00000000,6.41011224,0.00000000,0.15767157,0.00096437,0.01685318,0.00000000,0.00000000,0.00000000,0.00000000,0.00000000,0.00000000,0.00000000,0.00000000,0.00000000,0.00000000,0.00000000,0.00000000,0.00000000,0.00000000,0.00000000,0.00000000,0.00000000,0.00000000,0.00000000,0.00000000,0.00000000,0.00000000,0.00000000,0.00000000,0.00000000,0.00000000,0.00000000,0.00000000,0.00000000,0.00000000,0.02199323,0.00000000,0.00000000,0.00000000,0.00000000,0.01449404,0.00333216,0.18870916,0.01343724,0.00000000,0.00000000,0.00000000,0.00000000,0.00000000,0.00000000,0.00000000,0.00000000,0.00000000,0.00000000,0.00000000,0.39496878,0.25136281,0.23185524,0.00000000,0.00000000,0.05717377,0.00000000,0.36553654,0.00000000,0.00000000,0.13864087,0.00000000
0.00000000,0.00000000,0.00000000,0.00000000,0.00000000,0.00000000,0.00000000,0.00000000,0.00000000,0.00000000,0.00000000,0.00000000,0.00000000,0.00000000,0.00000000,0.00000000,0.00000000,0.00483395,0.00000000,0.00000000,0.00000000,0.02053068,0.04777200,0.12457860,0.00140957,0.15873098,0.01100806,0.00185958,0.00662861,0.00000000,0.00000000,0.00000000,0.00000000,0.26561278,0.06458180,0.00000000,0.00000000,0.00000000,0.00000000,0.00000000,0.00000000,4.26782324,0.00913274,0.14611787,0.12563926,0.02304716,0.00000000,0.00000000,0.00000000,0.00000000,0.00000000,0.00000000,0.00000000,0.00000000,0.00000000,0.00000000,0.00000000,0.00000000,0.00000000,0.00000000,0.00000000,0.00000000,0.00000000,0.00000000,0.00000000,0.00000000,0.00000000,0.00000000,0.00000000,0.00000000,0.00000000,0.00000000,0.00000000,0.00287571,0.00000000,0.00000000,0.00000000,0.00000000,0.00000000,0.00000000,0.00000000,0.00000000,0.00000000,0.00000000,0.00000000,0.00000000,0.00000000,0.00564839,0.00000000,0.00000000,0.00000000,0.00000000,0.00000000,0.00000000,0.00000000,0.00000000,0.00000000,0.02555488,0.00000000,0.00000000,0.00000000,0.00000000,0.81944024,0.00000000,0.16207967,1.83016352,0.45781225
0.00000000,0.00000000,0.00000000,0.00000000,0.00000000,0.00000000,0.00000000,0.00000000,0.00000000,0.00000000,0.00000000,0.00000000,0.00000000,0.00000000,0.00000000,0.00000000,0.00000000,0.00000000,0.00000000,0.00000000,0.00000000,0.00000000,0.00000000,0.00000000,0.00000000,0.00112379,0.00629398,0.05738431,0.19842325,0.00000000,0.00000000,0.00000000,0.00000000,0.00000000,0.01765668,0.00000000,0.00000000,1.75372569,6.41011224,0.00000000,0.00000000,0.00000000,2.04451251,0.00863586,0.06831379,0.00000000,0.00000000,0.00000000,0.00000000,0.00000000,0.00000000,0.00000000,0.00000000,0.00000000,0.00000000,0.00000000,0.00000000,0.00000000,0.00000000,0.00000000,0.00000000,0.00000000,0.00000000,0.00000000,0.00000000,0.00000000,0.00000000,0.00000000,0.00000000,0.00000000,0.00000000,0.00000000,0.00000000,0.00094672,0.00000000,0.00811849,0.00000000,0.00000000,0.00000000,0.00000000,0.01450929,0.01560724,0.30444929,0.07262884,0.00577367,0.00000000,0.00000000,0.01129741,0.00000000,0.00000000,0.00000000,0.00000000,0.00000000,0.00000000,0.00000000,0.27806675,0.63790529,0.17899952,0.00000000,0.00494789,0.07881622,0.00356817,0.17121610,0.00000000,0.00130658,0.07515528,0.00591882
0.00000000,0.00000000,0.00000000,0.00000000,0.00000000,0.00000000,0.00000000,0.00000000,0.00000000,0.00000000,0.00000000,0.00000000,0.00000000,0.00000000,0.00000000,0.00000000,0.01035365,0.06230255,0.03597671,0.03949817,0.00000000,0.21979990,0.46879818,0.11159426,0.01559193,0.12776990,0.00000000,0.00000000,0.00000000,0.00000000,0.00000000,0.00000000,0.00000000,0.30840634,0.20359024,0.00000000,0.00000000,0.00000000,0.00000000,4.26782324,0.00000000,0.00000000,0.00222268,0.06740859,0.07725358,0.26615555,0.00000000,0.00000000,0.00000000,0.00000000,0.00000000,0.00000000,0.00000000,0.00000000,0.00000000,0.00000000,0.00000000,0.00000000,0.00000000,0.00000000,0.00000000,0.00000000,0.00000000,0.00000000,0.00000000,0.00000000,0.00000000,0.00000000,0.00000000,0.00000000,0.00000000,0.00000000,0.02446730,0.04698814,0.00000000,0.00000000,0.00000000,0.00000000,0.00000000,0.00000000,0.00000000,0.00000000,0.00000000,0.00000000,0.00000000,0.00000000,0.00000000,0.03008489,0.00000000,0.00000000,0.00000000,0.00000000,0.00000000,0.00000000,0.00000000,0.00000000,0.00000000,0.06508648,0.00000000,0.00000000,0.00914170,0.00000000,0.91302293,0.00521356,0.21907213,1.26516330,0.69332979
0.00000000,0.00000000,0.00000000,0.00000000,0.00000000,0.00000000,0.00000000,0.00000000,0.00000000,0.00000000,0.00000000,0.00000000,0.00000000,0.00000000,0.00000000,0.00000000,0.00000000,0.00000000,0.00000000,0.00000000,0.00000000,0.00000000,0.00000000,0.00231429,0.00000000,0.02024573,0.00000000,0.01117776,0.07412649,0.00000000,0.00000000,0.00000000,0.00000000,0.00913120,0.36178111,0.00000000,0.00000000,0.25417815,0.15767157,0.00913274,2.04451251,0.00222268,0.00000000,0.06772844,1.24510077,0.00000000,0.00000000,0.00000000,0.00000000,0.00000000,0.00000000,0.00000000,0.00000000,0.00000000,0.00000000,0.00000000,0.00000000,0.00000000,0.00000000,0.00000000,0.00000000,0.00000000,0.00000000,0.00000000,0.00000000,0.00000000,0.00000000,0.00000000,0.00000000,0.00000000,0.00430421,0.00000000,0.00239363,0.01108304,0.00000000,0.00000000,0.00000000,0.00000000,0.00000000,0.00000000,0.00000000,0.01521902,0.09571105,0.17960832,0.05337569,0.00000000,0.00000000,0.05814800,0.00000000,0.00000000,0.00000000,0.00000000,0.00000000,0.00000000,0.00000000,0.04409254,0.43272460,0.26943853,0.00000000,0.00869647,0.14724536,0.00000000,0.33017369,0.00000000,0.02312060,0.19425754,0.05356275
0.00000000,0.00000000,0.00000000,0.00000000,0.00000000,0.00000000,0.00000000,0.00000000,0.00000000,0.00000000,0.00000000,0.00000000,0.00000000,0.00000000,0.00000000,0.00000000,0.00000000,0.00000000,0.00000000,0.00000000,0.00000000,0.00299963,0.00812107,0.04415641,0.00000000,7.16065785,0.00233844,0.00365578,0.05488455,0.00000000,0.00000000,0.00000000,0.00000000,0.20173702,0.10661106,0.00000000,0.00000000,0.01085095,0.00096437,0.14611787,0.00863586,0.06740859,0.06772844,0.00000000,5.50748048,0.00287639,0.00000000,0.00000000,0.00000000,0.00000000,0.00000000,0.00000000,0.00000000,0.00000000,0.00000000,0.00000000,0.00000000,0.00000000,0.00000000,0.00000000,0.00000000,0.00000000,0.00000000,0.00000000,0.00000000,0.00000000,0.00000000,0.00000000,0.00000000,0.00000000,0.00000000,0.00000000,0.00000000,0.00861448,0.00000000,0.00000000,0.00000000,0.00000000,0.00000000,0.00000000,0.00000000,0.00000000,0.01312900,0.10388383,0.04641809,0.00000000,0.00000000,0.05137345,0.00000000,0.00000000,0.00000000,0.00000000,0.00000000,0.00000000,0.00000000,0.00461804,0.10710528,0.21601976,0.00000000,0.00000000,0.07228986,0.00000000,1.20418590,0.00000000,0.16194303,1.37183906,0.52851201
0.00000000,0.00000000,0.00000000,0.00000000,0.00000000,0.00000000,0.00000000,0.00000000,0.00000000,0.00000000,0.00000000,0.00000000,0.00000000,0.00000000,0.00000000,0.00000000,0.00000000,0.00000000,0.00000000,0.00000000,0.00000000,0.00064736,0.00427733,0.04597888,0.00000000,0.68558833,0.00222331,0.00884029,0.10411129,0.00000000,0.00000000,0.00000000,0.00000000,0.13238891,0.55505194,0.00000000,0.00000000,0.10245081,0.01685318,0.12563926,0.06831379,0.07725358,1.24510077,5.50748048,0.00000000,0.00074749,0.00000000,0.00000000,0.00000000,0.00000000,0.00000000,0.00000000,0.00000000,0.00000000,0.00000000,0.00000000,0.00000000,0.00000000,0.00000000,0.00000000,0.00000000,0.00000000,0.00000000,0.00000000,0.00000000,0.00000000,0.00000000,0.00000000,0.00000000,0.00000000,0.00308929,0.00000000,0.00315383,0.02113276,0.00000000,0.00000000,0.00000000,0.00000000,0.00000000,0.00000000,0.00000000,0.00000000,0.01006830,0.10769310,0.05525365,0.00000000,0.00000000,0.08369256,0.00000000,0.00000000,0.00000000,0.00000000,0.00000000,0.00000000,0.00000000,0.00964400,0.18153761,0.33752309,0.00000000,0.00000000,0.09979853,0.00000000,1.61036215,0.00000000,0.17751557,1.60165175,0.56680113
0.00000000,0.00000000,0.00000000,0.00000000,0.00000000,0.00000000,0.00000000,0.00000000,0.00000000,0.00000000,0.00000000,0.00000000,0.00000000,0.00000000,0.00000000,0.00000000,0.00721943,0.14114243,0.07446561,0.04150643,0.00000000,2.83341138,0.20281908,0.02164074,0.00484239,0.03605553,0.00000000,0.00000000,0.00000000,0.00000000,0.00000000,0.00000000,0.00000000,0.08504190,0.00523528,0.00000000,0.00000000,0.00000000,0.00000000,0.02304716,0.00000000,0.26615555,0.00000000,0.00287639,0.00074749,0.00000000,0.00000000,0.00000000,0.00000000,0.00000000,0.00000000,0.00000000,0.00000000,0.00000000,0.00000000,0.00000000,0.00000000,0.00000000,0.00000000,0.00000000,0.00000000,0.00000000,0.00000000,0.00000000,0.00000000,0.00000000,0.00000000,0.04976734,0.00000000,0.00000000,0.00000000,0.00000000,0.04280104,0.03796952,0.08230188,0.00000000,0.00000000,0.00000000,0.00000000,0.00000000,0.00000000,0.00000000,0.00000000,0.00000000,0.00000000,0.00000000,0.00441271,0.00587586,0.00000000,0.00000000,0.00000000,0.00000000,0.00000000,0.00000000,0.00000000,0.00000000,0.00000000,0.08420466,0.00000000,0.00000000,0.02623136,0.01181617,0.78683598,0.00837613,0.16526529,0.62005112,0.71360643
0.00000000,0.00000000,0.00000000,0.00000000,0.00000000,0.00000000,0.00000000,0.00000000,0.00000000,0.00000000,0.00000000,0.00000000,0.00000000,0.00000000,0.00000000,0.00000000,0.00000000,0.00000000,0.00000000,0.00000000,0.00000000,0.00000000,0.00000000,0.00000000,0.00000000,0.00000000,0.00000000,0.00000000,0.00000000,0.00000000,0.00000000,0.00000000,0.00000000,0.00000000,0.00000000,0.00000000,0.00000000,0.00000000,0.00000000,0.00000000,0.00000000,0.00000000,0.00000000,0.00000000,0.00000000,0.00000000,0.00000000,6.72821237,0.23751096,7.32196013,0.55120278,0.89474266,0.68856425,0.28882198,0.24575739,0.25473345,0.12174746,0.03761217,0.34587846,0.09575807,0.20355040,0.55762727,0.24538880,0.15309411,0.23260682,0.04715103,0.00000000,0.00000000,0.00000000,0.00000000,0.00000000,0.00000000,0.00000000,0.00000000,0.00000000,0.00000000,0.00192979,0.03729936,0.00229160,0.00000000,0.00000000,0.00000000,0.00000000,0.00000000,0.00000000,0.00000000,0.00000000,0.00000000,0.00584789,0.05193361,0.00692438,0.02111651,0.01667350,0.00000000,0.00000000,0.00000000,0.00000000,0.00000000,0.29459325,0.01451284,0.56187249,0.27935004,0.00000000,0.00452500,0.00000000,0.00000000,0.00113725
0.00000000,0.00000000,0.00000000,0.00000000,0.00000000,0.00000000,0.00000000,0.00000000,0.00000000,0.00000000,0.00000000,0.00000000,0.00000000,0.00000000,0.00000000,0.00000000,0.00000000,0.00000000,0.00000000,0.00000000,0.00000000,0.00000000,0.00000000,0.00000000,0.00000000,0.00000000,0.00000000,0.00000000,0.00000000,0.00000000,0.00000000,0.00000000,0.00000000,0.00000000,0.00000000,0.00000000,0.00000000,0.00000000,0.00000000,0.00000000,0.00000000,0.00000000,0.00000000,0.00000000,0.00000000,0.00000000,6.72821237,0.00000000,3.53335458,1.58552514,0.02258590,0.89199088,2.52669761,0.21108960,0.51936319,0.03667774,0.01189969,0.00649375,0.48822073,0.05705374,0.36058854,0.54905221,0.17365409,0.21465435,0.23094383,0.04535167,0.00000000,0.00000000,0.00000000,0.00000000,0.00000000,0.00000000,0.00000000,0.00000000,0.00000000,0.00000000,0.00077773,0.01426758,0.00093473,0.00000000,0.00000000,0.00000000,0.00000000,0.00000000,0.00000000,0.00000000,0.00000000,0.00000000,0.00213777,0.01450891,0.00175613,0.00415031,0.01012787,0.00000000,0.00000000,0.00000000,0.00000000,0.00000000,0.09416052,0.00535024,0.17326388,0.07649148,0.00000000,0.00000000,0.00000000,0.00000000,0.00000000
0.00000000,0.00000000,0.00000000,0.00000000,0.00000000,0.00000000,0.00000000,0.00000000,0.00000000,0.00000000,0.00000000,0.00000000,0.00000000,0.00000000,0.00000000,0.00000000,0.00000000,0.00000000,0.00000000,0.00000000,0.00000000,0.00000000,0.00000000,0.00000000,0.00000000,0.00000000,0.00000000,0.00000000,0.00000000,0.00000000,0.00000000,0.00000000,0.00000000,0.00000000,0.00000000,0.00000000,0.00000000,0.00000000,0.00000000,0.00000000,0.00000000,0.00000000,0.00000000,0.00000000,0.00000000,0.00000000,0.23751096,3.53335458,0.00000000,0.03363245,0.00662529,0.02152561,0.29194936,0.01807256,0.04897963,0.01160500,0.00511921,0.00270341,0.08641833,0.00974410,0.64290165,0.09744561,0.04765840,0.18372480,0.17229098,0.02602864,0.00261945,0.00000000,0.00000000,0.00000000,0.00000000,0.00000000,0.00000000,0.00000000,0.00000000,0.00000000,0.00512825,0.03901394,0.00316269,0.00099870,0.00000000,0.00000000,0.00000000,0.00000000,0.00000000,0.00000000,0.00000000,0.00000000,0.00639849,0.01991014,0.00515108,0.00472141,0.01621527,0.00000000,0.00000000,0.00000000,0.00000000,0.00000000,0.05744283,0.00477128,0.10242193,0.05384480,0.00000000,0.00000000,0.00000000,0.00000000,0.00000000
0.00000000,0.00000000,0.00000000,0.00000000,0.00000000,0.00000000,0.00000000,0.00000000,0.00000000,0.00000000,0.00000000,0.00000000,0.00000000,0.00000000,0.00000000,0.00000000,0.00000000,0.00000000,0.00000000,0.00000000,0.00000000,0.00000000,0.00000000,0.00000000,0.00000000,0.00000000,0.00000000,0.00000000,0.00000000,0.00000000,0.00000000,0.00000000,0.00000000,0.00000000,0.00000000,0.00000000,0.00000000,0.00000000,0.00000000,0.00000000,0.00000000,0.00000000,0.00000000,0.00000000,0.00000000,0.00000000,7.32196013,1.58552514,0.03363245,0.00000000,0.21259190,8.86502924,1.57588384,1.42678564,0.49115713,1.62905318,0.21271386,0.03041729,0.30854694,0.14095335,0.03233439,0.24624844,0.10268054,0.02333264,0.03367293,0.02125627,0.00000000,0.00000000,0.00000000,0.00000000,0.00000000,0.00000000,0.00000000,0.00000000,0.00000000,0.00000000,0.00000000,0.00452442,0.00000000,0.00000000,0.00000000,0.00000000,0.00000000,0.00000000,0.00000000,0.00000000,0.00000000,0.00000000,0.00000000,0.01109759,0.00000000,0.00392784,0.01783887,0.00000000,0.00000000,0.00000000,0.00000000,0.00000000,0.17454102,0.01508604,0.50665144,0.21806228,0.00000000,0.00000000,0.00000000,0.00000000,0.00000000
0.00000000,0.00000000,0.00000000,0.00000000,0.00000000,0.00000000,0.00000000,0.00000000,0.00000000,0.00000000,0.00000000,0.00000000,0.00000000,0.00000000,0.00000000,0.00000000,0.00000000,0.00000000,0.00000000,0.00000000,0.00000000,0.00000000,0.00000000,0.00000000,0.00000000,0.00000000,0.00000000,0.00000000,0.00000000,0.00000000,0.00000000,0.00000000,0.00000000,0.00000000,0.00000000,0.00000000,0.00000000,0.00000000,0.00000000,0.00000000,0.00000000,0.00000000,0.00000000,0.00000000,0.00000000,0.00000000,0.55120278,0.02258590,0.00662529,0.21259190,0.00000000,0.00709861,0.00453800,0.00573596,0.00164482,0.27459209,4.21597072,2.55505958,0.00487148,0.04534952,0.00507317,0.01149935,0.04684582,0.00289255,0.00894846,0.07768960,0.00000000,0.00000000,0.00000000,0.00000000,0.00000000,0.00000000,0.00000000,0.00000000,0.00000000,0.00000000,0.00000000,0.00634516,0.00000000,0.00000000,0.00000000,0.00000000,0.00000000,0.00000000,0.00000000,0.00000000,0.00000000,0.00000000,0.00000000,0.01137911,0.00000000,0.00315175,0.00000000,0.00000000,0.00000000,0.00000000,0.00000000,0.00000000,0.21980044,0.00098814,0.13504235,0.08277157,0.00000000,0.00671358,0.00000000,0.00000000,0.00191129
0.00000000,0.00000000,0.00000000,0.00000000,0.00000000,0.00000000,0.00000000,0.00000000,0.00000000,0.00000000,0.00000000,0.00000000,0.00000000,0.00000000,0.00000000,0.00000000,0.00000000,0.00000000,0.00000000,0.00000000,0.00000000,0.00000000,0.00000000,0.00000000,0.00000000,0.00000000,0.00000000,0.00000000,0.00000000,0.00000000,0.00000000,0.00000000,0.00000000,0.00000000,0.00000000,0.00000000,0.00000000,0.00000000,0.00000000,0.00000000,0.00000000,0.00000000,0.00000000,0.00000000,0.00000000,0.00000000,0.89474266,0.89199088,0.02152561,8.86502924,0.00709861,0.00000000,6.42261590,8.61772046,1.60912788,0.36141823,0.01156044,0.00576488,0.69976670,0.07698065,0.03223361,0.26094691,0.06686058,0.02372640,0.03171798,0.01718147,0.00000000,0.00000000,0.00000000,0.00000000,0.00000000,0.00000000,0.00000000,0.00000000,0.00000000,0.00000000,0.00000000,0.00000000,0.00000000,0.00000000,0.00000000,0.00000000,0.00000000,0.00000000,0.00000000,0.00000000,0.00000000,0.00000000,0.00000000,0.00000000,0.00000000,0.00000000,0.00865510,0.00000000,0.00000000,0.00000000,0.00000000,0.00000000,0.05418043,0.00287473,0.15699895,0.06923991,0.00000000,0.00000000,0.00000000,0.00000000,0.00000000
0.00000000,0.00000000,0.00000000,0.00000000,0.00000000,0.00000000,0.00000000,0.00000000,0.00000000,0.00000000,0.00000000,0.00000000,0.00000000,0.00000000,0.00000000,0.00000000,0.00000000,0.00000000,0.00000000,0.00000000,0.00000000,0.00000000,0.00000000,0.00000000,0.00000000,0.00000000,0.00000000,0.00000000,0.00000000,0.00000000,0.00000000,0.00000000,0.00000000,0.00000000,0.00000000,0.00000000,0.00000000,0.00000000,0.00000000,0.00000000,0.00000000,0.00000000,0.00000000,0.00000000,0.00000000,0.00000000,0.68856425,2.52669761,0.29194936,1.57588384,0.00453800,6.42261590,0.00000000,2.65737223,6.02086398,0.04281275,0.00566795,0.00241658,2.11052706,0.07310593,0.54675149,0.81713686,0.18436522,0.20931808,0.17036625,0.03534886,0.00000000,0.00000000,0.00000000,0.00000000,0.00000000,0.00000000,0.00000000,0.00000000,0.00000000,0.00000000,0.00000000,0.00178244,0.00000000,0.00000000,0.00000000,0.00000000,0.00000000,0.00000000,0.00000000,0.00000000,0.00000000,0.00000000,0.00000000,0.00144688,0.00000000,0.00000000,0.00787468,0.00000000,0.00000000,0.00000000,0.00000000,0.00000000,0.05274290,0.00418154,0.13806430,0.07453312,0.00000000,0.00000000,0.00000000,0.00000000,0.00000000
0.00000000,0.00000000,0.00000000,0.00000000,0.00000000,0.00000000,0.00000000,0.00000000,0.00000000,0.00000000,0.00000000,0.00000000,0.00000000,0.00000000,0.00000000,0.00000000,0.00000000,0.00000000,0.00000000,0.00000000,0.00000000,0.00000000,0.00000000,0.00000000,0.00000000,0.00000000,0.00000000,0.00000000,0.00000000,0.00000000,0.00000000,0.00000000,0.00000000,0.00000000,0.00000000,0.00000000,0.00000000,0.00000000,0.00000000,0.00000000,0.00000000,0.00000000,0.00000000,0.00000000,0.00000000,0.00000000,0.28882198,0.21108960,0.01807256,1.42678564,0.00573596,8.61772046,2.65737223,0.00000000,5.68455525,2.73127446,0.02316979,0.01429116,3.81532452,0.48207262,0.06030097,1.01652036,0.13722511,0.03851987,0.05114320,0.02822793,0.00000000,0.00000000,0.00000000,0.00000000,0.00000000,0.00000000,0.00000000,0.00000000,0.00000000,0.00000000,0.00000000,0.00000000,0.00000000,0.00000000,0.00000000,0.00000000,0.00000000,0.00000000,0.00000000,0.00000000,0.00000000,0.00000000,0.00000000,0.00000000,0.00000000,0.00000000,0.01364373,0.00000000,0.00000000,0.00000000,0.00000000,0.00000000,0.08599232,0.00728251,0.23089459,0.12440068,0.00000000,0.00000000,0.00000000,0.00000000,0.00000000
0.00000000,0.00000000,0.00000000,0.00000000,0.00000000,0.00000000,0.00000000,0.00000000,0.00000000,0.00000000,0.00000000,0.00000000,0.00000000,0.00000000,0.00000000,0.00000000,0.00000000,0.00000000,0.00000000,0.00000000,0.00000000,0.00000000,0.00000000,0.00000000,0.00000000,0.00000000,0.00000000,0.00000000,0.00000000,0.00000000,0.00000000,0.00000000,0.00000000,0.00000000,0.00000000,0.00000000,0.00000000,0.00000000,0.00000000,0.00000000,0.00000000,0.00000000,0.00000000,0.00000000,0.00000000,0.00000000,0.24575739,0.51936319,0.04897963,0.49115713,0.00164482,1.60912788,6.02086398,5.68455525,0.00000000,0.10751577,0.00420582,0.00234973,5.90554228,0.07903585,0.41183618,1.02519308,0.13371730,0.14252847,0.09805039,0.01676121,0.00000000,0.00000000,0.00000000,0.00000000,0.00000000,0.00000000,0.00000000,0.00000000,0.00000000,0.00000000,0.00000000,0.00000000,0.00000000,0.00000000,0.00000000,0.00000000,0.00000000,0.00000000,0.00000000,0.00000000,0.00000000,0.00000000,0.00000000,0.00000000,0.00000000,0.00000000,0.00555047,0.00000000,0.00000000,0.00000000,0.00000000,0.00000000,0.03419094,0.00548346,0.10768536,0.06827381,0.00000000,0.00000000,0.00000000,0.00000000,0.00000000
0.00000000,0.00000000,0.00000000,0.00000000,0.00000000,0.00000000,0.00000000,0.00000000,0.00000000,0.00000000,0.00000000,0.00000000,0.00000000,0.00000000,0.00000000,0.00000000,0.00000000,0.00000000,0.00000000,0.00000000,0.00000000,0.00000000,0.00000000,0.00000000,0.00000000,0.00000000,0.00000000,0.00000000,0.00000000,0.00000000,0.00000000,0.00000000,0.00000000,0.00000000,0.00000000,0.00000000,0.00000000,0.00000000,0.00000000,0.00000000,0.00000000,0.00000000,0.00000000,0.00000000,0.00000000,0.00000000,0.25473345,0.03667774,0.01160500,1.62905318,0.27459209,0.36141823,0.04281275,2.73127446,0.10751577,0.00000000,4.52272219,0.26680035,0.14114520,6.09050698,0.01356109,0.36506259,0.76856566,0.01245702,0.04253804,0.07978471,0.00000000,0.00000000,0.00000000,0.00000000,0.00000000,0.00000000,0.00000000,0.00000000,0.00000000,0.00000000,0.00000000,0.00000000,0.00000000,0.00000000,0.00000000,0.00000000,0.00000000,0.00000000,0.00000000,0.00000000,0.00000000,0.00000000,0.00000000,0.00000000,0.00000000,0.00000000,0.01431186,0.00000000,0.00000000,0.00000000,0.00000000,0.00000000,0.15585545,0.01126604,0.27897242,0.17044177,0.00000000,0.00299487,0.00000000,0.00000000,0.00000000
0.00000000,0.00000000,0.00000000,0.00000000,0.00000000,0.00000000,0.00000000,0.00000000,0.00000000,0.00000000,0.00000000,0.00000000,0.00000000,0.00000000,0.00000000,0.00000000,0.00000000,0.00000000,0.00000000,0.00000000,0.00000000,0.00000000,0.00000000,0.00000000,0.00000000,0.00000000,0.00000000,0.00000000,0.00000000,0.00000000,0.00000000,0.00000000,0.00000000,0.00000000,0.00000000,0.00000000,0.00000000,0.00000000,0.00000000,0.00000000,0.00000000,0.00000000,0.00000000,0.00000000,0.00000000,0.00000000,0.12174746,0.01189969,0.00511921,0.21271386,4.21597072,0.01156044,0.00566795,0.02316979,0.00420582,4.52272219,0.00000000,5.09692496,0.00819117,1.33863176,0.00610095,0.04811449,0.84233069,0.00498187,0.02983847,0.44018429,0.00000000,0.00000000,0.00000000,0.00000000,0.00000000,0.00000000,0.00000000,0.00000000,0.00000000,0.00000000,0.00000000,0.00352431,0.00000000,0.00000000,0.00000000,0.00000000,0.00000000,0.00000000,0.00000000,0.00000000,0.00000000,0.00000000,0.00000000,0.00391829,0.00000000,0.00000000,0.00507179,0.00000000,0.00000000,0.00000000,0.00000000,0.00000000,0.17282381,0.00455722,0.13214787,0.08679215,0.00000000,0.00918582,0.00000000,0.00000000,0.00242625
0.00000000,0.00000000,0.00000000,0.00000000,0.00000000,0.00000000,0.00000000,0.00000000,0.00000000,0.00000000,0.00000000,0.00000000,0.00000000,0.00000000,0.00000000,0.00000000,0.00000000,0.00000000,0.00000000,0.00000000,0.00000000,0.00000000,0.00000000,0.00000000,0.00000000,0.00000000,0.00000000,0.00000000,0.00000000,0.00000000,0.00000000,0.00000000,0.00000000,0.00000000,0.00000000,0.00000000,0.00000000,0.00000000,0.00000000,0.00000000,0.00000000,0.00000000,0.00000000,0.00000000,0.00000000,0.00000000,0.03761217,0.00649375,0.00270341,0.03041729,2.55505958,0.00576488,0.00241658,0.01429116,0.00234973,0.26680035,5.09692496,0.00000000,0.00370518,0.12068799,0.00458765,0.01844532,0.22113413,0.00288409,0.02868310,1.52578815,0.00000000,0.00000000,0.00000000,0.00000000,0.00000000,0.00000000,0.00000000,0.00000000,0.00000000,0.00000000,0.00000000,0.00275903,0.00000000,0.00000000,0.00000000,0.00000000,0.00000000,0.00000000,0.00000000,0.00000000,0.00000000,0.00000000,0.00000000,0.00226575,0.00000000,0.00000000,0.00000000,0.00000000,0.00000000,0.00000000,0.00000000,0.00000000,0.15626757,0.00000000,0.04171990,0.04156291,0.00000000,0.01138675,0.00000000,0.00000000,0.00246661
0.00000000,0.00000000,0.00000000,0.00000000,0.00000000,0.00000000,0.00000000,0.00000000,0.00000000,0.00000000,0.00000000,0.00000000,0.00000000,0.00000000,0.00000000,0.00000000,0.00000000,0.00000000,0.00000000,0.00000000,0.00000000,0.00000000,0.00000000,0.00000000,0.00000000,0.00000000,0.00000000,0.00000000,0.00000000,0.00000000,0.00000000,0.00000000,0.00000000,0.00000000,0.00000000,0.00000000,0.00000000,0.00000000,0.00000000,0.00000000,0.00000000,0.00000000,0.00000000,0.00000000,0.00000000,0.00000000,0.34587846,0.48822073,0.08641833,0.30854694,0.00487148,0.69976670,2.11052706,3.81532452,5.90554228,0.14114520,0.00819117,0.00370518,0.00000000,0.20500158,3.66083465,5.91375616,0.33978082,1.45402334,0.38407235,0.05005030,0.00000000,0.00000000,0.00000000,0.00000000,0.00000000,0.00000000,0.00000000,0.00000000,0.00000000,0.00000000,0.00000000,0.00000000,0.00000000,0.00000000,0.00000000,0.00000000,0.00000000,0.00000000,0.00000000,0.00000000,0.00000000,0.00000000,0.00000000,0.00170239,0.00000000,0.00000000,0.01423491,0.00000000,0.00000000,0.00000000,0.00000000,0.00000000,0.05669577,0.00871781,0.16978479,0.10438977,0.00000000,0.00000000,0.00000000,0.00000000,0.00000000
0.00000000,0.00000000,0.00000000,0.00000000,0.00000000,0.00000000,0.00000000,0.00000000,0.00000000,0.00000000,0.00000000,0.00000000,0.00000000,0.00000000,0.00000000,0.00000000,0.00000000,0.00000000,0.00000000,0.00000000,0.00000000,0.00000000,0.00000000,0.00000000,0.00000000,0.00000000,0.00000000,0.00000000,0.00000000,0.00000000,0.00000000,0.00000000,0.00000000,0.00000000,0.00000000,0.00000000,0.00000000,0.00000000,0.00000000,0.00000000,0.00000000,0.00000000,0.00000000,0.00000000,0.00000000,0.00000000,0.09575807,0.05705374,0.00974410,0.14095335,0.04534952,0.07698065,0.07310593,0.48207262,0.07903585,6.09050698,1.33863176,0.12068799,0.20500158,0.00000000,0.04366238,2.60041018,4.47376394,0.03895807,0.14617674,0.10155519,0.00000000,0.00000000,0.00000000,0.00000000,0.00000000,0.00000000,0.00000000,0.00000000,0.00000000,0.00000000,0.00000000,0.00000000,0.00000000,0.00000000,0.00000000,0.00000000,0.00000000,0.00000000,0.00000000,0.00000000,0.00000000,0.00000000,0.00000000,0.00000000,0.00000000,0.00000000,0.01755511,0.00000000,0.00000000,0.00000000,0.00000000,0.00000000,0.09510817,0.00788902,0.13802741,0.11461906,0.00000000,0.00325272,0.00000000,0.00000000,0.00000000
0.00000000,0.00000000,0.00000000,0.00000000,0.00000000,0.00000000,0.00000000,0.00000000,0.00000000,0.00000000,0.00000000,0.00000000,0.00000000,0.00000000,0.00000000,0.00000000,0.00000000,0.00000000,0.00000000,0.00000000,0.00000000,0.00000000,0.00000000,0.00000000,0.00000000,0.00000000,0.00000000,0.00000000,0.00000000,0.00000000,0.00000000,0.00000000,0.00000000,0.00000000,0.00000000,0.00000000,0.00000000,0.00000000,0.00000000,0.00000000,0.00000000,0.00000000,0.00000000,0.00000000,0.00000000,0.00000000,0.20355040,0.36058854,0.64290165,0.03233439,0.00507317,0.03223361,0.54675149,0.06030097,0.41183618,0.01356109,0.00610095,0.00458765,3.66083465,0.04366238,0.00000000,1.58479036,0.26781490,5.00791539,1.76297214,0.16577304,0.02173401,0.00000000,0.00000000,0.00000000,0.00000000,0.00000000,0.00000000,0.00000000,0.00000000,0.00000000,0.00000000,0.01516297,0.00000000,0.00000000,0.00000000,0.00000000,0.00000000,0.00000000,0.00000000,0.00000000,0.00000000,0.00000000,0.00000000,0.02529001,0.00108499,0.01182258,0.06969099,0.00000000,0.00000000,0.00000000,0.00000000,0.00221408,0.12045618,0.03129745,0.36444199,0.25031580,0.00000000,0.00000000,0.00000000,0.00000000,0.00000000
0.00000000,0.00000000,0.00000000,0.00000000,0.00000000,0.00000000,0.00000000,0.00000000,0.00000000,0.00000000,0.00000000,0.00000000,0.00000000,0.00000000,0.00000000,0.00000000,0.00000000,0.00000000,0.00000000,0.00000000,0.00000000,0.00000000,0.00000000,0.00000000,0.00000000,0.00000000,0.00000000,0.00000000,0.00000000,0.00000000,0.00000000,0.00000000,0.00000000,0.00000000,0.00000000,0.00000000,0.00000000,0.00000000,0.00000000,0.00000000,0.00000000,0.00000000,0.00000000,0.00000000,0.00000000,0.00000000,0.55762727,0.54905221,0.09744561,0.24624844,0.01149935,0.26094691,0.81713686,1.01652036,1.02519308,0.36506259,0.04811449,0.01844532,5.91375616,2.60041018,1.58479036,0.00000000,5.07878874,3.88949842,3.56024885,0.17559013,0.00567987,0.00000000,0.00000000,0.00000000,0.00000000,0.00000000,0.00000000,0.00000000,0.00000000,0.00000000,0.00000000,0.00000000,0.00000000,0.00000000,0.00000000,0.00000000,0.00000000,0.00000000,0.00000000,0.00000000,0.00000000,0.00000000,0.00000000,0.00000000,0.00000000,0.00000000,0.03665093,0.00000000,0.00000000,0.00000000,0.00000000,0.00000000,0.11973155,0.02520387,0.35146844,0.25906776,0.00000000,0.00000000,0.00000000,0.00000000,0.00000000
0.00000000,0.00000000,0.00000000,0.00000000,0.00000000,0.00000000,0.00000000,0.00000000,0.00000000,0.00000000,0.00000000,0.00000000,0.00000000,0.00000000,0.00000000,0.00000000,0.00000000,0.00000000,0.00000000,0.00000000,0.00000000,0.00000000,0.00000000,0.00000000,0.00000000,0.00000000,0.00000000,0.00000000,0.00000000,0.00000000,0.00000000,0.00000000,0.00000000,0.00000000,0.00000000,0.00000000,0.00000000,0.00000000,0.00000000,0.00000000,0.00000000,0.00000000,0.00000000,0.00000000,0.00000000,0.00000000,0.24538880,0.17365409,0.04765840,0.10268054,0.04684582,0.06686058,0.18436522,0.13722511,0.13371730,0.76856566,0.84233069,0.22113413,0.33978082,4.47376394,0.26781490,5.07878874,0.00000000,0.37681679,3.21944694,1.25587356,0.00848694,0.00000000,0.00000000,0.00000000,0.00000000,0.00000000,0.00000000,0.00000000,0.00000000,0.00000000,0.00000000,0.00000000,0.00000000,0.00000000,0.00000000,0.00000000,0.00000000,0.00000000,0.00000000,0.00000000,0.00000000,0.00000000,0.00000000,0.00000000,0.00000000,0.00000000,0.04412068,0.00000000,0.00000000,0.00000000,0.00000000,0.00000000,0.18996728,0.02892529,0.34011130,0.27446355,0.00000000,0.01308752,0.00000000,0.00000000,0.00102909
0.00000000,0.00000000,0.00000000,0.00000000,0.00000000,0.00000000,0.00000000,0.00000000,0.00000000,0.00000000,0.00000000,0.00000000,0.00000000,0.00000000,0.00000000,0.00000000,0.00000000,0.00000000,0.00000000,0.00000000,0.00000000,0.00000000,0.00000000,0.00000000,0.00000000,0.00000000,0.00000000,0.00000000,0.00000000,0.00000000,0.00000000,0.00000000,0.00000000,0.00000000,0.00000000,0.00000000,0.00000000,0.00000000,0.00000000,0.00000000,0.00000000,0.00000000,0.00000000,0.00000000,0.00000000,0.00000000,0.15309411,0.21465435,0.18372480,0.02333264,0.00289255,0.02372640,0.20931808,0.03851987,0.14252847,0.01245702,0.00498187,0.00288409,1.45402334,0.03895807,5.00791539,3.88949842,0.37681679,0.00000000,4.22458652,0.20518532,0.02851950,0.00000000,0.00000000,0.00000000,0.00000000,0.00000000,0.00000000,0.00000000,0.00000000,0.00000000,0.00000000,0.00389456,0.00000000,0.00000000,0.00000000,0.00000000,0.00000000,0.00000000,0.00000000,0.00000000,0.00000000,0.00000000,0.00000000,0.00882412,0.00000000,0.00422620,0.05457771,0.00000000,0.00000000,0.00000000,0.00000000,0.00535546,0.09591432,0.02674871,0.29810207,0.24642784,0.00000000,0.00000000,0.00000000,0.00000000,0.00000000
0.00000000,0.00000000,0.00000000,0.00000000,0.00000000,0.00000000,0.00000000,0.00000000,0.00000000,0.00000000,0.00000000,0.00000000,0.00000000,0.00000000,0.00000000,0.00000000,0.00000000,0.00000000,0.00000000,0.00000000,0.00000000,0.00000000,0.00000000,0.00000000,0.00000000,0.00000000,0.00000000,0.00000000,0.00000000,0.00000000,0.00000000,0.00000000,0.00000000,0.00000000,0.00000000,0.00000000,0.00000000,0.00000000,0.00000000,0.00000000,0.00000000,0.00000000,0.00000000,0.00000000,0.00000000,0.00000000,0.23260682,0.23094383,0.17229098,0.03367293,0.00894846,0.03171798,0.17036625,0.05114320,0.09805039,0.04253804,0.02983847,0.02868310,0.38407235,0.14617674,1.76297214,3.56024885,3.21944694,4.22458652,0.00000000,1.56890405,0.02778432,0.00000000,0.00000000,0.00000000,0.00000000,0.00000000,0.00000000,0.00000000,0.00000000,0.00000000,0.00000000,0.00052989,0.00000000,0.00000000,0.00000000,0.00000000,0.00000000,0.00000000,0.00000000,0.00000000,0.00000000,0.00000000,0.00000000,0.00323866,0.00000000,0.00096527,0.07081198,0.00000000,0.00000000,0.00000000,0.00000000,0.00137543,0.17920849,0.04261230,0.45888842,0.39836504,0.00000000,0.00157717,0.00000000,0.00000000,0.00000000
0.00000000,0.00000000,0.00000000,0.00000000,0.00000000,0.00000000,0.00000000,0.00000000,0.00000000,0.00000000,0.00000000,0.00000000,0.00000000,0.00000000,0.00000000,0.00000000,0.00000000,0.00000000,0.00000000,0.00000000,0.00000000,0.00000000,0.00000000,0.00000000,0.00000000,0.00000000,0.00000000,0.00000000,0.00000000,0.00000000,0.00000000,0.00000000,0.00000000,0.00000000,0.00000000,0.00000000,0.00000000,0.00000000,0.00000000,0.00000000,0.00000000,0.00000000,0.00000000,0.00000000,0.00000000,0.00000000,0.04715103,0.04535167,0.02602864,0.02125627,0.07768960,0.01718147,0.03534886,0.02822793,0.01676121,0.07978471,0.44018429,1.52578815,0.05005030,0.10155519,0.16577304,0.17559013,1.25587356,0.20518532,1.56890405,0.00000000,0.01640882,0.00000000,0.00000000,0.00000000,0.00000000,0.00000000,0.00000000,0.00000000,0.00000000,0.00000000,0.00000000,0.00000000,0.00000000,0.00000000,0.00000000,0.00000000,0.00000000,0.00000000,0.00000000,0.00000000,0.00442092,0.00000000,0.00000000,0.00000000,0.00000000,0.00000000,0.03780063,0.00000000,0.00000000,0.00000000,0.00000000,0.00000000,0.24384290,0.02454056,0.23425904,0.25424329,0.00000000,0.01479435,0.00000000,0.00000000,0.00292016
0.00000000,0.00000000,0.00000000,0.00000000,0.00000000,0.00000000,0.00000000,0.00000000,0.00000000,0.00000000,0.00000000,0.00000000,0.00000000,0.00000000,0.00000000,0.00000000,0.00000000,0.00000000,0.00000000,0.00000000,0.00000000,0.00000000,0.00000000,0.00000000,0.00000000,0.00000000,0.00000000,0.00000000,0.00000000,0.00000000,0.00000000,0.00000000,0.00000000,0.00000000,0.00000000,0.00000000,0.00000000,0.00000000,0.00000000,0.00000000,0.00000000,0.00000000,0.00000000,0.00000000,0.00000000,0.00000000,0.00000000,0.00000000,0.00261945,0.00000000,0.00000000,0.00000000,0.00000000,0.00000000,0.00000000,0.00000000,0.00000000,0.00000000,0.00000000,0.00000000,0.02173401,0.00567987,0.00848694,0.02851950,0.02778432,0.01640882,0.00000000,0.00000000,0.00302769,0.00000000,0.00215335,0.00885742,0.00000000,0.00000000,0.00000000,0.00000000,0.00000000,0.00000000,0.00000000,0.00000000,0.00000000,0.00000000,0.00000000,0.00000000,0.00000000,0.00000000,0.02760272,0.00000000,0.00071622,0.00538661,0.00431404,0.00850381,0.17706594,0.00000000,0.00000000,0.00000000,0.00000000,0.00777024,0.01887837,0.04186232,0.55331507,0.13017051,0.00000000,0.00000000,0.00000000,0.00000000,0.00000000
0.00000000,0.00000000,0.00000000,0.00000000,0.00000000,0.00000000,0.00000000,0.00000000,0.00000000,0.00000000,0.00000000,0.00000000,0.00000000,0.00000000,0.00000000,0.00000000,0.42824952,0.00000000,0.00000000,0.00000000,0.00000000,0.06812443,0.07614444,0.00000000,0.00000000,0.00000000,0.00000000,0.00000000,0.00000000,0.00000000,0.00000000,0.00000000,0.00000000,0.00000000,0.01720006,0.00000000,0.00000000,0.00000000,0.00000000,0.00000000,0.00000000,0.00000000,0.00000000,0.00000000,0.00000000,0.04976734,0.00000000,0.00000000,0.00000000,0.00000000,0.00000000,0.00000000,0.00000000,0.00000000,0.00000000,0.00000000,0.00000000,0.00000000,0.00000000,0.00000000,0.00000000,0.00000000,0.00000000,0.00000000,0.00000000,0.00000000,0.00000000,0.00000000,0.00733265,0.84286794,0.00000000,0.00912285,5.34090640,1.06473300,4.36981822,0.00000000,0.00000000,0.00000000,0.00000000,0.00000000,0.00000000,0.00000000,0.00000000,0.00000000,0.00000000,0.00437823,0.43276283,0.07360293,0.00000000,0.00000000,0.00000000,0.00000000,0.00000000,0.00000000,0.00000000,0.00000000,0.00000000,0.20876113,0.00704779,0.07606499,0.11942605,0.24882865,0.28532579,0.00000000,0.05673040,0.18557535,0.19042563
0.00000000,0.00000000,0.00000000,0.00000000,0.00000000,0.00000000,0.00000000,0.00000000,0.00000000,0.00000000,0.00000000,0.00000000,0.00000000,0.00000000,0.00000000,0.00000000,0.02027012,0.00000000,0.00000000,0.00000000,0.00000000,0.00000000,0.00000000,0.00000000,0.00000000,0.00000000,0.00000000,0.00000000,0.00000000,0.00000000,0.00000000,0.00000000,0.00000000,0.00000000,0.00000000,0.00000000,0.00000000,0.00000000,0.00000000,0.00000000,0.00000000,0.00000000,0.00000000,0.00000000,0.00000000,0.00000000,0.00000000,0.00000000,0.00000000,0.00000000,0.00000000,0.00000000,0.00000000,0.00000000,0.00000000,0.00000000,0.00000000,0.00000000,0.00000000,0.00000000,0.00000000,0.00000000,0.00000000,0.00000000,0.00000000,0.00000000,0.00302769,0.00733265,0.00000000,0.03847353,0.01224247,0.06203519,0.00000000,0.00000000,0.03602265,0.00000000,0.00000000,0.00000000,0.00000000,0.00000000,0.00000000,0.00000000,0.00000000,0.00000000,0.00000000,0.09058561,0.01634601,0.00000000,0.00000000,0.00000000,0.00000000,0.00000000,0.00000000,0.00000000,0.00000000,0.00000000,0.00000000,0.86144340,0.22637460,1.51214425,2.09114079,2.25527892,0.02002611,0.00000000,0.00000000,0.00000000,0.00000000
0.00000000,0.00000000,0.00000000,0.00000000,0.00000000,0.00000000,0.00000000,0.00000000,0.00000000,0.00000000,0.00000000,0.00000000,0.00000000,0.00000000,0.00000000,0.00000000,0.51688233,0.00000000,0.00000000,0.00557908,0.00000000,0.00000000,0.00000000,0.00000000,0.00000000,0.00000000,0.00000000,0.00000000,0.00000000,0.00000000,0.00000000,0.00000000,0.00000000,0.00000000,0.00000000,0.00000000,0.00000000,0.00000000,0.00000000,0.00000000,0.00000000,0.00000000,0.00000000,0.00000000,0.00000000,0.00000000,0.00000000,0.00000000,0.00000000,0.00000000,0.00000000,0.00000000,0.00000000,0.00000000,0.00000000,0.00000000,0.00000000,0.00000000,0.00000000,0.00000000,0.00000000,0.00000000,0.00000000,0.00000000,0.00000000,0.00000000,0.00000000,0.84286794,0.03847353,0.00000000,0.00000000,0.00595327,0.18441933,0.05996335,1.32888284,0.00000000,0.00000000,0.00000000,0.00000000,0.00000000,0.00000000,0.00000000,0.00000000,0.00000000,0.00000000,0.00203500,1.24562259,0.00980182,0.00000000,0.00000000,0.00000000,0.00000000,0.00000000,0.00000000,0.00000000,0.00000000,0.00000000,0.83400805,0.04224574,0.22098396,0.28087089,1.04763614,0.28345928,0.00000000,0.00768904,0.03545919,0.09046977
0.00000000,0.00000000,0.00000000,0.00000000,0.00000000,0.00000000,0.00000000,0.00000000,0.00000000,0.00000000,0.00000000,0.00000000,0.00000000,0.00000000,0.00000000,0.00000000,0.00000000,0.00000000,0.00000000,0.00000000,0.00000000,0.00000000,0.00000000,0.00000000,0.00000000,0.00454917,0.00000000,0.00000000,0.00000000,0.00000000,0.00000000,0.00000000,0.00000000,0.00000000,0.00788114,0.00000000,0.00000000,0.00000000,0.00000000,0.00000000,0.00000000,0.00000000,0.00430421,0.00000000,0.00308929,0.00000000,0.00000000,0.00000000,0.00000000,0.00000000,0.00000000,0.00000000,0.00000000,0.00000000,0.00000000,0.00000000,0.00000000,0.00000000,0.00000000,0.00000000,0.00000000,0.00000000,0.00000000,0.00000000,0.00000000,0.00000000,0.00215335,0.00000000,0.01224247,0.00000000,0.00000000,0.27195781,0.00403689,0.00649950,0.01463597,0.01078043,0.00000000,0.00000000,0.00000000,0.00000000,0.01639238,0.14701781,0.01282081,0.06793672,0.06576341,0.02818761,0.00000000,0.05512013,0.00000000,0.00000000,0.00000000,0.00000000,0.00132945,0.09651165,3.55655957,0.00000000,0.00527304,0.23392251,0.00000000,0.08878325,0.94590011,0.17787691,0.01268029,0.00000000,0.00000000,0.00000000,0.00000000
0.00000000,0.00000000,0.00000000,0.00000000,0.00000000,0.00000000,0.00000000,0.00000000,0.00000000,0.00000000,0.00000000,0.00000000,0.00000000,0.00000000,0.00000000,0.00000000,0.00000000,0.00000000,0.00000000,0.00000000,0.00000000,0.00000000,0.00000000,0.00000000,0.00000000,0.00000000,0.00000000,0.00000000,0.00000000,0.00000000,0.00000000,0.00000000,0.00000000,0.00000000,0.00000000,0.00000000,0.00000000,0.00000000,0.00000000,0.00000000,0.00000000,0.00000000,0.00000000,0.00000000,0.00000000,0.00000000,0.00000000,0.00000000,0.00000000,0.00000000,0.00000000,0.00000000,0.00000000,0.00000000,0.00000000,0.00000000,0.00000000,0.00000000,0.00000000,0.00000000,0.00000000,0.00000000,0.00000000,0.00000000,0.00000000,0.00000000,0.00885742,0.00912285,0.06203519,0.00595327,0.27195781,0.00000000,0.00748742,0.01145128,0.17031314,0.00000000,0.00000000,0.00000000,0.00000000,0.00000000,0.00000000,0.00511472,0.00000000,0.00522473,0.01250134,0.05400779,0.00308789,0.02941754,0.00000000,0.00000000,0.00000000,0.00000000,0.01384060,0.00199383,0.03351527,0.00000000,0.00000000,0.34984452,0.00744362,0.27071826,1.02523162,0.38558827,0.01266516,0.00000000,0.00000000,0.00000000,0.00000000
0.00000000,0.00000000,0.00000000,0.00000000,0.00000000,0.00000000,0.00000000,0.00000000,0.00000000,0.00000000,0.00000000,0.00000000,0.00000000,0.00000000,0.00000000,0.00000000,0.12553326,0.00000000,0.00000000,0.00000000,0.00000000,0.05658069,0.08924990,0.00671519,0.00000000,0.00545480,0.00000000,0.00000000,0.00000000,0.00000000,0.00000000,0.00000000,0.00000000,0.00262909,0.11100107,0.00000000,0.00000000,0.00000000,0.00000000,0.00000000,0.00000000,0.02446730,0.00239363,0.00000000,0.00315383,0.04280104,0.00000000,0.00000000,0.00000000,0.00000000,0.00000000,0.00000000,0.00000000,0.00000000,0.00000000,0.00000000,0.00000000,0.00000000,0.00000000,0.00000000,0.00000000,0.00000000,0.00000000,0.00000000,0.00000000,0.00000000,0.00000000,5.34090640,0.00000000,0.18441933,0.00403689,0.00748742,0.00000000,5.83798216,0.81231691,0.00000000,0.00000000,0.00000000,0.00000000,0.00000000,0.00000000,0.00000000,0.00161333,0.00140279,0.00309239,0.00509604,0.35627755,0.44227799,0.00000000,0.00000000,0.00000000,0.00000000,0.00000000,0.00000000,0.00000000,0.00722865,0.04022422,0.16677226,0.00772162,0.04613734,0.10340883,0.15499816,0.22837711,0.00000000,0.04793364,0.16594740,0.20514341
0.00000000,0.00000000,0.00000000,0.00000000,0.00000000,0.00000000,0.00000000,0.00000000,0.00000000,0.00000000,0.00000000,0.00000000,0.00000000,0.00000000,0.00000000,0.00000000,0.05633898,0.00000000,0.00000000,0.00000000,0.00000000,0.05042578,0.09990546,0.01189240,0.00000000,0.02263396,0.00000000,0.00000000,0.00000000,0.00000000,0.00000000,0.00000000,0.00000000,0.01165696,0.41011492,0.00000000,0.00000000,0.00000000,0.00000000,0.00287571,0.00094672,0.04698814,0.01108304,0.00861448,0.02113276,0.03796952,0.00000000,0.00000000,0.00000000,0.00000000,0.00000000,0.00000000,0.00000000,0.00000000,0.00000000,0.00000000,0.00000000,0.00000000,0.00000000,0.00000000,0.00000000,0.00000000,0.00000000,0.00000000,0.00000000,0.00000000,0.00000000,1.06473300,0.00000000,0.05996335,0.00649950,0.01145128,5.83798216,0.00000000,0.62087706,0.00000000,0.00000000,0.00000000,0.00000000,0.00000000,0.00000000,0.00000000,0.00118910,0.00304110,0.00508625,0.00947939,0.14236568,2.56756959,0.00000000,0.00000000,0.00000000,0.00000000,0.00000000,0.00000000,0.00000000,0.00201992,0.03646298,0.24216744,0.00182509,0.06293494,0.15955647,0.21557338,0.37473907,0.00000000,0.04892816,0.25834589,0.17739140
0.00000000,0.00000000,0.00000000,0.00000000,0.00000000,0.00000000,0.00000000,0.00000000,0.00000000,0.00000000,0.00000000,0.00000000,0.00000000,0.00000000,0.00000000,0.00000000,0.80999390,0.00000000,0.00000000,0.00000000,0.00000000,0.17890759,0.10752663,0.00000000,0.00000000,0.00000000,0.00000000,0.00000000,0.00000000,0.00000000,0.00000000,0.00000000,0.00000000,0.00000000,0.01945339,0.00000000,0.00000000,0.00000000,0.00000000,0.00000000,0.00000000,0.00000000,0.00000000,0.00000000,0.00000000,0.08230188,0.00000000,0.00000000,0.00000000,0.00000000,0.00000000,0.00000000,0.00000000,0.00000000,0.00000000,0.00000000,0.00000000,0.00000000,0.00000000,0.00000000,0.00000000,0.00000000,0.00000000,0.00000000,0.00000000,0.00000000,0.00000000,4.36981822,0.03602265,1.32888284,0.01463597,0.17031314,0.81231691,0.62087706,0.00000000,0.00000000,0.00000000,0.00000000,0.00000000,0.00000000,0.00000000,0.00000000,0.00000000,0.00000000,0.00397056,0.04392618,0.29407194,0.06819360,0.00000000,0.00000000,0.00000000,0.00000000,0.00000000,0.00000000,0.00000000,0.00000000,0.00000000,1.54594540,0.03940227,0.88405567,1.29705299,2.24209161,0.64604543,0.00000000,0.03578466,0.27420962,0.14892806
0.00000000,0.00000000,0.00000000,0.00000000,0.00000000,0.00000000,0.00000000,0.00000000,0.00000000,0.00000000,0.00000000,0.00000000,0.00000000,0.00000000,0.00000000,0.00000000,0.00000000,0.00000000,0.00000000,0.00000000,0.00000000,0.00000000,0.00000000,0.00000000,0.00000000,0.00000000,0.00000000,0.00891181,0.01540964,0.00000000,0.00000000,0.00000000,0.00000000,0.00000000,0.00000000,0.00000000,0.00000000,0.01730999,0.02199323,0.00000000,0.00811849,0.00000000,0.00000000,0.00000000,0.00000000,0.00000000,0.00000000,0.00000000,0.00000000,0.00000000,0.00000000,0.00000000,0.00000000,0.00000000,0.00000000,0.00000000,0.00000000,0.00000000,0.00000000,0.00000000,0.00000000,0.00000000,0.00000000,0.00000000,0.00000000,0.00000000,0.00000000,0.00000000,0.00000000,0.00000000,0.01078043,0.00000000,0.00000000,0.00000000,0.00000000,0.00000000,0.00164111,0.00000000,0.00000000,0.01671440,4.78561995,0.17408692,0.11992158,0.01017359,0.00000000,0.00000000,0.00000000,0.00000000,0.00795209,0.00499736,0.00722848,0.00129733,0.00000000,4.75277338,0.12241331,0.08776020,0.01767826,0.51598336,0.00237313,0.00633167,1.52575262,0.01652330,0.01055616,0.00000000,0.00000000,0.00000000,0.00000000
0.00000000,0.00000000,0.00000000,0.00000000,0.00000000,0.00000000,0.00000000,0.00000000,0.00000000,0.00000000,0.00000000,0.00000000,0.00000000,0.00000000,0.00000000,0.00000000,0.00000000,0.00000000,0.00000000,0.00000000,0.00000000,0.00000000,0.00000000,0.00000000,0.00000000,0.00000000,0.00000000,0.00000000,0.00000000,0.00000000,0.00000000,0.00000000,0.00000000,0.00000000,0.00000000,0.00000000,0.00000000,0.00000000,0.00000000,0.00000000,0.00000000,0.00000000,0.00000000,0.00000000,0.00000000,0.00000000,0.00192979,0.00077773,0.00512825,0.00000000,0.00000000,0.00000000,0.00000000,0.00000000,0.00000000,0.00000000,0.00000000,0.00000000,0.00000000,0.00000000,0.00000000,0.00000000,0.00000000,0.00000000,0.00000000,0.00000000,0.00000000,0.00000000,0.00000000,0.00000000,0.00000000,0.00000000,0.00000000,0.00000000,0.00000000,0.00164111,0.00000000,8.16027955,8.14559785,1.81393776,0.00000000,0.00000000,0.00000000,0.00000000,0.00000000,0.00000000,0.00000000,0.00000000,3.75746963,0.29405099,0.31998145,0.02993421,0.00517843,0.00000000,0.00000000,0.00000000,0.00000000,0.00137712,0.66223275,0.00882034,0.13050763,0.09429071,0.00000000,0.00000000,0.00000000,0.00000000,0.00000000
0.00000000,0.00000000,0.00000000,0.00000000,0.00000000,0.00000000,0.00000000,0.00000000,0.00000000,0.00000000,0.00000000,0.00000000,0.00000000,0.00000000,0.00000000,0.00000000,0.00000000,0.00000000,0.00000000,0.00000000,0.00000000,0.00000000,0.00000000,0.00000000,0.00000000,0.00000000,0.00000000,0.00000000,0.00000000,0.00000000,0.00000000,0.00000000,0.00000000,0.00000000,0.00000000,0.00000000,0.00000000,0.00000000,0.00000000,0.00000000,0.00000000,0.00000000,0.00000000,0.00000000,0.00000000,0.00000000,0.03729936,0.01426758,0.03901394,0.00452442,0.00634516,0.00000000,0.00178244,0.00000000,0.00000000,0.00000000,0.00352431,0.00275903,0.00000000,0.00000000,0.01516297,0.00000000,0.00000000,0.00389456,0.00052989,0.00000000,0.00000000,0.00000000,0.00000000,0.00000000,0.00000000,0.00000000,0.00000000,0.00000000,0.00000000,0.00000000,8.16027955,0.00000000,5.15361005,0.26184809,0.00000000,0.00000000,0.00000000,0.00000000,0.00000000,0.00000000,0.00000000,0.00000000,2.24630421,1.43907737,0.23463270,0.06757332,0.01616754,0.00000000,0.00000000,0.00000000,0.00000000,0.00130287,1.66509755,0.01075382,0.16891349,0.17900078,0.00000000,0.00000000,0.00000000,0.00000000,0.00000000
0.00000000,0.00000000,0.00000000,0.00000000,0.00000000,0.00000000,0.00000000,0.00000000,0.00000000,0.00000000,0.00000000,0.00000000,0.00000000,0.00000000,0.00000000,0.00000000,0.00000000,0.00000000,0.00000000,0.00000000,0.00000000,0.00000000,0.00000000,0.00000000,0.00000000,0.00000000,0.00000000,0.00000000,0.00000000,0.00000000,0.00000000,0.00000000,0.00000000,0.00000000,0.00000000,0.00000000,0.00000000,0.00000000,0.00000000,0.00000000,0.00000000,0.00000000,0.00000000,0.00000000,0.00000000,0.00000000,0.00229160,0.00093473,0.00316269,0.00000000,0.00000000,0.00000000,0.00000000,0.00000000,0.00000000,0.00000000,0.00000000,0.00000000,0.00000000,0.00000000,0.00000000,0.00000000,0.00000000,0.00000000,0.00000000,0.00000000,0.00000000,0.00000000,0.00000000,0.00000000,0.00000000,0.00000000,0.00000000,0.00000000,0.00000000,0.00000000,8.14559785,5.15361005,0.00000000,0.72692585,0.00000000,0.00000000,0.00000000,0.00000000,0.00000000,0.00000000,0.00000000,0.00000000,0.20974160,0.03596341,0.02925219,0.00543699,0.00000000,0.00000000,0.00000000,0.00000000,0.00000000,0.00000000,4.59043349,0.00000000,0.04586281,0.05432304,0.00000000,0.00000000,0.00000000,0.00000000,0.00000000
0.00000000,0.00000000,0.00000000,0.00000000,0.00000000,0.00000000,0.00000000,0.00000000,0.00000000,0.00000000,0.00000000,0.00000000,0.00000000,0.00000000,0.00000000,0.00000000,0.00000000,0.00000000,0.00000000,0.00000000,0.00000000,0.00000000,0.00000000,0.00000000,0.00000000,0.00000000,0.00000000,0.00000000,0.00000000,0.00000000,0.00000000,0.00000000,0.00000000,0.00000000,0.00000000,0.00000000,0.00000000,0.00000000,0.00000000,0.00000000,0.00000000,0.00000000,0.00000000,0.00000000,0.00000000,0.00000000,0.00000000,0.00000000,0.00099870,0.00000000,0.00000000,0.00000000,0.00000000,0.00000000,0.00000000,0.00000000,0.00000000,0.00000000,0.00000000,0.00000000,0.00000000,0.00000000,0.00000000,0.00000000,0.00000000,0.00000000,0.00000000,0.00000000,0.00000000,0.00000000,0.00000000,0.00000000,0.00000000,0.00000000,0.00000000,0.01671440,1.81393776,0.26184809,0.72692585,0.00000000,0.00229153,0.00000000,0.00000000,0.00000000,0.00000000,0.00000000,0.00000000,0.00000000,2.78591830,0.08530464,0.73586572,0.02154667,0.00328796,0.00200439,0.00000000,0.00000000,0.00000000,0.00272247,0.18381683,0.00344383,0.09980603,0.04631503,0.00000000,0.00000000,0.00000000,0.00000000,0.00000000
0.00000000,0.00000000,0.00000000,0.00000000,0.00000000,0.00000000,0.00000000,0.00000000,0.00000000,0.00000000,0.00000000,0.00000000,0.00000000,0.00000000,0.00000000,0.00000000,0.00000000,0.00000000,0.00000000,0.00000000,0.00000000,0.00000000,0.00000000,0.00000000,0.00000000,0.00000000,0.00000000,0.00680307,0.02458151,0.00000000,0.00000000,0.00000000,0.00000000,0.00000000,0.00000000,0.00000000,0.00000000,0.02073840,0.01449404,0.00000000,0.01450929,0.00000000,0.00000000,0.00000000,0.00000000,0.00000000,0.00000000,0.00000000,0.00000000,0.00000000,0.00000000,0.00000000,0.00000000,0.00000000,0.00000000,0.00000000,0.00000000,0.00000000,0.00000000,0.00000000,0.00000000,0.00000000,0.00000000,0.00000000,0.00000000,0.00000000,0.00000000,0.00000000,0.00000000,0.00000000,0.01639238,0.00000000,0.00000000,0.00000000,0.00000000,4.78561995,0.00000000,0.00000000,0.00000000,0.00229153,0.00000000,2.91323635,0.51914725,0.12666400,0.00942963,0.00000000,0.00000000,0.00000000,0.00000000,0.00000000,0.00069996,0.00000000,0.00000000,5.10336385,0.28738120,0.03198817,0.01553400,0.89611121,0.00000000,0.03887014,1.84584680,0.08910449,0.00894440,0.00000000,0.00000000,0.00000000,0.00000000
0.00000000,0.00000000,0.00000000,0.00000000,0.00000000,0.00000000,0.00000000,0.00000000,0.00000000,0.00000000,0.00000000,0.00000000,0.00000000,0.00000000,0.00000000,0.00000000,0.00000000,0.00000000,0.00000000,0.00000000,0.00000000,0.00000000,0.00000000,0.00000000,0.00000000,0.00000000,0.00000000,0.00000000,0.00972253,0.00000000,0.00000000,0.00000000,0.00000000,0.00000000,0.00000000,0.00000000,0.00000000,0.00427558,0.00333216,0.00000000,0.01560724,0.00000000,0.01521902,0.00000000,0.00000000,0.00000000,0.00000000,0.00000000,0.00000000,0.00000000,0.00000000,0.00000000,0.00000000,0.00000000,0.00000000,0.00000000,0.00000000,0.00000000,0.00000000,0.00000000,0.00000000,0.00000000,0.00000000,0.00000000,0.00000000,0.00000000,0.00000000,0.00000000,0.00000000,0.00000000,0.14701781,0.00511472,0.00000000,0.00000000,0.00000000,0.17408692,0.00000000,0.00000000,0.00000000,0.00000000,2.91323635,0.00000000,0.26733101,0.88646384,0.40026689,0.01061594,0.00000000,0.00584935,0.00000000,0.00000000,0.00000000,0.00000000,0.00000000,3.98468747,3.79711337,0.00564350,0.03532989,1.11897444,0.00000000,0.14955845,1.97317023,0.38400950,0.01144310,0.00000000,0.00000000,0.00000000,0.00000000
0.00000000,0.00000000,0.00000000,0.00000000,0.00000000,0.00000000,0.00000000,0.00000000,0.00000000,0.00000000,0.00000000,0.00000000,0.00000000,0.00000000,0.00000000,0.00000000,0.00000000,0.00000000,0.00000000,0.00000000,0.00000000,0.00000000,0.00000000,0.00000000,0.00000000,0.00758383,0.00000000,0.07590077,0.32490857,0.00000000,0.00000000,0.00000000,0.00000000,0.00000000,0.00000000,0.00000000,0.00000000,0.24006845,0.18870916,0.00000000,0.30444929,0.00000000,0.09571105,0.01312900,0.01006830,0.00000000,0.00000000,0.00000000,0.00000000,0.00000000,0.00000000,0.00000000,0.00000000,0.00000000,0.00000000,0.00000000,0.00000000,0.00000000,0.00000000,0.00000000,0.00000000,0.00000000,0.00000000,0.00000000,0.00000000,0.00000000,0.00000000,0.00000000,0.00000000,0.00000000,0.01282081,0.00000000,0.00161333,0.00118910,0.00000000,0.11992158,0.00000000,0.00000000,0.00000000,0.00000000,0.51914725,0.26733101,0.00000000,3.86999739,0.02927533,0.00071958,0.00000000,0.01230896,0.00000000,0.00000000,0.00000000,0.00000000,0.00000000,0.12151185,0.09971231,0.79231480,1.42617901,1.49151707,0.00000000,0.08991464,1.51032065,0.20044976,0.13887740,0.00000000,0.00000000,0.02580293,0.00000000
0.00000000,0.00000000,0.00000000,0.00000000,0.00000000,0.00000000,0.00000000,0.00000000,0.00000000,0.00000000,0.00000000,0.00000000,0.00000000,0.00000000,0.00000000,0.00000000,0.00000000,0.00000000,0.00000000,0.00000000,0.00000000,0.00000000,0.00000000,0.00000000,0.00000000,0.06699507,0.00000000,0.00611985,0.05439498,0.00000000,0.00000000,0.00000000,0.00000000,0.01531400,0.00000000,0.00000000,0.00000000,0.02330455,0.01343724,0.00000000,0.07262884,0.00000000,0.17960832,0.10388383,0.10769310,0.00000000,0.00000000,0.00000000,0.00000000,0.00000000,0.00000000,0.00000000,0.00000000,0.00000000,0.00000000,0.00000000,0.00000000,0.00000000,0.00000000,0.00000000,0.00000000,0.00000000,0.00000000,0.00000000,0.00000000,0.00000000,0.00000000,0.00000000,0.00000000,0.00000000,0.06793672,0.00522473,0.00140279,0.00304110,0.00000000,0.01017359,0.00000000,0.00000000,0.00000000,0.00000000,0.12666400,0.88646384,3.86999739,0.00000000,2.60753557,0.05764912,0.00000000,0.02581445,0.00000000,0.00000000,0.00000000,0.00000000,0.00000000,0.05178116,0.19336784,0.01149717,0.06194285,1.40243733,0.00000000,0.19623597,1.35223331,0.57448028,0.13948998,0.00000000,0.00000000,0.04624654,0.00000000
0.00000000,0.00000000,0.00000000,0.00000000,0.00000000,0.00000000,0.00000000,0.00000000,0.00000000,0.00000000,0.00000000,0.00000000,0.00000000,0.00000000,0.00000000,0.00000000,0.00000000,0.00000000,0.00000000,0.00000000,0.00000000,0.00000000,0.00000000,0.00000000,0.00000000,0.07673198,0.00000000,0.00000000,0.00000000,0.00000000,0.00000000,0.00000000,0.00000000,0.02186428,0.01044298,0.00000000,0.00000000,0.00000000,0.00000000,0.00000000,0.00577367,0.00000000,0.05337569,0.04641809,0.05525365,0.00000000,0.00000000,0.00000000,0.00000000,0.00000000,0.00000000,0.00000000,0.00000000,0.00000000,0.00000000,0.00000000,0.00000000,0.00000000,0.00000000,0.00000000,0.00000000,0.00000000,0.00000000,0.00000000,0.00000000,0.00000000,0.00000000,0.00000000,0.00000000,0.00000000,0.06576341,0.01250134,0.00309239,0.00508625,0.00397056,0.00000000,0.00000000,0.00000000,0.00000000,0.00000000,0.00942963,0.40026689,0.02927533,2.60753557,0.00000000,0.25734722,0.00000000,0.05008791,0.00000000,0.00000000,0.00000000,0.00000000,0.00000000,0.00806024,0.08492541,0.00000000,0.00928607,0.81828313,0.00000000,0.16677642,0.63640834,0.54328525,0.06699725,0.00000000,0.00000000,0.01935435,0.00000000
0.00000000,0.00000000,0.00000000,0.00000000,0.00000000,0.00000000,0.00000000,0.00000000,0.00000000,0.00000000,0.00000000,0.00000000,0.00000000,0.00000000,0.00000000,0.00000000,0.00148678,0.00000000,0.00000000,0.00000000,0.00000000,0.00224636,0.00612562,0.00000000,0.00000000,0.00211797,0.00000000,0.00000000,0.00000000,0.00000000,0.00000000,0.00000000,0.00000000,0.00000000,0.08496168,0.00000000,0.00000000,0.00000000,0.00000000,0.00000000,0.00000000,0.00000000,0.00000000,0.00000000,0.00000000,0.00000000,0.00000000,0.00000000,0.00000000,0.00000000,0.00000000,0.00000000,0.00000000,0.00000000,0.00000000,0.00000000,0.00000000,0.00000000,0.00000000,0.00000000,0.00000000,0.00000000,0.00000000,0.00000000,0.00000000,0.00000000,0.00000000,0.00437823,0.09058561,0.00203500,0.02818761,0.05400779,0.00509604,0.00947939,0.04392618,0.00000000,0.00000000,0.00000000,0.00000000,0.00000000,0.00000000,0.01061594,0.00071958,0.05764912,0.25734722,0.00000000,0.00106395,0.03231749,0.00000000,0.00000000,0.00000000,0.00000000,0.00000000,0.00000000,0.00912921,0.00000000,0.00000000,0.83589324,0.00000000,0.18945160,0.44138841,0.57594835,0.09979838,0.00000000,0.00000000,0.04128043,0.00705328
0.00000000,0.00000000,0.00000000,0.00000000,0.00000000,0.00000000,0.00000000,0.00000000,0.00000000,0.00000000,0.00000000,0.00000000,0.00000000,0.00000000,0.00000000,0.00000000,0.37884071,0.00298308,0.02433963,0.04450929,0.00000000,0.00483257,0.00644121,0.00000000,0.00809813,0.00000000,0.00000000,0.00000000,0.00000000,0.00000000,0.00000000,0.00000000,0.00000000,0.00000000,0.00595271,0.00000000,0.00000000,0.00000000,0.00000000,0.00000000,0.00000000,0.00000000,0.00000000,0.00000000,0.00000000,0.00441271,0.00000000,0.00000000,0.00000000,0.00000000,0.00000000,0.00000000,0.00000000,0.00000000,0.00000000,0.00000000,0.00000000,0.00000000,0.00000000,0.00000000,0.00000000,0.00000000,0.00000000,0.00000000,0.00000000,0.00442092,0.02760272,0.43276283,0.01634601,1.24562259,0.00000000,0.00308789,0.35627755,0.14236568,0.29407194,0.00000000,0.00000000,0.00000000,0.00000000,0.00000000,0.00000000,0.00000000,0.00000000,0.00000000,0.00000000,0.00106395,0.00000000,0.05946483,0.00000000,0.00000000,0.00000000,0.00000000,0.02255002,0.00000000,0.00000000,0.00489843,0.02346089,0.21813742,0.06152961,0.07786372,0.15528794,0.37389532,0.11684493,0.01792010,0.02972445,0.09605304,0.27093014
0.00000000,0.00000000,0.00000000,0.00000000,0.00000000,0.00000000,0.00000000,0.00000000,0.00000000,0.00000000,0.00000000,0.00000000,0.00000000,0.00000000,0.00000000,0.00000000,0.00385317,0.00000000,0.00000000,0.00000000,0.00000000,0.00364507,0.01627657,0.00991720,0.00000000,0.15124924,0.00000000,0.00000000,0.00000000,0.00000000,0.00000000,0.00000000,0.00000000,0.04786684,0.97247200,0.00000000,0.00000000,0.00000000,0.00000000,0.00564839,0.01129741,0.03008489,0.05814800,0.05137345,0.08369256,0.00587586,0.00000000,0.00000000,0.00000000,0.00000000,0.00000000,0.00000000,0.00000000,0.00000000,0.00000000,0.00000000,0.00000000,0.00000000,0.00000000,0.00000000,0.00000000,0.00000000,0.00000000,0.00000000,0.00000000,0.00000000,0.00000000,0.07360293,0.00000000,0.00980182,0.05512013,0.02941754,0.44227799,2.56756959,0.06819360,0.00000000,0.00000000,0.00000000,0.00000000,0.00000000,0.00000000,0.00584935,0.01230896,0.02581445,0.05008791,0.03231749,0.05946483,0.00000000,0.00000000,0.00000000,0.00000000,0.00000000,0.00000000,0.00000000,0.00811261,0.00993573,0.14640843,0.85709050,0.00000000,0.23753613,0.71569328,0.72788601,0.44881415,0.00000000,0.02060604,0.25685798,0.04367173
0.00000000,0.00000000,0.00000000,0.00000000,0.00000000,0.00000000,0.00000000,0.00000000,0.00000000,0.00000000,0.00000000,0.00000000,0.00000000,0.00000000,0.00000000,0.00000000,0.00000000,0.00000000,0.00000000,0.00000000,0.00000000,0.00000000,0.00000000,0.00000000,0.00000000,0.00000000,0.00000000,0.00000000,0.00000000,0.00000000,0.00000000,0.00000000,0.00000000,0.00000000,0.00000000,0.00000000,0.00000000,0.00000000,0.00000000,0.00000000,0.00000000,0.00000000,0.00000000,0.00000000,0.00000000,0.00000000,0.00584789,0.00213777,0.00639849,0.00000000,0.00000000,0.00000000,0.00000000,0.00000000,0.00000000,0.00000000,0.00000000,0.00000000,0.00000000,0.00000000,0.00000000,0.00000000,0.00000000,0.00000000,0.00000000,0.00000000,0.00071622,0.00000000,0.00000000,0.00000000,0.00000000,0.00000000,0.00000000,0.00000000,0.00000000,0.00795209,3.75746963,2.24630421,0.20974160,2.78591830,0.00000000,0.00000000,0.00000000,0.00000000,0.00000000,0.00000000,0.00000000,0.00000000,0.00000000,3.88272150,10.57687404,0.32998173,0.02759218,0.00127230,0.00000000,0.00000000,0.00000000,0.00235385,0.34844194,0.00833326,0.20046795,0.11588642,0.00000000,0.00000000,0.00000000,0.00000000,0.00000000
0.00000000,0.00000000,0.00000000,0.00000000,0.00000000,0.00000000,0.00000000,0.00000000,0.00000000,0.00000000,0.00000000,0.00000000,0.00000000,0.00000000,0.00000000,0.00000000,0.00000000,0.00000000,0.00000000,0.00000000,0.00000000,0.00000000,0.00000000,0.00000000,0.00000000,0.00000000,0.00000000,0.00000000,0.00000000,0.00000000,0.00000000,0.00000000,0.00000000,0.00000000,0.00000000,0.00000000,0.00000000,0.00000000,0.00000000,0.00000000,0.00000000,0.00000000,0.00000000,0.00000000,0.00000000,0.00000000,0.05193361,0.01450891,0.01991014,0.01109759,0.01137911,0.00000000,0.00144688,0.00000000,0.00000000,0.00000000,0.00391829,0.00226575,0.00170239,0.00000000,0.02529001,0.00000000,0.00000000,0.00882412,0.00323866,0.00000000,0.00538661,0.00000000,0.00000000,0.00000000,0.00000000,0.00000000,0.00000000,0.00000000,0.00000000,0.00499736,0.29405099,1.43907737,0.03596341,0.08530464,0.00000000,0.00000000,0.00000000,0.00000000,0.00000000,0.00000000,0.00000000,0.00000000,3.88272150,0.00000000,5.42556009,14.62481563,0.22845387,0.00000000,0.00000000,0.00000000,0.00000000,0.00104634,0.21870925,0.00651377,0.20514771,0.09788820,0.00000000,0.00000000,0.00000000,0.00000000,0.00000000
0.00000000,0.00000000,0.00000000,0.00000000,0.00000000,0.00000000,0.00000000,0.00000000,0.00000000,0.00000000,0.00000000,0.00000000,0.00000000,0.00000000,0.00000000,0.00000000,0.00000000,0.00000000,0.00000000,0.00000000,0.00000000,0.00000000,0.00000000,0.00000000,0.00000000,0.00000000,0.00000000,0.00000000,0.00000000,0.00000000,0.00000000,0.00000000,0.00000000,0.00000000,0.00000000,0.00000000,0.00000000,0.00000000,0.00000000,0.00000000,0.00000000,0.00000000,0.00000000,0.00000000,0.00000000,0.00000000,0.00692438,0.00175613,0.00515108,0.00000000,0.00000000,0.00000000,0.00000000,0.00000000,0.00000000,0.00000000,0.00000000,0.00000000,0.00000000,0.00000000,0.00108499,0.00000000,0.00000000,0.00000000,0.00000000,0.00000000,0.00431404,0.00000000,0.00000000,0.00000000,0.00000000,0.00000000,0.00000000,0.00000000,0.00000000,0.00722848,0.31998145,0.23463270,0.02925219,0.73586572,0.00069996,0.00000000,0.00000000,0.00000000,0.00000000,0.00000000,0.00000000,0.00000000,10.57687404,5.42556009,0.00000000,1.79894579,0.04455749,0.00139562,0.00000000,0.00000000,0.00000000,0.00000000,0.13477818,0.00417495,0.14087142,0.06239974,0.00000000,0.00000000,0.00000000,0.00000000,0.00000000
0.00000000,0.00000000,0.00000000,0.00000000,0.00000000,0.00000000,0.00000000,0.00000000,0.00000000,0.00000000,0.00000000,0.00000000,0.00000000,0.00000000,0.00000000,0.00000000,0.00000000,0.00000000,0.00000000,0.00000000,0.00000000,0.00000000,0.00000000,0.00000000,0.00000000,0.00000000,0.00000000,0.00000000,0.00000000,0.00000000,0.00000000,0.00000000,0.00000000,0.00000000,0.00000000,0.00000000,0.00000000,0.00000000,0.00000000,0.00000000,0.00000000,0.00000000,0.00000000,0.00000000,0.00000000,0.00000000,0.02111651,0.00415031,0.00472141,0.00392784,0.00315175,0.00000000,0.00000000,0.00000000,0.00000000,0.00000000,0.00000000,0.00000000,0.00000000,0.00000000,0.01182258,0.00000000,0.00000000,0.00422620,0.00096527,0.00000000,0.00850381,0.00000000,0.00000000,0.00000000,0.00000000,0.00000000,0.00000000,0.00000000,0.00000000,0.00129733,0.02993421,0.06757332,0.00543699,0.02154667,0.00000000,0.00000000,0.00000000,0.00000000,0.00000000,0.00000000,0.00000000,0.00000000,0.32998173,14.62481563,1.79894579,0.00000000,0.20318173,0.00000000,0.00000000,0.00000000,0.00000000,0.00000000,0.03592670,0.00131476,0.06807943,0.03008427,0.00000000,0.00000000,0.00000000,0.00000000,0.00000000
0.00000000,0.00000000,0.00000000,0.00000000,0.00000000,0.00000000,0.00000000,0.00000000,0.00000000,0.00000000,0.00000000,0.00000000,0.00000000,0.00000000,0.00000000,0.00000000,0.00000000,0.00000000,0.00000000,0.00000000,0.00000000,0.00000000,0.00000000,0.00000000,0.00000000,0.00000000,0.00000000,0.00000000,0.00000000,0.00000000,0.00000000,0.00000000,0.00000000,0.00000000,0.00000000,0.00000000,0.00000000,0.00000000,0.00000000,0.00000000,0.00000000,0.00000000,0.00000000,0.00000000,0.00000000,0.00000000,0.01667350,0.01012787,0.01621527,0.01783887,0.00000000,0.00865510,0.00787468,0.01364373,0.00555047,0.01431186,0.00507179,0.00000000,0.01423491,0.01755511,0.06969099,0.03665093,0.04412068,0.05457771,0.07081198,0.03780063,0.17706594,0.00000000,0.00000000,0.00000000,0.00132945,0.01384060,0.00000000,0.00000000,0.00000000,0.00000000,0.00517843,0.01616754,0.00000000,0.00328796,0.00000000,0.00000000,0.00000000,0.00000000,0.00000000,0.00000000,0.02255002,0.00000000,0.02759218,0.22845387,0.04455749,0.20318173,0.00000000,0.00000000,0.00000000,0.00000000,0.00000000,0.01280632,0.03140080,0.05633312,0.37713548,0.17767860,0.00000000,0.00000000,0.00000000,0.00000000,0.00000000
0.00000000,0.00000000,0.00000000,0.00000000,0.00000000,0.00000000,0.00000000,0.00000000,0.00000000,0.00000000,0.00000000,0.00000000,0.00000000,0.00000000,0.00000000,0.00000000,0.00000000,0.00000000,0.00000000,0.00000000,0.00000000,0.00000000,0.00000000,0.00000000,0.00000000,0.00000000,0.00000000,0.00000000,0.00000000,0.00000000,0.00000000,0.00000000,0.00000000,0.00000000,0.00000000,0.00000000,0.00000000,0.00000000,0.00000000,0.00000000,0.00000000,0.00000000,0.00000000,0.00000000,0.00000000,0.00000000,0.00000000,0.00000000,0.00000000,0.00000000,0.00000000,0.00000000,0.00000000,0.00000000,0.00000000,0.00000000,0.00000000,0.00000000,0.00000000,0.00000000,0.00000000,0.00000000,0.00000000,0.00000000,0.00000000,0.00000000,0.00000000,0.00000000,0.00000000,0.00000000,0.09651165,0.00199383,0.00000000,0.00000000,0.00000000,4.75277338,0.00000000,0.00000000,0.00000000,0.00200439,5.10336385,3.98468747,0.12151185,0.05178116,0.00806024,0.00000000,0.00000000,0.00000000,0.00127230,0.00000000,0.00139562,0.00000000,0.00000000,0.00000000,4.29420096,0.00671920,0.00787784,0.49653736,0.00000000,0.04179675,1.39997345,0.08774985,0.00000000,0.00000000,0.00000000,0.00000000,0.00000000
0.00000000,0.00000000,0.00000000,0.00000000,0.00000000,0.00000000,0.00000000,0.00000000,0.00000000,0.00000000,0.00000000,0.00000000,0.00000000,0.00000000,0.00000000,0.00000000,0.00000000,0.00000000,0.00000000,0.00000000,0.00000000,0.00000000,0.00000000,0.00000000,0.00000000,0.00000000,0.00000000,0.00000000,0.00000000,0.00000000,0.00000000,0.00000000,0.00000000,0.00000000,0.00000000,0.00000000,0.00000000,0.00000000,0.00000000,0.00000000,0.00000000,0.00000000,0.00000000,0.00000000,0.00000000,0.00000000,0.00000000,0.00000000,0.00000000,0.00000000,0.00000000,0.00000000,0.00000000,0.00000000,0.00000000,0.00000000,0.00000000,0.00000000,0.00000000,0.00000000,0.00000000,0.00000000,0.00000000,0.00000000,0.00000000,0.00000000,0.00000000,0.00000000,0.00000000,0.00000000,3.55655957,0.03351527,0.00000000,0.00000000,0.00000000,0.12241331,0.00000000,0.00000000,0.00000000,0.00000000,0.28738120,3.79711337,0.09971231,0.19336784,0.08492541,0.00912921,0.00000000,0.00811261,0.00000000,0.00000000,0.00000000,0.00000000,0.00000000,4.29420096,0.00000000,0.00203184,0.01689197,0.60011780,0.00000000,0.12821694,1.82732034,0.27263988,0.00000000,0.00000000,0.00000000,0.00000000,0.00000000
0.00000000,0.00000000,0.00000000,0.00000000,0.00000000,0.00000000,0.00000000,0.00000000,0.00000000,0.00000000,0.00000000,0.00000000,0.00000000,0.00000000,0.00000000,0.00000000,0.00000000,0.00000000,0.00000000,0.00000000,0.00000000,0.00000000,0.00000000,0.00000000,0.00000000,0.00000000,0.00762078,0.21215557,0.53345067,0.00000000,0.00000000,0.00000000,0.00000000,0.00000000,0.00000000,0.00000000,0.00000000,0.49347690,0.39496878,0.00000000,0.27806675,0.00000000,0.04409254,0.00461804,0.00964400,0.00000000,0.00000000,0.00000000,0.00000000,0.00000000,0.00000000,0.00000000,0.00000000,0.00000000,0.00000000,0.00000000,0.00000000,0.00000000,0.00000000,0.00000000,0.00000000,0.00000000,0.00000000,0.00000000,0.00000000,0.00000000,0.00000000,0.00000000,0.00000000,0.00000000,0.00000000,0.00000000,0.00722865,0.00201992,0.00000000,0.08776020,0.00000000,0.00000000,0.00000000,0.00000000,0.03198817,0.00564350,0.79231480,0.01149717,0.00000000,0.00000000,0.00489843,0.00993573,0.00000000,0.00000000,0.00000000,0.00000000,0.00000000,0.00671920,0.00203184,0.00000000,5.00740473,0.44800231,0.00000000,0.00414582,0.19596488,0.00587231,0.14197212,0.00000000,0.00000000,0.02769223,0.00000000
0.00000000,0.00000000,0.00000000,0.00000000,0.00000000,0.00000000,0.00000000,0.00000000,0.00000000,0.00000000,0.00000000,0.00000000,0.00000000,0.00000000,0.00000000,0.00000000,0.00000000,0.00000000,0.00000000,0.00000000,0.00000000,0.00000000,0.00000000,0.00000000,0.00000000,0.04478416,0.00301138,0.09059264,0.46670818,0.00000000,0.00000000,0.00000000,0.00000000,0.00615165,0.00365185,0.00000000,0.00000000,0.34230898,0.25136281,0.00000000,0.63790529,0.00000000,0.43272460,0.10710528,0.18153761,0.00000000,0.00000000,0.00000000,0.00000000,0.00000000,0.00000000,0.00000000,0.00000000,0.00000000,0.00000000,0.00000000,0.00000000,0.00000000,0.00000000,0.00000000,0.00000000,0.00000000,0.00000000,0.00000000,0.00000000,0.00000000,0.00000000,0.00000000,0.00000000,0.00000000,0.00527304,0.00000000,0.04022422,0.03646298,0.00000000,0.01767826,0.00000000,0.00000000,0.00000000,0.00000000,0.01553400,0.03532989,1.42617901,0.06194285,0.00928607,0.00000000,0.02346089,0.14640843,0.00000000,0.00000000,0.00000000,0.00000000,0.00000000,0.00787784,0.01689197,5.00740473,0.00000000,0.58087625,0.00000000,0.03190216,0.37397504,0.05823843,0.32481547,0.00000000,0.00000000,0.09732223,0.00000000
0.00000000,0.00000000,0.00000000,0.00000000,0.00000000,0.00000000,0.00000000,0.00000000,0.00000000,0.00000000,0.00000000,0.00000000,0.00000000,0.00000000,0.00000000,0.00000000,0.31019350,0.00539568,0.01112129,0.02830271,0.00000000,0.10344667,0.11028782,0.00884291,0.00000000,0.30466227,0.01275784,0.11441869,0.16773903,0.00000000,0.00000000,0.00000000,0.00000000,0.12225573,0.49814678,0.00000000,0.00000000,0.17424781,0.23185524,0.02555488,0.17899952,0.06508648,0.26943853,0.21601976,0.33752309,0.08420466,0.00000000,0.00000000,0.00000000,0.00000000,0.00000000,0.00000000,0.00000000,0.00000000,0.00000000,0.00000000,0.00000000,0.00000000,0.00000000,0.00000000,0.00221408,0.00000000,0.00000000,0.00535546,0.00137543,0.00000000,0.00777024,0.20876113,0.86144340,0.83400805,0.23392251,0.34984452,0.16677226,0.24216744,1.54594540,0.51598336,0.00137712,0.00130287,0.00000000,0.00272247,0.89611121,1.11897444,1.49151707,1.40243733,0.81828313,0.83589324,0.21813742,0.85709050,0.00235385,0.00104634,0.00000000,0.00000000,0.01280632,0.49653736,0.60011780,0.44800231,0.58087625,0.00000000,0.52707551,7.41146954,27.26624073,42.41739863,1.07679671,0.00742474,0.09589668,0.46909984,0.35975569
0.00000000,0.00913353,0.00000000,0.00000000,0.00000000,0.00000000,0.00929622,0.00000000,0.00581308,0.00000000,0.00807597,0.00215874,0.00257748,0.00527453,0.00468254,0.00394056,0.00000000,0.00000000,0.00000000,0.00000000,0.00000000,0.00000000,0.00000000,0.00000000,0.00000000,0.00000000,0.00000000,0.00000000,0.00000000,0.00000000,0.00000000,0.00000000,0.00000000,0.00000000,0.00000000,0.00000000,0.00000000,0.00000000,0.00000000,0.00000000,0.00000000,0.00000000,0.00000000,0.00000000,0.00000000,0.00000000,0.29459325,0.09416052,0.05744283,0.17454102,0.21980044,0.05418043,0.05274290,0.08599232,0.03419094,0.15585545,0.17282381,0.15626757,0.05669577,0.09510817,0.12045618,0.11973155,0.18996728,0.09591432,0.17920849,0.24384290,0.01887837,0.00704779,0.22637460,0.04224574,0.00000000,0.00744362,0.00772162,0.00182509,0.03940227,0.00237313,0.66223275,1.66509755,4.59043349,0.18381683,0.00000000,0.00000000,0.00000000,0.00000000,0.00000000,0.00000000,0.06152961,0.00000000,0.34844194,0.21870925,0.13477818,0.03592670,0.03140080,0.00000000,0.00000000,0.00000000,0.00000000,0.52707551,0.00000000,1.81491745,1.97895408,14.40499996,0.00816401,0.15028419,0.02867129,0.01149366,0.06100432
0.00000000,0.00000000,0.00000000,0.00000000,0.00000000,0.00000000,0.00000000,0.00000000,0.00000000,0.00000000,0.00000000,0.00000000,0.00000000,0.00000000,0.00000000,0.00000000,0.08546393,0.00000000,0.00000000,0.00000000,0.00000000,0.01090082,0.00000000,0.00000000,0.00000000,0.00997299,0.00000000,0.00000000,0.00000000,0.00000000,0.00000000,0.00000000,0.00000000,0.00000000,0.04342531,0.00000000,0.00000000,0.00000000,0.00000000,0.00000000,0.00494789,0.00000000,0.00869647,0.00000000,0.00000000,0.00000000,0.01451284,0.00535024,0.00477128,0.01508604,0.00098814,0.00287473,0.00418154,0.00728251,0.00548346,0.01126604,0.00455722,0.00000000,0.00871781,0.00788902,0.03129745,0.02520387,0.02892529,0.02674871,0.04261230,0.02454056,0.04186232,0.07606499,1.51214425,0.22098396,0.08878325,0.27071826,0.04613734,0.06293494,0.88405567,0.00633167,0.00882034,0.01075382,0.00000000,0.00344383,0.03887014,0.14955845,0.08991464,0.19623597,0.16677642,0.18945160,0.07786372,0.23753613,0.00833326,0.00651377,0.00417495,0.00131476,0.05633312,0.04179675,0.12821694,0.00414582,0.03190216,7.41146954,1.81491745,0.00000000,22.83216919,3.53243885,0.13024315,0.04238498,0.13076938,0.09620264,0.04187282
0.00000000,0.00000000,0.00000000,0.00000000,0.00000000,0.00000000,0.00000000,0.00000000,0.00000000,0.00000000,0.00000000,0.00000000,0.00000000,0.00000000,0.00000000,0.00000000,0.10156572,0.00000000,0.00000000,0.00000000,0.00000000,0.03813138,0.03926121,0.00092133,0.00000000,0.11609730,0.00000000,0.01717976,0.03077972,0.00000000,0.00000000,0.00000000,0.00000000,0.04194916,0.27515350,0.00221003,0.00000000,0.03296363,0.05717377,0.00000000,0.07881622,0.00914170,0.14724536,0.07228986,0.09979853,0.02623136,0.56187249,0.17326388,0.10242193,0.50665144,0.13504235,0.15699895,0.13806430,0.23089459,0.10768536,0.27897242,0.13214787,0.04171990,0.16978479,0.13802741,0.36444199,0.35146844,0.34011130,0.29810207,0.45888842,0.23425904,0.55331507,0.11942605,2.09114079,0.28087089,0.94590011,1.02523162,0.10340883,0.15955647,1.29705299,1.52575262,0.13050763,0.16891349,0.04586281,0.09980603,1.84584680,1.97317023,1.51032065,1.35223331,0.63640834,0.44138841,0.15528794,0.71569328,0.20046795,0.20514771,0.14087142,0.06807943,0.37713548,1.39997345,1.82732034,0.19596488,0.37397504,27.26624073,1.97895408,22.83216919,0.00000000,8.52395431,0.37605104,0.01298470,0.06891157,0.24809740,0.07152203
0.00000000,0.00254669,0.00000000,0.00000000,0.00000000,0.00000000,0.00299430,0.00000000,0.00123973,0.00000000,0.00166063,0.00000000,0.00000000,0.00000000,0.00000000,0.00000000,0.18021539,0.00000000,0.01303149,0.01261523,0.00000000,0.02332913,0.01287953,0.00000000,0.00000000,0.00649902,0.00000000,0.00000000,0.00000000,0.00000000,0.00000000,0.00000000,0.00000000,0.00000000,0.06278322,0.00000000,0.00000000,0.00000000,0.00000000,0.00000000,0.00356817,0.00000000,0.00000000,0.00000000,0.00000000,0.01181617,0.27935004,0.07649148,0.05384480,0.21806228,0.08277157,0.06923991,0.07453312,0.12440068,0.06827381,0.17044177,0.08679215,0.04156291,0.10438977,0.11461906,0.25031580,0.25906776,0.27446355,0.24642784,0.39836504,0.25424329,0.13017051,0.24882865,2.25527892,1.04763614,0.17787691,0.38558827,0.15499816,0.21557338,2.24209161,0.01652330,0.09429071,0.17900078,0.05432304,0.04631503,0.08910449,0.38400950,0.20044976,0.57448028,0.54328525,0.57594835,0.37389532,0.72788601,0.11588642,0.09788820,0.06239974,0.03008427,0.17767860,0.08774985,0.27263988,0.00587231,0.05823843,42.41739863,14.40499996,3.53243885,8.52395431,0.00000000,0.29188449,0.05990708,0.02102122,0.07202558,0.57468725
0.00000000,0.00000000,0.00000000,0.00000000,0.00000000,0.00000000,0.00000000,0.00000000,0.00000000,0.00000000,0.00000000,0.00000000,0.00000000,0.00000000,0.00000000,0.00000000,0.19489967,0.20888687,0.21437450,0.56243753,0.00572447,0.73649378,0.86320055,0.12072042,0.01601533,1.36634807,0.46697698,1.73047430,1.96125365,0.00000000,0.00000000,0.00000000,0.00101330,0.99696516,0.83853197,0.00229303,0.00000000,0.60554994,0.36553654,0.81944024,0.17121610,0.91302293,0.33017369,1.20418590,1.61036215,0.78683598,0.00000000,0.00000000,0.00000000,0.00000000,0.00000000,0.00000000,0.00000000,0.00000000,0.00000000,0.00000000,0.00000000,0.00000000,0.00000000,0.00000000,0.00000000,0.00000000,0.00000000,0.00000000,0.00000000,0.00000000,0.00000000,0.28532579,0.02002611,0.28345928,0.01268029,0.01266516,0.22837711,0.37473907,0.64604543,0.01055616,0.00000000,0.00000000,0.00000000,0.00000000,0.00894440,0.01144310,0.13887740,0.13948998,0.06699725,0.09979838,0.11684493,0.44881415,0.00000000,0.00000000,0.00000000,0.00000000,0.00000000,0.00000000,0.00000000,0.14197212,0.32481547,1.07679671,0.00816401,0.13024315,0.37605104,0.29188449,0.00000000,0.35034465,4.05349829,22.23358109,34.96962877
0.07833237,0.35120878,0.15807224,0.04570667,0.03092314,0.06882649,0.14802491,0.02918541,0.13049198,0.06703019,0.11204562,0.05764417,0.04088407,0.13226366,0.06510281,0.11404356,0.00214500,0.06328297,0.10714136,0.13281693,0.05080230,0.00780612,0.00711190,0.11879795,0.04989956,0.00000000,0.00124980,0.00000000,0.00000000,1.26941857,0.65202161,2.52728788,0.26179941,0.00000000,0.00000000,0.82409414,0.12115684,0.00000000,0.00000000,0.00000000,0.00000000,0.00521356,0.00000000,0.00000000,0.00000000,0.00837613,0.00452500,0.00000000,0.00000000,0.00000000,0.00671358,0.00000000,0.00000000,0.00000000,0.00000000,0.00299487,0.00918582,0.01138675,0.00000000,0.00325272,0.00000000,0.00000000,0.01308752,0.00000000,0.00157717,0.01479435,0.00000000,0.00000000,0.00000000,0.00000000,0.00000000,0.00000000,0.00000000,0.00000000,0.00000000,0.00000000,0.00000000,0.00000000,0.00000000,0.00000000,0.00000000,0.00000000,0.00000000,0.00000000,0.00000000,0.00000000,0.01792010,0.00000000,0.00000000,0.00000000,0.00000000,0.00000000,0.00000000,0.00000000,0.00000000,0.00000000,0.00000000,0.00742474,0.15028419,0.04238498,0.01298470,0.05990708,0.35034465,0.00000000,0.51950797,1.17470707,12.65732925
0.00181543,0.00330951,0.00376864,0.00000000,0.00000000,0.00758862,0.00000000,0.00000000,0.00339675,0.00764186,0.00000000,0.00190346,0.00000000,0.02195219,0.00000000,0.01410877,0.04235862,0.28567459,0.29803972,0.42856367,0.00716767,0.26462671,0.50148360,0.03238555,0.02776189,0.16592003,0.00702681,0.01697147,0.04072552,0.00397195,0.00364591,0.00371105,0.00419896,0.13031983,0.13186950,0.01050732,0.00271166,0.00469988,0.00000000,0.16207967,0.00130658,0.21907213,0.02312060,0.16194303,0.17751557,0.16526529,0.00000000,0.00000000,0.00000000,0.00000000,0.00000000,0.00000000,0.00000000,0.00000000,0.00000000,0.00000000,0.00000000,0.00000000,0.00000000,0.00000000,0.00000000,0.00000000,0.00000000,0.00000000,0.00000000,0.00000000,0.00000000,0.05673040,0.00000000,0.00768904,0.00000000,0.00000000,0.04793364,0.04892816,0.03578466,0.00000000,0.00000000,0.00000000,0.00000000,0.00000000,0.00000000,0.00000000,0.00000000,0.00000000,0.00000000,0.00000000,0.02972445,0.02060604,0.00000000,0.00000000,0.00000000,0.00000000,0.00000000,0.00000000,0.00000000,0.00000000,0.00000000,0.09589668,0.02867129,0.13076938,0.06891157,0.02102122,4.05349829,0.51950797,0.00000000,22.01687981,2.43787113
0.16010190,0.46806407,0.49298610,0.18439187,0.12898200,0.23745067,0.11333757,0.09969610,0.29297573,0.28555139,0.03387767,0.12682020,0.04498283,0.47013764,0.02250462,0.28933328,0.10322367,0.99027431,1.35640606,1.35903526,0.14807731,0.83644526,1.51432138,2.53595513,1.68311506,1.08240506,1.22513034,1.82107667,1.39738663,0.15123604,0.12909924,0.11938954,0.22482405,0.75901868,0.74676674,0.50326489,0.26929482,0.23221171,0.13864087,1.83016352,0.07515528,1.26516330,0.19425754,1.37183906,1.60165175,0.62005112,0.00000000,0.00000000,0.00000000,0.00000000,0.00000000,0.00000000,0.00000000,0.00000000,0.00000000,0.00000000,0.00000000,0.00000000,0.00000000,0.00000000,0.00000000,0.00000000,0.00000000,0.00000000,0.00000000,0.00000000,0.00000000,0.18557535,0.00000000,0.03545919,0.00000000,0.00000000,0.16594740,0.25834589,0.27420962,0.00000000,0.00000000,0.00000000,0.00000000,0.00000000,0.00000000,0.00000000,0.02580293,0.04624654,0.01935435,0.04128043,0.09605304,0.25685798,0.00000000,0.00000000,0.00000000,0.00000000,0.00000000,0.00000000,0.00000000,0.02769223,0.09732223,0.46909984,0.01149366,0.09620264,0.24809740,0.07202558,22.23358109,1.17470707,22.01687981,0.00000000,8.87394457
0.12773959,0.29553771,0.33538885,0.14001246,0.09931279,0.18162180,0.09275219,0.08474010,0.24882829,0.28633587,0.03561475,0.15818138,0.06182066,0.54248570,0.03548896,0.35751385,0.19684077,0.87512904,1.61535590,2.64681840,0.10108008,0.98078635,1.70423864,0.23781961,0.24835206,0.66901296,0.01711930,0.04584415,0.10905240,0.24166308,0.16226230,0.24173862,0.14485651,0.53692130,0.64569468,0.44110757,0.13501531,0.00867368,0.00000000,0.45781225,0.00591882,0.69332979,0.05356275,0.52851201,0.56680113,0.71360643,0.00113725,0.00000000,0.00000000,0.00000000,0.00191129,0.00000000,0.00000000,0.00000000,0.00000000,0.00000000,0.00242625,0.00246661,0.00000000,0.00000000,0.00000000,0.00000000,0.00102909,0.00000000,0.00000000,0.00292016,0.00000000,0.19042563,0.00000000,0.09046977,0.00000000,0.00000000,0.20514341,0.17739140,0.14892806,0.00000000,0.00000000,0.00000000,0.00000000,0.00000000,0.00000000,0.00000000,0.00000000,0.00000000,0.00000000,0.00705328,0.27093014,0.04367173,0.00000000,0.00000000,0.00000000,0.00000000,0.00000000,0.00000000,0.00000000,0.00000000,0.00000000,0.35975569,0.06100432,0.04187282,0.07152203,0.57468725,34.96962877,12.65732925,2.43787113,8.87394457,0.00000000
