0.00000000,15.95646954,16.05277770,37.00074339,25.22872326,41.55776869,58.84331894,52.44003735,52.82629996,44.79025725,0.00000000,58.67734077,61.96104479,51.81208255,0.00000000,62.40008937,0.00000000,0.00000000,0.00000000,0.00000000,30.35739367,0.00000000,0.00000000,92.57175922,89.86958008,0.00000000,0.00000000,0.00000000,0.00000000,0.00000000,0.00000000,83.60032403,0.00000000,0.00000000,0.00000000,96.21841649,0.00000000,0.00000000,0.00000000,0.00000000,0.00000000,0.00000000,0.00000000,0.00000000,0.00000000,0.00000000,0.00000000,0.00000000,0.00000000,0.00000000,0.00000000,0.00000000,0.00000000,0.00000000,0.00000000,0.00000000,0.00000000,0.00000000,0.00000000,0.00000000,0.00000000,0.00000000,0.00000000,0.00000000,0.00000000,0.00000000,0.00000000,0.00000000,0.00000000,0.00000000,0.00000000,0.00000000,0.00000000,0.00000000,0.00000000,0.00000000,0.00000000,0.00000000,0.00000000,0.00000000,0.00000000,0.00000000,0.00000000,0.00000000,0.00000000,0.00000000,0.00000000,0.00000000,0.00000000,0.00000000,0.00000000,0.00000000,0.00000000,0.00000000,0.00000000,0.00000000,0.00000000,0.00000000,0.00000000,0.00000000,0.00000000,0.00000000,0.00000000,72.52236869,0.00000000,89.79861190,90.85156250
15.95646954,0.00000000,12.63216965,36.43159777,42.41486383,60.76854501,24.15326383,47.83942359,28.50085163,46.61598687,32.18680451,53.10790769,50.95005805,54.33412399,53.58397335,61.57838189,0.00000000,0.00000000,0.00000000,0.00000000,65.03489522,0.00000000,0.00000000,92.94540644,87.37960289,0.00000000,0.00000000,0.00000000,0.00000000,96.23256841,0.00000000,86.62580724,0.00000000,0.00000000,0.00000000,97.33073105,98.43642807,0.00000000,0.00000000,0.00000000,0.00000000,0.00000000,0.00000000,0.00000000,0.00000000,0.00000000,0.00000000,0.00000000,0.00000000,0.00000000,0.00000000,0.00000000,0.00000000,0.00000000,0.00000000,0.00000000,0.00000000,0.00000000,0.00000000,0.00000000,0.00000000,0.00000000,0.00000000,0.00000000,0.00000000,0.00000000,0.00000000,0.00000000,0.00000000,0.00000000,0.00000000,0.00000000,0.00000000,0.00000000,0.00000000,0.00000000,0.00000000,0.00000000,0.00000000,0.00000000,0.00000000,0.00000000,0.00000000,0.00000000,0.00000000,0.00000000,0.00000000,0.00000000,0.00000000,0.00000000,0.00000000,0.00000000,0.00000000,0.00000000,0.00000000,0.00000000,0.00000000,0.00000000,84.24325855,0.00000000,0.00000000,0.00000000,0.00000000,64.75253979,0.00000000,87.78831569,88.51355998
16.05277770,12.63216965,0.00000000,12.88704764,27.24790708,57.57883453,25.33271815,37.26095971,18.82016903,38.59753674,38.81328743,48.38624296,50.74087132,50.88735648,56.62021818,60.77778013,0.00000000,0.00000000,0.00000000,0.00000000,67.92358055,0.00000000,0.00000000,97.69519871,93.33079852,0.00000000,0.00000000,0.00000000,0.00000000,0.00000000,0.00000000,93.85683731,0.00000000,0.00000000,0.00000000,0.00000000,0.00000000,0.00000000,0.00000000,0.00000000,0.00000000,0.00000000,0.00000000,0.00000000,0.00000000,0.00000000,0.00000000,0.00000000,0.00000000,0.00000000,0.00000000,0.00000000,0.00000000,0.00000000,0.00000000,0.00000000,0.00000000,0.00000000,0.00000000,0.00000000,0.00000000,0.00000000,0.00000000,0.00000000,0.00000000,0.00000000,0.00000000,0.00000000,0.00000000,0.00000000,0.00000000,0.00000000,0.00000000,0.00000000,0.00000000,0.00000000,0.00000000,0.00000000,0.00000000,0.00000000,0.00000000,0.00000000,0.00000000,0.00000000,0.00000000,0.00000000,0.00000000,0.00000000,0.00000000,0.00000000,0.00000000,0.00000000,0.00000000,0.00000000,0.00000000,0.00000000,0.00000000,0.00000000,0.00000000,0.00000000,0.00000000,0.00000000,0.00000000,81.87310950,0.00000000,92.96691184,93.87823036
37.00074339,36.43159777,12.88704764,0.00000000,14.33196127,55.54537366,35.03346021,12.70271476,20.30210510,23.67204963,33.35242081,42.03705136,50.75822427,49.45906295,46.91999944,61.41904682,0.00000000,0.00000000,0.00000000,0.00000000,70.07981834,0.00000000,0.00000000,96.47671509,97.23114045,0.00000000,0.00000000,0.00000000,0.00000000,0.00000000,0.00000000,0.00000000,0.00000000,0.00000000,0.00000000,0.00000000,0.00000000,0.00000000,0.00000000,0.00000000,0.00000000,0.00000000,0.00000000,0.00000000,0.00000000,0.00000000,0.00000000,0.00000000,0.00000000,0.00000000,0.00000000,0.00000000,0.00000000,0.00000000,0.00000000,0.00000000,0.00000000,0.00000000,0.00000000,0.00000000,0.00000000,0.00000000,0.00000000,0.00000000,0.00000000,0.00000000,0.00000000,0.00000000,0.00000000,0.00000000,0.00000000,0.00000000,0.00000000,0.00000000,0.00000000,0.00000000,0.00000000,0.00000000,0.00000000,0.00000000,0.00000000,0.00000000,0.00000000,0.00000000,0.00000000,0.00000000,0.00000000,0.00000000,0.00000000,0.00000000,0.00000000,0.00000000,0.00000000,0.00000000,0.00000000,0.00000000,0.00000000,0.00000000,0.00000000,0.00000000,0.00000000,0.00000000,0.00000000,89.21701431,0.00000000,96.54566555,96.21382867
25.22872326,42.41486383,27.24790708,14.33196127,0.00000000,27.31390160,0.00000000,17.21175403,38.56652518,20.11593756,0.00000000,47.19717711,55.59914017,45.95753459,0.00000000,58.07310951,0.00000000,0.00000000,0.00000000,0.00000000,47.77625529,0.00000000,0.00000000,93.26213074,94.07059009,0.00000000,0.00000000,0.00000000,0.00000000,0.00000000,0.00000000,0.00000000,0.00000000,0.00000000,0.00000000,0.00000000,0.00000000,0.00000000,0.00000000,0.00000000,0.00000000,0.00000000,0.00000000,0.00000000,0.00000000,0.00000000,0.00000000,0.00000000,0.00000000,0.00000000,0.00000000,0.00000000,0.00000000,0.00000000,0.00000000,0.00000000,0.00000000,0.00000000,0.00000000,0.00000000,0.00000000,0.00000000,0.00000000,0.00000000,0.00000000,0.00000000,0.00000000,0.00000000,0.00000000,0.00000000,0.00000000,0.00000000,0.00000000,0.00000000,0.00000000,0.00000000,0.00000000,0.00000000,0.00000000,0.00000000,0.00000000,0.00000000,0.00000000,0.00000000,0.00000000,0.00000000,0.00000000,0.00000000,0.00000000,0.00000000,0.00000000,0.00000000,0.00000000,0.00000000,0.00000000,0.00000000,0.00000000,0.00000000,0.00000000,0.00000000,0.00000000,0.00000000,0.00000000,85.31257290,0.00000000,93.64541283,93.04643576
41.55776869,60.76854501,57.57883453,55.54537366,27.31390160,0.00000000,0.00000000,52.77242646,64.29089635,45.54021869,0.00000000,60.17496443,0.00000000,47.69503195,0.00000000,59.53540745,0.00000000,0.00000000,0.00000000,0.00000000,22.18419485,0.00000000,0.00000000,88.57033608,81.27618599,0.00000000,0.00000000,0.00000000,0.00000000,0.00000000,0.00000000,84.23879709,0.00000000,0.00000000,0.00000000,96.31973448,97.00729408,0.00000000,0.00000000,0.00000000,0.00000000,0.00000000,0.00000000,0.00000000,0.00000000,0.00000000,0.00000000,0.00000000,0.00000000,0.00000000,0.00000000,0.00000000,0.00000000,0.00000000,0.00000000,0.00000000,0.00000000,0.00000000,0.00000000,0.00000000,0.00000000,0.00000000,0.00000000,0.00000000,0.00000000,0.00000000,0.00000000,0.00000000,0.00000000,0.00000000,0.00000000,0.00000000,0.00000000,0.00000000,0.00000000,0.00000000,0.00000000,0.00000000,0.00000000,0.00000000,0.00000000,0.00000000,0.00000000,0.00000000,0.00000000,0.00000000,0.00000000,0.00000000,0.00000000,0.00000000,0.00000000,0.00000000,0.00000000,0.00000000,0.00000000,0.00000000,0.00000000,0.00000000,0.00000000,0.00000000,0.00000000,0.00000000,0.00000000,77.25244240,72.60149994,83.22763895,84.15616779
58.84331894,24.15326383,25.33271815,35.03346021,0.00000000,0.00000000,0.00000000,31.73012320,11.68139752,39.78079872,10.96091534,26.01679511,16.75159440,31.63235339,20.95599736,32.46278542,0.00000000,0.00000000,0.00000000,0.00000000,0.00000000,0.00000000,0.00000000,94.38400154,90.17591604,0.00000000,0.00000000,0.00000000,0.00000000,0.00000000,0.00000000,90.56491089,0.00000000,0.00000000,0.00000000,0.00000000,0.00000000,0.00000000,0.00000000,0.00000000,0.00000000,0.00000000,0.00000000,0.00000000,0.00000000,0.00000000,0.00000000,0.00000000,0.00000000,0.00000000,0.00000000,0.00000000,0.00000000,0.00000000,0.00000000,0.00000000,0.00000000,0.00000000,0.00000000,0.00000000,0.00000000,0.00000000,0.00000000,0.00000000,0.00000000,0.00000000,0.00000000,0.00000000,0.00000000,0.00000000,0.00000000,0.00000000,0.00000000,0.00000000,0.00000000,0.00000000,0.00000000,0.00000000,0.00000000,0.00000000,0.00000000,0.00000000,0.00000000,0.00000000,0.00000000,0.00000000,0.00000000,0.00000000,0.00000000,0.00000000,0.00000000,0.00000000,0.00000000,0.00000000,0.00000000,0.00000000,0.00000000,0.00000000,86.71155305,0.00000000,0.00000000,0.00000000,0.00000000,69.05621296,0.00000000,90.77576238,89.31087070
52.44003735,47.83942359,37.26095971,12.70271476,17.21175403,52.77242646,31.73012320,0.00000000,14.25914999,13.14459454,28.08378939,13.30594924,39.06366908,31.95220043,37.02827024,51.13996831,0.00000000,0.00000000,0.00000000,0.00000000,0.00000000,0.00000000,0.00000000,0.00000000,97.22577423,0.00000000,0.00000000,0.00000000,0.00000000,0.00000000,0.00000000,0.00000000,0.00000000,0.00000000,0.00000000,0.00000000,0.00000000,0.00000000,0.00000000,0.00000000,0.00000000,0.00000000,0.00000000,0.00000000,0.00000000,0.00000000,0.00000000,0.00000000,0.00000000,0.00000000,0.00000000,0.00000000,0.00000000,0.00000000,0.00000000,0.00000000,0.00000000,0.00000000,0.00000000,0.00000000,0.00000000,0.00000000,0.00000000,0.00000000,0.00000000,0.00000000,0.00000000,0.00000000,0.00000000,0.00000000,0.00000000,0.00000000,0.00000000,0.00000000,0.00000000,0.00000000,0.00000000,0.00000000,0.00000000,0.00000000,0.00000000,0.00000000,0.00000000,0.00000000,0.00000000,0.00000000,0.00000000,0.00000000,0.00000000,0.00000000,0.00000000,0.00000000,0.00000000,0.00000000,0.00000000,0.00000000,0.00000000,0.00000000,0.00000000,0.00000000,0.00000000,0.00000000,0.00000000,86.61647868,0.00000000,96.92564659,95.53513295
52.82629996,28.50085163,18.82016903,20.30210510,38.56652518,64.29089635,11.68139752,14.25914999,0.00000000,23.67967879,27.28713914,17.19191130,13.49931554,30.53901801,35.15330428,34.97163840,0.00000000,0.00000000,0.00000000,0.00000000,69.25126775,0.00000000,0.00000000,97.66651535,94.41092252,0.00000000,0.00000000,0.00000000,0.00000000,0.00000000,0.00000000,92.33903442,0.00000000,0.00000000,0.00000000,0.00000000,0.00000000,0.00000000,0.00000000,0.00000000,0.00000000,0.00000000,0.00000000,0.00000000,0.00000000,0.00000000,0.00000000,0.00000000,0.00000000,0.00000000,0.00000000,0.00000000,0.00000000,0.00000000,0.00000000,0.00000000,0.00000000,0.00000000,0.00000000,0.00000000,0.00000000,0.00000000,0.00000000,0.00000000,0.00000000,0.00000000,0.00000000,0.00000000,0.00000000,0.00000000,0.00000000,0.00000000,0.00000000,0.00000000,0.00000000,0.00000000,0.00000000,0.00000000,0.00000000,0.00000000,0.00000000,0.00000000,0.00000000,0.00000000,0.00000000,0.00000000,0.00000000,0.00000000,0.00000000,0.00000000,0.00000000,0.00000000,0.00000000,0.00000000,0.00000000,0.00000000,0.00000000,0.00000000,0.00000000,0.00000000,0.00000000,0.00000000,0.00000000,80.80147979,0.00000000,94.12817933,93.67129485
44.79025725,46.61598687,38.59753674,23.67204963,20.11593756,45.54021869,39.78079872,13.14459454,23.67967879,0.00000000,34.42421557,17.92728920,39.34037642,17.55889953,52.19216843,41.55963081,0.00000000,0.00000000,0.00000000,0.00000000,64.98189036,0.00000000,0.00000000,96.72514343,94.20621599,0.00000000,0.00000000,0.00000000,0.00000000,0.00000000,0.00000000,0.00000000,0.00000000,0.00000000,0.00000000,0.00000000,0.00000000,0.00000000,0.00000000,0.00000000,0.00000000,0.00000000,0.00000000,0.00000000,0.00000000,0.00000000,0.00000000,0.00000000,0.00000000,0.00000000,0.00000000,0.00000000,0.00000000,0.00000000,0.00000000,0.00000000,0.00000000,0.00000000,0.00000000,0.00000000,0.00000000,0.00000000,0.00000000,0.00000000,0.00000000,0.00000000,0.00000000,0.00000000,0.00000000,0.00000000,0.00000000,0.00000000,0.00000000,0.00000000,0.00000000,0.00000000,0.00000000,0.00000000,0.00000000,0.00000000,0.00000000,0.00000000,0.00000000,0.00000000,0.00000000,0.00000000,0.00000000,0.00000000,0.00000000,0.00000000,0.00000000,0.00000000,0.00000000,0.00000000,0.00000000,0.00000000,0.00000000,0.00000000,0.00000000,0.00000000,0.00000000,0.00000000,0.00000000,86.72083109,0.00000000,93.53930334,92.24597735
0.00000000,32.18680451,38.81328743,33.35242081,0.00000000,0.00000000,10.96091534,28.08378939,27.28713914,34.42421557,0.00000000,37.43586233,24.23915092,42.63752166,16.55258332,36.43288170,0.00000000,0.00000000,0.00000000,0.00000000,0.00000000,0.00000000,0.00000000,0.00000000,84.56989136,0.00000000,0.00000000,0.00000000,0.00000000,0.00000000,0.00000000,86.40682711,0.00000000,0.00000000,0.00000000,0.00000000,0.00000000,0.00000000,0.00000000,0.00000000,0.00000000,0.00000000,0.00000000,0.00000000,0.00000000,0.00000000,0.00000000,0.00000000,0.00000000,0.00000000,0.00000000,0.00000000,0.00000000,0.00000000,0.00000000,0.00000000,0.00000000,0.00000000,0.00000000,0.00000000,0.00000000,0.00000000,0.00000000,0.00000000,0.00000000,0.00000000,0.00000000,0.00000000,0.00000000,0.00000000,0.00000000,0.00000000,0.00000000,0.00000000,0.00000000,0.00000000,0.00000000,0.00000000,0.00000000,0.00000000,0.00000000,0.00000000,0.00000000,0.00000000,0.00000000,0.00000000,0.00000000,0.00000000,0.00000000,0.00000000,0.00000000,0.00000000,0.00000000,0.00000000,0.00000000,0.00000000,0.00000000,0.00000000,81.61979739,0.00000000,0.00000000,0.00000000,0.00000000,62.20006943,0.00000000,88.36862092,81.33966039
58.67734077,53.10790769,48.38624296,42.03705136,47.19717711,60.17496443,26.01679511,13.30594924,17.19191130,17.92728920,37.43586233,0.00000000,12.51138519,15.56681272,36.11382913,19.36117381,0.00000000,0.00000000,0.00000000,0.00000000,65.18590901,0.00000000,0.00000000,0.00000000,98.13224159,0.00000000,0.00000000,0.00000000,0.00000000,0.00000000,0.00000000,0.00000000,0.00000000,0.00000000,0.00000000,0.00000000,0.00000000,0.00000000,0.00000000,0.00000000,0.00000000,0.00000000,0.00000000,0.00000000,0.00000000,0.00000000,0.00000000,0.00000000,0.00000000,0.00000000,0.00000000,0.00000000,0.00000000,0.00000000,0.00000000,0.00000000,0.00000000,0.00000000,0.00000000,0.00000000,0.00000000,0.00000000,0.00000000,0.00000000,0.00000000,0.00000000,0.00000000,0.00000000,0.00000000,0.00000000,0.00000000,0.00000000,0.00000000,0.00000000,0.00000000,0.00000000,0.00000000,0.00000000,0.00000000,0.00000000,0.00000000,0.00000000,0.00000000,0.00000000,0.00000000,0.00000000,0.00000000,0.00000000,0.00000000,0.00000000,0.00000000,0.00000000,0.00000000,0.00000000,0.00000000,0.00000000,0.00000000,0.00000000,0.00000000,0.00000000,0.00000000,0.00000000,0.00000000,86.35523939,0.00000000,97.15894374,95.16481145
61.96104479,50.95005805,50.74087132,50.75822427,55.59914017,0.00000000,16.75159440,39.06366908,13.49931554,39.34037642,24.23915092,12.51138519,0.00000000,18.71127879,11.39218378,18.06452684,0.00000000,0.00000000,0.00000000,0.00000000,0.00000000,0.00000000,0.00000000,0.00000000,96.13371811,0.00000000,0.00000000,0.00000000,0.00000000,0.00000000,0.00000000,0.00000000,0.00000000,0.00000000,0.00000000,0.00000000,0.00000000,0.00000000,0.00000000,0.00000000,0.00000000,0.00000000,0.00000000,0.00000000,0.00000000,0.00000000,0.00000000,0.00000000,0.00000000,0.00000000,0.00000000,0.00000000,0.00000000,0.00000000,0.00000000,0.00000000,0.00000000,0.00000000,0.00000000,0.00000000,0.00000000,0.00000000,0.00000000,0.00000000,0.00000000,0.00000000,0.00000000,0.00000000,0.00000000,0.00000000,0.00000000,0.00000000,0.00000000,0.00000000,0.00000000,0.00000000,0.00000000,0.00000000,0.00000000,0.00000000,0.00000000,0.00000000,0.00000000,0.00000000,0.00000000,0.00000000,0.00000000,0.00000000,0.00000000,0.00000000,0.00000000,0.00000000,0.00000000,0.00000000,0.00000000,0.00000000,0.00000000,0.00000000,0.00000000,0.00000000,0.00000000,0.00000000,0.00000000,81.67280960,0.00000000,95.94362221,93.19791678
51.81208255,54.33412399,50.88735648,49.45906295,45.95753459,47.69503195,31.63235339,31.95220043,30.53901801,17.55889953,42.63752166,15.56681272,18.71127879,0.00000000,36.79428598,17.61607448,0.00000000,0.00000000,0.00000000,0.00000000,62.04988061,0.00000000,0.00000000,96.25350189,92.99005087,0.00000000,0.00000000,0.00000000,0.00000000,0.00000000,0.00000000,91.78744411,0.00000000,0.00000000,0.00000000,0.00000000,0.00000000,0.00000000,0.00000000,0.00000000,0.00000000,0.00000000,0.00000000,0.00000000,0.00000000,0.00000000,0.00000000,0.00000000,0.00000000,0.00000000,0.00000000,0.00000000,0.00000000,0.00000000,0.00000000,0.00000000,0.00000000,0.00000000,0.00000000,0.00000000,0.00000000,0.00000000,0.00000000,0.00000000,0.00000000,0.00000000,0.00000000,0.00000000,0.00000000,0.00000000,0.00000000,0.00000000,0.00000000,0.00000000,0.00000000,0.00000000,0.00000000,0.00000000,0.00000000,0.00000000,0.00000000,0.00000000,0.00000000,0.00000000,0.00000000,0.00000000,0.00000000,0.00000000,0.00000000,0.00000000,0.00000000,0.00000000,0.00000000,0.00000000,0.00000000,0.00000000,0.00000000,0.00000000,0.00000000,0.00000000,0.00000000,0.00000000,0.00000000,85.58473669,90.89994833,91.76948956,89.47394530
0.00000000,53.58397335,56.62021818,46.91999944,0.00000000,0.00000000,20.95599736,37.02827024,35.15330428,52.19216843,16.55258332,36.11382913,11.39218378,36.79428598,0.00000000,29.21944065,0.00000000,0.00000000,0.00000000,0.00000000,0.00000000,0.00000000,0.00000000,0.00000000,91.87418111,0.00000000,0.00000000,0.00000000,0.00000000,0.00000000,0.00000000,0.00000000,0.00000000,0.00000000,0.00000000,0.00000000,0.00000000,0.00000000,0.00000000,0.00000000,0.00000000,0.00000000,0.00000000,0.00000000,0.00000000,0.00000000,0.00000000,0.00000000,0.00000000,0.00000000,0.00000000,0.00000000,0.00000000,0.00000000,0.00000000,0.00000000,0.00000000,0.00000000,0.00000000,0.00000000,0.00000000,0.00000000,0.00000000,0.00000000,0.00000000,0.00000000,0.00000000,0.00000000,0.00000000,0.00000000,0.00000000,0.00000000,0.00000000,0.00000000,0.00000000,0.00000000,0.00000000,0.00000000,0.00000000,0.00000000,0.00000000,0.00000000,0.00000000,0.00000000,0.00000000,0.00000000,0.00000000,0.00000000,0.00000000,0.00000000,0.00000000,0.00000000,0.00000000,0.00000000,0.00000000,0.00000000,0.00000000,0.00000000,0.00000000,0.00000000,0.00000000,0.00000000,0.00000000,75.88373557,0.00000000,94.01013336,88.79249144
62.40008937,61.57838189,60.77778013,61.41904682,58.07310951,59.53540745,32.46278542,51.13996831,34.97163840,41.55963081,36.43288170,19.36117381,18.06452684,17.61607448,29.21944065,0.00000000,0.00000000,0.00000000,0.00000000,0.00000000,69.96204350,0.00000000,0.00000000,0.00000000,94.43134101,0.00000000,0.00000000,0.00000000,0.00000000,0.00000000,0.00000000,0.00000000,0.00000000,0.00000000,0.00000000,0.00000000,0.00000000,0.00000000,0.00000000,0.00000000,0.00000000,0.00000000,0.00000000,0.00000000,0.00000000,0.00000000,0.00000000,0.00000000,0.00000000,0.00000000,0.00000000,0.00000000,0.00000000,0.00000000,0.00000000,0.00000000,0.00000000,0.00000000,0.00000000,0.00000000,0.00000000,0.00000000,0.00000000,0.00000000,0.00000000,0.00000000,0.00000000,0.00000000,0.00000000,0.00000000,0.00000000,0.00000000,0.00000000,0.00000000,0.00000000,0.00000000,0.00000000,0.00000000,0.00000000,0.00000000,0.00000000,0.00000000,0.00000000,0.00000000,0.00000000,0.00000000,0.00000000,0.00000000,0.00000000,0.00000000,0.00000000,0.00000000,0.00000000,0.00000000,0.00000000,0.00000000,0.00000000,0.00000000,0.00000000,0.00000000,0.00000000,0.00000000,0.00000000,84.27952003,91.38331822,93.47351892,90.52764546
0.00000000,0.00000000,0.00000000,0.00000000,0.00000000,0.00000000,0.00000000,0.00000000,0.00000000,0.00000000,0.00000000,0.00000000,0.00000000,0.00000000,0.00000000,0.00000000,0.00000000,0.00000000,0.00000000,49.75231762,0.00000000,0.00000000,41.53696883,0.00000000,0.00000000,0.00000000,0.00000000,0.00000000,0.00000000,0.00000000,0.00000000,0.00000000,0.00000000,0.00000000,63.49546267,0.00000000,0.00000000,0.00000000,0.00000000,0.00000000,0.00000000,0.00000000,0.00000000,0.00000000,0.00000000,0.00000000,0.00000000,0.00000000,0.00000000,0.00000000,0.00000000,0.00000000,0.00000000,0.00000000,0.00000000,0.00000000,0.00000000,0.00000000,0.00000000,0.00000000,0.00000000,0.00000000,0.00000000,0.00000000,0.00000000,0.00000000,0.00000000,77.65501970,94.18734087,90.48104774,0.00000000,0.00000000,73.67071002,86.27510365,88.96876675,0.00000000,0.00000000,0.00000000,0.00000000,0.00000000,0.00000000,0.00000000,0.00000000,0.00000000,0.00000000,0.00000000,46.39444203,0.00000000,0.00000000,0.00000000,0.00000000,0.00000000,0.00000000,0.00000000,0.00000000,0.00000000,0.00000000,75.55487085,0.00000000,93.49065653,90.77279154,91.57253865,55.48399170,0.00000000,72.84731326,71.42784079,75.10468363
0.00000000,0.00000000,0.00000000,0.00000000,0.00000000,0.00000000,0.00000000,0.00000000,0.00000000,0.00000000,0.00000000,0.00000000,0.00000000,0.00000000,0.00000000,0.00000000,0.00000000,0.00000000,27.93780050,35.00599136,0.00000000,64.66824091,78.47871590,70.91813698,66.17643929,0.00000000,0.00000000,0.00000000,0.00000000,0.00000000,0.00000000,0.00000000,0.00000000,0.00000000,0.00000000,0.00000000,0.00000000,0.00000000,0.00000000,0.00000000,0.00000000,89.09020309,0.00000000,0.00000000,0.00000000,66.88642132,0.00000000,0.00000000,0.00000000,0.00000000,0.00000000,0.00000000,0.00000000,0.00000000,0.00000000,0.00000000,0.00000000,0.00000000,0.00000000,0.00000000,0.00000000,0.00000000,0.00000000,0.00000000,0.00000000,0.00000000,0.00000000,0.00000000,0.00000000,0.00000000,0.00000000,0.00000000,0.00000000,0.00000000,0.00000000,0.00000000,0.00000000,0.00000000,0.00000000,0.00000000,0.00000000,0.00000000,0.00000000,0.00000000,0.00000000,0.00000000,0.00000000,0.00000000,0.00000000,0.00000000,0.00000000,0.00000000,0.00000000,0.00000000,0.00000000,0.00000000,0.00000000,0.00000000,0.00000000,0.00000000,0.00000000,0.00000000,56.36892948,76.49102116,66.09905357,62.64214706,65.38918208
0.00000000,0.00000000,0.00000000,0.00000000,0.00000000,0.00000000,0.00000000,0.00000000,0.00000000,0.00000000,0.00000000,0.00000000,0.00000000,0.00000000,0.00000000,0.00000000,0.00000000,27.93780050,0.00000000,17.10094427,0.00000000,75.77439912,76.32823112,81.73136504,70.80077374,0.00000000,0.00000000,0.00000000,0.00000000,0.00000000,0.00000000,0.00000000,0.00000000,0.00000000,0.00000000,0.00000000,0.00000000,0.00000000,0.00000000,0.00000000,0.00000000,97.14448632,0.00000000,0.00000000,0.00000000,79.73762467,0.00000000,0.00000000,0.00000000,0.00000000,0.00000000,0.00000000,0.00000000,0.00000000,0.00000000,0.00000000,0.00000000,0.00000000,0.00000000,0.00000000,0.00000000,0.00000000,0.00000000,0.00000000,0.00000000,0.00000000,0.00000000,0.00000000,0.00000000,0.00000000,0.00000000,0.00000000,0.00000000,0.00000000,0.00000000,0.00000000,0.00000000,0.00000000,0.00000000,0.00000000,0.00000000,0.00000000,0.00000000,0.00000000,0.00000000,0.00000000,69.12785339,0.00000000,0.00000000,0.00000000,0.00000000,0.00000000,0.00000000,0.00000000,0.00000000,0.00000000,0.00000000,0.00000000,0.00000000,0.00000000,0.00000000,0.00000000,64.33712572,83.24532064,75.20079615,69.88570519,68.86847558
0.00000000,0.00000000,0.00000000,0.00000000,0.00000000,0.00000000,0.00000000,0.00000000,0.00000000,0.00000000,0.00000000,0.00000000,0.00000000,0.00000000,0.00000000,0.00000000,49.75231762,35.00599136,17.10094427,0.00000000,0.00000000,71.36906255,68.95041718,80.02344762,72.43086270,0.00000000,0.00000000,0.00000000,0.00000000,0.00000000,0.00000000,0.00000000,0.00000000,0.00000000,0.00000000,0.00000000,0.00000000,0.00000000,0.00000000,0.00000000,0.00000000,95.49983736,0.00000000,0.00000000,0.00000000,78.96399257,0.00000000,0.00000000,0.00000000,0.00000000,0.00000000,0.00000000,0.00000000,0.00000000,0.00000000,0.00000000,0.00000000,0.00000000,0.00000000,0.00000000,0.00000000,0.00000000,0.00000000,0.00000000,0.00000000,0.00000000,0.00000000,0.00000000,0.00000000,0.00000000,0.00000000,0.00000000,0.00000000,0.00000000,0.00000000,0.00000000,0.00000000,0.00000000,0.00000000,0.00000000,0.00000000,0.00000000,0.00000000,0.00000000,0.00000000,0.00000000,68.66635058,0.00000000,0.00000000,0.00000000,0.00000000,0.00000000,0.00000000,0.00000000,0.00000000,0.00000000,0.00000000,88.67452393,0.00000000,0.00000000,0.00000000,0.00000000,56.54378515,81.63879939,72.06070946,68.38234739,67.61219157
30.35739367,65.03489522,67.92358055,70.07981834,47.77625529,22.18419485,0.00000000,0.00000000,69.25126775,64.98189036,0.00000000,65.18590901,0.00000000,62.04988061,0.00000000,69.96204350,0.00000000,0.00000000,0.00000000,0.00000000,0.00000000,0.00000000,0.00000000,84.55048043,83.60292053,0.00000000,0.00000000,0.00000000,0.00000000,91.05104156,0.00000000,71.40128394,0.00000000,0.00000000,0.00000000,90.67447917,92.40801748,0.00000000,0.00000000,0.00000000,0.00000000,0.00000000,0.00000000,0.00000000,0.00000000,0.00000000,0.00000000,0.00000000,0.00000000,0.00000000,0.00000000,0.00000000,0.00000000,0.00000000,0.00000000,0.00000000,0.00000000,0.00000000,0.00000000,0.00000000,0.00000000,0.00000000,0.00000000,0.00000000,0.00000000,0.00000000,0.00000000,0.00000000,0.00000000,0.00000000,0.00000000,0.00000000,0.00000000,0.00000000,0.00000000,0.00000000,0.00000000,0.00000000,0.00000000,0.00000000,0.00000000,0.00000000,0.00000000,0.00000000,0.00000000,0.00000000,0.00000000,0.00000000,0.00000000,0.00000000,0.00000000,0.00000000,0.00000000,0.00000000,0.00000000,0.00000000,0.00000000,0.00000000,0.00000000,0.00000000,0.00000000,0.00000000,0.00000000,71.65904206,0.00000000,85.93015423,86.56249375
0.00000000,0.00000000,0.00000000,0.00000000,0.00000000,0.00000000,0.00000000,0.00000000,0.00000000,0.00000000,0.00000000,0.00000000,0.00000000,0.00000000,0.00000000,0.00000000,0.00000000,64.66824091,75.77439912,71.36906255,0.00000000,0.00000000,36.23018203,65.15718167,0.00000000,75.68406013,0.00000000,0.00000000,0.00000000,0.00000000,0.00000000,0.00000000,0.00000000,80.32880575,0.00000000,0.00000000,0.00000000,0.00000000,0.00000000,85.03904724,0.00000000,76.13640802,0.00000000,0.00000000,0.00000000,20.00264692,0.00000000,0.00000000,0.00000000,0.00000000,0.00000000,0.00000000,0.00000000,0.00000000,0.00000000,0.00000000,0.00000000,0.00000000,0.00000000,0.00000000,0.00000000,0.00000000,0.00000000,0.00000000,0.00000000,0.00000000,0.00000000,90.02908142,0.00000000,0.00000000,0.00000000,0.00000000,81.00429376,88.47454151,97.57044308,0.00000000,0.00000000,0.00000000,0.00000000,0.00000000,0.00000000,0.00000000,0.00000000,0.00000000,0.00000000,0.00000000,0.00000000,0.00000000,0.00000000,0.00000000,0.00000000,0.00000000,0.00000000,0.00000000,0.00000000,0.00000000,0.00000000,81.61841153,0.00000000,0.00000000,94.63852474,94.51298459,48.15315937,0.00000000,70.01363976,63.58530078,72.96858763
0.00000000,0.00000000,0.00000000,0.00000000,0.00000000,0.00000000,0.00000000,0.00000000,0.00000000,0.00000000,0.00000000,0.00000000,0.00000000,0.00000000,0.00000000,0.00000000,41.53696883,78.47871590,76.32823112,68.95041718,0.00000000,36.23018203,0.00000000,69.43432316,0.00000000,77.12311220,0.00000000,0.00000000,0.00000000,0.00000000,0.00000000,0.00000000,0.00000000,85.15600640,61.50882166,0.00000000,0.00000000,0.00000000,0.00000000,90.06755188,0.00000000,79.97349823,0.00000000,76.72040260,68.65292399,59.89976883,0.00000000,0.00000000,0.00000000,0.00000000,0.00000000,0.00000000,0.00000000,0.00000000,0.00000000,0.00000000,0.00000000,0.00000000,0.00000000,0.00000000,0.00000000,0.00000000,0.00000000,0.00000000,0.00000000,0.00000000,0.00000000,93.12909162,0.00000000,0.00000000,0.00000000,0.00000000,84.43159150,91.47704043,99.33953540,0.00000000,0.00000000,0.00000000,0.00000000,0.00000000,0.00000000,0.00000000,0.00000000,0.00000000,0.00000000,0.00000000,0.00000000,95.65305165,0.00000000,0.00000000,0.00000000,0.00000000,0.00000000,0.00000000,0.00000000,0.00000000,0.00000000,85.46347264,0.00000000,0.00000000,96.39871731,0.00000000,56.09204895,0.00000000,70.71813453,64.63053231,76.27362427
92.57175922,92.94540644,97.69519871,96.47671509,93.26213074,88.57033608,94.38400154,0.00000000,97.66651535,96.72514343,0.00000000,0.00000000,0.00000000,96.25350189,0.00000000,0.00000000,0.00000000,70.91813698,81.73136504,80.02344762,84.55048043,65.15718167,69.43432316,0.00000000,9.89799945,64.61270551,45.41213727,59.62242590,73.51024437,37.96529055,32.28291870,45.74075930,30.68333535,60.55696827,68.20423878,38.56293511,29.97116882,0.00000000,0.00000000,54.76071240,0.00000000,52.82528381,0.00000000,68.24667168,72.45152488,63.88516686,0.00000000,0.00000000,0.00000000,0.00000000,0.00000000,0.00000000,0.00000000,0.00000000,0.00000000,0.00000000,0.00000000,0.00000000,0.00000000,0.00000000,0.00000000,0.00000000,0.00000000,0.00000000,0.00000000,0.00000000,0.00000000,0.00000000,0.00000000,0.00000000,0.00000000,0.00000000,0.00000000,0.00000000,0.00000000,0.00000000,0.00000000,0.00000000,0.00000000,0.00000000,0.00000000,0.00000000,0.00000000,0.00000000,0.00000000,0.00000000,0.00000000,0.00000000,0.00000000,0.00000000,0.00000000,0.00000000,0.00000000,0.00000000,0.00000000,0.00000000,0.00000000,0.00000000,0.00000000,0.00000000,0.00000000,0.00000000,52.63947577,47.56173075,51.06927000,16.23567507,61.93356073
89.86958008,87.37960289,93.33079852,97.23114045,94.07059009,81.27618599,90.17591604,97.22577423,94.41092252,94.20621599,84.56989136,98.13224159,96.13371811,92.99005087,91.87418111,94.43134101,0.00000000,66.17643929,70.80077374,72.43086270,83.60292053,0.00000000,0.00000000,9.89799945,0.00000000,0.00000000,0.00000000,0.00000000,0.00000000,0.00000000,44.98828379,0.00000000,44.27051391,0.00000000,0.00000000,48.83323039,32.35249754,0.00000000,0.00000000,0.00000000,0.00000000,84.42337100,0.00000000,0.00000000,0.00000000,0.00000000,0.00000000,0.00000000,0.00000000,0.00000000,0.00000000,0.00000000,0.00000000,0.00000000,0.00000000,0.00000000,0.00000000,0.00000000,0.00000000,0.00000000,0.00000000,0.00000000,0.00000000,0.00000000,0.00000000,0.00000000,0.00000000,0.00000000,0.00000000,0.00000000,0.00000000,0.00000000,0.00000000,0.00000000,0.00000000,0.00000000,0.00000000,0.00000000,0.00000000,0.00000000,0.00000000,0.00000000,0.00000000,0.00000000,0.00000000,0.00000000,0.00000000,0.00000000,0.00000000,0.00000000,0.00000000,0.00000000,0.00000000,0.00000000,0.00000000,0.00000000,0.00000000,0.00000000,0.00000000,0.00000000,0.00000000,0.00000000,70.04472642,57.49268919,54.73701850,22.68409153,59.04710529
0.00000000,0.00000000,0.00000000,0.00000000,0.00000000,0.00000000,0.00000000,0.00000000,0.00000000,0.00000000,0.00000000,0.00000000,0.00000000,0.00000000,0.00000000,0.00000000,0.00000000,0.00000000,0.00000000,0.00000000,0.00000000,75.68406013,77.12311220,64.61270551,0.00000000,0.00000000,0.00000000,0.00000000,55.05939452,0.00000000,0.00000000,0.00000000,0.00000000,17.68318225,69.03794962,0.00000000,0.00000000,0.00000000,0.00000000,67.54511313,0.00000000,74.56100548,67.99009705,19.97591257,44.96770660,73.71091617,0.00000000,0.00000000,0.00000000,0.00000000,0.00000000,0.00000000,0.00000000,0.00000000,0.00000000,0.00000000,0.00000000,0.00000000,0.00000000,0.00000000,0.00000000,0.00000000,0.00000000,0.00000000,0.00000000,0.00000000,0.00000000,0.00000000,0.00000000,0.00000000,0.00000000,0.00000000,0.00000000,90.91047668,0.00000000,0.00000000,0.00000000,0.00000000,0.00000000,0.00000000,0.00000000,0.00000000,0.00000000,96.29311117,95.91465849,0.00000000,0.00000000,96.26772308,0.00000000,0.00000000,0.00000000,0.00000000,0.00000000,0.00000000,0.00000000,0.00000000,93.46624687,82.80359359,0.00000000,0.00000000,94.50871563,0.00000000,53.65520197,0.00000000,68.32526811,57.65843797,79.78281135
0.00000000,0.00000000,0.00000000,0.00000000,0.00000000,0.00000000,0.00000000,0.00000000,0.00000000,0.00000000,0.00000000,0.00000000,0.00000000,0.00000000,0.00000000,0.00000000,0.00000000,0.00000000,0.00000000,0.00000000,0.00000000,0.00000000,0.00000000,45.41213727,0.00000000,0.00000000,0.00000000,14.51633190,48.67877875,0.00000000,0.00000000,0.00000000,0.00000000,0.00000000,0.00000000,0.00000000,0.00000000,45.15932966,26.16960708,53.03819166,37.66789365,0.00000000,0.00000000,0.00000000,0.00000000,0.00000000,0.00000000,0.00000000,0.00000000,0.00000000,0.00000000,0.00000000,0.00000000,0.00000000,0.00000000,0.00000000,0.00000000,0.00000000,0.00000000,0.00000000,0.00000000,0.00000000,0.00000000,0.00000000,0.00000000,0.00000000,0.00000000,0.00000000,0.00000000,0.00000000,0.00000000,0.00000000,0.00000000,0.00000000,0.00000000,0.00000000,0.00000000,0.00000000,0.00000000,0.00000000,0.00000000,0.00000000,0.00000000,0.00000000,0.00000000,0.00000000,0.00000000,0.00000000,0.00000000,0.00000000,0.00000000,0.00000000,0.00000000,0.00000000,0.00000000,0.00000000,0.00000000,41.92341322,0.00000000,0.00000000,0.00000000,0.00000000,35.23164801,0.00000000,48.60411919,33.53278395,76.31184387
0.00000000,0.00000000,0.00000000,0.00000000,0.00000000,0.00000000,0.00000000,0.00000000,0.00000000,0.00000000,0.00000000,0.00000000,0.00000000,0.00000000,0.00000000,0.00000000,0.00000000,0.00000000,0.00000000,0.00000000,0.00000000,0.00000000,0.00000000,59.62242590,0.00000000,0.00000000,14.51633190,0.00000000,11.15970925,0.00000000,0.00000000,0.00000000,0.00000000,0.00000000,0.00000000,0.00000000,0.00000000,10.36233774,21.64168990,0.00000000,43.40723818,0.00000000,56.65457662,0.00000000,57.23991394,0.00000000,0.00000000,0.00000000,0.00000000,0.00000000,0.00000000,0.00000000,0.00000000,0.00000000,0.00000000,0.00000000,0.00000000,0.00000000,0.00000000,0.00000000,0.00000000,0.00000000,0.00000000,0.00000000,0.00000000,0.00000000,0.00000000,0.00000000,0.00000000,0.00000000,0.00000000,0.00000000,0.00000000,0.00000000,0.00000000,0.00000000,0.00000000,0.00000000,0.00000000,0.00000000,0.00000000,0.00000000,96.64040171,0.00000000,0.00000000,0.00000000,0.00000000,0.00000000,0.00000000,0.00000000,0.00000000,0.00000000,0.00000000,0.00000000,0.00000000,86.94587333,94.43287849,60.38359652,0.00000000,0.00000000,75.37650638,0.00000000,39.62819919,0.00000000,62.42259216,43.83492680,82.04213428
0.00000000,0.00000000,0.00000000,0.00000000,0.00000000,0.00000000,0.00000000,0.00000000,0.00000000,0.00000000,0.00000000,0.00000000,0.00000000,0.00000000,0.00000000,0.00000000,0.00000000,0.00000000,0.00000000,0.00000000,0.00000000,0.00000000,0.00000000,73.51024437,0.00000000,55.05939452,48.67877875,11.15970925,0.00000000,0.00000000,0.00000000,0.00000000,0.00000000,42.58081654,0.00000000,0.00000000,0.00000000,11.87636666,33.45229817,66.01396642,43.90014844,0.00000000,57.58877945,53.89460080,54.15897369,0.00000000,0.00000000,0.00000000,0.00000000,0.00000000,0.00000000,0.00000000,0.00000000,0.00000000,0.00000000,0.00000000,0.00000000,0.00000000,0.00000000,0.00000000,0.00000000,0.00000000,0.00000000,0.00000000,0.00000000,0.00000000,0.00000000,0.00000000,0.00000000,0.00000000,0.00000000,0.00000000,0.00000000,0.00000000,0.00000000,79.61829281,0.00000000,0.00000000,0.00000000,0.00000000,90.53487523,0.00000000,98.74086463,96.04407478,0.00000000,0.00000000,0.00000000,0.00000000,0.00000000,0.00000000,0.00000000,0.00000000,0.00000000,0.00000000,0.00000000,90.97902481,95.57127442,75.13465829,0.00000000,0.00000000,90.26282332,0.00000000,52.74307776,0.00000000,70.77868325,56.83829057,87.56171435
0.00000000,96.23256841,0.00000000,0.00000000,0.00000000,0.00000000,0.00000000,0.00000000,0.00000000,0.00000000,0.00000000,0.00000000,0.00000000,0.00000000,0.00000000,0.00000000,0.00000000,0.00000000,0.00000000,0.00000000,91.05104156,0.00000000,0.00000000,37.96529055,0.00000000,0.00000000,0.00000000,0.00000000,0.00000000,0.00000000,8.78707105,16.14826756,33.18327378,0.00000000,0.00000000,11.98349020,41.33462950,0.00000000,0.00000000,0.00000000,0.00000000,0.00000000,0.00000000,0.00000000,0.00000000,0.00000000,0.00000000,0.00000000,0.00000000,0.00000000,0.00000000,0.00000000,0.00000000,0.00000000,0.00000000,0.00000000,0.00000000,0.00000000,0.00000000,0.00000000,0.00000000,0.00000000,0.00000000,0.00000000,0.00000000,0.00000000,0.00000000,0.00000000,0.00000000,0.00000000,0.00000000,0.00000000,0.00000000,0.00000000,0.00000000,0.00000000,0.00000000,0.00000000,0.00000000,0.00000000,0.00000000,0.00000000,0.00000000,0.00000000,0.00000000,0.00000000,0.00000000,0.00000000,0.00000000,0.00000000,0.00000000,0.00000000,0.00000000,0.00000000,0.00000000,0.00000000,0.00000000,0.00000000,0.00000000,0.00000000,0.00000000,0.00000000,0.00000000,37.57286467,0.00000000,44.33633294,70.37770781
0.00000000,0.00000000,0.00000000,0.00000000,0.00000000,0.00000000,0.00000000,0.00000000,0.00000000,0.00000000,0.00000000,0.00000000,0.00000000,0.00000000,0.00000000,0.00000000,0.00000000,0.00000000,0.00000000,0.00000000,0.00000000,0.00000000,0.00000000,32.28291870,44.98828379,0.00000000,0.00000000,0.00000000,0.00000000,8.78707105,0.00000000,30.93613438,9.13044120,0.00000000,0.00000000,11.57747843,34.09236787,0.00000000,0.00000000,0.00000000,0.00000000,0.00000000,0.00000000,0.00000000,0.00000000,0.00000000,0.00000000,0.00000000,0.00000000,0.00000000,0.00000000,0.00000000,0.00000000,0.00000000,0.00000000,0.00000000,0.00000000,0.00000000,0.00000000,0.00000000,0.00000000,0.00000000,0.00000000,0.00000000,0.00000000,0.00000000,0.00000000,0.00000000,0.00000000,0.00000000,0.00000000,0.00000000,0.00000000,0.00000000,0.00000000,0.00000000,0.00000000,0.00000000,0.00000000,0.00000000,0.00000000,0.00000000,0.00000000,0.00000000,0.00000000,0.00000000,0.00000000,0.00000000,0.00000000,0.00000000,0.00000000,0.00000000,0.00000000,0.00000000,0.00000000,0.00000000,0.00000000,0.00000000,0.00000000,0.00000000,0.00000000,0.00000000,0.00000000,40.71381323,0.00000000,44.35373766,71.33123823
83.60032403,86.62580724,93.85683731,0.00000000,0.00000000,84.23879709,90.56491089,0.00000000,92.33903442,0.00000000,86.40682711,0.00000000,0.00000000,91.78744411,0.00000000,0.00000000,0.00000000,0.00000000,0.00000000,0.00000000,71.40128394,0.00000000,0.00000000,45.74075930,0.00000000,0.00000000,0.00000000,0.00000000,0.00000000,16.14826756,30.93613438,0.00000000,44.15059782,0.00000000,0.00000000,18.15029170,43.69025866,0.00000000,0.00000000,0.00000000,0.00000000,0.00000000,0.00000000,0.00000000,0.00000000,0.00000000,0.00000000,0.00000000,0.00000000,0.00000000,0.00000000,0.00000000,0.00000000,0.00000000,0.00000000,0.00000000,0.00000000,0.00000000,0.00000000,0.00000000,0.00000000,0.00000000,0.00000000,0.00000000,0.00000000,0.00000000,0.00000000,0.00000000,0.00000000,0.00000000,0.00000000,0.00000000,0.00000000,0.00000000,0.00000000,0.00000000,0.00000000,0.00000000,0.00000000,0.00000000,0.00000000,0.00000000,0.00000000,0.00000000,0.00000000,0.00000000,0.00000000,0.00000000,0.00000000,0.00000000,0.00000000,0.00000000,0.00000000,0.00000000,0.00000000,0.00000000,0.00000000,0.00000000,0.00000000,0.00000000,0.00000000,0.00000000,0.00000000,23.17081492,0.00000000,44.67097633,66.10695871
0.00000000,0.00000000,0.00000000,0.00000000,0.00000000,0.00000000,0.00000000,0.00000000,0.00000000,0.00000000,0.00000000,0.00000000,0.00000000,0.00000000,0.00000000,0.00000000,0.00000000,0.00000000,0.00000000,0.00000000,0.00000000,0.00000000,0.00000000,30.68333535,44.27051391,0.00000000,0.00000000,0.00000000,0.00000000,33.18327378,9.13044120,44.15059782,0.00000000,0.00000000,0.00000000,14.17769388,15.55473644,0.00000000,0.00000000,0.00000000,0.00000000,0.00000000,0.00000000,0.00000000,0.00000000,0.00000000,0.00000000,0.00000000,0.00000000,0.00000000,0.00000000,0.00000000,0.00000000,0.00000000,0.00000000,0.00000000,0.00000000,0.00000000,0.00000000,0.00000000,0.00000000,0.00000000,0.00000000,0.00000000,0.00000000,0.00000000,0.00000000,0.00000000,0.00000000,0.00000000,0.00000000,0.00000000,0.00000000,0.00000000,0.00000000,0.00000000,0.00000000,0.00000000,0.00000000,0.00000000,0.00000000,0.00000000,0.00000000,0.00000000,0.00000000,0.00000000,0.00000000,0.00000000,0.00000000,0.00000000,0.00000000,0.00000000,0.00000000,0.00000000,0.00000000,0.00000000,0.00000000,0.00000000,0.00000000,0.00000000,0.00000000,0.00000000,0.00000000,51.48974551,0.00000000,50.35021903,76.65955948
0.00000000,0.00000000,0.00000000,0.00000000,0.00000000,0.00000000,0.00000000,0.00000000,0.00000000,0.00000000,0.00000000,0.00000000,0.00000000,0.00000000,0.00000000,0.00000000,0.00000000,0.00000000,0.00000000,0.00000000,0.00000000,80.32880575,85.15600640,60.55696827,0.00000000,17.68318225,0.00000000,0.00000000,42.58081654,0.00000000,0.00000000,0.00000000,0.00000000,0.00000000,75.89931214,0.00000000,0.00000000,0.00000000,0.00000000,52.65010794,0.00000000,62.30354942,64.41138246,55.98657460,67.22392986,74.66272087,0.00000000,0.00000000,0.00000000,0.00000000,0.00000000,0.00000000,0.00000000,0.00000000,0.00000000,0.00000000,0.00000000,0.00000000,0.00000000,0.00000000,0.00000000,0.00000000,0.00000000,0.00000000,0.00000000,0.00000000,0.00000000,0.00000000,0.00000000,0.00000000,0.00000000,0.00000000,0.00000000,0.00000000,0.00000000,0.00000000,0.00000000,0.00000000,0.00000000,0.00000000,0.00000000,0.00000000,0.00000000,89.65454285,93.63889313,0.00000000,0.00000000,96.73957443,0.00000000,0.00000000,0.00000000,0.00000000,0.00000000,0.00000000,0.00000000,0.00000000,0.00000000,82.01817195,0.00000000,0.00000000,93.60702723,0.00000000,54.80558644,0.00000000,67.11846307,56.67225839,78.90448200
0.00000000,0.00000000,0.00000000,0.00000000,0.00000000,0.00000000,0.00000000,0.00000000,0.00000000,0.00000000,0.00000000,0.00000000,0.00000000,0.00000000,0.00000000,0.00000000,63.49546267,0.00000000,0.00000000,0.00000000,0.00000000,0.00000000,61.50882166,68.20423878,0.00000000,69.03794962,0.00000000,0.00000000,0.00000000,0.00000000,0.00000000,0.00000000,0.00000000,75.89931214,0.00000000,0.00000000,0.00000000,71.89196062,0.00000000,80.81306063,64.11232586,75.09994961,45.81301689,64.91912138,51.25835856,0.00000000,0.00000000,0.00000000,0.00000000,0.00000000,0.00000000,0.00000000,0.00000000,0.00000000,0.00000000,0.00000000,0.00000000,0.00000000,0.00000000,0.00000000,0.00000000,0.00000000,0.00000000,0.00000000,0.00000000,0.00000000,0.00000000,91.13604991,0.00000000,0.00000000,0.00000000,0.00000000,83.70023378,83.95680265,97.30650482,0.00000000,0.00000000,0.00000000,0.00000000,0.00000000,0.00000000,0.00000000,0.00000000,0.00000000,0.00000000,96.36907474,0.00000000,92.82389297,0.00000000,0.00000000,0.00000000,0.00000000,0.00000000,0.00000000,0.00000000,0.00000000,0.00000000,81.12505404,0.00000000,96.55831718,94.17423456,97.22992134,57.03745125,0.00000000,72.16478062,64.91648877,81.21352692
96.21841649,97.33073105,0.00000000,0.00000000,0.00000000,96.31973448,0.00000000,0.00000000,0.00000000,0.00000000,0.00000000,0.00000000,0.00000000,0.00000000,0.00000000,0.00000000,0.00000000,0.00000000,0.00000000,0.00000000,90.67447917,0.00000000,0.00000000,38.56293511,48.83323039,0.00000000,0.00000000,0.00000000,0.00000000,11.98349020,11.57747843,18.15029170,14.17769388,0.00000000,0.00000000,0.00000000,14.28377020,0.00000000,0.00000000,0.00000000,0.00000000,0.00000000,0.00000000,0.00000000,0.00000000,0.00000000,0.00000000,0.00000000,0.00000000,0.00000000,0.00000000,0.00000000,0.00000000,0.00000000,0.00000000,0.00000000,0.00000000,0.00000000,0.00000000,0.00000000,0.00000000,0.00000000,0.00000000,0.00000000,0.00000000,0.00000000,0.00000000,0.00000000,0.00000000,0.00000000,0.00000000,0.00000000,0.00000000,0.00000000,0.00000000,0.00000000,0.00000000,0.00000000,0.00000000,0.00000000,0.00000000,0.00000000,0.00000000,0.00000000,0.00000000,0.00000000,0.00000000,0.00000000,0.00000000,0.00000000,0.00000000,0.00000000,0.00000000,0.00000000,0.00000000,0.00000000,0.00000000,0.00000000,0.00000000,0.00000000,0.00000000,0.00000000,0.00000000,46.47427001,52.71287788,47.73846266,71.79055012
0.00000000,98.43642807,0.00000000,0.00000000,0.00000000,97.00729408,0.00000000,0.00000000,0.00000000,0.00000000,0.00000000,0.00000000,0.00000000,0.00000000,0.00000000,0.00000000,0.00000000,0.00000000,0.00000000,0.00000000,92.40801748,0.00000000,0.00000000,29.97116882,32.35249754,0.00000000,0.00000000,0.00000000,0.00000000,41.33462950,34.09236787,43.69025866,15.55473644,0.00000000,0.00000000,14.28377020,0.00000000,0.00000000,0.00000000,0.00000000,0.00000000,0.00000000,0.00000000,0.00000000,0.00000000,0.00000000,0.00000000,0.00000000,0.00000000,0.00000000,0.00000000,0.00000000,0.00000000,0.00000000,0.00000000,0.00000000,0.00000000,0.00000000,0.00000000,0.00000000,0.00000000,0.00000000,0.00000000,0.00000000,0.00000000,0.00000000,0.00000000,0.00000000,0.00000000,0.00000000,0.00000000,0.00000000,0.00000000,0.00000000,0.00000000,0.00000000,0.00000000,0.00000000,0.00000000,0.00000000,0.00000000,0.00000000,0.00000000,0.00000000,0.00000000,0.00000000,0.00000000,0.00000000,0.00000000,0.00000000,0.00000000,0.00000000,0.00000000,0.00000000,0.00000000,0.00000000,0.00000000,0.00000000,0.00000000,0.00000000,0.00000000,0.00000000,0.00000000,54.46614487,0.00000000,51.27146525,73.88501416
0.00000000,0.00000000,0.00000000,0.00000000,0.00000000,0.00000000,0.00000000,0.00000000,0.00000000,0.00000000,0.00000000,0.00000000,0.00000000,0.00000000,0.00000000,0.00000000,0.00000000,0.00000000,0.00000000,0.00000000,0.00000000,0.00000000,0.00000000,0.00000000,0.00000000,0.00000000,45.15932966,10.36233774,11.87636666,0.00000000,0.00000000,0.00000000,0.00000000,0.00000000,71.89196062,0.00000000,0.00000000,0.00000000,12.89790571,0.00000000,20.55501207,0.00000000,46.07526540,53.17929039,52.34328667,0.00000000,0.00000000,0.00000000,0.00000000,0.00000000,0.00000000,0.00000000,0.00000000,0.00000000,0.00000000,0.00000000,0.00000000,0.00000000,0.00000000,0.00000000,0.00000000,0.00000000,0.00000000,0.00000000,0.00000000,0.00000000,0.00000000,0.00000000,0.00000000,0.00000000,0.00000000,0.00000000,0.00000000,0.00000000,0.00000000,77.36483994,0.00000000,0.00000000,0.00000000,0.00000000,87.45640148,0.00000000,95.52629735,88.60434241,0.00000000,0.00000000,0.00000000,0.00000000,0.00000000,0.00000000,0.00000000,0.00000000,0.00000000,0.00000000,0.00000000,85.75698666,93.02026143,67.37393668,0.00000000,0.00000000,84.29398060,0.00000000,45.72734186,0.00000000,0.00000000,56.69095188,88.96235402
0.00000000,0.00000000,0.00000000,0.00000000,0.00000000,0.00000000,0.00000000,0.00000000,0.00000000,0.00000000,0.00000000,0.00000000,0.00000000,0.00000000,0.00000000,0.00000000,0.00000000,0.00000000,0.00000000,0.00000000,0.00000000,0.00000000,0.00000000,0.00000000,0.00000000,0.00000000,26.16960708,21.64168990,33.45229817,0.00000000,0.00000000,0.00000000,0.00000000,0.00000000,0.00000000,0.00000000,0.00000000,12.89790571,0.00000000,0.00000000,11.85937155,0.00000000,40.77017083,0.00000000,58.48481136,0.00000000,0.00000000,0.00000000,0.00000000,0.00000000,0.00000000,0.00000000,0.00000000,0.00000000,0.00000000,0.00000000,0.00000000,0.00000000,0.00000000,0.00000000,0.00000000,0.00000000,0.00000000,0.00000000,0.00000000,0.00000000,0.00000000,0.00000000,0.00000000,0.00000000,0.00000000,0.00000000,0.00000000,0.00000000,0.00000000,60.57924679,0.00000000,0.00000000,0.00000000,0.00000000,58.19891654,0.00000000,84.20068105,0.00000000,0.00000000,0.00000000,0.00000000,0.00000000,0.00000000,0.00000000,0.00000000,0.00000000,0.00000000,0.00000000,0.00000000,69.18743957,80.93850030,48.69613573,0.00000000,0.00000000,66.90059492,0.00000000,28.95561293,0.00000000,0.00000000,37.97431133,0.00000000
0.00000000,0.00000000,0.00000000,0.00000000,0.00000000,0.00000000,0.00000000,0.00000000,0.00000000,0.00000000,0.00000000,0.00000000,0.00000000,0.00000000,0.00000000,0.00000000,0.00000000,0.00000000,0.00000000,0.00000000,0.00000000,85.03904724,90.06755188,54.76071240,0.00000000,67.54511313,53.03819166,0.00000000,66.01396642,0.00000000,0.00000000,0.00000000,0.00000000,52.65010794,80.81306063,0.00000000,0.00000000,0.00000000,0.00000000,0.00000000,0.00000000,21.37655246,71.17263295,71.19097104,76.92656996,83.76251808,0.00000000,0.00000000,0.00000000,0.00000000,0.00000000,0.00000000,0.00000000,0.00000000,0.00000000,0.00000000,0.00000000,0.00000000,0.00000000,0.00000000,0.00000000,0.00000000,0.00000000,0.00000000,0.00000000,0.00000000,0.00000000,0.00000000,0.00000000,0.00000000,0.00000000,0.00000000,0.00000000,0.00000000,0.00000000,0.00000000,0.00000000,0.00000000,0.00000000,0.00000000,0.00000000,0.00000000,0.00000000,0.00000000,0.00000000,0.00000000,0.00000000,0.00000000,0.00000000,0.00000000,0.00000000,0.00000000,0.00000000,0.00000000,0.00000000,0.00000000,0.00000000,78.23820055,0.00000000,0.00000000,0.00000000,0.00000000,61.48155285,0.00000000,66.15188293,55.01838801,81.26703177
0.00000000,0.00000000,0.00000000,0.00000000,0.00000000,0.00000000,0.00000000,0.00000000,0.00000000,0.00000000,0.00000000,0.00000000,0.00000000,0.00000000,0.00000000,0.00000000,0.00000000,0.00000000,0.00000000,0.00000000,0.00000000,0.00000000,0.00000000,0.00000000,0.00000000,0.00000000,37.66789365,43.40723818,43.90014844,0.00000000,0.00000000,0.00000000,0.00000000,0.00000000,64.11232586,0.00000000,0.00000000,20.55501207,11.85937155,0.00000000,0.00000000,0.00000000,19.80551841,52.06943512,56.78923501,0.00000000,0.00000000,0.00000000,0.00000000,0.00000000,0.00000000,0.00000000,0.00000000,0.00000000,0.00000000,0.00000000,0.00000000,0.00000000,0.00000000,0.00000000,0.00000000,0.00000000,0.00000000,0.00000000,0.00000000,0.00000000,0.00000000,0.00000000,0.00000000,0.00000000,0.00000000,0.00000000,0.00000000,0.00000000,0.00000000,0.00000000,0.00000000,0.00000000,0.00000000,0.00000000,69.20592785,67.82083384,81.27219391,80.85112762,0.00000000,0.00000000,0.00000000,87.74520281,0.00000000,0.00000000,0.00000000,0.00000000,0.00000000,0.00000000,0.00000000,70.20350805,72.97826668,64.53449078,0.00000000,0.00000000,79.45673899,0.00000000,47.42795302,0.00000000,0.00000000,54.03077174,0.00000000
0.00000000,0.00000000,0.00000000,0.00000000,0.00000000,0.00000000,0.00000000,0.00000000,0.00000000,0.00000000,0.00000000,0.00000000,0.00000000,0.00000000,0.00000000,0.00000000,0.00000000,89.09020309,97.14448632,95.49983736,0.00000000,76.13640802,79.97349823,52.82528381,84.42337100,74.56100548,0.00000000,0.00000000,0.00000000,0.00000000,0.00000000,0.00000000,0.00000000,62.30354942,75.09994961,0.00000000,0.00000000,0.00000000,0.00000000,21.37655246,0.00000000,0.00000000,0.00000000,78.45731148,81.27145649,71.28286058,0.00000000,0.00000000,0.00000000,0.00000000,0.00000000,0.00000000,0.00000000,0.00000000,0.00000000,0.00000000,0.00000000,0.00000000,0.00000000,0.00000000,0.00000000,0.00000000,0.00000000,0.00000000,0.00000000,0.00000000,0.00000000,0.00000000,0.00000000,0.00000000,0.00000000,0.00000000,92.65635430,95.33375804,0.00000000,0.00000000,0.00000000,0.00000000,0.00000000,0.00000000,0.00000000,0.00000000,0.00000000,0.00000000,0.00000000,0.00000000,0.00000000,98.61146142,0.00000000,0.00000000,0.00000000,0.00000000,0.00000000,0.00000000,0.00000000,0.00000000,0.00000000,83.51362038,0.00000000,0.00000000,0.00000000,0.00000000,59.42538218,0.00000000,69.77582966,60.63355609,78.17657777
0.00000000,0.00000000,0.00000000,0.00000000,0.00000000,0.00000000,0.00000000,0.00000000,0.00000000,0.00000000,0.00000000,0.00000000,0.00000000,0.00000000,0.00000000,0.00000000,0.00000000,0.00000000,0.00000000,0.00000000,0.00000000,0.00000000,0.00000000,0.00000000,0.00000000,67.99009705,0.00000000,56.65457662,57.58877945,0.00000000,0.00000000,0.00000000,0.00000000,64.41138246,45.81301689,0.00000000,0.00000000,46.07526540,40.77017083,71.17263295,19.80551841,0.00000000,0.00000000,57.54452411,24.00061468,0.00000000,0.00000000,0.00000000,0.00000000,0.00000000,0.00000000,0.00000000,0.00000000,0.00000000,0.00000000,0.00000000,0.00000000,0.00000000,0.00000000,0.00000000,0.00000000,0.00000000,0.00000000,0.00000000,0.00000000,0.00000000,0.00000000,0.00000000,0.00000000,0.00000000,0.00000000,0.00000000,0.00000000,87.07681427,0.00000000,0.00000000,0.00000000,0.00000000,0.00000000,0.00000000,0.00000000,0.00000000,96.80052432,95.09171143,94.34104996,0.00000000,0.00000000,95.41945253,0.00000000,0.00000000,0.00000000,0.00000000,0.00000000,0.00000000,0.00000000,91.57317225,92.62084675,87.48012062,0.00000000,0.00000000,94.47904799,0.00000000,65.33463406,0.00000000,77.13882980,70.35082150,89.28958750
0.00000000,0.00000000,0.00000000,0.00000000,0.00000000,0.00000000,0.00000000,0.00000000,0.00000000,0.00000000,0.00000000,0.00000000,0.00000000,0.00000000,0.00000000,0.00000000,0.00000000,0.00000000,0.00000000,0.00000000,0.00000000,0.00000000,76.72040260,68.24667168,0.00000000,19.97591257,0.00000000,0.00000000,53.89460080,0.00000000,0.00000000,0.00000000,0.00000000,55.98657460,64.91912138,0.00000000,0.00000000,53.17929039,0.00000000,71.19097104,52.06943512,78.45731148,57.54452411,0.00000000,18.19476363,0.00000000,0.00000000,0.00000000,0.00000000,0.00000000,0.00000000,0.00000000,0.00000000,0.00000000,0.00000000,0.00000000,0.00000000,0.00000000,0.00000000,0.00000000,0.00000000,0.00000000,0.00000000,0.00000000,0.00000000,0.00000000,0.00000000,0.00000000,0.00000000,0.00000000,0.00000000,0.00000000,0.00000000,0.00000000,0.00000000,0.00000000,0.00000000,0.00000000,0.00000000,0.00000000,0.00000000,0.00000000,0.00000000,97.18230756,97.26504575,0.00000000,0.00000000,97.02226257,0.00000000,0.00000000,0.00000000,0.00000000,0.00000000,0.00000000,0.00000000,0.00000000,95.58961674,85.60882771,0.00000000,0.00000000,96.49159379,0.00000000,61.01956129,0.00000000,71.54836354,61.63424439,85.19163602
0.00000000,0.00000000,0.00000000,0.00000000,0.00000000,0.00000000,0.00000000,0.00000000,0.00000000,0.00000000,0.00000000,0.00000000,0.00000000,0.00000000,0.00000000,0.00000000,0.00000000,0.00000000,0.00000000,0.00000000,0.00000000,0.00000000,68.65292399,72.45152488,0.00000000,44.96770660,0.00000000,57.23991394,54.15897369,0.00000000,0.00000000,0.00000000,0.00000000,67.22392986,51.25835856,0.00000000,0.00000000,52.34328667,58.48481136,76.92656996,56.78923501,81.27145649,24.00061468,18.19476363,0.00000000,0.00000000,0.00000000,0.00000000,0.00000000,0.00000000,0.00000000,0.00000000,0.00000000,0.00000000,0.00000000,0.00000000,0.00000000,0.00000000,0.00000000,0.00000000,0.00000000,0.00000000,0.00000000,0.00000000,0.00000000,0.00000000,0.00000000,0.00000000,0.00000000,0.00000000,0.00000000,0.00000000,0.00000000,93.36857758,0.00000000,0.00000000,0.00000000,0.00000000,0.00000000,0.00000000,0.00000000,0.00000000,0.00000000,98.88577402,98.89326630,0.00000000,0.00000000,98.22011673,0.00000000,0.00000000,0.00000000,0.00000000,0.00000000,0.00000000,0.00000000,0.00000000,97.19079051,88.48035895,0.00000000,0.00000000,98.23803387,0.00000000,65.39961165,0.00000000,76.06999159,66.57043185,87.83890150
0.00000000,0.00000000,0.00000000,0.00000000,0.00000000,0.00000000,0.00000000,0.00000000,0.00000000,0.00000000,0.00000000,0.00000000,0.00000000,0.00000000,0.00000000,0.00000000,0.00000000,66.88642132,79.73762467,78.96399257,0.00000000,20.00264692,59.89976883,63.88516686,0.00000000,73.71091617,0.00000000,0.00000000,0.00000000,0.00000000,0.00000000,0.00000000,0.00000000,74.66272087,0.00000000,0.00000000,0.00000000,0.00000000,0.00000000,83.76251808,0.00000000,71.28286058,0.00000000,0.00000000,0.00000000,0.00000000,0.00000000,0.00000000,0.00000000,0.00000000,0.00000000,0.00000000,0.00000000,0.00000000,0.00000000,0.00000000,0.00000000,0.00000000,0.00000000,0.00000000,0.00000000,0.00000000,0.00000000,0.00000000,0.00000000,0.00000000,0.00000000,92.88945313,0.00000000,0.00000000,0.00000000,0.00000000,83.59934998,89.91294643,99.27200445,0.00000000,0.00000000,0.00000000,0.00000000,0.00000000,0.00000000,0.00000000,0.00000000,0.00000000,0.00000000,0.00000000,0.00000000,0.00000000,0.00000000,0.00000000,0.00000000,0.00000000,0.00000000,0.00000000,0.00000000,0.00000000,0.00000000,83.80789948,0.00000000,0.00000000,95.14079361,0.00000000,48.02227444,0.00000000,69.35037055,63.78101155,73.85530768
0.00000000,0.00000000,0.00000000,0.00000000,0.00000000,0.00000000,0.00000000,0.00000000,0.00000000,0.00000000,0.00000000,0.00000000,0.00000000,0.00000000,0.00000000,0.00000000,0.00000000,0.00000000,0.00000000,0.00000000,0.00000000,0.00000000,0.00000000,0.00000000,0.00000000,0.00000000,0.00000000,0.00000000,0.00000000,0.00000000,0.00000000,0.00000000,0.00000000,0.00000000,0.00000000,0.00000000,0.00000000,0.00000000,0.00000000,0.00000000,0.00000000,0.00000000,0.00000000,0.00000000,0.00000000,0.00000000,0.00000000,13.93947020,32.37258140,13.51572623,27.55051807,26.42128009,27.93962381,38.76618678,36.12955247,33.54781820,38.86270817,53.78565788,41.73297451,54.01065866,52.51262386,48.09862478,57.97548088,52.99013979,58.89880096,73.24246041,0.00000000,0.00000000,0.00000000,0.00000000,0.00000000,0.00000000,0.00000000,0.00000000,0.00000000,0.00000000,0.00000000,87.47428894,0.00000000,0.00000000,0.00000000,0.00000000,0.00000000,0.00000000,0.00000000,0.00000000,0.00000000,0.00000000,88.62821579,92.46167894,91.31736501,93.02392292,82.53765064,0.00000000,0.00000000,0.00000000,0.00000000,0.00000000,68.37253981,87.34628720,85.57587407,88.17314629,0.00000000,0.00000000,0.00000000,0.00000000,0.00000000
0.00000000,0.00000000,0.00000000,0.00000000,0.00000000,0.00000000,0.00000000,0.00000000,0.00000000,0.00000000,0.00000000,0.00000000,0.00000000,0.00000000,0.00000000,0.00000000,0.00000000,0.00000000,0.00000000,0.00000000,0.00000000,0.00000000,0.00000000,0.00000000,0.00000000,0.00000000,0.00000000,0.00000000,0.00000000,0.00000000,0.00000000,0.00000000,0.00000000,0.00000000,0.00000000,0.00000000,0.00000000,0.00000000,0.00000000,0.00000000,0.00000000,0.00000000,0.00000000,0.00000000,0.00000000,0.00000000,13.93947020,0.00000000,11.46043307,15.40985024,58.48509177,19.88974038,16.98643097,42.12757533,28.92416728,53.20542789,62.51388168,65.61775970,39.73236878,59.46162769,48.23953846,48.20650227,59.64577171,52.36251102,60.10583903,73.81836754,0.00000000,0.00000000,0.00000000,0.00000000,0.00000000,0.00000000,0.00000000,0.00000000,0.00000000,0.00000000,0.00000000,85.20657654,0.00000000,0.00000000,0.00000000,0.00000000,0.00000000,0.00000000,0.00000000,0.00000000,0.00000000,0.00000000,0.00000000,88.38858032,0.00000000,0.00000000,0.00000000,0.00000000,0.00000000,0.00000000,0.00000000,0.00000000,72.03855016,0.00000000,88.32235082,90.50426806,0.00000000,0.00000000,0.00000000,0.00000000,0.00000000
0.00000000,0.00000000,0.00000000,0.00000000,0.00000000,0.00000000,0.00000000,0.00000000,0.00000000,0.00000000,0.00000000,0.00000000,0.00000000,0.00000000,0.00000000,0.00000000,0.00000000,0.00000000,0.00000000,0.00000000,0.00000000,0.00000000,0.00000000,0.00000000,0.00000000,0.00000000,0.00000000,0.00000000,0.00000000,0.00000000,0.00000000,0.00000000,0.00000000,0.00000000,0.00000000,0.00000000,0.00000000,0.00000000,0.00000000,0.00000000,0.00000000,0.00000000,0.00000000,0.00000000,0.00000000,0.00000000,32.37258140,11.46043307,0.00000000,58.15317094,65.80912927,51.04535913,31.79538154,63.41054993,41.19910240,70.64122990,0.00000000,0.00000000,50.57683644,70.01108589,49.11032091,59.65314640,69.14132902,58.43097072,64.14366495,74.81805305,0.00000000,0.00000000,0.00000000,0.00000000,0.00000000,0.00000000,0.00000000,0.00000000,0.00000000,0.00000000,86.43855286,73.15836391,72.03310218,0.00000000,0.00000000,0.00000000,0.00000000,0.00000000,0.00000000,0.00000000,0.00000000,0.00000000,84.74222717,78.76264906,0.00000000,0.00000000,80.43232866,0.00000000,0.00000000,0.00000000,0.00000000,0.00000000,66.40472748,0.00000000,84.72518428,88.11173503,0.00000000,0.00000000,0.00000000,0.00000000,0.00000000
0.00000000,0.00000000,0.00000000,0.00000000,0.00000000,0.00000000,0.00000000,0.00000000,0.00000000,0.00000000,0.00000000,0.00000000,0.00000000,0.00000000,0.00000000,0.00000000,0.00000000,0.00000000,0.00000000,0.00000000,0.00000000,0.00000000,0.00000000,0.00000000,0.00000000,0.00000000,0.00000000,0.00000000,0.00000000,0.00000000,0.00000000,0.00000000,0.00000000,0.00000000,0.00000000,0.00000000,0.00000000,0.00000000,0.00000000,0.00000000,0.00000000,0.00000000,0.00000000,0.00000000,0.00000000,0.00000000,13.51572623,15.40985024,58.15317094,0.00000000,21.60011981,10.72745870,17.51500515,24.83197619,27.76432323,17.73219075,21.90009499,39.89295826,36.17242257,45.60114689,55.70947723,46.41673271,56.00525173,55.66334248,68.16196060,76.96749878,0.00000000,0.00000000,0.00000000,0.00000000,0.00000000,0.00000000,0.00000000,0.00000000,0.00000000,0.00000000,0.00000000,0.00000000,0.00000000,0.00000000,0.00000000,0.00000000,0.00000000,0.00000000,0.00000000,0.00000000,0.00000000,0.00000000,0.00000000,0.00000000,0.00000000,0.00000000,86.79628978,0.00000000,0.00000000,0.00000000,0.00000000,0.00000000,84.23730903,92.87930783,91.50291363,93.97049777,0.00000000,0.00000000,0.00000000,0.00000000,0.00000000
0.00000000,0.00000000,0.00000000,0.00000000,0.00000000,0.00000000,0.00000000,0.00000000,0.00000000,0.00000000,0.00000000,0.00000000,0.00000000,0.00000000,0.00000000,0.00000000,0.00000000,0.00000000,0.00000000,0.00000000,0.00000000,0.00000000,0.00000000,0.00000000,0.00000000,0.00000000,0.00000000,0.00000000,0.00000000,0.00000000,0.00000000,0.00000000,0.00000000,0.00000000,0.00000000,0.00000000,0.00000000,0.00000000,0.00000000,0.00000000,0.00000000,0.00000000,0.00000000,0.00000000,0.00000000,0.00000000,27.55051807,58.48509177,65.80912927,21.60011981,0.00000000,45.16851234,39.98012376,46.24401593,0.00000000,29.00424847,15.37082296,16.94820019,0.00000000,48.35522546,0.00000000,60.04683304,53.01214380,0.00000000,60.21123446,52.02845866,0.00000000,0.00000000,0.00000000,0.00000000,0.00000000,0.00000000,0.00000000,0.00000000,0.00000000,0.00000000,0.00000000,89.83285522,0.00000000,0.00000000,0.00000000,0.00000000,0.00000000,0.00000000,0.00000000,0.00000000,0.00000000,0.00000000,0.00000000,92.66616599,0.00000000,0.00000000,0.00000000,0.00000000,0.00000000,0.00000000,0.00000000,0.00000000,65.56008186,0.00000000,88.68661830,84.16181455,0.00000000,84.56588091,0.00000000,0.00000000,0.00000000
0.00000000,0.00000000,0.00000000,0.00000000,0.00000000,0.00000000,0.00000000,0.00000000,0.00000000,0.00000000,0.00000000,0.00000000,0.00000000,0.00000000,0.00000000,0.00000000,0.00000000,0.00000000,0.00000000,0.00000000,0.00000000,0.00000000,0.00000000,0.00000000,0.00000000,0.00000000,0.00000000,0.00000000,0.00000000,0.00000000,0.00000000,0.00000000,0.00000000,0.00000000,0.00000000,0.00000000,0.00000000,0.00000000,0.00000000,0.00000000,0.00000000,0.00000000,0.00000000,0.00000000,0.00000000,0.00000000,26.42128009,19.88974038,51.04535913,10.72745870,45.16851234,0.00000000,11.92938145,12.86104861,21.98202655,23.80072783,41.76453829,31.96953720,32.40690129,49.47462924,51.53535700,45.54792617,58.08912945,52.69232464,66.22067165,78.56083488,0.00000000,0.00000000,0.00000000,0.00000000,0.00000000,0.00000000,0.00000000,0.00000000,0.00000000,0.00000000,0.00000000,0.00000000,0.00000000,0.00000000,0.00000000,0.00000000,0.00000000,0.00000000,0.00000000,0.00000000,0.00000000,0.00000000,0.00000000,0.00000000,0.00000000,0.00000000,0.00000000,0.00000000,0.00000000,0.00000000,0.00000000,0.00000000,88.46889954,0.00000000,95.60693189,95.85323130,0.00000000,0.00000000,0.00000000,0.00000000,0.00000000
0.00000000,0.00000000,0.00000000,0.00000000,0.00000000,0.00000000,0.00000000,0.00000000,0.00000000,0.00000000,0.00000000,0.00000000,0.00000000,0.00000000,0.00000000,0.00000000,0.00000000,0.00000000,0.00000000,0.00000000,0.00000000,0.00000000,0.00000000,0.00000000,0.00000000,0.00000000,0.00000000,0.00000000,0.00000000,0.00000000,0.00000000,0.00000000,0.00000000,0.00000000,0.00000000,0.00000000,0.00000000,0.00000000,0.00000000,0.00000000,0.00000000,0.00000000,0.00000000,0.00000000,0.00000000,0.00000000,27.93962381,16.98643097,31.79538154,17.51500515,39.98012376,11.92938145,0.00000000,15.72573911,11.79996189,46.22072601,0.00000000,0.00000000,26.82934636,55.76478868,35.57853128,43.68038846,57.08529925,47.38436680,57.39399592,72.74697452,0.00000000,0.00000000,0.00000000,0.00000000,0.00000000,0.00000000,0.00000000,0.00000000,0.00000000,0.00000000,0.00000000,0.00000000,0.00000000,0.00000000,0.00000000,0.00000000,0.00000000,0.00000000,0.00000000,0.00000000,0.00000000,0.00000000,0.00000000,0.00000000,0.00000000,0.00000000,0.00000000,0.00000000,0.00000000,0.00000000,0.00000000,0.00000000,83.91185434,0.00000000,91.08478345,91.87217401,0.00000000,0.00000000,0.00000000,0.00000000,0.00000000
0.00000000,0.00000000,0.00000000,0.00000000,0.00000000,0.00000000,0.00000000,0.00000000,0.00000000,0.00000000,0.00000000,0.00000000,0.00000000,0.00000000,0.00000000,0.00000000,0.00000000,0.00000000,0.00000000,0.00000000,0.00000000,0.00000000,0.00000000,0.00000000,0.00000000,0.00000000,0.00000000,0.00000000,0.00000000,0.00000000,0.00000000,0.00000000,0.00000000,0.00000000,0.00000000,0.00000000,0.00000000,0.00000000,0.00000000,0.00000000,0.00000000,0.00000000,0.00000000,0.00000000,0.00000000,0.00000000,38.76618678,42.12757533,63.41054993,24.83197619,46.24401593,12.86104861,15.72573911,0.00000000,11.77638119,11.60948067,39.16882420,36.89626041,16.48771784,29.47446299,44.30362135,28.97111511,47.81193873,44.74366181,59.57640766,75.08504836,0.00000000,0.00000000,0.00000000,0.00000000,0.00000000,0.00000000,0.00000000,0.00000000,0.00000000,0.00000000,0.00000000,0.00000000,0.00000000,0.00000000,0.00000000,0.00000000,0.00000000,0.00000000,0.00000000,0.00000000,0.00000000,0.00000000,0.00000000,0.00000000,0.00000000,0.00000000,86.62533014,0.00000000,0.00000000,0.00000000,0.00000000,0.00000000,88.23351256,0.00000000,94.82762791,94.78014101,0.00000000,0.00000000,0.00000000,0.00000000,0.00000000
0.00000000,0.00000000,0.00000000,0.00000000,0.00000000,0.00000000,0.00000000,0.00000000,0.00000000,0.00000000,0.00000000,0.00000000,0.00000000,0.00000000,0.00000000,0.00000000,0.00000000,0.00000000,0.00000000,0.00000000,0.00000000,0.00000000,0.00000000,0.00000000,0.00000000,0.00000000,0.00000000,0.00000000,0.00000000,0.00000000,0.00000000,0.00000000,0.00000000,0.00000000,0.00000000,0.00000000,0.00000000,0.00000000,0.00000000,0.00000000,0.00000000,0.00000000,0.00000000,0.00000000,0.00000000,0.00000000,36.12955247,28.92416728,41.19910240,27.76432323,0.00000000,21.98202655,11.79996189,11.77638119,0.00000000,26.97166506,0.00000000,0.00000000,12.80096622,44.44135529,29.40868040,30.55750107,50.75073885,40.34971454,53.91085264,68.09830747,0.00000000,0.00000000,0.00000000,0.00000000,0.00000000,0.00000000,0.00000000,0.00000000,0.00000000,0.00000000,0.00000000,0.00000000,0.00000000,0.00000000,0.00000000,0.00000000,0.00000000,0.00000000,0.00000000,0.00000000,0.00000000,0.00000000,0.00000000,0.00000000,0.00000000,0.00000000,0.00000000,0.00000000,0.00000000,0.00000000,0.00000000,0.00000000,83.20372677,0.00000000,90.23686452,90.91098458,0.00000000,0.00000000,0.00000000,0.00000000,0.00000000
0.00000000,0.00000000,0.00000000,0.00000000,0.00000000,0.00000000,0.00000000,0.00000000,0.00000000,0.00000000,0.00000000,0.00000000,0.00000000,0.00000000,0.00000000,0.00000000,0.00000000,0.00000000,0.00000000,0.00000000,0.00000000,0.00000000,0.00000000,0.00000000,0.00000000,0.00000000,0.00000000,0.00000000,0.00000000,0.00000000,0.00000000,0.00000000,0.00000000,0.00000000,0.00000000,0.00000000,0.00000000,0.00000000,0.00000000,0.00000000,0.00000000,0.00000000,0.00000000,0.00000000,0.00000000,0.00000000,33.54781820,53.20542789,70.64122990,17.73219075,29.00424847,23.80072783,46.22072601,11.60948067,26.97166506,0.00000000,11.06153309,31.09573022,31.82302159,16.41872255,60.04079895,32.05454596,33.20266872,48.23878985,53.65173566,58.37488826,0.00000000,0.00000000,0.00000000,0.00000000,0.00000000,0.00000000,0.00000000,0.00000000,0.00000000,0.00000000,0.00000000,0.00000000,0.00000000,0.00000000,0.00000000,0.00000000,0.00000000,0.00000000,0.00000000,0.00000000,0.00000000,0.00000000,0.00000000,0.00000000,0.00000000,0.00000000,86.11873500,0.00000000,0.00000000,0.00000000,0.00000000,0.00000000,82.66603263,91.38818878,93.13059068,93.45539365,0.00000000,0.00000000,0.00000000,0.00000000,0.00000000
0.00000000,0.00000000,0.00000000,0.00000000,0.00000000,0.00000000,0.00000000,0.00000000,0.00000000,0.00000000,0.00000000,0.00000000,0.00000000,0.00000000,0.00000000,0.00000000,0.00000000,0.00000000,0.00000000,0.00000000,0.00000000,0.00000000,0.00000000,0.00000000,0.00000000,0.00000000,0.00000000,0.00000000,0.00000000,0.00000000,0.00000000,0.00000000,0.00000000,0.00000000,0.00000000,0.00000000,0.00000000,0.00000000,0.00000000,0.00000000,0.00000000,0.00000000,0.00000000,0.00000000,0.00000000,0.00000000,38.86270817,62.51388168,0.00000000,21.90009499,15.37082296,41.76453829,0.00000000,39.16882420,0.00000000,11.06153309,0.00000000,11.50589508,50.86833382,20.24273322,55.52842821,42.31349417,28.56642181,0.00000000,45.49808442,32.28727311,0.00000000,0.00000000,0.00000000,0.00000000,0.00000000,0.00000000,0.00000000,0.00000000,0.00000000,0.00000000,0.00000000,0.00000000,0.00000000,0.00000000,0.00000000,0.00000000,0.00000000,0.00000000,0.00000000,0.00000000,0.00000000,0.00000000,0.00000000,0.00000000,0.00000000,0.00000000,0.00000000,0.00000000,0.00000000,0.00000000,0.00000000,0.00000000,71.70982301,0.00000000,89.43510576,88.94578934,0.00000000,0.00000000,0.00000000,0.00000000,0.00000000
0.00000000,0.00000000,0.00000000,0.00000000,0.00000000,0.00000000,0.00000000,0.00000000,0.00000000,0.00000000,0.00000000,0.00000000,0.00000000,0.00000000,0.00000000,0.00000000,0.00000000,0.00000000,0.00000000,0.00000000,0.00000000,0.00000000,0.00000000,0.00000000,0.00000000,0.00000000,0.00000000,0.00000000,0.00000000,0.00000000,0.00000000,0.00000000,0.00000000,0.00000000,0.00000000,0.00000000,0.00000000,0.00000000,0.00000000,0.00000000,0.00000000,0.00000000,0.00000000,0.00000000,0.00000000,0.00000000,53.78565788,65.61775970,0.00000000,39.89295826,16.94820019,31.96953720,0.00000000,36.89626041,0.00000000,31.09573022,11.50589508,0.00000000,0.00000000,35.79873104,0.00000000,47.71155891,35.20074721,0.00000000,47.79755541,29.82162724,0.00000000,0.00000000,0.00000000,0.00000000,0.00000000,0.00000000,0.00000000,0.00000000,0.00000000,0.00000000,0.00000000,0.00000000,0.00000000,0.00000000,0.00000000,0.00000000,0.00000000,0.00000000,0.00000000,0.00000000,0.00000000,0.00000000,0.00000000,0.00000000,0.00000000,0.00000000,0.00000000,0.00000000,0.00000000,0.00000000,0.00000000,0.00000000,61.71449378,0.00000000,86.50708891,79.91293223,0.00000000,83.38327789,0.00000000,0.00000000,0.00000000
0.00000000,0.00000000,0.00000000,0.00000000,0.00000000,0.00000000,0.00000000,0.00000000,0.00000000,0.00000000,0.00000000,0.00000000,0.00000000,0.00000000,0.00000000,0.00000000,0.00000000,0.00000000,0.00000000,0.00000000,0.00000000,0.00000000,0.00000000,0.00000000,0.00000000,0.00000000,0.00000000,0.00000000,0.00000000,0.00000000,0.00000000,0.00000000,0.00000000,0.00000000,0.00000000,0.00000000,0.00000000,0.00000000,0.00000000,0.00000000,0.00000000,0.00000000,0.00000000,0.00000000,0.00000000,0.00000000,41.73297451,39.73236878,50.57683644,36.17242257,0.00000000,32.40690129,26.82934636,16.48771784,12.80096622,31.82302159,50.86833382,0.00000000,0.00000000,39.20756787,15.28682121,17.67809737,45.04209098,19.26749997,42.31147574,63.88811874,0.00000000,0.00000000,0.00000000,0.00000000,0.00000000,0.00000000,0.00000000,0.00000000,0.00000000,0.00000000,0.00000000,0.00000000,0.00000000,0.00000000,0.00000000,0.00000000,0.00000000,0.00000000,0.00000000,0.00000000,0.00000000,0.00000000,0.00000000,0.00000000,0.00000000,0.00000000,82.08049679,0.00000000,0.00000000,0.00000000,0.00000000,0.00000000,85.15232697,83.17665253,90.34781647,90.60117912,0.00000000,0.00000000,0.00000000,0.00000000,0.00000000
0.00000000,0.00000000,0.00000000,0.00000000,0.00000000,0.00000000,0.00000000,0.00000000,0.00000000,0.00000000,0.00000000,0.00000000,0.00000000,0.00000000,0.00000000,0.00000000,0.00000000,0.00000000,0.00000000,0.00000000,0.00000000,0.00000000,0.00000000,0.00000000,0.00000000,0.00000000,0.00000000,0.00000000,0.00000000,0.00000000,0.00000000,0.00000000,0.00000000,0.00000000,0.00000000,0.00000000,0.00000000,0.00000000,0.00000000,0.00000000,0.00000000,0.00000000,0.00000000,0.00000000,0.00000000,0.00000000,54.01065866,59.46162769,70.01108589,45.60114689,48.35522546,49.47462924,55.76478868,29.47446299,44.44135529,16.41872255,20.24273322,35.79873104,39.20756787,0.00000000,57.42870105,18.24848976,16.73514818,43.89429070,41.19774347,53.83193747,0.00000000,0.00000000,0.00000000,0.00000000,0.00000000,0.00000000,0.00000000,0.00000000,0.00000000,0.00000000,0.00000000,0.00000000,0.00000000,0.00000000,0.00000000,0.00000000,0.00000000,0.00000000,0.00000000,0.00000000,0.00000000,0.00000000,0.00000000,0.00000000,0.00000000,0.00000000,89.79105377,0.00000000,0.00000000,0.00000000,0.00000000,0.00000000,85.56538632,92.65703365,96.20114537,94.48805186,0.00000000,0.00000000,0.00000000,0.00000000,0.00000000
0.00000000,0.00000000,0.00000000,0.00000000,0.00000000,0.00000000,0.00000000,0.00000000,0.00000000,0.00000000,0.00000000,0.00000000,0.00000000,0.00000000,0.00000000,0.00000000,0.00000000,0.00000000,0.00000000,0.00000000,0.00000000,0.00000000,0.00000000,0.00000000,0.00000000,0.00000000,0.00000000,0.00000000,0.00000000,0.00000000,0.00000000,0.00000000,0.00000000,0.00000000,0.00000000,0.00000000,0.00000000,0.00000000,0.00000000,0.00000000,0.00000000,0.00000000,0.00000000,0.00000000,0.00000000,0.00000000,52.51262386,48.23953846,49.11032091,55.70947723,0.00000000,51.53535700,35.57853128,44.30362135,29.40868040,60.04079895,55.52842821,0.00000000,15.28682121,57.42870105,0.00000000,30.25732493,51.46727723,19.13862034,39.64805432,59.77379348,91.68945058,0.00000000,0.00000000,0.00000000,0.00000000,0.00000000,0.00000000,0.00000000,0.00000000,0.00000000,0.00000000,92.89330659,0.00000000,0.00000000,0.00000000,0.00000000,0.00000000,0.00000000,0.00000000,0.00000000,0.00000000,0.00000000,0.00000000,94.80385481,0.00000000,92.86400553,80.92335320,0.00000000,0.00000000,0.00000000,0.00000000,0.00000000,82.17556093,86.83796474,84.43712722,84.55885735,0.00000000,0.00000000,0.00000000,0.00000000,0.00000000
0.00000000,0.00000000,0.00000000,0.00000000,0.00000000,0.00000000,0.00000000,0.00000000,0.00000000,0.00000000,0.00000000,0.00000000,0.00000000,0.00000000,0.00000000,0.00000000,0.00000000,0.00000000,0.00000000,0.00000000,0.00000000,0.00000000,0.00000000,0.00000000,0.00000000,0.00000000,0.00000000,0.00000000,0.00000000,0.00000000,0.00000000,0.00000000,0.00000000,0.00000000,0.00000000,0.00000000,0.00000000,0.00000000,0.00000000,0.00000000,0.00000000,0.00000000,0.00000000,0.00000000,0.00000000,0.00000000,48.09862478,48.20650227,59.65314640,46.41673271,60.04683304,45.54792617,43.68038846,28.97111511,30.55750107,32.05454596,42.31349417,47.71155891,17.67809737,18.24848976,30.25732493,0.00000000,16.99350525,13.34698870,18.49759737,51.39789729,0.00000000,0.00000000,0.00000000,0.00000000,0.00000000,0.00000000,0.00000000,0.00000000,0.00000000,0.00000000,0.00000000,0.00000000,0.00000000,0.00000000,0.00000000,0.00000000,0.00000000,0.00000000,0.00000000,0.00000000,0.00000000,0.00000000,0.00000000,0.00000000,0.00000000,0.00000000,86.37551498,0.00000000,0.00000000,0.00000000,0.00000000,0.00000000,86.56159300,92.71710269,91.72598839,90.72529486,0.00000000,0.00000000,0.00000000,0.00000000,0.00000000
0.00000000,0.00000000,0.00000000,0.00000000,0.00000000,0.00000000,0.00000000,0.00000000,0.00000000,0.00000000,0.00000000,0.00000000,0.00000000,0.00000000,0.00000000,0.00000000,0.00000000,0.00000000,0.00000000,0.00000000,0.00000000,0.00000000,0.00000000,0.00000000,0.00000000,0.00000000,0.00000000,0.00000000,0.00000000,0.00000000,0.00000000,0.00000000,0.00000000,0.00000000,0.00000000,0.00000000,0.00000000,0.00000000,0.00000000,0.00000000,0.00000000,0.00000000,0.00000000,0.00000000,0.00000000,0.00000000,57.97548088,59.64577171,69.14132902,56.00525173,53.01214380,58.08912945,57.08529925,47.81193873,50.75073885,33.20266872,28.56642181,35.20074721,45.04209098,16.73514818,51.46727723,16.99350525,0.00000000,36.45129125,17.25881909,23.20316273,0.00000000,0.00000000,0.00000000,0.00000000,0.00000000,0.00000000,0.00000000,0.00000000,0.00000000,0.00000000,0.00000000,0.00000000,0.00000000,0.00000000,0.00000000,0.00000000,0.00000000,0.00000000,0.00000000,0.00000000,0.00000000,0.00000000,0.00000000,0.00000000,0.00000000,0.00000000,89.01708603,0.00000000,0.00000000,0.00000000,0.00000000,0.00000000,84.41131396,94.55724182,93.63433612,91.61365076,0.00000000,0.00000000,0.00000000,0.00000000,0.00000000
0.00000000,0.00000000,0.00000000,0.00000000,0.00000000,0.00000000,0.00000000,0.00000000,0.00000000,0.00000000,0.00000000,0.00000000,0.00000000,0.00000000,0.00000000,0.00000000,0.00000000,0.00000000,0.00000000,0.00000000,0.00000000,0.00000000,0.00000000,0.00000000,0.00000000,0.00000000,0.00000000,0.00000000,0.00000000,0.00000000,0.00000000,0.00000000,0.00000000,0.00000000,0.00000000,0.00000000,0.00000000,0.00000000,0.00000000,0.00000000,0.00000000,0.00000000,0.00000000,0.00000000,0.00000000,0.00000000,52.99013979,52.36251102,58.43097072,55.66334248,0.00000000,52.69232464,47.38436680,44.74366181,40.34971454,48.23878985,0.00000000,0.00000000,19.26749997,43.89429070,19.13862034,13.34698870,36.45129125,0.00000000,22.38963092,51.79210565,90.57696533,0.00000000,0.00000000,0.00000000,0.00000000,0.00000000,0.00000000,0.00000000,0.00000000,0.00000000,0.00000000,0.00000000,0.00000000,0.00000000,0.00000000,0.00000000,0.00000000,0.00000000,0.00000000,0.00000000,0.00000000,0.00000000,0.00000000,0.00000000,0.00000000,0.00000000,81.82546704,0.00000000,0.00000000,0.00000000,0.00000000,0.00000000,84.21442958,86.96093951,85.88042155,84.58583650,0.00000000,0.00000000,0.00000000,0.00000000,0.00000000
0.00000000,0.00000000,0.00000000,0.00000000,0.00000000,0.00000000,0.00000000,0.00000000,0.00000000,0.00000000,0.00000000,0.00000000,0.00000000,0.00000000,0.00000000,0.00000000,0.00000000,0.00000000,0.00000000,0.00000000,0.00000000,0.00000000,0.00000000,0.00000000,0.00000000,0.00000000,0.00000000,0.00000000,0.00000000,0.00000000,0.00000000,0.00000000,0.00000000,0.00000000,0.00000000,0.00000000,0.00000000,0.00000000,0.00000000,0.00000000,0.00000000,0.00000000,0.00000000,0.00000000,0.00000000,0.00000000,58.89880096,60.10583903,64.14366495,68.16196060,60.21123446,66.22067165,57.39399592,59.57640766,53.91085264,53.65173566,45.49808442,47.79755541,42.31147574,41.19774347,39.64805432,18.49759737,17.25881909,22.38963092,0.00000000,22.31935272,92.03842000,0.00000000,0.00000000,0.00000000,0.00000000,0.00000000,0.00000000,0.00000000,0.00000000,0.00000000,0.00000000,0.00000000,0.00000000,0.00000000,0.00000000,0.00000000,0.00000000,0.00000000,0.00000000,0.00000000,0.00000000,0.00000000,0.00000000,0.00000000,0.00000000,0.00000000,84.81751251,0.00000000,0.00000000,0.00000000,0.00000000,0.00000000,83.74514665,90.35125732,88.40533152,86.19425716,0.00000000,0.00000000,0.00000000,0.00000000,0.00000000
0.00000000,0.00000000,0.00000000,0.00000000,0.00000000,0.00000000,0.00000000,0.00000000,0.00000000,0.00000000,0.00000000,0.00000000,0.00000000,0.00000000,0.00000000,0.00000000,0.00000000,0.00000000,0.00000000,0.00000000,0.00000000,0.00000000,0.00000000,0.00000000,0.00000000,0.00000000,0.00000000,0.00000000,0.00000000,0.00000000,0.00000000,0.00000000,0.00000000,0.00000000,0.00000000,0.00000000,0.00000000,0.00000000,0.00000000,0.00000000,0.00000000,0.00000000,0.00000000,0.00000000,0.00000000,0.00000000,73.24246041,73.81836754,74.81805305,76.96749878,52.02845866,78.56083488,72.74697452,75.08504836,68.09830747,58.37488826,32.28727311,29.82162724,63.88811874,53.83193747,59.77379348,51.39789729,23.20316273,51.79210565,22.31935272,0.00000000,91.31286136,0.00000000,0.00000000,0.00000000,0.00000000,0.00000000,0.00000000,0.00000000,0.00000000,0.00000000,0.00000000,0.00000000,0.00000000,0.00000000,0.00000000,0.00000000,0.00000000,0.00000000,0.00000000,0.00000000,0.00000000,0.00000000,0.00000000,0.00000000,0.00000000,0.00000000,87.49367714,0.00000000,0.00000000,0.00000000,0.00000000,0.00000000,78.56147307,91.11106144,91.49640270,87.64465897,0.00000000,91.11246768,0.00000000,0.00000000,0.00000000
0.00000000,0.00000000,0.00000000,0.00000000,0.00000000,0.00000000,0.00000000,0.00000000,0.00000000,0.00000000,0.00000000,0.00000000,0.00000000,0.00000000,0.00000000,0.00000000,0.00000000,0.00000000,0.00000000,0.00000000,0.00000000,0.00000000,0.00000000,0.00000000,0.00000000,0.00000000,0.00000000,0.00000000,0.00000000,0.00000000,0.00000000,0.00000000,0.00000000,0.00000000,0.00000000,0.00000000,0.00000000,0.00000000,0.00000000,0.00000000,0.00000000,0.00000000,0.00000000,0.00000000,0.00000000,0.00000000,0.00000000,0.00000000,0.00000000,0.00000000,0.00000000,0.00000000,0.00000000,0.00000000,0.00000000,0.00000000,0.00000000,0.00000000,0.00000000,0.00000000,91.68945058,0.00000000,0.00000000,90.57696533,92.03842000,91.31286136,0.00000000,0.00000000,0.00000000,0.00000000,0.00000000,79.58358116,0.00000000,0.00000000,0.00000000,0.00000000,0.00000000,0.00000000,0.00000000,0.00000000,0.00000000,0.00000000,0.00000000,0.00000000,0.00000000,0.00000000,68.71675720,0.00000000,0.00000000,52.60842005,50.58738073,56.37895408,45.97184128,0.00000000,0.00000000,0.00000000,0.00000000,0.00000000,68.60901805,60.28510054,50.77603221,66.24673522,0.00000000,0.00000000,0.00000000,0.00000000,0.00000000
0.00000000,0.00000000,0.00000000,0.00000000,0.00000000,0.00000000,0.00000000,0.00000000,0.00000000,0.00000000,0.00000000,0.00000000,0.00000000,0.00000000,0.00000000,0.00000000,77.65501970,0.00000000,0.00000000,0.00000000,0.00000000,90.02908142,93.12909162,0.00000000,0.00000000,0.00000000,0.00000000,0.00000000,0.00000000,0.00000000,0.00000000,0.00000000,0.00000000,0.00000000,91.13604991,0.00000000,0.00000000,0.00000000,0.00000000,0.00000000,0.00000000,0.00000000,0.00000000,0.00000000,0.00000000,92.88945313,0.00000000,0.00000000,0.00000000,0.00000000,0.00000000,0.00000000,0.00000000,0.00000000,0.00000000,0.00000000,0.00000000,0.00000000,0.00000000,0.00000000,0.00000000,0.00000000,0.00000000,0.00000000,0.00000000,0.00000000,0.00000000,0.00000000,0.00000000,28.79541106,0.00000000,0.00000000,13.12796162,21.40417403,13.59450883,0.00000000,0.00000000,0.00000000,0.00000000,0.00000000,0.00000000,0.00000000,0.00000000,0.00000000,0.00000000,0.00000000,34.30619662,57.90331045,0.00000000,0.00000000,0.00000000,0.00000000,0.00000000,0.00000000,0.00000000,0.00000000,0.00000000,49.46464069,0.00000000,69.75296360,65.32795977,70.62386251,76.91625609,0.00000000,93.04744625,90.20176697,92.31188175
0.00000000,0.00000000,0.00000000,0.00000000,0.00000000,0.00000000,0.00000000,0.00000000,0.00000000,0.00000000,0.00000000,0.00000000,0.00000000,0.00000000,0.00000000,0.00000000,94.18734087,0.00000000,0.00000000,0.00000000,0.00000000,0.00000000,0.00000000,0.00000000,0.00000000,0.00000000,0.00000000,0.00000000,0.00000000,0.00000000,0.00000000,0.00000000,0.00000000,0.00000000,0.00000000,0.00000000,0.00000000,0.00000000,0.00000000,0.00000000,0.00000000,0.00000000,0.00000000,0.00000000,0.00000000,0.00000000,0.00000000,0.00000000,0.00000000,0.00000000,0.00000000,0.00000000,0.00000000,0.00000000,0.00000000,0.00000000,0.00000000,0.00000000,0.00000000,0.00000000,0.00000000,0.00000000,0.00000000,0.00000000,0.00000000,0.00000000,0.00000000,0.00000000,0.00000000,57.52700679,82.84995422,85.70269966,0.00000000,0.00000000,73.53247865,0.00000000,0.00000000,0.00000000,0.00000000,0.00000000,0.00000000,0.00000000,0.00000000,0.00000000,0.00000000,80.66979262,60.01625872,0.00000000,0.00000000,0.00000000,0.00000000,0.00000000,0.00000000,0.00000000,0.00000000,0.00000000,0.00000000,55.38051399,82.38059329,69.86995730,66.03393916,69.77650939,85.56531754,0.00000000,0.00000000,0.00000000,0.00000000
0.00000000,0.00000000,0.00000000,0.00000000,0.00000000,0.00000000,0.00000000,0.00000000,0.00000000,0.00000000,0.00000000,0.00000000,0.00000000,0.00000000,0.00000000,0.00000000,90.48104774,0.00000000,0.00000000,0.00000000,0.00000000,0.00000000,0.00000000,0.00000000,0.00000000,0.00000000,0.00000000,0.00000000,0.00000000,0.00000000,0.00000000,0.00000000,0.00000000,0.00000000,0.00000000,0.00000000,0.00000000,0.00000000,0.00000000,0.00000000,0.00000000,0.00000000,0.00000000,0.00000000,0.00000000,0.00000000,0.00000000,0.00000000,0.00000000,0.00000000,0.00000000,0.00000000,0.00000000,0.00000000,0.00000000,0.00000000,0.00000000,0.00000000,0.00000000,0.00000000,0.00000000,0.00000000,0.00000000,0.00000000,0.00000000,0.00000000,0.00000000,28.79541106,57.52700679,0.00000000,0.00000000,0.00000000,47.26752658,65.78037664,20.31437467,0.00000000,0.00000000,0.00000000,0.00000000,0.00000000,0.00000000,0.00000000,0.00000000,0.00000000,0.00000000,0.00000000,45.62873228,78.61500549,0.00000000,0.00000000,0.00000000,0.00000000,0.00000000,0.00000000,0.00000000,0.00000000,0.00000000,54.86679015,85.90597316,77.26275725,75.64463539,72.44914450,84.28376547,0.00000000,0.00000000,96.44303240,94.84788191
0.00000000,0.00000000,0.00000000,0.00000000,0.00000000,0.00000000,0.00000000,0.00000000,0.00000000,0.00000000,0.00000000,0.00000000,0.00000000,0.00000000,0.00000000,0.00000000,0.00000000,0.00000000,0.00000000,0.00000000,0.00000000,0.00000000,0.00000000,0.00000000,0.00000000,0.00000000,0.00000000,0.00000000,0.00000000,0.00000000,0.00000000,0.00000000,0.00000000,0.00000000,0.00000000,0.00000000,0.00000000,0.00000000,0.00000000,0.00000000,0.00000000,0.00000000,0.00000000,0.00000000,0.00000000,0.00000000,0.00000000,0.00000000,0.00000000,0.00000000,0.00000000,0.00000000,0.00000000,0.00000000,0.00000000,0.00000000,0.00000000,0.00000000,0.00000000,0.00000000,0.00000000,0.00000000,0.00000000,0.00000000,0.00000000,0.00000000,0.00000000,0.00000000,82.84995422,0.00000000,0.00000000,51.20378755,0.00000000,0.00000000,85.03653145,41.83379100,0.00000000,0.00000000,0.00000000,0.00000000,61.37149610,54.44344262,73.66660614,66.96700634,62.81237270,71.45680133,0.00000000,74.96125070,0.00000000,0.00000000,0.00000000,0.00000000,0.00000000,46.43239030,23.06402963,0.00000000,0.00000000,59.46810498,0.00000000,63.31623210,45.26583166,76.35108823,0.00000000,0.00000000,0.00000000,0.00000000,0.00000000
0.00000000,0.00000000,0.00000000,0.00000000,0.00000000,0.00000000,0.00000000,0.00000000,0.00000000,0.00000000,0.00000000,0.00000000,0.00000000,0.00000000,0.00000000,0.00000000,0.00000000,0.00000000,0.00000000,0.00000000,0.00000000,0.00000000,0.00000000,0.00000000,0.00000000,0.00000000,0.00000000,0.00000000,0.00000000,0.00000000,0.00000000,0.00000000,0.00000000,0.00000000,0.00000000,0.00000000,0.00000000,0.00000000,0.00000000,0.00000000,0.00000000,0.00000000,0.00000000,0.00000000,0.00000000,0.00000000,0.00000000,0.00000000,0.00000000,0.00000000,0.00000000,0.00000000,0.00000000,0.00000000,0.00000000,0.00000000,0.00000000,0.00000000,0.00000000,0.00000000,0.00000000,0.00000000,0.00000000,0.00000000,0.00000000,0.00000000,79.58358116,0.00000000,85.70269966,0.00000000,51.20378755,0.00000000,0.00000000,69.58438797,82.57397642,0.00000000,0.00000000,0.00000000,0.00000000,0.00000000,0.00000000,0.00000000,0.00000000,0.00000000,84.48695613,73.69938941,0.00000000,80.42695999,0.00000000,0.00000000,0.00000000,0.00000000,90.70111427,0.00000000,84.17314402,0.00000000,0.00000000,58.26169772,0.00000000,61.94299995,52.82456797,71.07781409,0.00000000,0.00000000,0.00000000,0.00000000,0.00000000
0.00000000,0.00000000,0.00000000,0.00000000,0.00000000,0.00000000,0.00000000,0.00000000,0.00000000,0.00000000,0.00000000,0.00000000,0.00000000,0.00000000,0.00000000,0.00000000,73.67071002,0.00000000,0.00000000,0.00000000,0.00000000,81.00429376,84.43159150,0.00000000,0.00000000,0.00000000,0.00000000,0.00000000,0.00000000,0.00000000,0.00000000,0.00000000,0.00000000,0.00000000,83.70023378,0.00000000,0.00000000,0.00000000,0.00000000,0.00000000,0.00000000,92.65635430,0.00000000,0.00000000,0.00000000,83.59934998,0.00000000,0.00000000,0.00000000,0.00000000,0.00000000,0.00000000,0.00000000,0.00000000,0.00000000,0.00000000,0.00000000,0.00000000,0.00000000,0.00000000,0.00000000,0.00000000,0.00000000,0.00000000,0.00000000,0.00000000,0.00000000,13.12796162,0.00000000,47.26752658,0.00000000,0.00000000,0.00000000,14.71306379,25.99008252,0.00000000,0.00000000,0.00000000,0.00000000,0.00000000,0.00000000,0.00000000,0.00000000,0.00000000,0.00000000,0.00000000,38.04709476,47.61660933,0.00000000,0.00000000,0.00000000,0.00000000,0.00000000,0.00000000,0.00000000,66.52770424,74.11165296,52.00466558,74.48507643,69.44432878,66.46642333,73.95177641,72.42854906,0.00000000,86.51434871,84.16231328,88.67805007
0.00000000,0.00000000,0.00000000,0.00000000,0.00000000,0.00000000,0.00000000,0.00000000,0.00000000,0.00000000,0.00000000,0.00000000,0.00000000,0.00000000,0.00000000,0.00000000,86.27510365,0.00000000,0.00000000,0.00000000,0.00000000,88.47454151,91.47704043,0.00000000,0.00000000,90.91047668,0.00000000,0.00000000,0.00000000,0.00000000,0.00000000,0.00000000,0.00000000,0.00000000,83.95680265,0.00000000,0.00000000,0.00000000,0.00000000,0.00000000,0.00000000,95.33375804,87.07681427,0.00000000,93.36857758,89.91294643,0.00000000,0.00000000,0.00000000,0.00000000,0.00000000,0.00000000,0.00000000,0.00000000,0.00000000,0.00000000,0.00000000,0.00000000,0.00000000,0.00000000,0.00000000,0.00000000,0.00000000,0.00000000,0.00000000,0.00000000,0.00000000,21.40417403,0.00000000,65.78037664,0.00000000,69.58438797,14.71306379,0.00000000,27.94887507,0.00000000,0.00000000,0.00000000,0.00000000,0.00000000,0.00000000,0.00000000,0.00000000,0.00000000,0.00000000,59.44518693,56.62762956,20.09724291,0.00000000,0.00000000,0.00000000,0.00000000,0.00000000,0.00000000,0.00000000,0.00000000,68.15934733,47.75052573,0.00000000,69.84929769,63.47461327,75.17380165,78.19974286,0.00000000,91.34526825,88.03021676,93.73275757
0.00000000,0.00000000,0.00000000,0.00000000,0.00000000,0.00000000,0.00000000,0.00000000,0.00000000,0.00000000,0.00000000,0.00000000,0.00000000,0.00000000,0.00000000,0.00000000,88.96876675,0.00000000,0.00000000,0.00000000,0.00000000,97.57044308,99.33953540,0.00000000,0.00000000,0.00000000,0.00000000,0.00000000,0.00000000,0.00000000,0.00000000,0.00000000,0.00000000,0.00000000,97.30650482,0.00000000,0.00000000,0.00000000,0.00000000,0.00000000,0.00000000,0.00000000,0.00000000,0.00000000,0.00000000,99.27200445,0.00000000,0.00000000,0.00000000,0.00000000,0.00000000,0.00000000,0.00000000,0.00000000,0.00000000,0.00000000,0.00000000,0.00000000,0.00000000,0.00000000,0.00000000,0.00000000,0.00000000,0.00000000,0.00000000,0.00000000,0.00000000,13.59450883,73.53247865,20.31437467,85.03653145,82.57397642,25.99008252,27.94887507,0.00000000,0.00000000,0.00000000,0.00000000,0.00000000,0.00000000,0.00000000,0.00000000,0.00000000,0.00000000,84.84752121,79.60205187,53.37739009,53.52127700,0.00000000,0.00000000,0.00000000,0.00000000,0.00000000,0.00000000,0.00000000,0.00000000,0.00000000,55.60381190,87.61658287,72.68531844,67.01752924,76.93680394,85.17340851,0.00000000,98.10206200,97.11141609,96.96668339
0.00000000,0.00000000,0.00000000,0.00000000,0.00000000,0.00000000,0.00000000,0.00000000,0.00000000,0.00000000,0.00000000,0.00000000,0.00000000,0.00000000,0.00000000,0.00000000,0.00000000,0.00000000,0.00000000,0.00000000,0.00000000,0.00000000,0.00000000,0.00000000,0.00000000,0.00000000,0.00000000,0.00000000,79.61829281,0.00000000,0.00000000,0.00000000,0.00000000,0.00000000,0.00000000,0.00000000,0.00000000,77.36483994,60.57924679,0.00000000,0.00000000,0.00000000,0.00000000,0.00000000,0.00000000,0.00000000,0.00000000,0.00000000,0.00000000,0.00000000,0.00000000,0.00000000,0.00000000,0.00000000,0.00000000,0.00000000,0.00000000,0.00000000,0.00000000,0.00000000,0.00000000,0.00000000,0.00000000,0.00000000,0.00000000,0.00000000,0.00000000,0.00000000,0.00000000,0.00000000,41.83379100,0.00000000,0.00000000,0.00000000,0.00000000,0.00000000,0.00000000,0.00000000,0.00000000,53.47664776,16.17268579,41.50448478,46.02316815,51.39100587,0.00000000,0.00000000,0.00000000,0.00000000,62.49325752,0.00000000,57.25368182,0.00000000,0.00000000,14.95639055,42.93806798,33.47231228,54.65398897,33.55817190,0.00000000,52.23936601,33.01208016,77.12096786,0.00000000,0.00000000,0.00000000,0.00000000,0.00000000
0.00000000,0.00000000,0.00000000,0.00000000,0.00000000,0.00000000,0.00000000,0.00000000,0.00000000,0.00000000,0.00000000,0.00000000,0.00000000,0.00000000,0.00000000,0.00000000,0.00000000,0.00000000,0.00000000,0.00000000,0.00000000,0.00000000,0.00000000,0.00000000,0.00000000,0.00000000,0.00000000,0.00000000,0.00000000,0.00000000,0.00000000,0.00000000,0.00000000,0.00000000,0.00000000,0.00000000,0.00000000,0.00000000,0.00000000,0.00000000,0.00000000,0.00000000,0.00000000,0.00000000,0.00000000,0.00000000,0.00000000,0.00000000,86.43855286,0.00000000,0.00000000,0.00000000,0.00000000,0.00000000,0.00000000,0.00000000,0.00000000,0.00000000,0.00000000,0.00000000,0.00000000,0.00000000,0.00000000,0.00000000,0.00000000,0.00000000,0.00000000,0.00000000,0.00000000,0.00000000,0.00000000,0.00000000,0.00000000,0.00000000,0.00000000,0.00000000,0.00000000,10.28645450,8.69726738,14.36891302,0.00000000,0.00000000,0.00000000,0.00000000,0.00000000,0.00000000,0.00000000,0.00000000,10.76403418,28.33739023,23.32159349,40.45948911,0.00000000,0.00000000,0.00000000,0.00000000,0.00000000,0.00000000,38.68494375,39.28657837,43.52321829,70.96559323,0.00000000,0.00000000,0.00000000,0.00000000,0.00000000
0.00000000,0.00000000,0.00000000,0.00000000,0.00000000,0.00000000,0.00000000,0.00000000,0.00000000,0.00000000,0.00000000,0.00000000,0.00000000,0.00000000,0.00000000,0.00000000,0.00000000,0.00000000,0.00000000,0.00000000,0.00000000,0.00000000,0.00000000,0.00000000,0.00000000,0.00000000,0.00000000,0.00000000,0.00000000,0.00000000,0.00000000,0.00000000,0.00000000,0.00000000,0.00000000,0.00000000,0.00000000,0.00000000,0.00000000,0.00000000,0.00000000,0.00000000,0.00000000,0.00000000,0.00000000,0.00000000,87.47428894,85.20657654,73.15836391,0.00000000,89.83285522,0.00000000,0.00000000,0.00000000,0.00000000,0.00000000,0.00000000,0.00000000,0.00000000,0.00000000,92.89330659,0.00000000,0.00000000,0.00000000,0.00000000,0.00000000,0.00000000,0.00000000,0.00000000,0.00000000,0.00000000,0.00000000,0.00000000,0.00000000,0.00000000,0.00000000,10.28645450,0.00000000,8.89219509,30.08696669,0.00000000,0.00000000,0.00000000,0.00000000,0.00000000,0.00000000,0.00000000,0.00000000,15.48376082,13.98645793,27.68414435,31.96525146,60.46484041,0.00000000,0.00000000,0.00000000,0.00000000,0.00000000,24.62911150,39.86123784,39.58735292,64.81912790,0.00000000,0.00000000,0.00000000,0.00000000,0.00000000
0.00000000,0.00000000,0.00000000,0.00000000,0.00000000,0.00000000,0.00000000,0.00000000,0.00000000,0.00000000,0.00000000,0.00000000,0.00000000,0.00000000,0.00000000,0.00000000,0.00000000,0.00000000,0.00000000,0.00000000,0.00000000,0.00000000,0.00000000,0.00000000,0.00000000,0.00000000,0.00000000,0.00000000,0.00000000,0.00000000,0.00000000,0.00000000,0.00000000,0.00000000,0.00000000,0.00000000,0.00000000,0.00000000,0.00000000,0.00000000,0.00000000,0.00000000,0.00000000,0.00000000,0.00000000,0.00000000,0.00000000,0.00000000,72.03310218,0.00000000,0.00000000,0.00000000,0.00000000,0.00000000,0.00000000,0.00000000,0.00000000,0.00000000,0.00000000,0.00000000,0.00000000,0.00000000,0.00000000,0.00000000,0.00000000,0.00000000,0.00000000,0.00000000,0.00000000,0.00000000,0.00000000,0.00000000,0.00000000,0.00000000,0.00000000,0.00000000,8.69726738,8.89219509,0.00000000,18.78757381,0.00000000,0.00000000,0.00000000,0.00000000,0.00000000,0.00000000,0.00000000,0.00000000,23.17908559,33.17783642,29.59927432,0.00000000,0.00000000,0.00000000,0.00000000,0.00000000,0.00000000,0.00000000,15.89212201,0.00000000,39.07713403,66.33340706,0.00000000,0.00000000,0.00000000,0.00000000,0.00000000
0.00000000,0.00000000,0.00000000,0.00000000,0.00000000,0.00000000,0.00000000,0.00000000,0.00000000,0.00000000,0.00000000,0.00000000,0.00000000,0.00000000,0.00000000,0.00000000,0.00000000,0.00000000,0.00000000,0.00000000,0.00000000,0.00000000,0.00000000,0.00000000,0.00000000,0.00000000,0.00000000,0.00000000,0.00000000,0.00000000,0.00000000,0.00000000,0.00000000,0.00000000,0.00000000,0.00000000,0.00000000,0.00000000,0.00000000,0.00000000,0.00000000,0.00000000,0.00000000,0.00000000,0.00000000,0.00000000,0.00000000,0.00000000,0.00000000,0.00000000,0.00000000,0.00000000,0.00000000,0.00000000,0.00000000,0.00000000,0.00000000,0.00000000,0.00000000,0.00000000,0.00000000,0.00000000,0.00000000,0.00000000,0.00000000,0.00000000,0.00000000,0.00000000,0.00000000,0.00000000,0.00000000,0.00000000,0.00000000,0.00000000,0.00000000,53.47664776,14.36891302,30.08696669,18.78757381,0.00000000,0.00000000,0.00000000,0.00000000,0.00000000,0.00000000,0.00000000,0.00000000,0.00000000,10.81595824,40.76686985,14.77264413,43.96212486,0.00000000,0.00000000,0.00000000,0.00000000,0.00000000,0.00000000,43.53533149,0.00000000,44.39347766,73.92008082,0.00000000,0.00000000,0.00000000,0.00000000,0.00000000
0.00000000,0.00000000,0.00000000,0.00000000,0.00000000,0.00000000,0.00000000,0.00000000,0.00000000,0.00000000,0.00000000,0.00000000,0.00000000,0.00000000,0.00000000,0.00000000,0.00000000,0.00000000,0.00000000,0.00000000,0.00000000,0.00000000,0.00000000,0.00000000,0.00000000,0.00000000,0.00000000,0.00000000,90.53487523,0.00000000,0.00000000,0.00000000,0.00000000,0.00000000,0.00000000,0.00000000,0.00000000,87.45640148,58.19891654,0.00000000,69.20592785,0.00000000,0.00000000,0.00000000,0.00000000,0.00000000,0.00000000,0.00000000,0.00000000,0.00000000,0.00000000,0.00000000,0.00000000,0.00000000,0.00000000,0.00000000,0.00000000,0.00000000,0.00000000,0.00000000,0.00000000,0.00000000,0.00000000,0.00000000,0.00000000,0.00000000,0.00000000,0.00000000,0.00000000,0.00000000,61.37149610,0.00000000,0.00000000,0.00000000,0.00000000,16.17268579,0.00000000,0.00000000,0.00000000,0.00000000,0.00000000,15.14891992,24.36409299,39.71464881,46.09079695,0.00000000,0.00000000,0.00000000,0.00000000,0.00000000,0.00000000,0.00000000,0.00000000,16.72822276,43.01429353,27.23609565,56.85092290,44.20565495,0.00000000,64.85070698,46.06499073,82.83573017,0.00000000,0.00000000,0.00000000,0.00000000,0.00000000
0.00000000,0.00000000,0.00000000,0.00000000,0.00000000,0.00000000,0.00000000,0.00000000,0.00000000,0.00000000,0.00000000,0.00000000,0.00000000,0.00000000,0.00000000,0.00000000,0.00000000,0.00000000,0.00000000,0.00000000,0.00000000,0.00000000,0.00000000,0.00000000,0.00000000,0.00000000,0.00000000,0.00000000,0.00000000,0.00000000,0.00000000,0.00000000,0.00000000,0.00000000,0.00000000,0.00000000,0.00000000,0.00000000,0.00000000,0.00000000,67.82083384,0.00000000,0.00000000,0.00000000,0.00000000,0.00000000,0.00000000,0.00000000,0.00000000,0.00000000,0.00000000,0.00000000,0.00000000,0.00000000,0.00000000,0.00000000,0.00000000,0.00000000,0.00000000,0.00000000,0.00000000,0.00000000,0.00000000,0.00000000,0.00000000,0.00000000,0.00000000,0.00000000,0.00000000,0.00000000,54.44344262,0.00000000,0.00000000,0.00000000,0.00000000,41.50448478,0.00000000,0.00000000,0.00000000,0.00000000,15.14891992,0.00000000,51.07960210,37.37693566,39.81111947,81.26212311,0.00000000,84.47921317,0.00000000,0.00000000,0.00000000,0.00000000,0.00000000,15.37394230,17.40342320,0.00000000,67.26856778,54.92511953,0.00000000,68.95147447,53.76873280,85.53221053,0.00000000,0.00000000,0.00000000,0.00000000,0.00000000
0.00000000,0.00000000,0.00000000,0.00000000,0.00000000,0.00000000,0.00000000,0.00000000,0.00000000,0.00000000,0.00000000,0.00000000,0.00000000,0.00000000,0.00000000,0.00000000,0.00000000,0.00000000,0.00000000,0.00000000,0.00000000,0.00000000,0.00000000,0.00000000,0.00000000,0.00000000,0.00000000,96.64040171,98.74086463,0.00000000,0.00000000,0.00000000,0.00000000,0.00000000,0.00000000,0.00000000,0.00000000,95.52629735,84.20068105,0.00000000,81.27219391,0.00000000,96.80052432,0.00000000,0.00000000,0.00000000,0.00000000,0.00000000,0.00000000,0.00000000,0.00000000,0.00000000,0.00000000,0.00000000,0.00000000,0.00000000,0.00000000,0.00000000,0.00000000,0.00000000,0.00000000,0.00000000,0.00000000,0.00000000,0.00000000,0.00000000,0.00000000,0.00000000,0.00000000,0.00000000,73.66660614,0.00000000,0.00000000,0.00000000,0.00000000,46.02316815,0.00000000,0.00000000,0.00000000,0.00000000,24.36409299,51.07960210,0.00000000,18.30541209,59.90022763,0.00000000,0.00000000,79.15350151,0.00000000,0.00000000,0.00000000,0.00000000,0.00000000,52.53649624,64.84368577,21.27055758,20.60004450,55.52575939,0.00000000,74.28989773,58.50963208,89.13787474,81.93405914,0.00000000,0.00000000,94.10652245,0.00000000
0.00000000,0.00000000,0.00000000,0.00000000,0.00000000,0.00000000,0.00000000,0.00000000,0.00000000,0.00000000,0.00000000,0.00000000,0.00000000,0.00000000,0.00000000,0.00000000,0.00000000,0.00000000,0.00000000,0.00000000,0.00000000,0.00000000,0.00000000,0.00000000,0.00000000,96.29311117,0.00000000,0.00000000,96.04407478,0.00000000,0.00000000,0.00000000,0.00000000,89.65454285,0.00000000,0.00000000,0.00000000,88.60434241,0.00000000,0.00000000,80.85112762,0.00000000,95.09171143,97.18230756,98.88577402,0.00000000,0.00000000,0.00000000,0.00000000,0.00000000,0.00000000,0.00000000,0.00000000,0.00000000,0.00000000,0.00000000,0.00000000,0.00000000,0.00000000,0.00000000,0.00000000,0.00000000,0.00000000,0.00000000,0.00000000,0.00000000,0.00000000,0.00000000,0.00000000,0.00000000,66.96700634,0.00000000,0.00000000,0.00000000,0.00000000,51.39100587,0.00000000,0.00000000,0.00000000,0.00000000,39.71464881,37.37693566,18.30541209,0.00000000,22.28843943,72.71568235,0.00000000,80.55165373,0.00000000,0.00000000,0.00000000,0.00000000,0.00000000,52.60241544,58.16180764,47.59922536,60.38151360,56.83605613,0.00000000,71.24953981,58.49260453,85.35992973,89.94667223,0.00000000,0.00000000,95.73584262,0.00000000
0.00000000,0.00000000,0.00000000,0.00000000,0.00000000,0.00000000,0.00000000,0.00000000,0.00000000,0.00000000,0.00000000,0.00000000,0.00000000,0.00000000,0.00000000,0.00000000,0.00000000,0.00000000,0.00000000,0.00000000,0.00000000,0.00000000,0.00000000,0.00000000,0.00000000,95.91465849,0.00000000,0.00000000,0.00000000,0.00000000,0.00000000,0.00000000,0.00000000,93.63889313,0.00000000,0.00000000,0.00000000,0.00000000,0.00000000,0.00000000,0.00000000,0.00000000,94.34104996,97.26504575,98.89326630,0.00000000,0.00000000,0.00000000,0.00000000,0.00000000,0.00000000,0.00000000,0.00000000,0.00000000,0.00000000,0.00000000,0.00000000,0.00000000,0.00000000,0.00000000,0.00000000,0.00000000,0.00000000,0.00000000,0.00000000,0.00000000,0.00000000,0.00000000,0.00000000,0.00000000,62.81237270,84.48695613,0.00000000,0.00000000,84.84752121,0.00000000,0.00000000,0.00000000,0.00000000,0.00000000,46.09079695,39.81111947,59.90022763,22.28843943,0.00000000,65.08029670,0.00000000,79.17794545,0.00000000,0.00000000,0.00000000,0.00000000,0.00000000,45.64010896,55.32991899,0.00000000,71.59869194,56.26825581,0.00000000,69.74845819,58.37049038,82.44953088,88.25796000,0.00000000,0.00000000,90.62128382,0.00000000
0.00000000,0.00000000,0.00000000,0.00000000,0.00000000,0.00000000,0.00000000,0.00000000,0.00000000,0.00000000,0.00000000,0.00000000,0.00000000,0.00000000,0.00000000,0.00000000,0.00000000,0.00000000,0.00000000,0.00000000,0.00000000,0.00000000,0.00000000,0.00000000,0.00000000,0.00000000,0.00000000,0.00000000,0.00000000,0.00000000,0.00000000,0.00000000,0.00000000,0.00000000,96.36907474,0.00000000,0.00000000,0.00000000,0.00000000,0.00000000,0.00000000,0.00000000,0.00000000,0.00000000,0.00000000,0.00000000,0.00000000,0.00000000,0.00000000,0.00000000,0.00000000,0.00000000,0.00000000,0.00000000,0.00000000,0.00000000,0.00000000,0.00000000,0.00000000,0.00000000,0.00000000,0.00000000,0.00000000,0.00000000,0.00000000,0.00000000,0.00000000,0.00000000,80.66979262,0.00000000,71.45680133,73.69938941,0.00000000,59.44518693,79.60205187,0.00000000,0.00000000,0.00000000,0.00000000,0.00000000,0.00000000,81.26212311,0.00000000,72.71568235,65.08029670,0.00000000,0.00000000,72.11214663,0.00000000,0.00000000,0.00000000,0.00000000,0.00000000,0.00000000,83.69495344,0.00000000,0.00000000,49.50986860,0.00000000,69.44997503,62.09672780,75.39314810,84.31864777,0.00000000,0.00000000,95.11554464,0.00000000
0.00000000,0.00000000,0.00000000,0.00000000,0.00000000,0.00000000,0.00000000,0.00000000,0.00000000,0.00000000,0.00000000,0.00000000,0.00000000,0.00000000,0.00000000,0.00000000,46.39444203,0.00000000,69.12785339,68.66635058,0.00000000,0.00000000,0.00000000,0.00000000,0.00000000,0.00000000,0.00000000,0.00000000,0.00000000,0.00000000,0.00000000,0.00000000,0.00000000,0.00000000,0.00000000,0.00000000,0.00000000,0.00000000,0.00000000,0.00000000,0.00000000,0.00000000,0.00000000,0.00000000,0.00000000,0.00000000,0.00000000,0.00000000,0.00000000,0.00000000,0.00000000,0.00000000,0.00000000,0.00000000,0.00000000,0.00000000,0.00000000,0.00000000,0.00000000,0.00000000,0.00000000,0.00000000,0.00000000,0.00000000,0.00000000,0.00000000,68.71675720,34.30619662,60.01625872,45.62873228,0.00000000,0.00000000,38.04709476,56.62762956,53.37739009,0.00000000,0.00000000,0.00000000,0.00000000,0.00000000,0.00000000,0.00000000,0.00000000,0.00000000,0.00000000,0.00000000,0.00000000,74.47358227,0.00000000,0.00000000,0.00000000,0.00000000,69.05969365,0.00000000,0.00000000,0.00000000,90.35411508,43.39877926,63.64387200,64.27377542,65.66716917,57.57476346,53.45714203,70.79272079,67.80206337,71.22608723,66.31615165
0.00000000,0.00000000,0.00000000,0.00000000,0.00000000,0.00000000,0.00000000,0.00000000,0.00000000,0.00000000,0.00000000,0.00000000,0.00000000,0.00000000,0.00000000,0.00000000,0.00000000,0.00000000,0.00000000,0.00000000,0.00000000,0.00000000,95.65305165,0.00000000,0.00000000,96.26772308,0.00000000,0.00000000,0.00000000,0.00000000,0.00000000,0.00000000,0.00000000,96.73957443,92.82389297,0.00000000,0.00000000,0.00000000,0.00000000,0.00000000,87.74520281,98.61146142,95.41945253,97.02226257,98.22011673,0.00000000,0.00000000,0.00000000,0.00000000,0.00000000,0.00000000,0.00000000,0.00000000,0.00000000,0.00000000,0.00000000,0.00000000,0.00000000,0.00000000,0.00000000,0.00000000,0.00000000,0.00000000,0.00000000,0.00000000,0.00000000,0.00000000,57.90331045,0.00000000,78.61500549,74.96125070,80.42695999,47.61660933,20.09724291,53.52127700,0.00000000,0.00000000,0.00000000,0.00000000,0.00000000,0.00000000,84.47921317,79.15350151,80.55165373,79.17794545,72.11214663,74.47358227,0.00000000,0.00000000,0.00000000,0.00000000,0.00000000,0.00000000,0.00000000,85.06705305,72.52907181,62.30025955,55.52299317,0.00000000,73.31448182,65.78723023,81.94868791,86.41005462,0.00000000,94.67514191,94.67754375,97.61966576
0.00000000,0.00000000,0.00000000,0.00000000,0.00000000,0.00000000,0.00000000,0.00000000,0.00000000,0.00000000,0.00000000,0.00000000,0.00000000,0.00000000,0.00000000,0.00000000,0.00000000,0.00000000,0.00000000,0.00000000,0.00000000,0.00000000,0.00000000,0.00000000,0.00000000,0.00000000,0.00000000,0.00000000,0.00000000,0.00000000,0.00000000,0.00000000,0.00000000,0.00000000,0.00000000,0.00000000,0.00000000,0.00000000,0.00000000,0.00000000,0.00000000,0.00000000,0.00000000,0.00000000,0.00000000,0.00000000,88.62821579,0.00000000,84.74222717,0.00000000,0.00000000,0.00000000,0.00000000,0.00000000,0.00000000,0.00000000,0.00000000,0.00000000,0.00000000,0.00000000,0.00000000,0.00000000,0.00000000,0.00000000,0.00000000,0.00000000,0.00000000,0.00000000,0.00000000,0.00000000,0.00000000,0.00000000,0.00000000,0.00000000,0.00000000,62.49325752,10.76403418,15.48376082,23.17908559,10.81595824,0.00000000,0.00000000,0.00000000,0.00000000,0.00000000,0.00000000,0.00000000,0.00000000,0.00000000,12.65300203,7.63863132,27.00190963,67.92916025,0.00000000,0.00000000,0.00000000,0.00000000,0.00000000,43.90866710,45.79801273,45.14189096,71.42530469,0.00000000,0.00000000,0.00000000,0.00000000,0.00000000
0.00000000,0.00000000,0.00000000,0.00000000,0.00000000,0.00000000,0.00000000,0.00000000,0.00000000,0.00000000,0.00000000,0.00000000,0.00000000,0.00000000,0.00000000,0.00000000,0.00000000,0.00000000,0.00000000,0.00000000,0.00000000,0.00000000,0.00000000,0.00000000,0.00000000,0.00000000,0.00000000,0.00000000,0.00000000,0.00000000,0.00000000,0.00000000,0.00000000,0.00000000,0.00000000,0.00000000,0.00000000,0.00000000,0.00000000,0.00000000,0.00000000,0.00000000,0.00000000,0.00000000,0.00000000,0.00000000,92.46167894,88.38858032,78.76264906,0.00000000,92.66616599,0.00000000,0.00000000,0.00000000,0.00000000,0.00000000,0.00000000,0.00000000,0.00000000,0.00000000,94.80385481,0.00000000,0.00000000,0.00000000,0.00000000,0.00000000,52.60842005,0.00000000,0.00000000,0.00000000,0.00000000,0.00000000,0.00000000,0.00000000,0.00000000,0.00000000,28.33739023,13.98645793,33.17783642,40.76686985,0.00000000,0.00000000,0.00000000,0.00000000,0.00000000,0.00000000,0.00000000,0.00000000,12.65300203,0.00000000,10.03756650,7.45369343,50.11830656,0.00000000,0.00000000,0.00000000,0.00000000,0.00000000,43.28836073,0.00000000,45.65263400,68.17951818,0.00000000,0.00000000,0.00000000,0.00000000,0.00000000
0.00000000,0.00000000,0.00000000,0.00000000,0.00000000,0.00000000,0.00000000,0.00000000,0.00000000,0.00000000,0.00000000,0.00000000,0.00000000,0.00000000,0.00000000,0.00000000,0.00000000,0.00000000,0.00000000,0.00000000,0.00000000,0.00000000,0.00000000,0.00000000,0.00000000,0.00000000,0.00000000,0.00000000,0.00000000,0.00000000,0.00000000,0.00000000,0.00000000,0.00000000,0.00000000,0.00000000,0.00000000,0.00000000,0.00000000,0.00000000,0.00000000,0.00000000,0.00000000,0.00000000,0.00000000,0.00000000,91.31736501,0.00000000,0.00000000,0.00000000,0.00000000,0.00000000,0.00000000,0.00000000,0.00000000,0.00000000,0.00000000,0.00000000,0.00000000,0.00000000,0.00000000,0.00000000,0.00000000,0.00000000,0.00000000,0.00000000,50.58738073,0.00000000,0.00000000,0.00000000,0.00000000,0.00000000,0.00000000,0.00000000,0.00000000,57.25368182,23.32159349,27.68414435,29.59927432,14.77264413,0.00000000,0.00000000,0.00000000,0.00000000,0.00000000,0.00000000,0.00000000,0.00000000,7.63863132,10.03756650,0.00000000,12.08917021,63.42545101,0.00000000,0.00000000,0.00000000,0.00000000,0.00000000,47.49769789,0.00000000,45.40243724,71.07918976,0.00000000,0.00000000,0.00000000,0.00000000,0.00000000
0.00000000,0.00000000,0.00000000,0.00000000,0.00000000,0.00000000,0.00000000,0.00000000,0.00000000,0.00000000,0.00000000,0.00000000,0.00000000,0.00000000,0.00000000,0.00000000,0.00000000,0.00000000,0.00000000,0.00000000,0.00000000,0.00000000,0.00000000,0.00000000,0.00000000,0.00000000,0.00000000,0.00000000,0.00000000,0.00000000,0.00000000,0.00000000,0.00000000,0.00000000,0.00000000,0.00000000,0.00000000,0.00000000,0.00000000,0.00000000,0.00000000,0.00000000,0.00000000,0.00000000,0.00000000,0.00000000,93.02392292,0.00000000,0.00000000,0.00000000,0.00000000,0.00000000,0.00000000,0.00000000,0.00000000,0.00000000,0.00000000,0.00000000,0.00000000,0.00000000,92.86400553,0.00000000,0.00000000,0.00000000,0.00000000,0.00000000,56.37895408,0.00000000,0.00000000,0.00000000,0.00000000,0.00000000,0.00000000,0.00000000,0.00000000,0.00000000,40.45948911,31.96525146,0.00000000,43.96212486,0.00000000,0.00000000,0.00000000,0.00000000,0.00000000,0.00000000,0.00000000,0.00000000,27.00190963,7.45369343,12.08917021,0.00000000,43.78034457,0.00000000,0.00000000,0.00000000,0.00000000,0.00000000,49.46005128,0.00000000,48.89427042,71.07047939,0.00000000,0.00000000,0.00000000,0.00000000,0.00000000
0.00000000,0.00000000,0.00000000,0.00000000,0.00000000,0.00000000,0.00000000,0.00000000,0.00000000,0.00000000,0.00000000,0.00000000,0.00000000,0.00000000,0.00000000,0.00000000,0.00000000,0.00000000,0.00000000,0.00000000,0.00000000,0.00000000,0.00000000,0.00000000,0.00000000,0.00000000,0.00000000,0.00000000,0.00000000,0.00000000,0.00000000,0.00000000,0.00000000,0.00000000,0.00000000,0.00000000,0.00000000,0.00000000,0.00000000,0.00000000,0.00000000,0.00000000,0.00000000,0.00000000,0.00000000,0.00000000,82.53765064,0.00000000,80.43232866,86.79628978,0.00000000,0.00000000,0.00000000,86.62533014,0.00000000,86.11873500,0.00000000,0.00000000,82.08049679,89.79105377,80.92335320,86.37551498,89.01708603,81.82546704,84.81751251,87.49367714,45.97184128,0.00000000,0.00000000,0.00000000,0.00000000,90.70111427,0.00000000,0.00000000,0.00000000,0.00000000,0.00000000,60.46484041,0.00000000,0.00000000,0.00000000,0.00000000,0.00000000,0.00000000,0.00000000,0.00000000,69.05969365,0.00000000,67.92916025,50.11830656,63.42545101,43.78034457,0.00000000,0.00000000,0.00000000,0.00000000,0.00000000,0.00000000,77.36215274,82.57286048,76.84975356,74.64695618,0.00000000,0.00000000,0.00000000,0.00000000,0.00000000
0.00000000,0.00000000,0.00000000,0.00000000,0.00000000,0.00000000,0.00000000,0.00000000,0.00000000,0.00000000,0.00000000,0.00000000,0.00000000,0.00000000,0.00000000,0.00000000,0.00000000,0.00000000,0.00000000,0.00000000,0.00000000,0.00000000,0.00000000,0.00000000,0.00000000,0.00000000,0.00000000,0.00000000,0.00000000,0.00000000,0.00000000,0.00000000,0.00000000,0.00000000,0.00000000,0.00000000,0.00000000,0.00000000,0.00000000,0.00000000,0.00000000,0.00000000,0.00000000,0.00000000,0.00000000,0.00000000,0.00000000,0.00000000,0.00000000,0.00000000,0.00000000,0.00000000,0.00000000,0.00000000,0.00000000,0.00000000,0.00000000,0.00000000,0.00000000,0.00000000,0.00000000,0.00000000,0.00000000,0.00000000,0.00000000,0.00000000,0.00000000,0.00000000,0.00000000,0.00000000,46.43239030,0.00000000,0.00000000,0.00000000,0.00000000,14.95639055,0.00000000,0.00000000,0.00000000,0.00000000,16.72822276,15.37394230,52.53649624,52.60241544,45.64010896,0.00000000,0.00000000,0.00000000,0.00000000,0.00000000,0.00000000,0.00000000,0.00000000,0.00000000,15.24325221,46.21247662,59.08846283,44.38560961,0.00000000,62.26879592,44.29815712,80.12041482,0.00000000,0.00000000,0.00000000,0.00000000,0.00000000
0.00000000,0.00000000,0.00000000,0.00000000,0.00000000,0.00000000,0.00000000,0.00000000,0.00000000,0.00000000,0.00000000,0.00000000,0.00000000,0.00000000,0.00000000,0.00000000,0.00000000,0.00000000,0.00000000,0.00000000,0.00000000,0.00000000,0.00000000,0.00000000,0.00000000,0.00000000,0.00000000,0.00000000,0.00000000,0.00000000,0.00000000,0.00000000,0.00000000,0.00000000,0.00000000,0.00000000,0.00000000,0.00000000,0.00000000,0.00000000,0.00000000,0.00000000,0.00000000,0.00000000,0.00000000,0.00000000,0.00000000,0.00000000,0.00000000,0.00000000,0.00000000,0.00000000,0.00000000,0.00000000,0.00000000,0.00000000,0.00000000,0.00000000,0.00000000,0.00000000,0.00000000,0.00000000,0.00000000,0.00000000,0.00000000,0.00000000,0.00000000,0.00000000,0.00000000,0.00000000,23.06402963,84.17314402,0.00000000,0.00000000,0.00000000,42.93806798,0.00000000,0.00000000,0.00000000,0.00000000,43.01429353,17.40342320,64.84368577,58.16180764,55.32991899,83.69495344,0.00000000,85.06705305,0.00000000,0.00000000,0.00000000,0.00000000,0.00000000,15.24325221,0.00000000,0.00000000,71.65992955,56.89744757,0.00000000,67.71115137,52.56765387,84.43819373,0.00000000,0.00000000,0.00000000,0.00000000,0.00000000
0.00000000,0.00000000,0.00000000,0.00000000,0.00000000,0.00000000,0.00000000,0.00000000,0.00000000,0.00000000,0.00000000,0.00000000,0.00000000,0.00000000,0.00000000,0.00000000,0.00000000,0.00000000,0.00000000,0.00000000,0.00000000,0.00000000,0.00000000,0.00000000,0.00000000,0.00000000,0.00000000,86.94587333,90.97902481,0.00000000,0.00000000,0.00000000,0.00000000,0.00000000,0.00000000,0.00000000,0.00000000,85.75698666,69.18743957,0.00000000,70.20350805,0.00000000,91.57317225,0.00000000,0.00000000,0.00000000,0.00000000,0.00000000,0.00000000,0.00000000,0.00000000,0.00000000,0.00000000,0.00000000,0.00000000,0.00000000,0.00000000,0.00000000,0.00000000,0.00000000,0.00000000,0.00000000,0.00000000,0.00000000,0.00000000,0.00000000,0.00000000,0.00000000,0.00000000,0.00000000,0.00000000,0.00000000,66.52770424,0.00000000,0.00000000,33.47231228,0.00000000,0.00000000,0.00000000,0.00000000,27.23609565,0.00000000,21.27055758,47.59922536,0.00000000,0.00000000,0.00000000,72.52907181,0.00000000,0.00000000,0.00000000,0.00000000,0.00000000,46.21247662,0.00000000,0.00000000,17.62838359,42.11911814,0.00000000,0.00000000,52.23158317,82.98262939,67.17020403,0.00000000,0.00000000,84.69337311,0.00000000
0.00000000,0.00000000,0.00000000,0.00000000,0.00000000,0.00000000,0.00000000,0.00000000,0.00000000,0.00000000,0.00000000,0.00000000,0.00000000,0.00000000,0.00000000,0.00000000,0.00000000,0.00000000,0.00000000,0.00000000,0.00000000,0.00000000,0.00000000,0.00000000,0.00000000,93.46624687,0.00000000,94.43287849,95.57127442,0.00000000,0.00000000,0.00000000,0.00000000,0.00000000,0.00000000,0.00000000,0.00000000,93.02026143,80.93850030,0.00000000,72.97826668,0.00000000,92.62084675,95.58961674,97.19079051,0.00000000,0.00000000,0.00000000,0.00000000,0.00000000,0.00000000,0.00000000,0.00000000,0.00000000,0.00000000,0.00000000,0.00000000,0.00000000,0.00000000,0.00000000,0.00000000,0.00000000,0.00000000,0.00000000,0.00000000,0.00000000,0.00000000,0.00000000,0.00000000,0.00000000,0.00000000,0.00000000,74.11165296,68.15934733,0.00000000,54.65398897,0.00000000,0.00000000,0.00000000,0.00000000,56.85092290,67.26856778,20.60004450,60.38151360,71.59869194,0.00000000,90.35411508,62.30025955,0.00000000,0.00000000,0.00000000,0.00000000,0.00000000,59.08846283,71.65992955,17.62838359,0.00000000,62.79468351,0.00000000,81.07192564,68.70984074,91.70906258,87.63260531,0.00000000,0.00000000,95.31161041,0.00000000
0.00000000,0.00000000,0.00000000,0.00000000,0.00000000,0.00000000,0.00000000,0.00000000,0.00000000,0.00000000,0.00000000,0.00000000,0.00000000,0.00000000,0.00000000,0.00000000,75.55487085,0.00000000,0.00000000,88.67452393,0.00000000,81.61841153,85.46347264,0.00000000,0.00000000,82.80359359,41.92341322,60.38359652,75.13465829,0.00000000,0.00000000,0.00000000,0.00000000,82.01817195,81.12505404,0.00000000,0.00000000,67.37393668,48.69613573,78.23820055,64.53449078,83.51362038,87.48012062,85.60882771,88.48035895,83.80789948,0.00000000,0.00000000,0.00000000,0.00000000,0.00000000,0.00000000,0.00000000,0.00000000,0.00000000,0.00000000,0.00000000,0.00000000,0.00000000,0.00000000,0.00000000,0.00000000,0.00000000,0.00000000,0.00000000,0.00000000,0.00000000,49.46464069,55.38051399,54.86679015,59.46810498,58.26169772,52.00466558,47.75052573,55.60381190,33.55817190,0.00000000,0.00000000,0.00000000,0.00000000,44.20565495,54.92511953,55.52575939,56.83605613,56.26825581,49.50986860,43.39877926,55.52299317,0.00000000,0.00000000,0.00000000,0.00000000,0.00000000,44.38560961,56.89744757,42.11911814,62.79468351,0.00000000,53.54233737,26.81770635,17.47823925,29.24419221,46.80779896,0.00000000,84.75957489,73.78159571,83.74318334
0.00000000,84.24325855,0.00000000,0.00000000,0.00000000,0.00000000,86.71155305,0.00000000,0.00000000,0.00000000,81.61979739,0.00000000,0.00000000,0.00000000,0.00000000,0.00000000,0.00000000,0.00000000,0.00000000,0.00000000,0.00000000,0.00000000,0.00000000,0.00000000,0.00000000,0.00000000,0.00000000,0.00000000,0.00000000,0.00000000,0.00000000,0.00000000,0.00000000,0.00000000,0.00000000,0.00000000,0.00000000,0.00000000,0.00000000,0.00000000,0.00000000,0.00000000,0.00000000,0.00000000,0.00000000,0.00000000,68.37253981,72.03855016,66.40472748,84.23730903,65.56008186,88.46889954,83.91185434,88.23351256,83.20372677,82.66603263,71.70982301,61.71449378,85.15232697,85.56538632,82.17556093,86.56159300,84.41131396,84.21442958,83.74514665,78.56147307,68.60901805,0.00000000,82.38059329,85.90597316,0.00000000,0.00000000,74.48507643,0.00000000,87.61658287,0.00000000,38.68494375,24.62911150,15.89212201,43.53533149,0.00000000,0.00000000,0.00000000,0.00000000,0.00000000,0.00000000,63.64387200,0.00000000,43.90866710,43.28836073,47.49769789,49.46005128,77.36215274,0.00000000,0.00000000,0.00000000,0.00000000,53.54233737,0.00000000,17.66845168,26.73915740,23.05462634,0.00000000,53.58927478,66.63151550,0.00000000,42.29495917
0.00000000,0.00000000,0.00000000,0.00000000,0.00000000,0.00000000,0.00000000,0.00000000,0.00000000,0.00000000,0.00000000,0.00000000,0.00000000,0.00000000,0.00000000,0.00000000,93.49065653,0.00000000,0.00000000,0.00000000,0.00000000,0.00000000,0.00000000,0.00000000,0.00000000,0.00000000,0.00000000,0.00000000,0.00000000,0.00000000,0.00000000,0.00000000,0.00000000,0.00000000,96.55831718,0.00000000,0.00000000,0.00000000,0.00000000,0.00000000,0.00000000,0.00000000,0.00000000,0.00000000,0.00000000,0.00000000,87.34628720,0.00000000,0.00000000,92.87930783,0.00000000,0.00000000,0.00000000,0.00000000,0.00000000,91.38818878,0.00000000,0.00000000,83.17665253,92.65703365,86.83796474,92.71710269,94.55724182,86.96093951,90.35125732,91.11106144,60.28510054,69.75296360,69.86995730,77.26275725,63.31623210,61.94299995,69.44432878,69.84929769,72.68531844,52.23936601,39.28657837,39.86123784,0.00000000,0.00000000,64.85070698,68.95147447,74.28989773,71.24953981,69.74845819,69.44997503,64.27377542,73.31448182,45.79801273,0.00000000,0.00000000,0.00000000,82.57286048,62.26879592,67.71115137,0.00000000,81.07192564,26.81770635,17.66845168,0.00000000,12.37541533,38.90248587,88.01037428,71.36509323,72.64795498,61.79707507,82.58033024
0.00000000,0.00000000,0.00000000,0.00000000,0.00000000,0.00000000,0.00000000,0.00000000,0.00000000,0.00000000,0.00000000,0.00000000,0.00000000,0.00000000,0.00000000,0.00000000,90.77279154,0.00000000,0.00000000,0.00000000,0.00000000,94.63852474,96.39871731,0.00000000,0.00000000,94.50871563,0.00000000,75.37650638,90.26282332,0.00000000,0.00000000,0.00000000,0.00000000,93.60702723,94.17423456,0.00000000,0.00000000,84.29398060,66.90059492,0.00000000,79.45673899,0.00000000,94.47904799,96.49159379,98.23803387,95.14079361,85.57587407,88.32235082,84.72518428,91.50291363,88.68661830,95.60693189,91.08478345,94.82762791,90.23686452,93.13059068,89.43510576,86.50708891,90.34781647,96.20114537,84.43712722,91.72598839,93.63433612,85.88042155,88.40533152,91.49640270,50.77603221,65.32795977,66.03393916,75.64463539,45.26583166,52.82456797,66.46642333,63.47461327,67.01752924,33.01208016,43.52321829,39.58735292,39.07713403,44.39347766,46.06499073,53.76873280,58.50963208,58.49260453,58.37049038,62.09672780,65.66716917,65.78723023,45.14189096,45.65263400,45.40243724,48.89427042,76.84975356,44.29815712,52.56765387,52.23158317,68.70984074,17.47823925,26.73915740,12.37541533,0.00000000,41.35524085,79.29449766,72.52277946,63.15874275,67.13005543,92.36508355
0.00000000,0.00000000,0.00000000,0.00000000,0.00000000,0.00000000,0.00000000,0.00000000,0.00000000,0.00000000,0.00000000,0.00000000,0.00000000,0.00000000,0.00000000,0.00000000,91.57253865,0.00000000,0.00000000,0.00000000,0.00000000,94.51298459,0.00000000,0.00000000,0.00000000,0.00000000,0.00000000,0.00000000,0.00000000,0.00000000,0.00000000,0.00000000,0.00000000,0.00000000,97.22992134,0.00000000,0.00000000,0.00000000,0.00000000,0.00000000,0.00000000,0.00000000,0.00000000,0.00000000,0.00000000,0.00000000,88.17314629,90.50426806,88.11173503,93.97049777,84.16181455,95.85323130,91.87217401,94.78014101,90.91098458,93.45539365,88.94578934,79.91293223,90.60117912,94.48805186,84.55885735,90.72529486,91.61365076,84.58583650,86.19425716,87.64465897,66.24673522,70.62386251,69.77650939,72.44914450,76.35108823,71.07781409,73.95177641,75.17380165,76.93680394,77.12096786,70.96559323,64.81912790,66.33340706,73.92008082,82.83573017,85.53221053,89.13787474,85.35992973,82.44953088,75.39314810,57.57476346,81.94868791,71.42530469,68.17951818,71.07918976,71.07047939,74.64695618,80.12041482,84.43819373,82.98262939,91.70906258,29.24419221,23.05462634,38.90248587,41.35524085,0.00000000,83.11692739,40.35677600,76.17115402,90.63115761,29.41305884
0.00000000,0.00000000,0.00000000,0.00000000,0.00000000,0.00000000,0.00000000,0.00000000,0.00000000,0.00000000,0.00000000,0.00000000,0.00000000,0.00000000,0.00000000,0.00000000,55.48399170,56.36892948,64.33712572,56.54378515,0.00000000,48.15315937,56.09204895,52.63947577,70.04472642,53.65520197,35.23164801,39.62819919,52.74307776,0.00000000,0.00000000,0.00000000,0.00000000,54.80558644,57.03745125,0.00000000,0.00000000,45.72734186,28.95561293,61.48155285,47.42795302,59.42538218,65.33463406,61.01956129,65.39961165,48.02227444,0.00000000,0.00000000,0.00000000,0.00000000,0.00000000,0.00000000,0.00000000,0.00000000,0.00000000,0.00000000,0.00000000,0.00000000,0.00000000,0.00000000,0.00000000,0.00000000,0.00000000,0.00000000,0.00000000,0.00000000,0.00000000,76.91625609,85.56531754,84.28376547,0.00000000,0.00000000,72.42854906,78.19974286,85.17340851,0.00000000,0.00000000,0.00000000,0.00000000,0.00000000,0.00000000,0.00000000,81.93405914,89.94667223,88.25796000,84.31864777,53.45714203,86.41005462,0.00000000,0.00000000,0.00000000,0.00000000,0.00000000,0.00000000,0.00000000,67.17020403,87.63260531,46.80779896,0.00000000,88.01037428,79.29449766,83.11692739,0.00000000,54.43777243,28.13124863,18.47062354,28.90490972
72.52236869,64.75253979,81.87310950,89.21701431,85.31257290,77.25244240,69.05621296,86.61647868,80.80147979,86.72083109,62.20006943,86.35523939,81.67280960,85.58473669,75.88373557,84.27952003,0.00000000,76.49102116,83.24532064,81.63879939,71.65904206,0.00000000,0.00000000,47.56173075,57.49268919,0.00000000,0.00000000,0.00000000,0.00000000,37.57286467,40.71381323,23.17081492,51.48974551,0.00000000,0.00000000,46.47427001,54.46614487,0.00000000,0.00000000,0.00000000,0.00000000,0.00000000,0.00000000,0.00000000,0.00000000,0.00000000,0.00000000,0.00000000,0.00000000,0.00000000,84.56588091,0.00000000,0.00000000,0.00000000,0.00000000,0.00000000,0.00000000,83.38327789,0.00000000,0.00000000,0.00000000,0.00000000,0.00000000,0.00000000,0.00000000,91.11246768,0.00000000,0.00000000,0.00000000,0.00000000,0.00000000,0.00000000,0.00000000,0.00000000,0.00000000,0.00000000,0.00000000,0.00000000,0.00000000,0.00000000,0.00000000,0.00000000,0.00000000,0.00000000,0.00000000,0.00000000,70.79272079,0.00000000,0.00000000,0.00000000,0.00000000,0.00000000,0.00000000,0.00000000,0.00000000,0.00000000,0.00000000,0.00000000,53.58927478,71.36509323,72.52277946,40.35677600,54.43777243,0.00000000,19.56006120,30.65902784,23.67680588
0.00000000,0.00000000,0.00000000,0.00000000,0.00000000,72.60149994,0.00000000,0.00000000,0.00000000,0.00000000,0.00000000,0.00000000,0.00000000,90.89994833,0.00000000,91.38331822,72.84731326,66.09905357,75.20079615,72.06070946,0.00000000,70.01363976,70.71813453,51.06927000,54.73701850,68.32526811,48.60411919,62.42259216,70.77868325,0.00000000,0.00000000,0.00000000,0.00000000,67.11846307,72.16478062,52.71287788,0.00000000,0.00000000,0.00000000,66.15188293,0.00000000,69.77582966,77.13882980,71.54836354,76.06999159,69.35037055,0.00000000,0.00000000,0.00000000,0.00000000,0.00000000,0.00000000,0.00000000,0.00000000,0.00000000,0.00000000,0.00000000,0.00000000,0.00000000,0.00000000,0.00000000,0.00000000,0.00000000,0.00000000,0.00000000,0.00000000,0.00000000,93.04744625,0.00000000,0.00000000,0.00000000,0.00000000,86.51434871,91.34526825,98.10206200,0.00000000,0.00000000,0.00000000,0.00000000,0.00000000,0.00000000,0.00000000,0.00000000,0.00000000,0.00000000,0.00000000,67.80206337,94.67514191,0.00000000,0.00000000,0.00000000,0.00000000,0.00000000,0.00000000,0.00000000,0.00000000,0.00000000,84.75957489,66.63151550,72.64795498,63.15874275,76.17115402,28.13124863,19.56006120,0.00000000,10.93204595,40.34927276
89.79861190,87.78831569,92.96691184,96.54566555,93.64541283,83.22763895,90.77576238,96.92564659,94.12817933,93.53930334,88.36862092,97.15894374,95.94362221,91.76948956,94.01013336,93.47351892,71.42784079,62.64214706,69.88570519,68.38234739,85.93015423,63.58530078,64.63053231,16.23567507,22.68409153,57.65843797,33.53278395,43.83492680,56.83829057,44.33633294,44.35373766,44.67097633,50.35021903,56.67225839,64.91648877,47.73846266,51.27146525,56.69095188,37.97431133,55.01838801,54.03077174,60.63355609,70.35082150,61.63424439,66.57043185,63.78101155,0.00000000,0.00000000,0.00000000,0.00000000,0.00000000,0.00000000,0.00000000,0.00000000,0.00000000,0.00000000,0.00000000,0.00000000,0.00000000,0.00000000,0.00000000,0.00000000,0.00000000,0.00000000,0.00000000,0.00000000,0.00000000,90.20176697,0.00000000,96.44303240,0.00000000,0.00000000,84.16231328,88.03021676,97.11141609,0.00000000,0.00000000,0.00000000,0.00000000,0.00000000,0.00000000,0.00000000,94.10652245,95.73584262,90.62128382,95.11554464,71.22608723,94.67754375,0.00000000,0.00000000,0.00000000,0.00000000,0.00000000,0.00000000,0.00000000,84.69337311,95.31161041,73.78159571,0.00000000,61.79707507,67.13005543,90.63115761,18.47062354,30.65902784,10.93204595,0.00000000,42.64278996
90.85156250,88.51355998,93.87823036,96.21382867,93.04643576,84.15616779,89.31087070,95.53513295,93.67129485,92.24597735,81.33966039,95.16481145,93.19791678,89.47394530,88.79249144,90.52764546,75.10468363,65.38918208,68.86847558,67.61219157,86.56249375,72.96858763,76.27362427,61.93356073,59.04710529,79.78281135,76.31184387,82.04213428,87.56171435,70.37770781,71.33123823,66.10695871,76.65955948,78.90448200,81.21352692,71.79055012,73.88501416,88.96235402,0.00000000,81.26703177,0.00000000,78.17657777,89.28958750,85.19163602,87.83890150,73.85530768,0.00000000,0.00000000,0.00000000,0.00000000,0.00000000,0.00000000,0.00000000,0.00000000,0.00000000,0.00000000,0.00000000,0.00000000,0.00000000,0.00000000,0.00000000,0.00000000,0.00000000,0.00000000,0.00000000,0.00000000,0.00000000,92.31188175,0.00000000,94.84788191,0.00000000,0.00000000,88.67805007,93.73275757,96.96668339,0.00000000,0.00000000,0.00000000,0.00000000,0.00000000,0.00000000,0.00000000,0.00000000,0.00000000,0.00000000,0.00000000,66.31615165,97.61966576,0.00000000,0.00000000,0.00000000,0.00000000,0.00000000,0.00000000,0.00000000,0.00000000,0.00000000,83.74318334,42.29495917,82.58033024,92.36508355,29.41305884,28.90490972,23.67680588,40.34927276,42.64278996,0.00000000
