0.00000000,1.00000000,1.00000000,1.00000000,1.00000000,0.90532544,1.00000000,1.00000000,1.00000000,1.00000000,0.97633136,0.99408284,1.00000000,1.00000000,0.98816568,0.31952663,0.99408284,0.91124260,0.31360947,0.81656805,0.00000000,0.00000000,0.00000000,0.00000000,0.00591716,0.00000000,0.00000000,0.00000000,0.89940828,0.00000000,0.00000000,0.00000000,0.00000000,0.00000000,0.00000000,0.00000000,0.00000000,0.02958580,0.27810651,0.07100592,0.88165680,0.00000000,0.00591716,0.00000000,0.00000000,0.00000000,0.00000000,0.00000000,0.40828402,0.65088757,0.11834320,0.00000000,0.00000000,0.00000000,0.00000000,0.00000000,0.00000000,0.00000000,0.00000000,0.00000000,0.00000000,0.00000000,0.00000000,0.00000000,0.00000000,0.00000000,0.00000000,0.00000000,0.00000000,0.00000000,0.00000000,0.00000000,0.00000000,0.00000000,0.00000000,0.00000000,0.00000000,0.00000000,0.00000000,0.00000000,0.00000000,0.00000000,0.04733728,0.00000000,0.00000000,0.00000000,0.00000000,0.00000000,0.00000000,0.00000000,0.00000000,0.00000000,0.00000000,0.00000000,0.00000000,0.00000000,0.00000000,0.00000000,0.00000000,0.00000000,0.00000000,0.00000000,0.00000000,0.00000000,0.00000000,0.00000000,0.00000000,0.00000000,0.00000000,0.00000000,0.00000000,0.00000000,0.00000000,0.00000000,0.00000000,0.00000000,0.00000000,0.00000000,0.00000000,0.00000000,0.00000000,0.00000000,0.00000000,0.00000000,0.00000000,0.00000000,0.00000000,0.04142012,0.00000000,0.00000000,0.03550296,0.58579882,0.00000000,0.96449704,0.25443787,0.98816568,0.98816568
1.00000000,0.00000000,0.97041420,0.85798817,0.71597633,0.56213018,0.59171598,0.87573964,1.00000000,1.00000000,0.57988166,0.69230769,0.94082840,1.00000000,0.81065089,0.14792899,0.99408284,0.64497041,0.34319527,0.82840237,0.28402367,0.00000000,0.01183432,0.00000000,0.24260355,0.00000000,0.00000000,0.01775148,1.00000000,0.00000000,0.00000000,0.00000000,0.00000000,0.00000000,0.00000000,0.00000000,0.00000000,0.65680473,0.84023669,0.76923077,0.99408284,0.04142012,0.32544379,0.00000000,0.00000000,0.00000000,0.00000000,0.00000000,0.90532544,0.88757396,0.53846154,0.00000000,0.00000000,0.00000000,0.00000000,0.00000000,0.00000000,0.00000000,0.00000000,0.00000000,0.00000000,0.00000000,0.00000000,0.00000000,0.00000000,0.01183432,0.00000000,0.00000000,0.00000000,0.00000000,0.00000000,0.00000000,0.00000000,0.00000000,0.00000000,0.00000000,0.00000000,0.00000000,0.00000000,0.00000000,0.00000000,0.00000000,0.00591716,0.00000000,0.00000000,0.00000000,0.00000000,0.00000000,0.00000000,0.00000000,0.00000000,0.00000000,0.00000000,0.00000000,0.00000000,0.00000000,0.00000000,0.00000000,0.00000000,0.00000000,0.00000000,0.00000000,0.00000000,0.00000000,0.00000000,0.00000000,0.00000000,0.00000000,0.00000000,0.00000000,0.00000000,0.00000000,0.00000000,0.00000000,0.00000000,0.00000000,0.00000000,0.00000000,0.00000000,0.00000000,0.00000000,0.00000000,0.00000000,0.00000000,0.00000000,0.00000000,0.00000000,0.02366864,0.00000000,0.00000000,0.02366864,0.75739645,0.05917160,0.97041420,0.38461538,0.99408284,0.98224852
1.00000000,0.97041420,0.00000000,1.00000000,1.00000000,1.00000000,1.00000000,1.00000000,0.99408284,0.86982249,1.00000000,0.99408284,0.99408284,0.98816568,0.95266272,0.72189349,0.98816568,0.94674556,0.55621302,0.67455621,0.01183432,0.00000000,0.00000000,0.00000000,0.00591716,0.00000000,0.00000000,0.00000000,0.76331361,0.00000000,0.00000000,0.00000000,0.00000000,0.00000000,0.00000000,0.00000000,0.00000000,0.17159763,0.61538462,0.23076923,0.97041420,0.00000000,0.02958580,0.00000000,0.00000000,0.00000000,0.00000000,0.00000000,0.76331361,0.91715976,0.34911243,0.00000000,0.00000000,0.00000000,0.00000000,0.00000000,0.00000000,0.00000000,0.00000000,0.00000000,0.00000000,0.00000000,0.00000000,0.00000000,0.00000000,0.00000000,0.00000000,0.00000000,0.00000000,0.00000000,0.00000000,0.00000000,0.00000000,0.00000000,0.00000000,0.00000000,0.00000000,0.00000000,0.00000000,0.00000000,0.04142012,0.00000000,0.10650888,0.00000000,0.00000000,0.00000000,0.00000000,0.00000000,0.00000000,0.00000000,0.00000000,0.00000000,0.00000000,0.00000000,0.00000000,0.00000000,0.00000000,0.00000000,0.00000000,0.00000000,0.00000000,0.00000000,0.00000000,0.00000000,0.00000000,0.00000000,0.00000000,0.00000000,0.00000000,0.00000000,0.00000000,0.00000000,0.00000000,0.00000000,0.00000000,0.00000000,0.00000000,0.00000000,0.00000000,0.00000000,0.00000000,0.00000000,0.00000000,0.00000000,0.00000000,0.00000000,0.00000000,0.31360947,0.00000000,0.00000000,0.15384615,0.85207101,0.00000000,0.98224852,0.28994083,0.99408284,0.99408284
1.00000000,0.85798817,1.00000000,0.00000000,1.00000000,0.98816568,1.00000000,1.00000000,1.00000000,0.58579882,1.00000000,1.00000000,1.00000000,0.98816568,0.97041420,0.59171598,0.97633136,0.86390533,0.33136095,0.47337278,0.00591716,0.00000000,0.00000000,0.00000000,0.00000000,0.00000000,0.00000000,0.00000000,0.65088757,0.00000000,0.00000000,0.00000000,0.00000000,0.00000000,0.00000000,0.00000000,0.00000000,0.00000000,0.11834320,0.00000000,0.67455621,0.00000000,0.00000000,0.00000000,0.00000000,0.00000000,0.00000000,0.00000000,0.16568047,0.62721893,0.02958580,0.00000000,0.00000000,0.00000000,0.00000000,0.00000000,0.00000000,0.00000000,0.00000000,0.00000000,0.00000000,0.00000000,0.00000000,0.00000000,0.00000000,0.00000000,0.00000000,0.00000000,0.00000000,0.00000000,0.00000000,0.00000000,0.00000000,0.00000000,0.00000000,0.00000000,0.00000000,0.00000000,0.00000000,0.00000000,0.00000000,0.00000000,0.00000000,0.00000000,0.00000000,0.00000000,0.00000000,0.00000000,0.00000000,0.00000000,0.00000000,0.00000000,0.00000000,0.00000000,0.00000000,0.00000000,0.00000000,0.00000000,0.00000000,0.00000000,0.00000000,0.00000000,0.00000000,0.00000000,0.00000000,0.00000000,0.00000000,0.00000000,0.00000000,0.00000000,0.00000000,0.00000000,0.00000000,0.00000000,0.00000000,0.00000000,0.00000000,0.00000000,0.00000000,0.00000000,0.00000000,0.00000000,0.00000000,0.00000000,0.00000000,0.00000000,0.00000000,0.01775148,0.00000000,0.00000000,0.01775148,0.52071006,0.00000000,0.94674556,0.23076923,0.99408284,0.98816568
1.00000000,0.71597633,1.00000000,1.00000000,0.00000000,0.46745562,1.00000000,1.00000000,1.00000000,0.43195266,0.95857988,1.00000000,1.00000000,0.99408284,0.98224852,0.37278107,0.98816568,0.77514793,0.23668639,0.43786982,0.00000000,0.00000000,0.00000000,0.00000000,0.00000000,0.00000000,0.00000000,0.00000000,0.55029586,0.00000000,0.00000000,0.00000000,0.00000000,0.00000000,0.00000000,0.00000000,0.00000000,0.00000000,0.00000000,0.00000000,0.26627219,0.00000000,0.00000000,0.00000000,0.00000000,0.00000000,0.00000000,0.00000000,0.01775148,0.24852071,0.00591716,0.00000000,0.00000000,0.00000000,0.00000000,0.00000000,0.00000000,0.00000000,0.00000000,0.00000000,0.00000000,0.00000000,0.00000000,0.00000000,0.00000000,0.00000000,0.00000000,0.00000000,0.00000000,0.00000000,0.00000000,0.00000000,0.00000000,0.00000000,0.00000000,0.00000000,0.00000000,0.00000000,0.00000000,0.00000000,0.00000000,0.00000000,0.01183432,0.00000000,0.00000000,0.00000000,0.00000000,0.00000000,0.00000000,0.00000000,0.00000000,0.00000000,0.00000000,0.00000000,0.00000000,0.00000000,0.00000000,0.00000000,0.00000000,0.00000000,0.00000000,0.00000000,0.00000000,0.00000000,0.00000000,0.00000000,0.00000000,0.00000000,0.00000000,0.00000000,0.00000000,0.00000000,0.00000000,0.00000000,0.00000000,0.00000000,0.00000000,0.00000000,0.00000000,0.00000000,0.00000000,0.00000000,0.00000000,0.00000000,0.00000000,0.00000000,0.00000000,0.00000000,0.00000000,0.00000000,0.01183432,0.23076923,0.00000000,0.85798817,0.12426036,0.98224852,0.92899408
0.90532544,0.56213018,1.00000000,0.98816568,0.46745562,0.00000000,0.95857988,0.24260355,0.30769231,0.27810651,1.00000000,0.98224852,0.46745562,0.34319527,0.80473373,0.97633136,0.86982249,0.93491124,0.91124260,0.73964497,0.00000000,0.00000000,0.00000000,0.00000000,0.00000000,0.00000000,0.00000000,0.00000000,0.34911243,0.00000000,0.00000000,0.00000000,0.00000000,0.00000000,0.00000000,0.00000000,0.00000000,0.18934911,0.37278107,0.16568047,0.94674556,0.00591716,0.01183432,0.00000000,0.00000000,0.00000000,0.00000000,0.00000000,0.48520710,0.62721893,0.19526627,0.00000000,0.00000000,0.00000000,0.00000000,0.00000000,0.00000000,0.00000000,0.00000000,0.00000000,0.00000000,0.00000000,0.00000000,0.00000000,0.00000000,0.00000000,0.00000000,0.00000000,0.00000000,0.00000000,0.00000000,0.00000000,0.00000000,0.00000000,0.00000000,0.00000000,0.00000000,0.00000000,0.00000000,0.00000000,0.16568047,0.00000000,0.20710059,0.00000000,0.07100592,0.00000000,0.00000000,0.00000000,0.01183432,0.00000000,0.00000000,0.00000000,0.00000000,0.00000000,0.00000000,0.00000000,0.00000000,0.00000000,0.00000000,0.00000000,0.00000000,0.00000000,0.00000000,0.00000000,0.00000000,0.00000000,0.00000000,0.00000000,0.00000000,0.00000000,0.00000000,0.00000000,0.00000000,0.00000000,0.00000000,0.00000000,0.00000000,0.00000000,0.00000000,0.00000000,0.00000000,0.00000000,0.00000000,0.00000000,0.00000000,0.00000000,0.00000000,0.46153846,0.00000000,0.00000000,0.25443787,0.57988166,0.00000000,0.99408284,0.08875740,0.97633136,0.95266272
1.00000000,0.59171598,1.00000000,1.00000000,1.00000000,0.95857988,0.00000000,1.00000000,0.99408284,0.31952663,1.00000000,1.00000000,1.00000000,0.94082840,1.00000000,0.70414201,0.97633136,0.94674556,0.43195266,0.50295858,0.00591716,0.00000000,0.00000000,0.00000000,0.00000000,0.00000000,0.00000000,0.00000000,0.56213018,0.00000000,0.00000000,0.00000000,0.00000000,0.00000000,0.00000000,0.00000000,0.00000000,0.00000000,0.02366864,0.00000000,0.37869822,0.00000000,0.00000000,0.00000000,0.00000000,0.00000000,0.00000000,0.00000000,0.00591716,0.27810651,0.00591716,0.00000000,0.00000000,0.00000000,0.00000000,0.00000000,0.00000000,0.00000000,0.00000000,0.00000000,0.00000000,0.00000000,0.00000000,0.00000000,0.00000000,0.00000000,0.00000000,0.00000000,0.00000000,0.00000000,0.00000000,0.00000000,0.00000000,0.00000000,0.00000000,0.00000000,0.00000000,0.00000000,0.00000000,0.00000000,0.00000000,0.00000000,0.01183432,0.00000000,0.00000000,0.00000000,0.00000000,0.00000000,0.00000000,0.00000000,0.00000000,0.00000000,0.00000000,0.00000000,0.00000000,0.00000000,0.00000000,0.00000000,0.00000000,0.00000000,0.00000000,0.00000000,0.00000000,0.00000000,0.00000000,0.00000000,0.00000000,0.00000000,0.00000000,0.00000000,0.00000000,0.00000000,0.00000000,0.00000000,0.00000000,0.00000000,0.00000000,0.00000000,0.00000000,0.00000000,0.00000000,0.00000000,0.00000000,0.00000000,0.00000000,0.00000000,0.00000000,0.00591716,0.00000000,0.00000000,0.02366864,0.28402367,0.00000000,0.94674556,0.13609467,0.98816568,0.94674556
1.00000000,0.87573964,1.00000000,1.00000000,1.00000000,0.24260355,1.00000000,0.00000000,1.00000000,0.73372781,0.88165680,1.00000000,1.00000000,1.00000000,0.99408284,0.27810651,0.99408284,0.80473373,0.20710059,0.50887574,0.00000000,0.00000000,0.00000000,0.00000000,0.00000000,0.00000000,0.00000000,0.00000000,0.49704142,0.00000000,0.00000000,0.00000000,0.00000000,0.00000000,0.00000000,0.00000000,0.00000000,0.00000000,0.00000000,0.00000000,0.18934911,0.00000000,0.00000000,0.00000000,0.00000000,0.00000000,0.00000000,0.00000000,0.01183432,0.14792899,0.00000000,0.00000000,0.00000000,0.00000000,0.00000000,0.00000000,0.00000000,0.00000000,0.00000000,0.00000000,0.00000000,0.00000000,0.00000000,0.00000000,0.00000000,0.00000000,0.00000000,0.00000000,0.00000000,0.00000000,0.00000000,0.00000000,0.00000000,0.00000000,0.00000000,0.00000000,0.00000000,0.00000000,0.00000000,0.00000000,0.00000000,0.00000000,0.01183432,0.00000000,0.00000000,0.00000000,0.00000000,0.00000000,0.00000000,0.00000000,0.00000000,0.00000000,0.00000000,0.00000000,0.00000000,0.00000000,0.00000000,0.00000000,0.00000000,0.00000000,0.00000000,0.00000000,0.00000000,0.00000000,0.00000000,0.00000000,0.00000000,0.00000000,0.00000000,0.00000000,0.00000000,0.00000000,0.00000000,0.00000000,0.00000000,0.00000000,0.00000000,0.00000000,0.00000000,0.00000000,0.00000000,0.00000000,0.00000000,0.00000000,0.00000000,0.00000000,0.00000000,0.00591716,0.00000000,0.00000000,0.01183432,0.17751479,0.00000000,0.75147929,0.10059172,0.97041420,0.91715976
1.00000000,1.00000000,0.99408284,1.00000000,1.00000000,0.30769231,0.99408284,1.00000000,0.00000000,1.00000000,0.67455621,0.99408284,1.00000000,1.00000000,0.98816568,0.30769231,0.99408284,0.92307692,0.27810651,0.79881657,0.02366864,0.00000000,0.00000000,0.00000000,0.00000000,0.00000000,0.00000000,0.00000000,0.68639053,0.00000000,0.00000000,0.00000000,0.00000000,0.00000000,0.00000000,0.00000000,0.00000000,0.00000000,0.03550296,0.00591716,0.38461538,0.00000000,0.00000000,0.00000000,0.00000000,0.00000000,0.00000000,0.00000000,0.07100592,0.33727811,0.01775148,0.00000000,0.00000000,0.00000000,0.00000000,0.00000000,0.00000000,0.00000000,0.00000000,0.00000000,0.00000000,0.00000000,0.00000000,0.00000000,0.00000000,0.00000000,0.00000000,0.00000000,0.00000000,0.00000000,0.00000000,0.00000000,0.00000000,0.00000000,0.00000000,0.00000000,0.00000000,0.00000000,0.00000000,0.00000000,0.00000000,0.00000000,0.03550296,0.00000000,0.00000000,0.00000000,0.00000000,0.00000000,0.00000000,0.00000000,0.00000000,0.00000000,0.00000000,0.00000000,0.00000000,0.00000000,0.00000000,0.00000000,0.00000000,0.00000000,0.00000000,0.00000000,0.00000000,0.00000000,0.00000000,0.00000000,0.00000000,0.00000000,0.00000000,0.00000000,0.00000000,0.00000000,0.00000000,0.00000000,0.00000000,0.00000000,0.00000000,0.00000000,0.00000000,0.00000000,0.00000000,0.00000000,0.00000000,0.00000000,0.00000000,0.00000000,0.00000000,0.01183432,0.00000000,0.00000000,0.02366864,0.34319527,0.00000000,0.79881657,0.19526627,0.99408284,0.97041420
1.00000000,1.00000000,0.86982249,0.58579882,0.43195266,0.27810651,0.31952663,0.73372781,1.00000000,0.00000000,0.39053254,0.53254438,0.93491124,1.00000000,0.77514793,0.20710059,0.99408284,0.67455621,0.33136095,0.91124260,0.47337278,0.00000000,0.08284024,0.00000000,0.32544379,0.03550296,0.00000000,0.03550296,1.00000000,0.03550296,0.00000000,0.00000000,0.00000000,0.00000000,0.00000000,0.00000000,0.00000000,0.44378698,0.75147929,0.56804734,0.98816568,0.01775148,0.14792899,0.00000000,0.00000000,0.00000000,0.00000000,0.00000000,0.86982249,0.94674556,0.67455621,0.00000000,0.00000000,0.00000000,0.00000000,0.00000000,0.00000000,0.00000000,0.00000000,0.00000000,0.00000000,0.00000000,0.00000000,0.00000000,0.00000000,0.04142012,0.00000000,0.00000000,0.00000000,0.00000000,0.00000000,0.00000000,0.00000000,0.00000000,0.00000000,0.00000000,0.00000000,0.00000000,0.00000000,0.00000000,0.00000000,0.00000000,0.07100592,0.00000000,0.00000000,0.00000000,0.00000000,0.00000000,0.00000000,0.00000000,0.00000000,0.00000000,0.00000000,0.00000000,0.00000000,0.00000000,0.00000000,0.00000000,0.00000000,0.00000000,0.00000000,0.00000000,0.00000000,0.00000000,0.00000000,0.00000000,0.00000000,0.00000000,0.00000000,0.00000000,0.00000000,0.00000000,0.00000000,0.00000000,0.00000000,0.00000000,0.00000000,0.00000000,0.00000000,0.00000000,0.00000000,0.00000000,0.00000000,0.00000000,0.00000000,0.00000000,0.00000000,0.00591716,0.00000000,0.00000000,0.00000000,0.78106509,0.10059172,0.97041420,0.44970414,1.00000000,1.00000000
0.97633136,0.57988166,1.00000000,1.00000000,0.95857988,1.00000000,1.00000000,0.88165680,0.67455621,0.39053254,0.00000000,1.00000000,0.97633136,0.78106509,1.00000000,1.00000000,0.99408284,1.00000000,0.98224852,0.98816568,0.04733728,0.00000000,0.00000000,0.00000000,0.00000000,0.00000000,0.00000000,0.00000000,0.53254438,0.00000000,0.00000000,0.00000000,0.00000000,0.00000000,0.00000000,0.00000000,0.00000000,0.01183432,0.16568047,0.00591716,0.76923077,0.00000000,0.00000000,0.00000000,0.00000000,0.00000000,0.00000000,0.00000000,0.27218935,0.61538462,0.06508876,0.00000000,0.00000000,0.00000000,0.00000000,0.00000000,0.00000000,0.00000000,0.00000000,0.00000000,0.00000000,0.00000000,0.00000000,0.00000000,0.00000000,0.00000000,0.00000000,0.00000000,0.00000000,0.00000000,0.00000000,0.00000000,0.00000000,0.00000000,0.00000000,0.00000000,0.00000000,0.00000000,0.00000000,0.00000000,0.31952663,0.00000000,0.36094675,0.00000000,0.05917160,0.00000000,0.00000000,0.01183432,0.05917160,0.00000000,0.00000000,0.01183432,0.00000000,0.00000000,0.00000000,0.00000000,0.00000000,0.00000000,0.00000000,0.00000000,0.00000000,0.00000000,0.00000000,0.00000000,0.00000000,0.00000000,0.00000000,0.00000000,0.00000000,0.00000000,0.00000000,0.00000000,0.00000000,0.00000000,0.00000000,0.00000000,0.00000000,0.00000000,0.00000000,0.00000000,0.00000000,0.00000000,0.00000000,0.00000000,0.00000000,0.00000000,0.00000000,0.52662722,0.00000000,0.00000000,0.26035503,0.55621302,0.01183432,0.98816568,0.25443787,0.99408284,0.99408284
0.99408284,0.69230769,0.99408284,1.00000000,1.00000000,0.98224852,1.00000000,1.00000000,0.99408284,0.53254438,1.00000000,0.00000000,1.00000000,0.98816568,1.00000000,0.99408284,1.00000000,1.00000000,0.89940828,0.93491124,0.04733728,0.00000000,0.00000000,0.00000000,0.00000000,0.00000000,0.00000000,0.00000000,0.62721893,0.00000000,0.00000000,0.00000000,0.00000000,0.00000000,0.00000000,0.00000000,0.00000000,0.00000000,0.01775148,0.00000000,0.37278107,0.00000000,0.00000000,0.00000000,0.00000000,0.00000000,0.00000000,0.00000000,0.04733728,0.40828402,0.01775148,0.00000000,0.00000000,0.00000000,0.00000000,0.00000000,0.00000000,0.00000000,0.00000000,0.00000000,0.00000000,0.00000000,0.00000000,0.00000000,0.00000000,0.00000000,0.00000000,0.00000000,0.00000000,0.00000000,0.00000000,0.00000000,0.00000000,0.00000000,0.00000000,0.00000000,0.00000000,0.00000000,0.00000000,0.00591716,0.03550296,0.00000000,0.18343195,0.00000000,0.00000000,0.00000000,0.00000000,0.00000000,0.00591716,0.00000000,0.00000000,0.00000000,0.00000000,0.00000000,0.00000000,0.00000000,0.00000000,0.00000000,0.00000000,0.00000000,0.00000000,0.00000000,0.00000000,0.00000000,0.00000000,0.00000000,0.00000000,0.00000000,0.00000000,0.00000000,0.00000000,0.00000000,0.00000000,0.00000000,0.00000000,0.00000000,0.00000000,0.00000000,0.00000000,0.00000000,0.00000000,0.00000000,0.00000000,0.00000000,0.00000000,0.00000000,0.00000000,0.19526627,0.00000000,0.00000000,0.14201183,0.45562130,0.00000000,0.97633136,0.26035503,0.99408284,0.99408284
1.00000000,0.94082840,0.99408284,1.00000000,1.00000000,0.46745562,1.00000000,1.00000000,1.00000000,0.93491124,0.97633136,1.00000000,0.00000000,1.00000000,1.00000000,0.58579882,1.00000000,0.98816568,0.50295858,0.81656805,0.05325444,0.00000000,0.00000000,0.00000000,0.00000000,0.00000000,0.00000000,0.00000000,0.68639053,0.00000000,0.00000000,0.00000000,0.00000000,0.00000000,0.00000000,0.00000000,0.00000000,0.00000000,0.00000000,0.00000000,0.28994083,0.00000000,0.00000000,0.00000000,0.00000000,0.00000000,0.00000000,0.00000000,0.00591716,0.31360947,0.00000000,0.00000000,0.00000000,0.00000000,0.00000000,0.00000000,0.00000000,0.00000000,0.00000000,0.00000000,0.00000000,0.00000000,0.00000000,0.00000000,0.00000000,0.00000000,0.00000000,0.00000000,0.00000000,0.00000000,0.00000000,0.00000000,0.00000000,0.00000000,0.00000000,0.00000000,0.00000000,0.00000000,0.00000000,0.00000000,0.00000000,0.00000000,0.10059172,0.00000000,0.00000000,0.00000000,0.00000000,0.00000000,0.00000000,0.00000000,0.00000000,0.00000000,0.00000000,0.00000000,0.00000000,0.00000000,0.00000000,0.00000000,0.00000000,0.00000000,0.00000000,0.00000000,0.00000000,0.00000000,0.00000000,0.00000000,0.00000000,0.00000000,0.00000000,0.00000000,0.00000000,0.00000000,0.00000000,0.00000000,0.00000000,0.00000000,0.00000000,0.00000000,0.00000000,0.00000000,0.00000000,0.00000000,0.00000000,0.00000000,0.00000000,0.00000000,0.00000000,0.05325444,0.00000000,0.00000000,0.05325444,0.49112426,0.00000000,0.91715976,0.35502959,0.98816568,0.99408284
1.00000000,1.00000000,0.98816568,0.98816568,0.99408284,0.34319527,0.94082840,1.00000000,1.00000000,1.00000000,0.78106509,0.98816568,1.00000000,0.00000000,1.00000000,0.37278107,1.00000000,0.98816568,0.46745562,0.92307692,0.17751479,0.00000000,0.00000000,0.00000000,0.02366864,0.00000000,0.00000000,0.00000000,0.72781065,0.00000000,0.00000000,0.00000000,0.00000000,0.00000000,0.00000000,0.00000000,0.00000000,0.00000000,0.05917160,0.00000000,0.43786982,0.00000000,0.00000000,0.00000000,0.00000000,0.00000000,0.00000000,0.00000000,0.07100592,0.50295858,0.05325444,0.00000000,0.00000000,0.00000000,0.00000000,0.00000000,0.00000000,0.00000000,0.00000000,0.00000000,0.00000000,0.00000000,0.00000000,0.00000000,0.00000000,0.00000000,0.00000000,0.00000000,0.00000000,0.00000000,0.00000000,0.00000000,0.00000000,0.00000000,0.00000000,0.00000000,0.00000000,0.00000000,0.00000000,0.00000000,0.00000000,0.00000000,0.08875740,0.00000000,0.00000000,0.00000000,0.00000000,0.00000000,0.00000000,0.00000000,0.00000000,0.00000000,0.00000000,0.00000000,0.00000000,0.00000000,0.00000000,0.00000000,0.00000000,0.00000000,0.00000000,0.00000000,0.00000000,0.00000000,0.00000000,0.00000000,0.00000000,0.00000000,0.00000000,0.00000000,0.00000000,0.00000000,0.00000000,0.00000000,0.00000000,0.00000000,0.00000000,0.00000000,0.00000000,0.00000000,0.00000000,0.00000000,0.00000000,0.00000000,0.00000000,0.00000000,0.00000000,0.02366864,0.00000000,0.00000000,0.04733728,0.53846154,0.00000000,0.86982249,0.39053254,0.99408284,0.98816568
0.98816568,0.81065089,0.95266272,0.97041420,0.98224852,0.80473373,1.00000000,0.99408284,0.98816568,0.77514793,1.00000000,1.00000000,1.00000000,1.00000000,0.00000000,0.95857988,1.00000000,1.00000000,0.75739645,0.92307692,0.04733728,0.00000000,0.00000000,0.00000000,0.00000000,0.00000000,0.00000000,0.00000000,0.44970414,0.00000000,0.00000000,0.00000000,0.00000000,0.00000000,0.00000000,0.00000000,0.00000000,0.00000000,0.00000000,0.00000000,0.03550296,0.00000000,0.00000000,0.00000000,0.00000000,0.00000000,0.00000000,0.00000000,0.00591716,0.05917160,0.00591716,0.00000000,0.00000000,0.00000000,0.00000000,0.00000000,0.00000000,0.00000000,0.00000000,0.00000000,0.00000000,0.00000000,0.00000000,0.00000000,0.00000000,0.00000000,0.00000000,0.00000000,0.00000000,0.00000000,0.00000000,0.00000000,0.00000000,0.00000000,0.00000000,0.00000000,0.00000000,0.00000000,0.00000000,0.00000000,0.00591716,0.00000000,0.15384615,0.00000000,0.00000000,0.00000000,0.00000000,0.00000000,0.00591716,0.00000000,0.00000000,0.00000000,0.00000000,0.00000000,0.00000000,0.00000000,0.00000000,0.00000000,0.00000000,0.00000000,0.00000000,0.00000000,0.00000000,0.00000000,0.00000000,0.00000000,0.00000000,0.00000000,0.00000000,0.00000000,0.00000000,0.00000000,0.00000000,0.00000000,0.00000000,0.00000000,0.00000000,0.00000000,0.00000000,0.00000000,0.00000000,0.00000000,0.00000000,0.00000000,0.00000000,0.00000000,0.00000000,0.10650888,0.00000000,0.00000000,0.11242604,0.21301775,0.00591716,0.93491124,0.30769231,0.97041420,0.97041420
0.31952663,0.14792899,0.72189349,0.59171598,0.37278107,0.97633136,0.70414201,0.27810651,0.30769231,0.20710059,1.00000000,0.99408284,0.58579882,0.37278107,0.95857988,0.00000000,0.99408284,1.00000000,1.00000000,1.00000000,0.03550296,0.00000000,0.00000000,0.00000000,0.00000000,0.00000000,0.00000000,0.00000000,0.05917160,0.00000000,0.00000000,0.00000000,0.00000000,0.00000000,0.00000000,0.00000000,0.00000000,0.00000000,0.00000000,0.00000000,0.05325444,0.00000000,0.00000000,0.00000000,0.00000000,0.00000000,0.00000000,0.00000000,0.00000000,0.01183432,0.00000000,0.00000000,0.00000000,0.00000000,0.00000000,0.00000000,0.00000000,0.00000000,0.00000000,0.00000000,0.00000000,0.00000000,0.00000000,0.00000000,0.00000000,0.00000000,0.00000000,0.00000000,0.00000000,0.00000000,0.00000000,0.00000000,0.00000000,0.00000000,0.00000000,0.00000000,0.01775148,0.00000000,0.00000000,0.00591716,0.10650888,0.00000000,0.32544379,0.00000000,0.27810651,0.00000000,0.00000000,0.02366864,0.40828402,0.00000000,0.00000000,0.01183432,0.00000000,0.00000000,0.00000000,0.00000000,0.00000000,0.00000000,0.00000000,0.00000000,0.00000000,0.00000000,0.00000000,0.00000000,0.00000000,0.00000000,0.00000000,0.00000000,0.00000000,0.00000000,0.00000000,0.00000000,0.00000000,0.00591716,0.00000000,0.00000000,0.00000000,0.00000000,0.00000000,0.00000000,0.00000000,0.00000000,0.00000000,0.00000000,0.00000000,0.00000000,0.00000000,0.21893491,0.00000000,0.00000000,0.11834320,0.06508876,0.00000000,0.93491124,0.12426036,0.69230769,0.71005917
0.99408284,0.99408284,0.98816568,0.97633136,0.98816568,0.86982249,0.97633136,0.99408284,0.99408284,0.99408284,0.99408284,1.00000000,1.00000000,1.00000000,1.00000000,0.99408284,0.00000000,1.00000000,0.96449704,1.00000000,0.59171598,0.00000000,0.00000000,0.00000000,0.04142012,0.00591716,0.00000000,0.00591716,0.81065089,0.00000000,0.00000000,0.00000000,0.00000000,0.00000000,0.00000000,0.00000000,0.00000000,0.00000000,0.00000000,0.00000000,0.34911243,0.00000000,0.00000000,0.00000000,0.00000000,0.00000000,0.00000000,0.00000000,0.04142012,0.48520710,0.02958580,0.00000000,0.00000000,0.00000000,0.00000000,0.00000000,0.00000000,0.00000000,0.00000000,0.00000000,0.00000000,0.00000000,0.00000000,0.00000000,0.00000000,0.00000000,0.00000000,0.00000000,0.00000000,0.00000000,0.00000000,0.00000000,0.00000000,0.00000000,0.00000000,0.00000000,0.00000000,0.00000000,0.00000000,0.00000000,0.01775148,0.00000000,0.44970414,0.00000000,0.00591716,0.00000000,0.00000000,0.00000000,0.01183432,0.00000000,0.00000000,0.00000000,0.00000000,0.00000000,0.00000000,0.00000000,0.00000000,0.00000000,0.00000000,0.00000000,0.00000000,0.00000000,0.00000000,0.00000000,0.00000000,0.00000000,0.00000000,0.00000000,0.00000000,0.00000000,0.00000000,0.00000000,0.00000000,0.00000000,0.00000000,0.00000000,0.00000000,0.00000000,0.00000000,0.00000000,0.00000000,0.00000000,0.00000000,0.00000000,0.00000000,0.00000000,0.00000000,0.33136095,0.00000000,0.00000000,0.16568047,0.66863905,0.03550296,0.98816568,0.63313609,0.99408284,0.99408284
0.91124260,0.64497041,0.94674556,0.86390533,0.77514793,0.93491124,0.94674556,0.80473373,0.92307692,0.67455621,1.00000000,1.00000000,0.98816568,0.98816568,1.00000000,1.00000000,1.00000000,0.00000000,0.99408284,1.00000000,0.08284024,0.00000000,0.00000000,0.00000000,0.00000000,0.00000000,0.00000000,0.00000000,0.26035503,0.00000000,0.00000000,0.00000000,0.00000000,0.00000000,0.00000000,0.00000000,0.00000000,0.00000000,0.00000000,0.00000000,0.01183432,0.00000000,0.00000000,0.00000000,0.00000000,0.00000000,0.00000000,0.00000000,0.00000000,0.01775148,0.00000000,0.00000000,0.00000000,0.00000000,0.00000000,0.00000000,0.00000000,0.00000000,0.00000000,0.00000000,0.00000000,0.00000000,0.00000000,0.00000000,0.00000000,0.00000000,0.00000000,0.00000000,0.00000000,0.00000000,0.00000000,0.00000000,0.00000000,0.00000000,0.00000000,0.00000000,0.00000000,0.00000000,0.00000000,0.00000000,0.04142012,0.00000000,0.31952663,0.00000000,0.00591716,0.00000000,0.00000000,0.00000000,0.01775148,0.00000000,0.00000000,0.00000000,0.00000000,0.00000000,0.00000000,0.00000000,0.00000000,0.00000000,0.00000000,0.00000000,0.00000000,0.00000000,0.00000000,0.00000000,0.00000000,0.00000000,0.00000000,0.00000000,0.00000000,0.00000000,0.00000000,0.00000000,0.00000000,0.00000000,0.00000000,0.00000000,0.00000000,0.00000000,0.00000000,0.00000000,0.00000000,0.00000000,0.00000000,0.00000000,0.00000000,0.00000000,0.00000000,0.26627219,0.00000000,0.00000000,0.13017751,0.11242604,0.00000000,0.95266272,0.27218935,0.95857988,0.95266272
0.31360947,0.34319527,0.55621302,0.33136095,0.23668639,0.91124260,0.43195266,0.20710059,0.27810651,0.33136095,0.98224852,0.89940828,0.50295858,0.46745562,0.75739645,1.00000000,0.96449704,0.99408284,0.00000000,1.00000000,0.30769231,0.00591716,0.00000000,0.00000000,0.01183432,0.00000000,0.00000000,0.00000000,0.11242604,0.00000000,0.00000000,0.00000000,0.04142012,0.01183432,0.00000000,0.00000000,0.00000000,0.00000000,0.00000000,0.00000000,0.17159763,0.00000000,0.00000000,0.00000000,0.00000000,0.00000000,0.00000000,0.00000000,0.00591716,0.09467456,0.01775148,0.00000000,0.00000000,0.00000000,0.00000000,0.00000000,0.00000000,0.00000000,0.00000000,0.00000000,0.00000000,0.00000000,0.00000000,0.00000000,0.00000000,0.00000000,0.00000000,0.00000000,0.00000000,0.00000000,0.00000000,0.00000000,0.00000000,0.00000000,0.00000000,0.00000000,0.00000000,0.00000000,0.00000000,0.00000000,0.01183432,0.00000000,0.74556213,0.00000000,0.02958580,0.00000000,0.00000000,0.00000000,0.10059172,0.00000000,0.00000000,0.00000000,0.00000000,0.00000000,0.00000000,0.00000000,0.00000000,0.00000000,0.00000000,0.00000000,0.00000000,0.00000000,0.00000000,0.00000000,0.00000000,0.00000000,0.00000000,0.00000000,0.00000000,0.00000000,0.00000000,0.00000000,0.00000000,0.05917160,0.00000000,0.00000000,0.00000000,0.00000000,0.00000000,0.00000000,0.00000000,0.00000000,0.00000000,0.00000000,0.00000000,0.00000000,0.00000000,0.46745562,0.00000000,0.00000000,0.18343195,0.17751479,0.01775148,0.99408284,0.24260355,0.87573964,0.93491124
0.81656805,0.82840237,0.67455621,0.47337278,0.43786982,0.73964497,0.50295858,0.50887574,0.79881657,0.91124260,0.98816568,0.93491124,0.81656805,0.92307692,0.92307692,1.00000000,1.00000000,1.00000000,1.00000000,0.00000000,0.73964497,0.00000000,0.00591716,0.00000000,0.19526627,0.01183432,0.01775148,0.04142012,0.46153846,0.00000000,0.01775148,0.00000000,0.00000000,0.00000000,0.00000000,0.00000000,0.00000000,0.00000000,0.00000000,0.00000000,0.10650888,0.00000000,0.00000000,0.00000000,0.00000000,0.00000000,0.00000000,0.00000000,0.01775148,0.31360947,0.02366864,0.00000000,0.00000000,0.00000000,0.00000000,0.00000000,0.00000000,0.00000000,0.00000000,0.00000000,0.00000000,0.00000000,0.00000000,0.00000000,0.00000000,0.00000000,0.00000000,0.00000000,0.00591716,0.00000000,0.00000000,0.00000000,0.00000000,0.00000000,0.00000000,0.00000000,0.00000000,0.00000000,0.00000000,0.00000000,0.01183432,0.00000000,0.76923077,0.00000000,0.00000000,0.00000000,0.00000000,0.00000000,0.01775148,0.00000000,0.00000000,0.00000000,0.00000000,0.00000000,0.00000000,0.00000000,0.00000000,0.00000000,0.00000000,0.00000000,0.00000000,0.00000000,0.00000000,0.00000000,0.00000000,0.00000000,0.00000000,0.00000000,0.00000000,0.00000000,0.00000000,0.00000000,0.00000000,0.06508876,0.00000000,0.00000000,0.00000000,0.00000000,0.00000000,0.00000000,0.00000000,0.00000000,0.00000000,0.00000000,0.00000000,0.00000000,0.00000000,0.45562130,0.00000000,0.00000000,0.15384615,0.46745562,0.13609467,0.99408284,0.63313609,1.00000000,1.00000000
0.00000000,0.28402367,0.01183432,0.00591716,0.00000000,0.00000000,0.00591716,0.00000000,0.02366864,0.47337278,0.04733728,0.04733728,0.05325444,0.17751479,0.04733728,0.03550296,0.59171598,0.08284024,0.30769231,0.73964497,0.00000000,0.00000000,0.05917160,0.00591716,0.93491124,0.08875740,0.22485207,0.26035503,0.43195266,0.01183432,0.00000000,0.00000000,0.00000000,0.00000000,0.00000000,0.00000000,0.00000000,0.00591716,0.01775148,0.30769231,0.01183432,0.00000000,0.51479290,0.00000000,0.00000000,0.00000000,0.00000000,0.00000000,0.68639053,0.72781065,0.98816568,0.00000000,0.00000000,0.00000000,0.00000000,0.00000000,0.00000000,0.03550296,0.37869822,0.00000000,0.00000000,0.00000000,0.00000000,0.00000000,0.00000000,0.01775148,0.00000000,0.00000000,0.00000000,0.00000000,0.00000000,0.00000000,0.00000000,0.00000000,0.00000000,0.00000000,0.00000000,0.00000000,0.00000000,0.00000000,0.00000000,0.00000000,0.00000000,0.00000000,0.00000000,0.00000000,0.00000000,0.00000000,0.00000000,0.00000000,0.00000000,0.00000000,0.00000000,0.00000000,0.00000000,0.00000000,0.00000000,0.00000000,0.00000000,0.00000000,0.00000000,0.00000000,0.00000000,0.00000000,0.00000000,0.00000000,0.00000000,0.00000000,0.00000000,0.00000000,0.00000000,0.00000000,0.00000000,0.00000000,0.00000000,0.00000000,0.00000000,0.00000000,0.00000000,0.00000000,0.00000000,0.00000000,0.00000000,0.00000000,0.00000000,0.00000000,0.00591716,0.00000000,0.00000000,0.00000000,0.00000000,0.28994083,0.28994083,0.72189349,0.84615385,1.00000000,0.98816568
0.00000000,0.00000000,0.00000000,0.00000000,0.00000000,0.00000000,0.00000000,0.00000000,0.00000000,0.00000000,0.00000000,0.00000000,0.00000000,0.00000000,0.00000000,0.00000000,0.00000000,0.00000000,0.00591716,0.00000000,0.00000000,0.00000000,0.30769231,1.00000000,0.44970414,0.52662722,1.00000000,0.71597633,0.00000000,0.28402367,0.67455621,0.01775148,1.00000000,1.00000000,0.00000000,0.00000000,0.00000000,0.00000000,0.00000000,0.00000000,0.00000000,0.00000000,0.00000000,0.00000000,0.00000000,0.00000000,0.00000000,0.84023669,0.00000000,0.00000000,0.00000000,0.00000000,0.00000000,0.00000000,0.01183432,0.00000000,0.00000000,0.00000000,0.21893491,0.14201183,0.02366864,0.00000000,0.60946746,0.26627219,0.01775148,0.21301775,0.04733728,0.64497041,1.00000000,0.00000000,0.00000000,0.00000000,0.00000000,0.00000000,0.00000000,0.00000000,0.00000000,0.00000000,0.00000000,0.00000000,0.00000000,0.00000000,0.00000000,0.00000000,0.00000000,0.00000000,0.00000000,0.00000000,0.00000000,0.00000000,0.00000000,0.00000000,0.00000000,0.00000000,0.14792899,0.79881657,0.86982249,0.99408284,0.99408284,0.60355030,0.96449704,0.00000000,0.99408284,0.00000000,0.00000000,0.00000000,0.00000000,0.00000000,0.00000000,0.00000000,0.00000000,0.17159763,0.50887574,0.00000000,0.24260355,0.00000000,0.00000000,0.00000000,0.00000000,0.00000000,0.00000000,0.00000000,0.00000000,0.00000000,0.00000000,0.00591716,0.99408284,0.01775148,0.89940828,0.92899408,0.97041420,0.11834320,0.99408284,0.10059172,0.75147929,0.98224852,1.00000000
0.00000000,0.01183432,0.00000000,0.00000000,0.00000000,0.00000000,0.00000000,0.00000000,0.00000000,0.08284024,0.00000000,0.00000000,0.00000000,0.00000000,0.00000000,0.00000000,0.00000000,0.00000000,0.00000000,0.00591716,0.05917160,0.30769231,0.00000000,0.27810651,0.98224852,1.00000000,0.28402367,0.99408284,0.15976331,1.00000000,0.98224852,0.22485207,0.00000000,0.24852071,0.00000000,0.00000000,0.00000000,0.00000000,0.00000000,0.00000000,0.00000000,0.00000000,0.00000000,0.00000000,0.15976331,0.41420118,0.00000000,0.00000000,0.00000000,0.00000000,0.00000000,0.00000000,0.01183432,0.00000000,0.00000000,0.00000000,0.00000000,0.39644970,0.94674556,0.00000000,0.00000000,0.00000000,0.00000000,0.00000000,0.27810651,0.99408284,0.10650888,0.29585799,0.42603550,0.00000000,0.00000000,0.00000000,0.00000000,0.00000000,0.00000000,0.00000000,0.00000000,0.00000000,0.00000000,0.00000000,0.00000000,0.00000000,0.00000000,0.00000000,0.00000000,0.00000000,0.00000000,0.00000000,0.00000000,0.00000000,0.00000000,0.00000000,0.00000000,0.00000000,0.01183432,0.10650888,0.24852071,0.77514793,0.56804734,0.04733728,0.20710059,0.00000000,0.53254438,0.00000000,0.00000000,0.00000000,0.00000000,0.00000000,0.00000000,0.00000000,0.00000000,0.00000000,0.02366864,0.00000000,0.00000000,0.00000000,0.00000000,0.00000000,0.00000000,0.00000000,0.00000000,0.00000000,0.00000000,0.00000000,0.00000000,0.00000000,0.79289941,0.00000000,0.06508876,0.18934911,0.28994083,0.94674556,1.00000000,0.88757396,0.99408284,1.00000000,0.99408284
0.00000000,0.00000000,0.00000000,0.00000000,0.00000000,0.00000000,0.00000000,0.00000000,0.00000000,0.00000000,0.00000000,0.00000000,0.00000000,0.00000000,0.00000000,0.00000000,0.00000000,0.00000000,0.00000000,0.00000000,0.00591716,1.00000000,0.27810651,0.00000000,0.59171598,0.55621302,1.00000000,0.96449704,0.00000000,0.12426036,0.60355030,0.00000000,0.97633136,1.00000000,0.00000000,0.00000000,0.00000000,0.00000000,0.00000000,0.00000000,0.00000000,0.00000000,0.00000000,0.00000000,0.00000000,0.00000000,0.00000000,0.46153846,0.00000000,0.00000000,0.00000000,0.00000000,0.00000000,0.00000000,0.00000000,0.00000000,0.00000000,0.00000000,0.04142012,0.04142012,0.00000000,0.00000000,0.36094675,0.05917160,0.00591716,0.07692308,0.01183432,0.37278107,0.91715976,0.00000000,0.00000000,0.00000000,0.00000000,0.00000000,0.00000000,0.00000000,0.00000000,0.00000000,0.00000000,0.00000000,0.00000000,0.00000000,0.00000000,0.00000000,0.00000000,0.00000000,0.00000000,0.00000000,0.00000000,0.00000000,0.00000000,0.00000000,0.00000000,0.00000000,0.13609467,0.41420118,0.66863905,0.98816568,0.98816568,0.46745562,0.78106509,0.00000000,0.86982249,0.00000000,0.00000000,0.00000000,0.00000000,0.00000000,0.00000000,0.00000000,0.00000000,0.00591716,0.03550296,0.00000000,0.00000000,0.00000000,0.00000000,0.00000000,0.00000000,0.00000000,0.00000000,0.00000000,0.00000000,0.00000000,0.00000000,0.00000000,0.98816568,0.00000000,0.42011834,0.65680473,0.91124260,0.16568047,1.00000000,0.37278107,0.86390533,0.98816568,1.00000000
0.00591716,0.24260355,0.00591716,0.00000000,0.00000000,0.00000000,0.00000000,0.00000000,0.00000000,0.32544379,0.00000000,0.00000000,0.00000000,0.02366864,0.00000000,0.00000000,0.04142012,0.00000000,0.01183432,0.19526627,0.93491124,0.44970414,0.98224852,0.59171598,0.00000000,0.98816568,1.00000000,1.00000000,0.52071006,0.96449704,0.94674556,0.01183432,0.02366864,0.22485207,0.00000000,0.00000000,0.00000000,0.00000000,0.00000000,0.00000000,0.00591716,0.00000000,0.00000000,0.00000000,0.00000000,0.00000000,0.00000000,0.00000000,0.00000000,0.08875740,0.00591716,0.00000000,0.00000000,0.00000000,0.00000000,0.00000000,0.00000000,0.02366864,0.40828402,0.00000000,0.00000000,0.00000000,0.00000000,0.00000000,0.04142012,0.93491124,0.00591716,0.10650888,0.23076923,0.00000000,0.00000000,0.00000000,0.00000000,0.00000000,0.00000000,0.00000000,0.00000000,0.00000000,0.00000000,0.00000000,0.00000000,0.00000000,0.00000000,0.00000000,0.00000000,0.00000000,0.00000000,0.00000000,0.00000000,0.00000000,0.00000000,0.00000000,0.00000000,0.00000000,0.00000000,0.00000000,0.00000000,0.00591716,0.00000000,0.00000000,0.00000000,0.00591716,0.00000000,0.00000000,0.00000000,0.00000000,0.00000000,0.00000000,0.00000000,0.00000000,0.00000000,0.00000000,0.00000000,0.00591716,0.00000000,0.00000000,0.00000000,0.00000000,0.00000000,0.00000000,0.00000000,0.00000000,0.00000000,0.00000000,0.00000000,0.00000000,0.34319527,0.01775148,0.00000000,0.02366864,0.43786982,0.78698225,0.99408284,0.95266272,1.00000000,1.00000000,1.00000000
0.00000000,0.00000000,0.00000000,0.00000000,0.00000000,0.00000000,0.00000000,0.00000000,0.00000000,0.03550296,0.00000000,0.00000000,0.00000000,0.00000000,0.00000000,0.00000000,0.00591716,0.00000000,0.00000000,0.01183432,0.08875740,0.52662722,1.00000000,0.55621302,0.98816568,0.00000000,0.75147929,1.00000000,0.01775148,1.00000000,0.97633136,0.11242604,0.02366864,0.28402367,0.00000000,0.00000000,0.00000000,0.00000000,0.00000000,0.00000000,0.00000000,0.00000000,0.00000000,0.00000000,0.07692308,0.26627219,0.00000000,0.00000000,0.00000000,0.00000000,0.00000000,0.00000000,0.00591716,0.00000000,0.00000000,0.00000000,0.00000000,0.23668639,0.89349112,0.00000000,0.00000000,0.00000000,0.00000000,0.00000000,0.18343195,0.99408284,0.03550296,0.18343195,0.20710059,0.00000000,0.00000000,0.00000000,0.00000000,0.00000000,0.00000000,0.00000000,0.00000000,0.00000000,0.00000000,0.00000000,0.00000000,0.00000000,0.00000000,0.00000000,0.00000000,0.00000000,0.00000000,0.00000000,0.00000000,0.00000000,0.00000000,0.00000000,0.00000000,0.00000000,0.00000000,0.01775148,0.08284024,0.59171598,0.40236686,0.01775148,0.07692308,0.00000000,0.17751479,0.00000000,0.00000000,0.00000000,0.00000000,0.00000000,0.00000000,0.00000000,0.00000000,0.00000000,0.00000000,0.00000000,0.00000000,0.00000000,0.00000000,0.00000000,0.00000000,0.00000000,0.00000000,0.00000000,0.00000000,0.00000000,0.00000000,0.00000000,0.71597633,0.00000000,0.00000000,0.02366864,0.10059172,0.92307692,1.00000000,0.92307692,0.99408284,1.00000000,0.99408284
0.00000000,0.00000000,0.00000000,0.00000000,0.00000000,0.00000000,0.00000000,0.00000000,0.00000000,0.00000000,0.00000000,0.00000000,0.00000000,0.00000000,0.00000000,0.00000000,0.00000000,0.00000000,0.00000000,0.01775148,0.22485207,1.00000000,0.28402367,1.00000000,1.00000000,0.75147929,0.00000000,1.00000000,0.01183432,0.46153846,0.94082840,0.00000000,0.84023669,0.95857988,0.00000000,0.00000000,0.00000000,0.00000000,0.00000000,0.00000000,0.00000000,0.00000000,0.00000000,0.00000000,0.00000000,0.00000000,0.00000000,0.11242604,0.00000000,0.00000000,0.00000000,0.00000000,0.00000000,0.00000000,0.00000000,0.00000000,0.00000000,0.00000000,0.02366864,0.00000000,0.00000000,0.00000000,0.07100592,0.00000000,0.01775148,0.27218935,0.02366864,0.27218935,0.83431953,0.00000000,0.00000000,0.00000000,0.00000000,0.00000000,0.00000000,0.00000000,0.00000000,0.00000000,0.00000000,0.00000000,0.00000000,0.00000000,0.00000000,0.00000000,0.00000000,0.00000000,0.00000000,0.00000000,0.00000000,0.00000000,0.00000000,0.00000000,0.00000000,0.00000000,0.00000000,0.00000000,0.00591716,0.28994083,0.27810651,0.00000000,0.00000000,0.00000000,0.01775148,0.00000000,0.00000000,0.00000000,0.00000000,0.00000000,0.00000000,0.00000000,0.00000000,0.00000000,0.00000000,0.00000000,0.00000000,0.00000000,0.00000000,0.00000000,0.00000000,0.00000000,0.00000000,0.00000000,0.00000000,0.00000000,0.00000000,0.00000000,0.86982249,0.00000000,0.00000000,0.05325444,0.54437870,0.27218935,1.00000000,0.73964497,0.97633136,1.00000000,1.00000000
0.00000000,0.01775148,0.00000000,0.00000000,0.00000000,0.00000000,0.00000000,0.00000000,0.00000000,0.03550296,0.00000000,0.00000000,0.00000000,0.00000000,0.00000000,0.00000000,0.00591716,0.00000000,0.00000000,0.04142012,0.26035503,0.71597633,0.99408284,0.96449704,1.00000000,1.00000000,1.00000000,0.00000000,0.08284024,0.97041420,0.98816568,0.02366864,0.04733728,0.24852071,0.00000000,0.00000000,0.00000000,0.00000000,0.00000000,0.00000000,0.00000000,0.00000000,0.00000000,0.00000000,0.00591716,0.05325444,0.00000000,0.00000000,0.00000000,0.00000000,0.00000000,0.00000000,0.00000000,0.00000000,0.00000000,0.00000000,0.00000000,0.11834320,0.82248521,0.00000000,0.00000000,0.00000000,0.00000000,0.00000000,0.08284024,0.94674556,0.00591716,0.10059172,0.24852071,0.00000000,0.00000000,0.00000000,0.00000000,0.00000000,0.00000000,0.00000000,0.00000000,0.00000000,0.00000000,0.00000000,0.00000000,0.00000000,0.00000000,0.00000000,0.00000000,0.00000000,0.00000000,0.00000000,0.00000000,0.00000000,0.00000000,0.00000000,0.00000000,0.00000000,0.00000000,0.00000000,0.00000000,0.14792899,0.16568047,0.00000000,0.00000000,0.00000000,0.01183432,0.00000000,0.00000000,0.00000000,0.00000000,0.00000000,0.00000000,0.00000000,0.00000000,0.00000000,0.00000000,0.00000000,0.00000000,0.00000000,0.00000000,0.00000000,0.00000000,0.00000000,0.00000000,0.00000000,0.00000000,0.00000000,0.00000000,0.00000000,0.70414201,0.00000000,0.00000000,0.05917160,0.42011834,0.84615385,1.00000000,0.95266272,1.00000000,1.00000000,1.00000000
0.89940828,1.00000000,0.76331361,0.65088757,0.55029586,0.34911243,0.56213018,0.49704142,0.68639053,1.00000000,0.53254438,0.62721893,0.68639053,0.72781065,0.44970414,0.05917160,0.81065089,0.26035503,0.11242604,0.46153846,0.43195266,0.00000000,0.15976331,0.00000000,0.52071006,0.01775148,0.01183432,0.08284024,0.00000000,0.03550296,0.00000000,0.00000000,0.00000000,0.00000000,0.00000000,0.00591716,0.00000000,0.85207101,0.91124260,0.91715976,0.99408284,0.13017751,0.54437870,0.00000000,0.00000000,0.00000000,0.00000000,0.00000000,0.89349112,0.86390533,0.44378698,0.00000000,0.00591716,0.00000000,0.00000000,0.00000000,0.00000000,0.00000000,0.01775148,0.00000000,0.00000000,0.00000000,0.00000000,0.00000000,0.00000000,0.23076923,0.00000000,0.00000000,0.00000000,0.00000000,0.00000000,0.00000000,0.00000000,0.00000000,0.00000000,0.00000000,0.00000000,0.00000000,0.00000000,0.00000000,0.00000000,0.00000000,0.00000000,0.00000000,0.00000000,0.00000000,0.00000000,0.00000000,0.00000000,0.00000000,0.00000000,0.00000000,0.00000000,0.00000000,0.00000000,0.00000000,0.00000000,0.00000000,0.00000000,0.00000000,0.00000000,0.00000000,0.00000000,0.00000000,0.00000000,0.00000000,0.00000000,0.00000000,0.00000000,0.00000000,0.00000000,0.00000000,0.00000000,0.00000000,0.00000000,0.00000000,0.00000000,0.00000000,0.00000000,0.00000000,0.00000000,0.00000000,0.00000000,0.00000000,0.00000000,0.00000000,0.00000000,0.00000000,0.00000000,0.00000000,0.00000000,0.59763314,0.29585799,0.86982249,0.46745562,0.98816568,0.98816568
0.00000000,0.00000000,0.00000000,0.00000000,0.00000000,0.00000000,0.00000000,0.00000000,0.00000000,0.03550296,0.00000000,0.00000000,0.00000000,0.00000000,0.00000000,0.00000000,0.00000000,0.00000000,0.00000000,0.00000000,0.01183432,0.28402367,1.00000000,0.12426036,0.96449704,1.00000000,0.46153846,0.97041420,0.03550296,0.00000000,1.00000000,0.49112426,0.04142012,0.52071006,0.00000000,0.00000000,0.00000000,0.00000000,0.00000000,0.00000000,0.00000000,0.00000000,0.00000000,0.01775148,0.36094675,0.46745562,0.00000000,0.07692308,0.00000000,0.00000000,0.00000000,0.00000000,0.00000000,0.00000000,0.00000000,0.00000000,0.01775148,0.33727811,0.89349112,0.00000000,0.00000000,0.00591716,0.00000000,0.00000000,0.63905325,1.00000000,0.40236686,0.68639053,0.76331361,0.00000000,0.00000000,0.00000000,0.00000000,0.00000000,0.00000000,0.00000000,0.00000000,0.00000000,0.00000000,0.00000000,0.00000000,0.00000000,0.00000000,0.00000000,0.00000000,0.00000000,0.00000000,0.00000000,0.00000000,0.00000000,0.00000000,0.00000000,0.00000000,0.00000000,0.00000000,0.19526627,0.23668639,0.78106509,0.40828402,0.02366864,0.26627219,0.00000000,0.95857988,0.00000000,0.00000000,0.00000000,0.00000000,0.00000000,0.00000000,0.00000000,0.00000000,0.08875740,0.49112426,0.00000000,0.05325444,0.00000000,0.00000000,0.00000000,0.00000000,0.00000000,0.00000000,0.00000000,0.00000000,0.00000000,0.00000000,0.00000000,0.95857988,0.00000000,0.29585799,0.62721893,0.57396450,0.69230769,1.00000000,0.59171598,1.00000000,1.00000000,1.00000000
0.00000000,0.00000000,0.00000000,0.00000000,0.00000000,0.00000000,0.00000000,0.00000000,0.00000000,0.00000000,0.00000000,0.00000000,0.00000000,0.00000000,0.00000000,0.00000000,0.00000000,0.00000000,0.00000000,0.01775148,0.00000000,0.67455621,0.98224852,0.60355030,0.94674556,0.97633136,0.94082840,0.98816568,0.00000000,1.00000000,0.00000000,0.94674556,0.47337278,0.95266272,0.00000000,0.00000000,0.00000000,0.00000000,0.00000000,0.00000000,0.00000000,0.00000000,0.00000000,0.25443787,0.84023669,0.89940828,0.00000000,0.82248521,0.00000000,0.00000000,0.00000000,0.00000000,0.06508876,0.00000000,0.00000000,0.00591716,0.10059172,0.89940828,1.00000000,0.00000000,0.00000000,0.15976331,0.00000000,0.11242604,0.98816568,1.00000000,0.99408284,1.00000000,1.00000000,0.00000000,0.00000000,0.00000000,0.00000000,0.00000000,0.00000000,0.00000000,0.00000000,0.00000000,0.00000000,0.00000000,0.00000000,0.00000000,0.00000000,0.00000000,0.00000000,0.00000000,0.00000000,0.00000000,0.00000000,0.00000000,0.00000000,0.00000000,0.00000000,0.00000000,0.00591716,0.06508876,0.08284024,0.69230769,0.24852071,0.00591716,0.13017751,0.00000000,0.94082840,0.00000000,0.00000000,0.00000000,0.00000000,0.00000000,0.00000000,0.00000000,0.00000000,0.37869822,0.68047337,0.00000000,0.53846154,0.00000000,0.00000000,0.00000000,0.00000000,0.00000000,0.00000000,0.00000000,0.00000000,0.00000000,0.00000000,0.00000000,0.99408284,0.00000000,0.21893491,0.78106509,0.50295858,0.82840237,1.00000000,0.53846154,1.00000000,1.00000000,1.00000000
0.00000000,0.00000000,0.00000000,0.00000000,0.00000000,0.00000000,0.00000000,0.00000000,0.00000000,0.00000000,0.00000000,0.00000000,0.00000000,0.00000000,0.00000000,0.00000000,0.00000000,0.00000000,0.00000000,0.00000000,0.00000000,0.01775148,0.22485207,0.00000000,0.01183432,0.11242604,0.00000000,0.02366864,0.00000000,0.49112426,0.94674556,0.00000000,0.35502959,0.33727811,0.00591716,0.15976331,0.06508876,0.00000000,0.00000000,0.00591716,0.00000000,0.00000000,0.01183432,1.00000000,1.00000000,1.00000000,0.54437870,1.00000000,0.00591716,0.00000000,0.00591716,0.44970414,0.85798817,0.16568047,0.02366864,0.89940828,0.99408284,1.00000000,1.00000000,0.33727811,0.86390533,1.00000000,0.62130178,0.97041420,1.00000000,0.92307692,1.00000000,1.00000000,0.95266272,0.00000000,0.00000000,0.00000000,0.00000000,0.00000000,0.00000000,0.00000000,0.00000000,0.00000000,0.00000000,0.00000000,0.00000000,0.00000000,0.00000000,0.00000000,0.00000000,0.00000000,0.00000000,0.00000000,0.00000000,0.00000000,0.00000000,0.00000000,0.00000000,0.00000000,0.00000000,0.00000000,0.00000000,0.00000000,0.00000000,0.00000000,0.00000000,0.00000000,0.01183432,0.00000000,0.17751479,0.00000000,0.00000000,0.00000000,0.00000000,0.29585799,0.47337278,0.39644970,0.04733728,0.00000000,0.91715976,0.00000000,0.00000000,0.00000000,0.00000000,0.00000000,0.00000000,0.00591716,0.01183432,0.03550296,0.69230769,0.00000000,1.00000000,0.00000000,0.36686391,0.92307692,0.35502959,0.02958580,1.00000000,0.00000000,1.00000000,1.00000000,1.00000000
0.00000000,0.00000000,0.00000000,0.00000000,0.00000000,0.00000000,0.00000000,0.00000000,0.00000000,0.00000000,0.00000000,0.00000000,0.00000000,0.00000000,0.00000000,0.00000000,0.00000000,0.00000000,0.04142012,0.00000000,0.00000000,1.00000000,0.00000000,0.97633136,0.02366864,0.02366864,0.84023669,0.04733728,0.00000000,0.04142012,0.47337278,0.35502959,0.00000000,1.00000000,0.23668639,0.01183432,0.00591716,0.00000000,0.00000000,0.00000000,0.00000000,0.00000000,0.00000000,0.05325444,0.21893491,0.20118343,0.00000000,1.00000000,0.00000000,0.00000000,0.00000000,0.00000000,0.00591716,0.67455621,0.96449704,0.17159763,0.04733728,0.20710059,0.72781065,1.00000000,0.99408284,0.77514793,1.00000000,1.00000000,0.20710059,0.22485207,0.41420118,0.94674556,1.00000000,0.00000000,0.00000000,0.00000000,0.00000000,0.00000000,0.00000000,0.00000000,0.00000000,0.00000000,0.00000000,0.00000000,0.00000000,0.00000000,0.00000000,0.00000000,0.00000000,0.00000000,0.00000000,0.00000000,0.00000000,0.00000000,0.00000000,0.00000000,0.00000000,0.00000000,0.00000000,0.19526627,0.19526627,0.90532544,0.72189349,0.03550296,0.39644970,0.00000000,1.00000000,0.00000000,0.00000000,0.00000000,0.00000000,0.00000000,0.00000000,0.00000000,0.01775148,0.78106509,0.84615385,0.00000000,0.98816568,0.00000000,0.00000000,0.00000000,0.00000000,0.00000000,0.00000000,0.00000000,0.00000000,0.00000000,0.00591716,0.01183432,1.00000000,0.00591716,0.83431953,0.97041420,0.94082840,0.00000000,0.99408284,0.23668639,0.59763314,0.97041420,0.95266272
0.00000000,0.00000000,0.00000000,0.00000000,0.00000000,0.00000000,0.00000000,0.00000000,0.00000000,0.00000000,0.00000000,0.00000000,0.00000000,0.00000000,0.00000000,0.00000000,0.00000000,0.00000000,0.01183432,0.00000000,0.00000000,1.00000000,0.24852071,1.00000000,0.22485207,0.28402367,0.95857988,0.24852071,0.00000000,0.52071006,0.95266272,0.33727811,1.00000000,0.00000000,0.00000000,0.00000000,0.00000000,0.00000000,0.00000000,0.00000000,0.00000000,0.00000000,0.00000000,0.02366864,0.18934911,0.26627219,0.00000000,0.99408284,0.00000000,0.00000000,0.00000000,0.00000000,0.00591716,0.00591716,0.01775148,0.00000000,0.00591716,0.36686391,0.89940828,0.48520710,0.37869822,0.21301775,0.94082840,0.88165680,0.28994083,0.83431953,0.54437870,1.00000000,1.00000000,0.00000000,0.00000000,0.00000000,0.00000000,0.00000000,0.00000000,0.00000000,0.00000000,0.00000000,0.00000000,0.00000000,0.00000000,0.00000000,0.00000000,0.00000000,0.00000000,0.00000000,0.00000000,0.00000000,0.00000000,0.00000000,0.00000000,0.00000000,0.00000000,0.00000000,0.04733728,0.46153846,0.41420118,1.00000000,0.85798817,0.07100592,0.56213018,0.00000000,1.00000000,0.00000000,0.00000000,0.00000000,0.00000000,0.00000000,0.00000000,0.00000000,0.00591716,0.82840237,0.98224852,0.00000000,0.94082840,0.00000000,0.00000000,0.00000000,0.00000000,0.00000000,0.00000000,0.00000000,0.00000000,0.00000000,0.01183432,0.02366864,1.00000000,0.00000000,0.91124260,0.99408284,0.99408284,0.19526627,1.00000000,0.13017751,0.95857988,1.00000000,1.00000000
0.00000000,0.00000000,0.00000000,0.00000000,0.00000000,0.00000000,0.00000000,0.00000000,0.00000000,0.00000000,0.00000000,0.00000000,0.00000000,0.00000000,0.00000000,0.00000000,0.00000000,0.00000000,0.00000000,0.00000000,0.00000000,0.00000000,0.00000000,0.00000000,0.00000000,0.00000000,0.00000000,0.00000000,0.00000000,0.00000000,0.00000000,0.00591716,0.23668639,0.00000000,0.00000000,1.00000000,1.00000000,0.02366864,0.00591716,0.13017751,0.00591716,0.10650888,0.23076923,0.40828402,0.00000000,0.00000000,0.99408284,0.00000000,0.06508876,0.02958580,0.07100592,0.85207101,0.73372781,1.00000000,1.00000000,0.97041420,0.47337278,0.00000000,0.00000000,0.91124260,0.51479290,0.17751479,0.63905325,0.09467456,0.00000000,0.00000000,0.00000000,0.00000000,0.00000000,0.00000000,0.00000000,0.00000000,0.00000000,0.00000000,0.00000000,0.00000000,0.00000000,0.00000000,0.00000000,0.00000000,0.00000000,0.00000000,0.00000000,0.00000000,0.00000000,0.00000000,0.00000000,0.00000000,0.00000000,0.00000000,0.00000000,0.00000000,0.00000000,0.00000000,0.00000000,0.00000000,0.00000000,0.00000000,0.00000000,0.00000000,0.00000000,0.00000000,0.00000000,0.28402367,0.86390533,0.00000000,0.00000000,0.00000000,0.00000000,0.01775148,0.00000000,0.00000000,0.00000000,0.00000000,0.00000000,0.00000000,0.00000000,0.00000000,0.00000000,0.00000000,0.00000000,0.03550296,0.00000000,0.94082840,0.72189349,0.00000000,0.98816568,0.00000000,0.00000000,0.82248521,0.00000000,0.12426036,1.00000000,0.03550296,0.09467456,1.00000000,0.26627219
0.00000000,0.00000000,0.00000000,0.00000000,0.00000000,0.00000000,0.00000000,0.00000000,0.00000000,0.00000000,0.00000000,0.00000000,0.00000000,0.00000000,0.00000000,0.00000000,0.00000000,0.00000000,0.00000000,0.00000000,0.00000000,0.00000000,0.00000000,0.00000000,0.00000000,0.00000000,0.00000000,0.00000000,0.00591716,0.00000000,0.00000000,0.15976331,0.01183432,0.00000000,1.00000000,0.00000000,1.00000000,0.07692308,0.05325444,0.39644970,0.01775148,0.28402367,0.50295858,1.00000000,0.07100592,0.02366864,1.00000000,0.00000000,0.27810651,0.18343195,0.29585799,1.00000000,1.00000000,0.98224852,0.90532544,1.00000000,0.98816568,0.66863905,0.15976331,0.08875740,0.05917160,0.23668639,0.02958580,0.01183432,0.00000000,0.00000000,0.00591716,0.01183432,0.00000000,0.00000000,0.00000000,0.00000000,0.00000000,0.00000000,0.00000000,0.00000000,0.00000000,0.00000000,0.00000000,0.00000000,0.00000000,0.00000000,0.00000000,0.00000000,0.00000000,0.00000000,0.00000000,0.00000000,0.00000000,0.00000000,0.00000000,0.00000000,0.00000000,0.00000000,0.00000000,0.00000000,0.00000000,0.00000000,0.00000000,0.00000000,0.00000000,0.00000000,0.00000000,0.00000000,0.15976331,0.00000000,0.00000000,0.00000000,0.00000000,0.00000000,0.00000000,0.00000000,0.00000000,0.00000000,0.00000000,0.00000000,0.00000000,0.00000000,0.00000000,0.00000000,0.00000000,0.00591716,0.00000000,0.21301775,0.06508876,0.00000000,0.46745562,0.00000000,0.00000000,0.07100592,0.00000000,0.30769231,1.00000000,0.20118343,0.58579882,1.00000000,0.85798817
0.00000000,0.00000000,0.00000000,0.00000000,0.00000000,0.00000000,0.00000000,0.00000000,0.00000000,0.00000000,0.00000000,0.00000000,0.00000000,0.00000000,0.00000000,0.00000000,0.00000000,0.00000000,0.00000000,0.00000000,0.00000000,0.00000000,0.00000000,0.00000000,0.00000000,0.00000000,0.00000000,0.00000000,0.00000000,0.00000000,0.00000000,0.06508876,0.00591716,0.00000000,1.00000000,1.00000000,0.00000000,0.02958580,0.02958580,0.21893491,0.00591716,0.17159763,0.30769231,0.98816568,0.01775148,0.00000000,1.00000000,0.00591716,0.15384615,0.07692308,0.14792899,1.00000000,1.00000000,1.00000000,0.97633136,1.00000000,0.99408284,0.15384615,0.00000000,0.37278107,0.26627219,0.30769231,0.08875740,0.05325444,0.00000000,0.00000000,0.00000000,0.00000000,0.00000000,0.00000000,0.00000000,0.00000000,0.00000000,0.00000000,0.00000000,0.00000000,0.00000000,0.00000000,0.00000000,0.00000000,0.00000000,0.00000000,0.00000000,0.00000000,0.00000000,0.00000000,0.00000000,0.00000000,0.00000000,0.00000000,0.00000000,0.00000000,0.00000000,0.00000000,0.00000000,0.00000000,0.00000000,0.00000000,0.00000000,0.00000000,0.00000000,0.00000000,0.00000000,0.12426036,0.82248521,0.00000000,0.00000000,0.00000000,0.00000000,0.01775148,0.00591716,0.00000000,0.00000000,0.00000000,0.00000000,0.00000000,0.00000000,0.00000000,0.00000000,0.00000000,0.00000000,0.01775148,0.00000000,0.88757396,0.59763314,0.00000000,0.89349112,0.00000000,0.00591716,0.34911243,0.00591716,0.21301775,1.00000000,0.13609467,0.68639053,1.00000000,0.91715976
0.02958580,0.65680473,0.17159763,0.00000000,0.00000000,0.18934911,0.00000000,0.00000000,0.00000000,0.44378698,0.01183432,0.00000000,0.00000000,0.00000000,0.00000000,0.00000000,0.00000000,0.00000000,0.00000000,0.00000000,0.00591716,0.00000000,0.00000000,0.00000000,0.00000000,0.00000000,0.00000000,0.00000000,0.85207101,0.00000000,0.00000000,0.00000000,0.00000000,0.00000000,0.02366864,0.07692308,0.02958580,0.00000000,1.00000000,1.00000000,1.00000000,1.00000000,1.00000000,0.01183432,0.00000000,0.00000000,0.01183432,0.00000000,1.00000000,0.95266272,0.87573964,0.00591716,0.07100592,0.00000000,0.00000000,0.00000000,0.00000000,0.00000000,0.00000000,0.00000000,0.00000000,0.00000000,0.00000000,0.00000000,0.00000000,0.00000000,0.00000000,0.00000000,0.00000000,0.00000000,0.00000000,0.00000000,0.00000000,0.00000000,0.00000000,0.00000000,0.00000000,0.00000000,0.00000000,0.00000000,0.00000000,0.00000000,0.00000000,0.00000000,0.00000000,0.00000000,0.00000000,0.00000000,0.00000000,0.00000000,0.00000000,0.00000000,0.00000000,0.00000000,0.00000000,0.00000000,0.00000000,0.00000000,0.00000000,0.00000000,0.00000000,0.00000000,0.00000000,0.00000000,0.00000000,0.00000000,0.00000000,0.00000000,0.00000000,0.00000000,0.00000000,0.00000000,0.00000000,0.00000000,0.00000000,0.00000000,0.00000000,0.00000000,0.00000000,0.00000000,0.00000000,0.00000000,0.00000000,0.00000000,0.00000000,0.05917160,0.01183432,0.00000000,0.13017751,0.17159763,0.01183432,1.00000000,0.09467456,1.00000000,0.37869822,0.97041420,0.98816568
0.27810651,0.84023669,0.61538462,0.11834320,0.00000000,0.37278107,0.02366864,0.00000000,0.03550296,0.75147929,0.16568047,0.01775148,0.00000000,0.05917160,0.00000000,0.00000000,0.00000000,0.00000000,0.00000000,0.00000000,0.01775148,0.00000000,0.00000000,0.00000000,0.00000000,0.00000000,0.00000000,0.00000000,0.91124260,0.00000000,0.00000000,0.00000000,0.00000000,0.00000000,0.00591716,0.05325444,0.02958580,1.00000000,0.00000000,1.00000000,1.00000000,0.70414201,0.98224852,0.00000000,0.00000000,0.00000000,0.00591716,0.00000000,1.00000000,1.00000000,0.95266272,0.01183432,0.08875740,0.00000000,0.00000000,0.00000000,0.00000000,0.00000000,0.00000000,0.00000000,0.00000000,0.00000000,0.00000000,0.00000000,0.00000000,0.00000000,0.00000000,0.00000000,0.00000000,0.00000000,0.00000000,0.00000000,0.00000000,0.00000000,0.00000000,0.00000000,0.00000000,0.00000000,0.00000000,0.00000000,0.00000000,0.00000000,0.00000000,0.00000000,0.00000000,0.00000000,0.00000000,0.00000000,0.00000000,0.00000000,0.00000000,0.00000000,0.00000000,0.00000000,0.00000000,0.00000000,0.00000000,0.00000000,0.00000000,0.00000000,0.00000000,0.00000000,0.00000000,0.00000000,0.00000000,0.00000000,0.00000000,0.00000000,0.00000000,0.00000000,0.00000000,0.00000000,0.00000000,0.00000000,0.00000000,0.00000000,0.00000000,0.00000000,0.00000000,0.00000000,0.00000000,0.00000000,0.00000000,0.00000000,0.00000000,0.00591716,0.00591716,0.00000000,0.07100592,0.05917160,0.00000000,0.95266272,0.02366864,0.97633136,0.15384615,0.92899408,0.96449704
0.07100592,0.76923077,0.23076923,0.00000000,0.00000000,0.16568047,0.00000000,0.00000000,0.00591716,0.56804734,0.00591716,0.00000000,0.00000000,0.00000000,0.00000000,0.00000000,0.00000000,0.00000000,0.00000000,0.00000000,0.30769231,0.00000000,0.00000000,0.00000000,0.00000000,0.00000000,0.00000000,0.00000000,0.91715976,0.00000000,0.00000000,0.00591716,0.00000000,0.00000000,0.13017751,0.39644970,0.21893491,1.00000000,1.00000000,0.00000000,1.00000000,1.00000000,1.00000000,0.08284024,0.00000000,0.00000000,0.19526627,0.00000000,1.00000000,1.00000000,1.00000000,0.20118343,0.41420118,0.00000000,0.02366864,0.02958580,0.04142012,0.02958580,0.00000000,0.00000000,0.00000000,0.00000000,0.00000000,0.00000000,0.00000000,0.00000000,0.00000000,0.00000000,0.00000000,0.00000000,0.00000000,0.00000000,0.00000000,0.00000000,0.00000000,0.00000000,0.00000000,0.00000000,0.00000000,0.00000000,0.00000000,0.00000000,0.00000000,0.00000000,0.00000000,0.00000000,0.00000000,0.00000000,0.00000000,0.00000000,0.00000000,0.00000000,0.00000000,0.00000000,0.00000000,0.00000000,0.00000000,0.00000000,0.00000000,0.00000000,0.00000000,0.00000000,0.00000000,0.00000000,0.00000000,0.00000000,0.00000000,0.00000000,0.00000000,0.00000000,0.00000000,0.00000000,0.00000000,0.00000000,0.00000000,0.00000000,0.00000000,0.00000000,0.00000000,0.00000000,0.00000000,0.00000000,0.00000000,0.00000000,0.00000000,0.12426036,0.04142012,0.00000000,0.26627219,0.34319527,0.00000000,1.00000000,0.21893491,1.00000000,0.55029586,0.98816568,0.99408284
0.88165680,0.99408284,0.97041420,0.67455621,0.26627219,0.94674556,0.37869822,0.18934911,0.38461538,0.98816568,0.76923077,0.37278107,0.28994083,0.43786982,0.03550296,0.05325444,0.34911243,0.01183432,0.17159763,0.10650888,0.01183432,0.00000000,0.00000000,0.00000000,0.00591716,0.00000000,0.00000000,0.00000000,0.99408284,0.00000000,0.00000000,0.00000000,0.00000000,0.00000000,0.00591716,0.01775148,0.00591716,1.00000000,1.00000000,1.00000000,0.00000000,0.98816568,0.99408284,0.00000000,0.00000000,0.00000000,0.00000000,0.00000000,0.98816568,0.94674556,0.64497041,0.00000000,0.00000000,0.00000000,0.00000000,0.00000000,0.00000000,0.00000000,0.00000000,0.00000000,0.00000000,0.00000000,0.00000000,0.00000000,0.00000000,0.00000000,0.00000000,0.00000000,0.00000000,0.00000000,0.00000000,0.00000000,0.00000000,0.00000000,0.00000000,0.00000000,0.00000000,0.00000000,0.00000000,0.00000000,0.00591716,0.00000000,0.00000000,0.00000000,0.00000000,0.00000000,0.00000000,0.00000000,0.00000000,0.00000000,0.00000000,0.00000000,0.00000000,0.00000000,0.00000000,0.00000000,0.00000000,0.00000000,0.00000000,0.00000000,0.00000000,0.00000000,0.00000000,0.00000000,0.00000000,0.00000000,0.00000000,0.00000000,0.00000000,0.00000000,0.00000000,0.00000000,0.00000000,0.00000000,0.00000000,0.00000000,0.00000000,0.00000000,0.00000000,0.00000000,0.00000000,0.00000000,0.00000000,0.00000000,0.00000000,0.00591716,0.00000000,0.05917160,0.04142012,0.06508876,0.02958580,0.99408284,0.01775148,1.00000000,0.20710059,0.94674556,0.99408284
0.00000000,0.04142012,0.00000000,0.00000000,0.00000000,0.00591716,0.00000000,0.00000000,0.00000000,0.01775148,0.00000000,0.00000000,0.00000000,0.00000000,0.00000000,0.00000000,0.00000000,0.00000000,0.00000000,0.00000000,0.00000000,0.00000000,0.00000000,0.00000000,0.00000000,0.00000000,0.00000000,0.00000000,0.13017751,0.00000000,0.00000000,0.00000000,0.00000000,0.00000000,0.10650888,0.28402367,0.17159763,1.00000000,0.70414201,1.00000000,0.98816568,0.00000000,1.00000000,0.04733728,0.00591716,0.00000000,0.10650888,0.00000000,0.88757396,0.50887574,0.92899408,0.13017751,0.28994083,0.01183432,0.02366864,0.04733728,0.02366864,0.01183432,0.00000000,0.00000000,0.00000000,0.00000000,0.00000000,0.00000000,0.00000000,0.00000000,0.00000000,0.00000000,0.00000000,0.00000000,0.00000000,0.00000000,0.00000000,0.00000000,0.00000000,0.00000000,0.00000000,0.00000000,0.00000000,0.00000000,0.00000000,0.00000000,0.00000000,0.00000000,0.00000000,0.00000000,0.00000000,0.00000000,0.00000000,0.00000000,0.00000000,0.00000000,0.00000000,0.00000000,0.00000000,0.00000000,0.00000000,0.00000000,0.00000000,0.00000000,0.00000000,0.00000000,0.00000000,0.00000000,0.00000000,0.00000000,0.00000000,0.00000000,0.00000000,0.00000000,0.00000000,0.00000000,0.00000000,0.00000000,0.00000000,0.00000000,0.00000000,0.00000000,0.00000000,0.00000000,0.00000000,0.00000000,0.00000000,0.00000000,0.00000000,0.00591716,0.00000000,0.00000000,0.03550296,0.05917160,0.00000000,1.00000000,0.05917160,1.00000000,0.15384615,0.95857988,0.97041420
0.00591716,0.32544379,0.02958580,0.00000000,0.00000000,0.01183432,0.00000000,0.00000000,0.00000000,0.14792899,0.00000000,0.00000000,0.00000000,0.00000000,0.00000000,0.00000000,0.00000000,0.00000000,0.00000000,0.00000000,0.51479290,0.00000000,0.00000000,0.00000000,0.00000000,0.00000000,0.00000000,0.00000000,0.54437870,0.00000000,0.00000000,0.01183432,0.00000000,0.00000000,0.23076923,0.50295858,0.30769231,1.00000000,0.98224852,1.00000000,0.99408284,1.00000000,0.00000000,0.14792899,0.00000000,0.00000000,0.27810651,0.00000000,1.00000000,1.00000000,1.00000000,0.30177515,0.49704142,0.00591716,0.05325444,0.07692308,0.04142012,0.05917160,0.00000000,0.00000000,0.00000000,0.00000000,0.00000000,0.00000000,0.00000000,0.00000000,0.00000000,0.00000000,0.00000000,0.00000000,0.00000000,0.00000000,0.00000000,0.00000000,0.00000000,0.00000000,0.00000000,0.00000000,0.00000000,0.00000000,0.00000000,0.00000000,0.00000000,0.00000000,0.00000000,0.00000000,0.00000000,0.00000000,0.00000000,0.00000000,0.00000000,0.00000000,0.00000000,0.00000000,0.00000000,0.00000000,0.00000000,0.00000000,0.00000000,0.00000000,0.00000000,0.00000000,0.00000000,0.00000000,0.00000000,0.00000000,0.00000000,0.00000000,0.00000000,0.00000000,0.00000000,0.00000000,0.00000000,0.00000000,0.00000000,0.00000000,0.00000000,0.00000000,0.00000000,0.00000000,0.00000000,0.00000000,0.00000000,0.00000000,0.00000000,0.05917160,0.01183432,0.00000000,0.20710059,0.24852071,0.00000000,1.00000000,0.18343195,0.99408284,0.46745562,0.99408284,0.98816568
0.00000000,0.00000000,0.00000000,0.00000000,0.00000000,0.00000000,0.00000000,0.00000000,0.00000000,0.00000000,0.00000000,0.00000000,0.00000000,0.00000000,0.00000000,0.00000000,0.00000000,0.00000000,0.00000000,0.00000000,0.00000000,0.00000000,0.00000000,0.00000000,0.00000000,0.00000000,0.00000000,0.00000000,0.00000000,0.01775148,0.25443787,1.00000000,0.05325444,0.02366864,0.40828402,1.00000000,0.98816568,0.01183432,0.00000000,0.08284024,0.00000000,0.04733728,0.14792899,0.00000000,1.00000000,1.00000000,1.00000000,0.76331361,0.04733728,0.00000000,0.02958580,1.00000000,1.00000000,0.76923077,0.21893491,1.00000000,1.00000000,1.00000000,0.99408284,0.47928994,0.91124260,1.00000000,0.56213018,0.84023669,0.71597633,0.51479290,0.81656805,0.78106509,0.31360947,0.00000000,0.00000000,0.00000000,0.00000000,0.00000000,0.00000000,0.00000000,0.00000000,0.00000000,0.00000000,0.00000000,0.00000000,0.00000000,0.00000000,0.00000000,0.00000000,0.00000000,0.00000000,0.00000000,0.00000000,0.00000000,0.00000000,0.00000000,0.00000000,0.00000000,0.00000000,0.00000000,0.00000000,0.00000000,0.00000000,0.00000000,0.00000000,0.00000000,0.00000000,0.00000000,0.50887574,0.00000000,0.00000000,0.00000000,0.00000000,0.14201183,0.01775148,0.00591716,0.00000000,0.00000000,0.02958580,0.00000000,0.00000000,0.00000000,0.00000000,0.00000000,0.00000000,0.01183432,0.00000000,0.38461538,0.81656805,0.00000000,0.77514793,0.00000000,0.00591716,0.28994083,0.00000000,0.05917160,1.00000000,0.04142012,1.00000000,1.00000000,1.00000000
0.00000000,0.00000000,0.00000000,0.00000000,0.00000000,0.00000000,0.00000000,0.00000000,0.00000000,0.00000000,0.00000000,0.00000000,0.00000000,0.00000000,0.00000000,0.00000000,0.00000000,0.00000000,0.00000000,0.00000000,0.00000000,0.00000000,0.15976331,0.00000000,0.00000000,0.07692308,0.00000000,0.00591716,0.00000000,0.36094675,0.84023669,1.00000000,0.21893491,0.18934911,0.00000000,0.07100592,0.01775148,0.00000000,0.00000000,0.00000000,0.00000000,0.00591716,0.00000000,1.00000000,0.00000000,1.00000000,0.58579882,0.96449704,0.00000000,0.00000000,0.00000000,0.49112426,0.83431953,0.05325444,0.00591716,0.81656805,1.00000000,1.00000000,1.00000000,0.22485207,0.69822485,0.97633136,0.51479290,0.91124260,0.99408284,0.95266272,0.98816568,1.00000000,0.90532544,0.00000000,0.00000000,0.00000000,0.00000000,0.00000000,0.00000000,0.00000000,0.00000000,0.00000000,0.00000000,0.00000000,0.00000000,0.00000000,0.00000000,0.00000000,0.00000000,0.00000000,0.00000000,0.00000000,0.00000000,0.00000000,0.00000000,0.00000000,0.00000000,0.00000000,0.00000000,0.00000000,0.00000000,0.00000000,0.00000000,0.00000000,0.00000000,0.00000000,0.00000000,0.00000000,0.06508876,0.00000000,0.00000000,0.00000000,0.00000000,0.15976331,0.21301775,0.11834320,0.00591716,0.00000000,0.53846154,0.00000000,0.00000000,0.00000000,0.00000000,0.00000000,0.00000000,0.00000000,0.00000000,0.02958580,0.53254438,0.00000000,0.94674556,0.00000000,0.09467456,0.69230769,0.04733728,0.01183432,1.00000000,0.00000000,0.99408284,1.00000000,1.00000000
0.00000000,0.00000000,0.00000000,0.00000000,0.00000000,0.00000000,0.00000000,0.00000000,0.00000000,0.00000000,0.00000000,0.00000000,0.00000000,0.00000000,0.00000000,0.00000000,0.00000000,0.00000000,0.00000000,0.00000000,0.00000000,0.00000000,0.41420118,0.00000000,0.00000000,0.26627219,0.00000000,0.05325444,0.00000000,0.46745562,0.89940828,1.00000000,0.20118343,0.26627219,0.00000000,0.02366864,0.00000000,0.00000000,0.00000000,0.00000000,0.00000000,0.00000000,0.00000000,1.00000000,1.00000000,0.00000000,0.27218935,0.98224852,0.00000000,0.00000000,0.00000000,0.25443787,0.68639053,0.00000000,0.00000000,0.31952663,0.92899408,1.00000000,1.00000000,0.02958580,0.30769231,0.89349112,0.26627219,0.83431953,0.98224852,0.98224852,0.98224852,1.00000000,0.93491124,0.00000000,0.00000000,0.00000000,0.00000000,0.00000000,0.00000000,0.00000000,0.00000000,0.00000000,0.00000000,0.00000000,0.00000000,0.00000000,0.00000000,0.00000000,0.00000000,0.00000000,0.00000000,0.00000000,0.00000000,0.00000000,0.00000000,0.00000000,0.00000000,0.00000000,0.00000000,0.00000000,0.00000000,0.00000000,0.00000000,0.00000000,0.00000000,0.00000000,0.00591716,0.00000000,0.00000000,0.00000000,0.00000000,0.00000000,0.00000000,0.02366864,0.10059172,0.14201183,0.01183432,0.00000000,0.66272189,0.00000000,0.00000000,0.00000000,0.00000000,0.00000000,0.00000000,0.00000000,0.00000000,0.00000000,0.06508876,0.00000000,0.85798817,0.00000000,0.03550296,0.44970414,0.04142012,0.00591716,1.00000000,0.00000000,0.99408284,1.00000000,1.00000000
0.00000000,0.00000000,0.00000000,0.00000000,0.00000000,0.00000000,0.00000000,0.00000000,0.00000000,0.00000000,0.00000000,0.00000000,0.00000000,0.00000000,0.00000000,0.00000000,0.00000000,0.00000000,0.00000000,0.00000000,0.00000000,0.00000000,0.00000000,0.00000000,0.00000000,0.00000000,0.00000000,0.00000000,0.00000000,0.00000000,0.00000000,0.54437870,0.00000000,0.00000000,0.99408284,1.00000000,1.00000000,0.01183432,0.00591716,0.19526627,0.00000000,0.10650888,0.27810651,1.00000000,0.58579882,0.27218935,0.00000000,0.01183432,0.11834320,0.04142012,0.08875740,1.00000000,1.00000000,0.97041420,0.66272189,1.00000000,1.00000000,0.79289941,0.27810651,0.15976331,0.24260355,0.69822485,0.04142012,0.07692308,0.00591716,0.00000000,0.02366864,0.01183432,0.00000000,0.00000000,0.00000000,0.00000000,0.00000000,0.00000000,0.00000000,0.00000000,0.00000000,0.00000000,0.00000000,0.00000000,0.00000000,0.00000000,0.00000000,0.00000000,0.00000000,0.00000000,0.00000000,0.00000000,0.00000000,0.00000000,0.00000000,0.00000000,0.00000000,0.00000000,0.00000000,0.00000000,0.00000000,0.00000000,0.00000000,0.00000000,0.00000000,0.00000000,0.00000000,0.01183432,0.66863905,0.00000000,0.00000000,0.00000000,0.00000000,0.02366864,0.00591716,0.00000000,0.00000000,0.00000000,0.00000000,0.00000000,0.00000000,0.00000000,0.00000000,0.00000000,0.00000000,0.01183432,0.00000000,0.68639053,0.63313609,0.00000000,0.62130178,0.00000000,0.00000000,0.08875740,0.00000000,0.24852071,1.00000000,0.08875740,0.95857988,1.00000000,1.00000000
0.00000000,0.00000000,0.00000000,0.00000000,0.00000000,0.00000000,0.00000000,0.00000000,0.00000000,0.00000000,0.00000000,0.00000000,0.00000000,0.00000000,0.00000000,0.00000000,0.00000000,0.00000000,0.00000000,0.00000000,0.00000000,0.84023669,0.00000000,0.46153846,0.00000000,0.00000000,0.11242604,0.00000000,0.00000000,0.07692308,0.82248521,1.00000000,1.00000000,0.99408284,0.00000000,0.00000000,0.00591716,0.00000000,0.00000000,0.00000000,0.00000000,0.00000000,0.00000000,0.76331361,0.96449704,0.98224852,0.01183432,0.00000000,0.00000000,0.00000000,0.00000000,0.03550296,0.26035503,0.51479290,0.32544379,0.40828402,0.61538462,0.98816568,1.00000000,1.00000000,1.00000000,1.00000000,1.00000000,1.00000000,0.94674556,0.49704142,1.00000000,1.00000000,1.00000000,0.00000000,0.00000000,0.00000000,0.00000000,0.00000000,0.00000000,0.00000000,0.00000000,0.00000000,0.00000000,0.00000000,0.00000000,0.00000000,0.00000000,0.00000000,0.00000000,0.00000000,0.00000000,0.00000000,0.00000000,0.00000000,0.00000000,0.00000000,0.00000000,0.00000000,0.00000000,0.00000000,0.00000000,0.17751479,0.04733728,0.00000000,0.00000000,0.00000000,0.68639053,0.00000000,0.00000000,0.00000000,0.00000000,0.00000000,0.00000000,0.00591716,0.25443787,0.92307692,0.62130178,0.00000000,1.00000000,0.00000000,0.00000000,0.00000000,0.00000000,0.00000000,0.00000000,0.00000000,0.00000000,0.00000000,0.37278107,0.00000000,1.00000000,0.00000000,0.75147929,1.00000000,0.78698225,0.04142012,1.00000000,0.00591716,1.00000000,1.00000000,1.00000000
0.40828402,0.90532544,0.76331361,0.16568047,0.01775148,0.48520710,0.00591716,0.01183432,0.07100592,0.86982249,0.27218935,0.04733728,0.00591716,0.07100592,0.00591716,0.00000000,0.04142012,0.00000000,0.00591716,0.01775148,0.68639053,0.00000000,0.00000000,0.00000000,0.00000000,0.00000000,0.00000000,0.00000000,0.89349112,0.00000000,0.00000000,0.00591716,0.00000000,0.00000000,0.06508876,0.27810651,0.15384615,1.00000000,1.00000000,1.00000000,0.98816568,0.88757396,1.00000000,0.04733728,0.00000000,0.00000000,0.11834320,0.00000000,0.00000000,1.00000000,1.00000000,0.11834320,0.29585799,0.00591716,0.00591716,0.01775148,0.01183432,0.01775148,0.00000000,0.00000000,0.00000000,0.00000000,0.00000000,0.00000000,0.00000000,0.00000000,0.00000000,0.00000000,0.00000000,0.00000000,0.00000000,0.00000000,0.00000000,0.00000000,0.00000000,0.00000000,0.00000000,0.00000000,0.00000000,0.00000000,0.00000000,0.00000000,0.00000000,0.00000000,0.00000000,0.00000000,0.00000000,0.00000000,0.00000000,0.00000000,0.00000000,0.00000000,0.00000000,0.00000000,0.00000000,0.00000000,0.00000000,0.00000000,0.00000000,0.00000000,0.00000000,0.00000000,0.00000000,0.00000000,0.00000000,0.00000000,0.00000000,0.00000000,0.00000000,0.00000000,0.00000000,0.00000000,0.00000000,0.00000000,0.00000000,0.00000000,0.00000000,0.00000000,0.00000000,0.00000000,0.00000000,0.00000000,0.00000000,0.00000000,0.00000000,0.02366864,0.00000000,0.00000000,0.08875740,0.08875740,0.00000000,0.98816568,0.05325444,0.99408284,0.35502959,0.99408284,0.99408284
0.65088757,0.88757396,0.91715976,0.62721893,0.24852071,0.62721893,0.27810651,0.14792899,0.33727811,0.94674556,0.61538462,0.40828402,0.31360947,0.50295858,0.05917160,0.01183432,0.48520710,0.01775148,0.09467456,0.31360947,0.72781065,0.00000000,0.00000000,0.00000000,0.08875740,0.00000000,0.00000000,0.00000000,0.86390533,0.00000000,0.00000000,0.00000000,0.00000000,0.00000000,0.02958580,0.18343195,0.07692308,0.95266272,1.00000000,1.00000000,0.94674556,0.50887574,1.00000000,0.00000000,0.00000000,0.00000000,0.04142012,0.00000000,1.00000000,0.00000000,1.00000000,0.05917160,0.20710059,0.00000000,0.00000000,0.00000000,0.00000000,0.00000000,0.00000000,0.00000000,0.00000000,0.00000000,0.00000000,0.00000000,0.00000000,0.00000000,0.00000000,0.00000000,0.00000000,0.00000000,0.00000000,0.00000000,0.00000000,0.00000000,0.00000000,0.00000000,0.00000000,0.00000000,0.00000000,0.00000000,0.00000000,0.00000000,0.00000000,0.00000000,0.00000000,0.00000000,0.00000000,0.00000000,0.00000000,0.00000000,0.00000000,0.00000000,0.00000000,0.00000000,0.00000000,0.00000000,0.00000000,0.00000000,0.00000000,0.00000000,0.00000000,0.00000000,0.00000000,0.00000000,0.00000000,0.00000000,0.00000000,0.00000000,0.00000000,0.00000000,0.00000000,0.00000000,0.00000000,0.00000000,0.00000000,0.00000000,0.00000000,0.00000000,0.00000000,0.00000000,0.00000000,0.00000000,0.00000000,0.00000000,0.00000000,0.00000000,0.00000000,0.00000000,0.00591716,0.02366864,0.00000000,0.84615385,0.05917160,0.90532544,0.28994083,0.98816568,0.98224852
0.11834320,0.53846154,0.34911243,0.02958580,0.00591716,0.19526627,0.00591716,0.00000000,0.01775148,0.67455621,0.06508876,0.01775148,0.00000000,0.05325444,0.00591716,0.00000000,0.02958580,0.00000000,0.01775148,0.02366864,0.98816568,0.00000000,0.00000000,0.00000000,0.00591716,0.00000000,0.00000000,0.00000000,0.44378698,0.00000000,0.00000000,0.00591716,0.00000000,0.00000000,0.07100592,0.29585799,0.14792899,0.87573964,0.95266272,1.00000000,0.64497041,0.92899408,1.00000000,0.02958580,0.00000000,0.00000000,0.08875740,0.00000000,1.00000000,1.00000000,0.00000000,0.13609467,0.33727811,0.00000000,0.01775148,0.01775148,0.02366864,0.00591716,0.00000000,0.00000000,0.00000000,0.00000000,0.00000000,0.00000000,0.00000000,0.00000000,0.00000000,0.00000000,0.00000000,0.00000000,0.00000000,0.00000000,0.00000000,0.00000000,0.00000000,0.00000000,0.00000000,0.00000000,0.00000000,0.00000000,0.00000000,0.00000000,0.00000000,0.00000000,0.00000000,0.00000000,0.00000000,0.00000000,0.00000000,0.00000000,0.00000000,0.00000000,0.00000000,0.00000000,0.00000000,0.00000000,0.00000000,0.00000000,0.00000000,0.00000000,0.00000000,0.00000000,0.00000000,0.00000000,0.00000000,0.00000000,0.00000000,0.00000000,0.00000000,0.00000000,0.00000000,0.00000000,0.00000000,0.00000000,0.00000000,0.00000000,0.00000000,0.00000000,0.00000000,0.00000000,0.00000000,0.00000000,0.00000000,0.00000000,0.00000000,0.01183432,0.00000000,0.00000000,0.04733728,0.02958580,0.00000000,0.97633136,0.03550296,0.96449704,0.24260355,0.99408284,0.99408284
0.00000000,0.00000000,0.00000000,0.00000000,0.00000000,0.00000000,0.00000000,0.00000000,0.00000000,0.00000000,0.00000000,0.00000000,0.00000000,0.00000000,0.00000000,0.00000000,0.00000000,0.00000000,0.00000000,0.00000000,0.00000000,0.00000000,0.00000000,0.00000000,0.00000000,0.00000000,0.00000000,0.00000000,0.00000000,0.00000000,0.00000000,0.44970414,0.00000000,0.00000000,0.85207101,1.00000000,1.00000000,0.00591716,0.01183432,0.20118343,0.00000000,0.13017751,0.30177515,1.00000000,0.49112426,0.25443787,1.00000000,0.03550296,0.11834320,0.05917160,0.13609467,0.00000000,1.00000000,0.64497041,0.24852071,1.00000000,1.00000000,0.98816568,0.64497041,0.05325444,0.16568047,0.67455621,0.01775148,0.05917160,0.01775148,0.00000000,0.04733728,0.01775148,0.00000000,0.00000000,0.00000000,0.00000000,0.00000000,0.00000000,0.00000000,0.00000000,0.00000000,0.00000000,0.00000000,0.00000000,0.00000000,0.00000000,0.00000000,0.00000000,0.00000000,0.00000000,0.00000000,0.00000000,0.00000000,0.00000000,0.00000000,0.00000000,0.00000000,0.00000000,0.00000000,0.00000000,0.00000000,0.00000000,0.00000000,0.00000000,0.00000000,0.00000000,0.00000000,0.00000000,0.15384615,0.00000000,0.00000000,0.00000000,0.00000000,0.00000000,0.00000000,0.00000000,0.00000000,0.00000000,0.00000000,0.00000000,0.00000000,0.00000000,0.00000000,0.00000000,0.00000000,0.00591716,0.00000000,0.07692308,0.15384615,0.00000000,0.19526627,0.00000000,0.00000000,0.01775148,0.00000000,0.14792899,1.00000000,0.10650888,0.96449704,1.00000000,1.00000000
0.00000000,0.00000000,0.00000000,0.00000000,0.00000000,0.00000000,0.00000000,0.00000000,0.00000000,0.00000000,0.00000000,0.00000000,0.00000000,0.00000000,0.00000000,0.00000000,0.00000000,0.00000000,0.00000000,0.00000000,0.00000000,0.00000000,0.01183432,0.00000000,0.00000000,0.00591716,0.00000000,0.00000000,0.00591716,0.00000000,0.06508876,0.85798817,0.00591716,0.00591716,0.73372781,1.00000000,1.00000000,0.07100592,0.08875740,0.41420118,0.00000000,0.28994083,0.49704142,1.00000000,0.83431953,0.68639053,1.00000000,0.26035503,0.29585799,0.20710059,0.33727811,1.00000000,0.00000000,0.67455621,0.22485207,1.00000000,1.00000000,1.00000000,0.97633136,0.08875740,0.33727811,0.90532544,0.06508876,0.28994083,0.13017751,0.02958580,0.27810651,0.27218935,0.07692308,0.00000000,0.00000000,0.00000000,0.00000000,0.00000000,0.00000000,0.00000000,0.00000000,0.00000000,0.00000000,0.00000000,0.00000000,0.00000000,0.00000000,0.00000000,0.00000000,0.00000000,0.00000000,0.00000000,0.00000000,0.00000000,0.00000000,0.00000000,0.00000000,0.00000000,0.00000000,0.00000000,0.00000000,0.00000000,0.00000000,0.00000000,0.00000000,0.00000000,0.00000000,0.00000000,0.04733728,0.00000000,0.00000000,0.00000000,0.00000000,0.00000000,0.00000000,0.00000000,0.00000000,0.00000000,0.00000000,0.00000000,0.00000000,0.00000000,0.00000000,0.00000000,0.00000000,0.00000000,0.00000000,0.04142012,0.09467456,0.00000000,0.08875740,0.00000000,0.00000000,0.00000000,0.00000000,0.18343195,1.00000000,0.21893491,0.96449704,1.00000000,0.99408284
0.00000000,0.00000000,0.00000000,0.00000000,0.00000000,0.00000000,0.00000000,0.00000000,0.00000000,0.00000000,0.00000000,0.00000000,0.00000000,0.00000000,0.00000000,0.00000000,0.00000000,0.00000000,0.00000000,0.00000000,0.00000000,0.00000000,0.00000000,0.00000000,0.00000000,0.00000000,0.00000000,0.00000000,0.00000000,0.00000000,0.00000000,0.16568047,0.67455621,0.00591716,1.00000000,0.98224852,1.00000000,0.00000000,0.00000000,0.00000000,0.00000000,0.01183432,0.00591716,0.76923077,0.05325444,0.00000000,0.97041420,0.51479290,0.00591716,0.00000000,0.00000000,0.64497041,0.67455621,0.00000000,1.00000000,1.00000000,0.91715976,0.01775148,0.00000000,1.00000000,1.00000000,1.00000000,0.99408284,0.96449704,0.00000000,0.00000000,0.01183432,0.04142012,0.01183432,0.00000000,0.00000000,0.00000000,0.00000000,0.00000000,0.00000000,0.00000000,0.00000000,0.00000000,0.00000000,0.00000000,0.00000000,0.00000000,0.00000000,0.00000000,0.00000000,0.00000000,0.00000000,0.00000000,0.00000000,0.00000000,0.00000000,0.00000000,0.00000000,0.00000000,0.00000000,0.00000000,0.00000000,0.00000000,0.00000000,0.00000000,0.00000000,0.00000000,0.00000000,0.42603550,1.00000000,0.00000000,0.00000000,0.00000000,0.00000000,0.15976331,0.01183432,0.00000000,0.00000000,0.00000000,0.01183432,0.00000000,0.00000000,0.00000000,0.00000000,0.00000000,0.00000000,0.10059172,0.01183432,1.00000000,1.00000000,0.00000000,0.99408284,0.00000000,0.01183432,0.87573964,0.00591716,0.01775148,1.00000000,0.00000000,0.45562130,1.00000000,0.78106509
0.00000000,0.00000000,0.00000000,0.00000000,0.00000000,0.00000000,0.00000000,0.00000000,0.00000000,0.00000000,0.00000000,0.00000000,0.00000000,0.00000000,0.00000000,0.00000000,0.00000000,0.00000000,0.00000000,0.00000000,0.00000000,0.01183432,0.00000000,0.00000000,0.00000000,0.00000000,0.00000000,0.00000000,0.00000000,0.00000000,0.00000000,0.02366864,0.96449704,0.01775148,1.00000000,0.90532544,0.97633136,0.00000000,0.00000000,0.02366864,0.00000000,0.02366864,0.05325444,0.21893491,0.00591716,0.00000000,0.66272189,0.32544379,0.00591716,0.00000000,0.01775148,0.24852071,0.22485207,1.00000000,0.00000000,0.98816568,0.44378698,0.00000000,0.00000000,1.00000000,1.00000000,0.94674556,1.00000000,0.90532544,0.00000000,0.00000000,0.00000000,0.00000000,0.00591716,0.00000000,0.00000000,0.00000000,0.00000000,0.00000000,0.00000000,0.00000000,0.00000000,0.00000000,0.00000000,0.00000000,0.00000000,0.00000000,0.00000000,0.00000000,0.00000000,0.00000000,0.00000000,0.00000000,0.00000000,0.00000000,0.00000000,0.00000000,0.00000000,0.00000000,0.00000000,0.00000000,0.00000000,0.00000000,0.00000000,0.00000000,0.00000000,0.00000000,0.00000000,0.57988166,1.00000000,0.00000000,0.00000000,0.00000000,0.00000000,0.05325444,0.00591716,0.00000000,0.00000000,0.00000000,0.08284024,0.00000000,0.00000000,0.00000000,0.00000000,0.00000000,0.00000000,0.07692308,0.01183432,1.00000000,1.00000000,0.00000000,1.00000000,0.00000000,0.03550296,0.98816568,0.04142012,0.02366864,1.00000000,0.00591716,0.07100592,1.00000000,0.10650888
0.00000000,0.00000000,0.00000000,0.00000000,0.00000000,0.00000000,0.00000000,0.00000000,0.00000000,0.00000000,0.00000000,0.00000000,0.00000000,0.00000000,0.00000000,0.00000000,0.00000000,0.00000000,0.00000000,0.00000000,0.00000000,0.00000000,0.00000000,0.00000000,0.00000000,0.00000000,0.00000000,0.00000000,0.00000000,0.00000000,0.00591716,0.89940828,0.17159763,0.00000000,0.97041420,1.00000000,1.00000000,0.00000000,0.00000000,0.02958580,0.00000000,0.04733728,0.07692308,1.00000000,0.81656805,0.31952663,1.00000000,0.40828402,0.01775148,0.00000000,0.01775148,1.00000000,1.00000000,1.00000000,0.98816568,0.00000000,1.00000000,0.71005917,0.18343195,0.94082840,0.98224852,1.00000000,0.88757396,0.84023669,0.15384615,0.00591716,0.18343195,0.11834320,0.01775148,0.00000000,0.00000000,0.00000000,0.00000000,0.00000000,0.00000000,0.00000000,0.00000000,0.00000000,0.00000000,0.00000000,0.00000000,0.00000000,0.00000000,0.00000000,0.00000000,0.00000000,0.00000000,0.00000000,0.00000000,0.00000000,0.00000000,0.00000000,0.00000000,0.00000000,0.00000000,0.00000000,0.00000000,0.00000000,0.00000000,0.00000000,0.00000000,0.00000000,0.00000000,0.22485207,0.97633136,0.00000000,0.00000000,0.00000000,0.00000000,0.30177515,0.00000000,0.00591716,0.00000000,0.00000000,0.00591716,0.00000000,0.00000000,0.00000000,0.00000000,0.00000000,0.00000000,0.13017751,0.00591716,1.00000000,1.00000000,0.00000000,0.98224852,0.00000000,0.00591716,0.73372781,0.00591716,0.11242604,1.00000000,0.01775148,0.98816568,1.00000000,1.00000000
0.00000000,0.00000000,0.00000000,0.00000000,0.00000000,0.00000000,0.00000000,0.00000000,0.00000000,0.00000000,0.00000000,0.00000000,0.00000000,0.00000000,0.00000000,0.00000000,0.00000000,0.00000000,0.00000000,0.00000000,0.00000000,0.00000000,0.00000000,0.00000000,0.00000000,0.00000000,0.00000000,0.00000000,0.00000000,0.01775148,0.10059172,0.99408284,0.04733728,0.00591716,0.47337278,0.98816568,0.99408284,0.00000000,0.00000000,0.04142012,0.00000000,0.02366864,0.04142012,1.00000000,1.00000000,0.92899408,1.00000000,0.61538462,0.01183432,0.00000000,0.02366864,1.00000000,1.00000000,0.91715976,0.44378698,1.00000000,0.00000000,0.96449704,0.75739645,0.61538462,0.94082840,1.00000000,0.56213018,0.78106509,0.59171598,0.24852071,0.62721893,0.56213018,0.10650888,0.00000000,0.00000000,0.00000000,0.00000000,0.00000000,0.00000000,0.00000000,0.00000000,0.00000000,0.00000000,0.00000000,0.00000000,0.00000000,0.00000000,0.00000000,0.00000000,0.00000000,0.00000000,0.00000000,0.00000000,0.00000000,0.00000000,0.00000000,0.00000000,0.00000000,0.00000000,0.00000000,0.00000000,0.00000000,0.00000000,0.00000000,0.00000000,0.00000000,0.00000000,0.03550296,0.89940828,0.00000000,0.00000000,0.00000000,0.00000000,0.46153846,0.04733728,0.00591716,0.00000000,0.00000000,0.02366864,0.00000000,0.00000000,0.00000000,0.00000000,0.00000000,0.00000000,0.07100592,0.01775148,0.80473373,0.97633136,0.00000000,0.92307692,0.00000000,0.01775148,0.57396450,0.01775148,0.04733728,1.00000000,0.01183432,0.99408284,1.00000000,1.00000000
0.00000000,0.00000000,0.00000000,0.00000000,0.00000000,0.00000000,0.00000000,0.00000000,0.00000000,0.00000000,0.00000000,0.00000000,0.00000000,0.00000000,0.00000000,0.00000000,0.00000000,0.00000000,0.00000000,0.00000000,0.03550296,0.00000000,0.39644970,0.00000000,0.02366864,0.23668639,0.00000000,0.11834320,0.00000000,0.33727811,0.89940828,1.00000000,0.20710059,0.36686391,0.00000000,0.66863905,0.15384615,0.00000000,0.00000000,0.02958580,0.00000000,0.01183432,0.05917160,1.00000000,1.00000000,1.00000000,0.79289941,0.98816568,0.01775148,0.00000000,0.00591716,0.98816568,1.00000000,0.01775148,0.00000000,0.71005917,0.96449704,0.00000000,1.00000000,0.06508876,0.56804734,0.97041420,0.33727811,0.86982249,0.91715976,0.86390533,0.97633136,1.00000000,0.90532544,0.00000000,0.00000000,0.00000000,0.00000000,0.00000000,0.00000000,0.00000000,0.00000000,0.00000000,0.00000000,0.00000000,0.00000000,0.00000000,0.00000000,0.00000000,0.00000000,0.00000000,0.00000000,0.00000000,0.00000000,0.00000000,0.00000000,0.00000000,0.00000000,0.00000000,0.00000000,0.00000000,0.00000000,0.00000000,0.00000000,0.00000000,0.00000000,0.00000000,0.00000000,0.00000000,0.00000000,0.00000000,0.00000000,0.00000000,0.00000000,0.00000000,0.00591716,0.04142012,0.00000000,0.00000000,0.27810651,0.00000000,0.00000000,0.00000000,0.00000000,0.00000000,0.00000000,0.00000000,0.00000000,0.00000000,0.05917160,0.00000000,0.60355030,0.00000000,0.00000000,0.12426036,0.00000000,0.01775148,1.00000000,0.00000000,1.00000000,1.00000000,1.00000000
0.00000000,0.00000000,0.00000000,0.00000000,0.00000000,0.00000000,0.00000000,0.00000000,0.00000000,0.00000000,0.00000000,0.00000000,0.00000000,0.00000000,0.00000000,0.00000000,0.00000000,0.00000000,0.00000000,0.00000000,0.37869822,0.21893491,0.94674556,0.04142012,0.40828402,0.89349112,0.02366864,0.82248521,0.01775148,0.89349112,1.00000000,1.00000000,0.72781065,0.89940828,0.00000000,0.15976331,0.00000000,0.00000000,0.00000000,0.00000000,0.00000000,0.00000000,0.00000000,0.99408284,1.00000000,1.00000000,0.27810651,1.00000000,0.00000000,0.00000000,0.00000000,0.64497041,0.97633136,0.00000000,0.00000000,0.18343195,0.75739645,1.00000000,0.00000000,0.01775148,0.23076923,0.84615385,0.20710059,0.86390533,0.99408284,1.00000000,0.99408284,1.00000000,1.00000000,0.00000000,0.00000000,0.00000000,0.00000000,0.00000000,0.00000000,0.00000000,0.00000000,0.00000000,0.00000000,0.00000000,0.00000000,0.00000000,0.00000000,0.00000000,0.00000000,0.00000000,0.00000000,0.00000000,0.00000000,0.00000000,0.00000000,0.00000000,0.00000000,0.00000000,0.00000000,0.00000000,0.00000000,0.00000000,0.00000000,0.00000000,0.00000000,0.00000000,0.01775148,0.00000000,0.00000000,0.00000000,0.00000000,0.00000000,0.00000000,0.00000000,0.00000000,0.18343195,0.03550296,0.00000000,0.67455621,0.00000000,0.00000000,0.00000000,0.00000000,0.00000000,0.00000000,0.00000000,0.00000000,0.00000000,0.00000000,0.00000000,0.84023669,0.00000000,0.01183432,0.30177515,0.02366864,0.31952663,1.00000000,0.23076923,1.00000000,1.00000000,1.00000000
0.00000000,0.00000000,0.00000000,0.00000000,0.00000000,0.00000000,0.00000000,0.00000000,0.00000000,0.00000000,0.00000000,0.00000000,0.00000000,0.00000000,0.00000000,0.00000000,0.00000000,0.00000000,0.00000000,0.00000000,0.00000000,0.14201183,0.00000000,0.04142012,0.00000000,0.00000000,0.00000000,0.00000000,0.00000000,0.00000000,0.00000000,0.33727811,1.00000000,0.48520710,0.91124260,0.08875740,0.37278107,0.00000000,0.00000000,0.00000000,0.00000000,0.00000000,0.00000000,0.47928994,0.22485207,0.02958580,0.15976331,1.00000000,0.00000000,0.00000000,0.00000000,0.05325444,0.08875740,1.00000000,1.00000000,0.94082840,0.61538462,0.06508876,0.01775148,0.00000000,1.00000000,1.00000000,1.00000000,1.00000000,0.00591716,0.00000000,0.01775148,0.46153846,0.33727811,0.00000000,0.00000000,0.00000000,0.00000000,0.00000000,0.00000000,0.00000000,0.00000000,0.00000000,0.00000000,0.00000000,0.00000000,0.00000000,0.00000000,0.00000000,0.00000000,0.00000000,0.00000000,0.00000000,0.00000000,0.00000000,0.00000000,0.00000000,0.00000000,0.00000000,0.00000000,0.00000000,0.00000000,0.00591716,0.00000000,0.00000000,0.00000000,0.00000000,0.00591716,0.04733728,0.95266272,0.00000000,0.00000000,0.00000000,0.00000000,0.55621302,0.18343195,0.06508876,0.00000000,0.00000000,0.85798817,0.00000000,0.00000000,0.00000000,0.00000000,0.00000000,0.00000000,0.04733728,0.04142012,0.92307692,0.99408284,0.00000000,1.00000000,0.00000000,0.42603550,0.95266272,0.39053254,0.00000000,1.00000000,0.00591716,0.14792899,0.98224852,0.53254438
0.00000000,0.00000000,0.00000000,0.00000000,0.00000000,0.00000000,0.00000000,0.00000000,0.00000000,0.00000000,0.00000000,0.00000000,0.00000000,0.00000000,0.00000000,0.00000000,0.00000000,0.00000000,0.00000000,0.00000000,0.00000000,0.02366864,0.00000000,0.00000000,0.00000000,0.00000000,0.00000000,0.00000000,0.00000000,0.00000000,0.00000000,0.86390533,0.99408284,0.37869822,0.51479290,0.05917160,0.26627219,0.00000000,0.00000000,0.00000000,0.00000000,0.00000000,0.00000000,0.91124260,0.69822485,0.30769231,0.24260355,1.00000000,0.00000000,0.00000000,0.00000000,0.16568047,0.33727811,1.00000000,1.00000000,0.98224852,0.94082840,0.56804734,0.23076923,1.00000000,0.00000000,1.00000000,1.00000000,1.00000000,0.09467456,0.00000000,0.68639053,0.94674556,0.57988166,0.00000000,0.00000000,0.00000000,0.00000000,0.00000000,0.00000000,0.00000000,0.00000000,0.00000000,0.00000000,0.00000000,0.00000000,0.00000000,0.00000000,0.00000000,0.00000000,0.00000000,0.00000000,0.00000000,0.00000000,0.00000000,0.00000000,0.00000000,0.00000000,0.00000000,0.00000000,0.00000000,0.00000000,0.00000000,0.00000000,0.00000000,0.00000000,0.00000000,0.00000000,0.02366864,0.78698225,0.00000000,0.00000000,0.00000000,0.00000000,0.53254438,0.27810651,0.04142012,0.00000000,0.00000000,0.72189349,0.00000000,0.00000000,0.00000000,0.00000000,0.00000000,0.00000000,0.01775148,0.03550296,0.65088757,0.99408284,0.00000000,0.99408284,0.00000000,0.23076923,0.93491124,0.11242604,0.00000000,1.00000000,0.00000000,0.78698225,1.00000000,0.97633136
0.00000000,0.00000000,0.00000000,0.00000000,0.00000000,0.00000000,0.00000000,0.00000000,0.00000000,0.00000000,0.00000000,0.00000000,0.00000000,0.00000000,0.00000000,0.00000000,0.00000000,0.00000000,0.00000000,0.00000000,0.00000000,0.00000000,0.00000000,0.00000000,0.00000000,0.00000000,0.00000000,0.00000000,0.00000000,0.00591716,0.15976331,1.00000000,0.77514793,0.21301775,0.17751479,0.23668639,0.30769231,0.00000000,0.00000000,0.00000000,0.00000000,0.00000000,0.00000000,1.00000000,0.97633136,0.89349112,0.69822485,1.00000000,0.00000000,0.00000000,0.00000000,0.67455621,0.90532544,1.00000000,0.94674556,1.00000000,1.00000000,0.97041420,0.84615385,1.00000000,1.00000000,0.00000000,1.00000000,1.00000000,0.83431953,0.05917160,0.99408284,0.99408284,0.66863905,0.00000000,0.00000000,0.00000000,0.00000000,0.00000000,0.00000000,0.00000000,0.00000000,0.00000000,0.00000000,0.00000000,0.00000000,0.00000000,0.00000000,0.00000000,0.00000000,0.00000000,0.00000000,0.00000000,0.00000000,0.00000000,0.00000000,0.00000000,0.00000000,0.00000000,0.00000000,0.00000000,0.00000000,0.00000000,0.00000000,0.00000000,0.00000000,0.00000000,0.00000000,0.00000000,0.41420118,0.00000000,0.00000000,0.00000000,0.00000000,0.39053254,0.24260355,0.01183432,0.00000000,0.00000000,0.40236686,0.00000000,0.00000000,0.00000000,0.00000000,0.00000000,0.00000000,0.01775148,0.01183432,0.40828402,0.99408284,0.00000000,0.98816568,0.00000000,0.03550296,0.75739645,0.00591716,0.00591716,1.00000000,0.00000000,1.00000000,1.00000000,1.00000000
0.00000000,0.00000000,0.00000000,0.00000000,0.00000000,0.00000000,0.00000000,0.00000000,0.00000000,0.00000000,0.00000000,0.00000000,0.00000000,0.00000000,0.00000000,0.00000000,0.00000000,0.00000000,0.00000000,0.00000000,0.00000000,0.60946746,0.00000000,0.36094675,0.00000000,0.00000000,0.07100592,0.00000000,0.00000000,0.00000000,0.00000000,0.62130178,1.00000000,0.94082840,0.63905325,0.02958580,0.08875740,0.00000000,0.00000000,0.00000000,0.00000000,0.00000000,0.00000000,0.56213018,0.51479290,0.26627219,0.04142012,1.00000000,0.00000000,0.00000000,0.00000000,0.01775148,0.06508876,0.99408284,1.00000000,0.88757396,0.56213018,0.33727811,0.20710059,1.00000000,1.00000000,1.00000000,0.00000000,1.00000000,0.06508876,0.00000000,0.35502959,0.94082840,0.92307692,0.00000000,0.00000000,0.00000000,0.00000000,0.00000000,0.00000000,0.00000000,0.00000000,0.00000000,0.00000000,0.00000000,0.00000000,0.00000000,0.00000000,0.00000000,0.00000000,0.00000000,0.00000000,0.00000000,0.00000000,0.00000000,0.00000000,0.00000000,0.00000000,0.00000000,0.00000000,0.00000000,0.00000000,0.08875740,0.04142012,0.00000000,0.00000000,0.00000000,0.35502959,0.00591716,0.35502959,0.00000000,0.00000000,0.00000000,0.00000000,0.22485207,0.39053254,0.49112426,0.15976331,0.00000000,1.00000000,0.00000000,0.00000000,0.00000000,0.00000000,0.00000000,0.00000000,0.00000000,0.01775148,0.28994083,0.92899408,0.00000000,1.00000000,0.00000000,0.73964497,0.99408284,0.78106509,0.00000000,1.00000000,0.07100592,0.44970414,0.98816568,0.92307692
0.00000000,0.00000000,0.00000000,0.00000000,0.00000000,0.00000000,0.00000000,0.00000000,0.00000000,0.00000000,0.00000000,0.00000000,0.00000000,0.00000000,0.00000000,0.00000000,0.00000000,0.00000000,0.00000000,0.00000000,0.00000000,0.26627219,0.00000000,0.05917160,0.00000000,0.00000000,0.00000000,0.00000000,0.00000000,0.00000000,0.11242604,0.97041420,1.00000000,0.88165680,0.09467456,0.01183432,0.05325444,0.00000000,0.00000000,0.00000000,0.00000000,0.00000000,0.00000000,0.84023669,0.91124260,0.83431953,0.07692308,1.00000000,0.00000000,0.00000000,0.00000000,0.05917160,0.28994083,0.96449704,0.90532544,0.84023669,0.78106509,0.86982249,0.86390533,1.00000000,1.00000000,1.00000000,1.00000000,0.00000000,0.62721893,0.05917160,1.00000000,1.00000000,0.98224852,0.00000000,0.00000000,0.00000000,0.00000000,0.00000000,0.00000000,0.00000000,0.00000000,0.00000000,0.00000000,0.00000000,0.00000000,0.00000000,0.00000000,0.00000000,0.00000000,0.00000000,0.00000000,0.00000000,0.00000000,0.00000000,0.00000000,0.00000000,0.00000000,0.00000000,0.00000000,0.00000000,0.00000000,0.02366864,0.00000000,0.00000000,0.00000000,0.00000000,0.02366864,0.00000000,0.13609467,0.00000000,0.00000000,0.00000000,0.00000000,0.23668639,0.45562130,0.43195266,0.07692308,0.00000000,1.00000000,0.00000000,0.00000000,0.00000000,0.00000000,0.00000000,0.00000000,0.00591716,0.00591716,0.07692308,0.89940828,0.00000000,1.00000000,0.00000000,0.47337278,0.98224852,0.49112426,0.00000000,1.00000000,0.00000000,0.93491124,1.00000000,1.00000000
0.00000000,0.00000000,0.00000000,0.00000000,0.00000000,0.00000000,0.00000000,0.00000000,0.00000000,0.00000000,0.00000000,0.00000000,0.00000000,0.00000000,0.00000000,0.00000000,0.00000000,0.00000000,0.00000000,0.00000000,0.00000000,0.01775148,0.27810651,0.00591716,0.04142012,0.18343195,0.01775148,0.08284024,0.00000000,0.63905325,0.98816568,1.00000000,0.20710059,0.28994083,0.00000000,0.00000000,0.00000000,0.00000000,0.00000000,0.00000000,0.00000000,0.00000000,0.00000000,0.71597633,0.99408284,0.98224852,0.00591716,0.94674556,0.00000000,0.00000000,0.00000000,0.01775148,0.13017751,0.00000000,0.00000000,0.15384615,0.59171598,0.91715976,0.99408284,0.00591716,0.09467456,0.83431953,0.06508876,0.62721893,0.00000000,0.91124260,1.00000000,1.00000000,0.97041420,0.00000000,0.00000000,0.00000000,0.00000000,0.00000000,0.00000000,0.00000000,0.00000000,0.00000000,0.00000000,0.00000000,0.00000000,0.00000000,0.00000000,0.00000000,0.00000000,0.00000000,0.00000000,0.00000000,0.00000000,0.00000000,0.00000000,0.00000000,0.00000000,0.00000000,0.00000000,0.00000000,0.00000000,0.01183432,0.00000000,0.00000000,0.00000000,0.00000000,0.11834320,0.00000000,0.00000000,0.00000000,0.00000000,0.00000000,0.00000000,0.00000000,0.02958580,0.71005917,0.25443787,0.00000000,0.95266272,0.00000000,0.00000000,0.00000000,0.00000000,0.00000000,0.00000000,0.00000000,0.00000000,0.00000000,0.01183432,0.00000000,0.93491124,0.00000000,0.24852071,0.76331361,0.36094675,0.02366864,1.00000000,0.00591716,0.95857988,1.00000000,1.00000000
0.00000000,0.01183432,0.00000000,0.00000000,0.00000000,0.00000000,0.00000000,0.00000000,0.00000000,0.04142012,0.00000000,0.00000000,0.00000000,0.00000000,0.00000000,0.00000000,0.00000000,0.00000000,0.00000000,0.00000000,0.01775148,0.21301775,0.99408284,0.07692308,0.93491124,0.99408284,0.27218935,0.94674556,0.23076923,1.00000000,1.00000000,0.92307692,0.22485207,0.83431953,0.00000000,0.00000000,0.00000000,0.00000000,0.00000000,0.00000000,0.00000000,0.00000000,0.00000000,0.51479290,0.95266272,0.98224852,0.00000000,0.49704142,0.00000000,0.00000000,0.00000000,0.00000000,0.02958580,0.00000000,0.00000000,0.00591716,0.24852071,0.86390533,1.00000000,0.00000000,0.00000000,0.05917160,0.00000000,0.05917160,0.91124260,0.00000000,0.75739645,0.97041420,0.99408284,0.00000000,0.00000000,0.00000000,0.00000000,0.00000000,0.00000000,0.00000000,0.00000000,0.00000000,0.00000000,0.00000000,0.00000000,0.00000000,0.00000000,0.00000000,0.00000000,0.00000000,0.00000000,0.00000000,0.00000000,0.00000000,0.00000000,0.00000000,0.00000000,0.00000000,0.00000000,0.02366864,0.01775148,0.38461538,0.07692308,0.00000000,0.02366864,0.00000000,0.80473373,0.00000000,0.00000000,0.00000000,0.00000000,0.00000000,0.00000000,0.00000000,0.00000000,0.35502959,0.49704142,0.00000000,0.42011834,0.00000000,0.00000000,0.00000000,0.00000000,0.00000000,0.00000000,0.00000000,0.00000000,0.00000000,0.00000000,0.00000000,0.98816568,0.00000000,0.14201183,0.61538462,0.32544379,0.52662722,1.00000000,0.36686391,1.00000000,1.00000000,1.00000000
0.00000000,0.00000000,0.00000000,0.00000000,0.00000000,0.00000000,0.00000000,0.00000000,0.00000000,0.00000000,0.00000000,0.00000000,0.00000000,0.00000000,0.00000000,0.00000000,0.00000000,0.00000000,0.00000000,0.00000000,0.00000000,0.04733728,0.10650888,0.01183432,0.00591716,0.03550296,0.02366864,0.00591716,0.00000000,0.40236686,0.99408284,1.00000000,0.41420118,0.54437870,0.00000000,0.00591716,0.00000000,0.00000000,0.00000000,0.00000000,0.00000000,0.00000000,0.00000000,0.81656805,0.98816568,0.98224852,0.02366864,1.00000000,0.00000000,0.00000000,0.00000000,0.04733728,0.27810651,0.01183432,0.00000000,0.18343195,0.62721893,0.97633136,0.99408284,0.01775148,0.68639053,0.99408284,0.35502959,1.00000000,1.00000000,0.75739645,0.00000000,1.00000000,1.00000000,0.00000000,0.00000000,0.00000000,0.00000000,0.00000000,0.00000000,0.00000000,0.00000000,0.00000000,0.00000000,0.00000000,0.00000000,0.00000000,0.00000000,0.00000000,0.00000000,0.00000000,0.00000000,0.00000000,0.00000000,0.00000000,0.00000000,0.00000000,0.00000000,0.00000000,0.00000000,0.00000000,0.00000000,0.00591716,0.00000000,0.00000000,0.00000000,0.00000000,0.03550296,0.00000000,0.00000000,0.00000000,0.00000000,0.00000000,0.00000000,0.00591716,0.04142012,0.55621302,0.17159763,0.00000000,0.95266272,0.00000000,0.00000000,0.00000000,0.00000000,0.00000000,0.00000000,0.00000000,0.00000000,0.00000000,0.02366864,0.00000000,0.97041420,0.00000000,0.12426036,0.71597633,0.18934911,0.02366864,1.00000000,0.00000000,0.98816568,1.00000000,0.99408284
0.00000000,0.00000000,0.00000000,0.00000000,0.00000000,0.00000000,0.00000000,0.00000000,0.00000000,0.00000000,0.00000000,0.00000000,0.00000000,0.00000000,0.00000000,0.00000000,0.00000000,0.00000000,0.00000000,0.00000000,0.00000000,0.64497041,0.29585799,0.37278107,0.10650888,0.18343195,0.27218935,0.10059172,0.00000000,0.68639053,1.00000000,1.00000000,0.94674556,1.00000000,0.00000000,0.01183432,0.00000000,0.00000000,0.00000000,0.00000000,0.00000000,0.00000000,0.00000000,0.78106509,1.00000000,1.00000000,0.01183432,1.00000000,0.00000000,0.00000000,0.00000000,0.01775148,0.27218935,0.04142012,0.00000000,0.11834320,0.56213018,1.00000000,1.00000000,0.46153846,0.94674556,0.99408284,0.94082840,1.00000000,1.00000000,0.97041420,1.00000000,0.00000000,1.00000000,0.00000000,0.00000000,0.00000000,0.00000000,0.00000000,0.00000000,0.00000000,0.00000000,0.00000000,0.00000000,0.00000000,0.00000000,0.00000000,0.00000000,0.00000000,0.00000000,0.00000000,0.00000000,0.00000000,0.00000000,0.00000000,0.00000000,0.00000000,0.00000000,0.00000000,0.00000000,0.00591716,0.00000000,0.10059172,0.00000000,0.00000000,0.00000000,0.00000000,0.44378698,0.00000000,0.00000000,0.00000000,0.00000000,0.00000000,0.00000000,0.00000000,0.03550296,0.78106509,0.52662722,0.00000000,0.98224852,0.00000000,0.00000000,0.00000000,0.00000000,0.00000000,0.00000000,0.00000000,0.00000000,0.00000000,0.00591716,0.00000000,1.00000000,0.00000000,0.29585799,0.91715976,0.44378698,0.21893491,1.00000000,0.07100592,1.00000000,1.00000000,1.00000000
0.00000000,0.00000000,0.00000000,0.00000000,0.00000000,0.00000000,0.00000000,0.00000000,0.00000000,0.00000000,0.00000000,0.00000000,0.00000000,0.00000000,0.00000000,0.00000000,0.00000000,0.00000000,0.00000000,0.00591716,0.00000000,1.00000000,0.42603550,0.91715976,0.23076923,0.20710059,0.83431953,0.24852071,0.00000000,0.76331361,1.00000000,0.95266272,1.00000000,1.00000000,0.00000000,0.00000000,0.00000000,0.00000000,0.00000000,0.00000000,0.00000000,0.00000000,0.00000000,0.31360947,0.90532544,0.93491124,0.00000000,1.00000000,0.00000000,0.00000000,0.00000000,0.00000000,0.07692308,0.01183432,0.00591716,0.01775148,0.10650888,0.90532544,1.00000000,0.33727811,0.57988166,0.66863905,0.92307692,0.98224852,0.97041420,0.99408284,1.00000000,1.00000000,0.00000000,0.00000000,0.00000000,0.00000000,0.00000000,0.00000000,0.00000000,0.00000000,0.00000000,0.00000000,0.00000000,0.00000000,0.00000000,0.00000000,0.00000000,0.00000000,0.00000000,0.00000000,0.00000000,0.00000000,0.00000000,0.00000000,0.00000000,0.00000000,0.00000000,0.00000000,0.00591716,0.05917160,0.03550296,0.81065089,0.18934911,0.00000000,0.03550296,0.00000000,0.95857988,0.00000000,0.00000000,0.00000000,0.00000000,0.00000000,0.00000000,0.00000000,0.00591716,0.84615385,0.88165680,0.00000000,0.96449704,0.00000000,0.00000000,0.00000000,0.00000000,0.00000000,0.00000000,0.00000000,0.00000000,0.00000000,0.00591716,0.00000000,1.00000000,0.00000000,0.53846154,0.97041420,0.75147929,0.45562130,1.00000000,0.12426036,1.00000000,1.00000000,1.00000000
0.00000000,0.00000000,0.00000000,0.00000000,0.00000000,0.00000000,0.00000000,0.00000000,0.00000000,0.00000000,0.00000000,0.00000000,0.00000000,0.00000000,0.00000000,0.00000000,0.00000000,0.00000000,0.00000000,0.00000000,0.00000000,0.00000000,0.00000000,0.00000000,0.00000000,0.00000000,0.00000000,0.00000000,0.00000000,0.00000000,0.00000000,0.00000000,0.00000000,0.00000000,0.00000000,0.00000000,0.00000000,0.00000000,0.00000000,0.00000000,0.00000000,0.00000000,0.00000000,0.00000000,0.00000000,0.00000000,0.00000000,0.00000000,0.00000000,0.00000000,0.00000000,0.00000000,0.00000000,0.00000000,0.00000000,0.00000000,0.00000000,0.00000000,0.00000000,0.00000000,0.00000000,0.00000000,0.00000000,0.00000000,0.00000000,0.00000000,0.00000000,0.00000000,0.00000000,0.00000000,1.00000000,1.00000000,0.99408284,1.00000000,1.00000000,0.97041420,0.86390533,0.82248521,0.86390533,0.87573964,0.75739645,0.71597633,0.75739645,0.98224852,0.80473373,1.00000000,0.99408284,0.78698225,0.22485207,1.00000000,0.99408284,0.98816568,0.00591716,0.02366864,0.00591716,0.01775148,0.01183432,0.00591716,0.00000000,0.00591716,0.00000000,0.04733728,0.00000000,0.00591716,0.00000000,0.76923077,0.98224852,0.82840237,0.40236686,0.00000000,0.00000000,0.00000000,0.00000000,0.52662722,0.00000000,0.99408284,0.85798817,0.89349112,0.65680473,0.37869822,0.30769231,0.00000000,0.00000000,0.00000000,0.00000000,0.68047337,0.00591716,0.99408284,0.15384615,0.98224852,0.96449704,0.00000000,0.00000000,0.13017751,0.00000000,0.00000000,0.04733728
0.00000000,0.00000000,0.00000000,0.00000000,0.00000000,0.00000000,0.00000000,0.00000000,0.00000000,0.00000000,0.00000000,0.00000000,0.00000000,0.00000000,0.00000000,0.00000000,0.00000000,0.00000000,0.00000000,0.00000000,0.00000000,0.00000000,0.00000000,0.00000000,0.00000000,0.00000000,0.00000000,0.00000000,0.00000000,0.00000000,0.00000000,0.00000000,0.00000000,0.00000000,0.00000000,0.00000000,0.00000000,0.00000000,0.00000000,0.00000000,0.00000000,0.00000000,0.00000000,0.00000000,0.00000000,0.00000000,0.00000000,0.00000000,0.00000000,0.00000000,0.00000000,0.00000000,0.00000000,0.00000000,0.00000000,0.00000000,0.00000000,0.00000000,0.00000000,0.00000000,0.00000000,0.00000000,0.00000000,0.00000000,0.00000000,0.00000000,0.00000000,0.00000000,0.00000000,1.00000000,0.00000000,1.00000000,1.00000000,0.91124260,0.91715976,0.92899408,0.63905325,0.75739645,0.87573964,0.75739645,0.47928994,0.65680473,0.37869822,0.98816568,0.42011834,1.00000000,0.99408284,0.64497041,0.11834320,0.98816568,1.00000000,0.96449704,0.05325444,0.08875740,0.05325444,0.05325444,0.08875740,0.00000000,0.00000000,0.01775148,0.00000000,0.21893491,0.00000000,0.00000000,0.00000000,0.63313609,0.98224852,0.68047337,0.16568047,0.00000000,0.00000000,0.00591716,0.00591716,0.46745562,0.00000000,0.99408284,0.69230769,0.81065089,0.52071006,0.36094675,0.37278107,0.00000000,0.00000000,0.00000000,0.00000000,0.50887574,0.02958580,0.97633136,0.31360947,0.97633136,0.92899408,0.00000000,0.00000000,0.00591716,0.00000000,0.00000000,0.00000000
0.00000000,0.00000000,0.00000000,0.00000000,0.00000000,0.00000000,0.00000000,0.00000000,0.00000000,0.00000000,0.00000000,0.00000000,0.00000000,0.00000000,0.00000000,0.00000000,0.00000000,0.00000000,0.00000000,0.00000000,0.00000000,0.00000000,0.00000000,0.00000000,0.00000000,0.00000000,0.00000000,0.00000000,0.00000000,0.00000000,0.00000000,0.00000000,0.00000000,0.00000000,0.00000000,0.00000000,0.00000000,0.00000000,0.00000000,0.00000000,0.00000000,0.00000000,0.00000000,0.00000000,0.00000000,0.00000000,0.00000000,0.00000000,0.00000000,0.00000000,0.00000000,0.00000000,0.00000000,0.00000000,0.00000000,0.00000000,0.00000000,0.00000000,0.00000000,0.00000000,0.00000000,0.00000000,0.00000000,0.00000000,0.00000000,0.00000000,0.00000000,0.00000000,0.00000000,1.00000000,1.00000000,0.00000000,1.00000000,1.00000000,1.00000000,1.00000000,1.00000000,0.98816568,1.00000000,0.98816568,0.97041420,0.94674556,0.91715976,1.00000000,0.97633136,0.99408284,0.99408284,0.95266272,0.50295858,1.00000000,0.96449704,1.00000000,0.00591716,0.00000000,0.00000000,0.00000000,0.00000000,0.00000000,0.00000000,0.00000000,0.00000000,0.00000000,0.00000000,0.00000000,0.00000000,0.34911243,0.89349112,0.40236686,0.05325444,0.00000000,0.00000000,0.00000000,0.00000000,0.34911243,0.00000000,0.56804734,0.51479290,0.85207101,0.47928994,0.55621302,0.66863905,0.00000000,0.00000000,0.00000000,0.00000000,0.71597633,0.00000000,1.00000000,0.41420118,0.99408284,0.99408284,0.00000000,0.00000000,0.31360947,0.00000000,0.00000000,0.18343195
0.00000000,0.00000000,0.00000000,0.00000000,0.00000000,0.00000000,0.00000000,0.00000000,0.00000000,0.00000000,0.00000000,0.00000000,0.00000000,0.00000000,0.00000000,0.00000000,0.00000000,0.00000000,0.00000000,0.00000000,0.00000000,0.00000000,0.00000000,0.00000000,0.00000000,0.00000000,0.00000000,0.00000000,0.00000000,0.00000000,0.00000000,0.00000000,0.00000000,0.00000000,0.00000000,0.00000000,0.00000000,0.00000000,0.00000000,0.00000000,0.00000000,0.00000000,0.00000000,0.00000000,0.00000000,0.00000000,0.00000000,0.00000000,0.00000000,0.00000000,0.00000000,0.00000000,0.00000000,0.00000000,0.00000000,0.00000000,0.00000000,0.00000000,0.00000000,0.00000000,0.00000000,0.00000000,0.00000000,0.00000000,0.00000000,0.00000000,0.00000000,0.00000000,0.00000000,0.99408284,1.00000000,1.00000000,0.00000000,1.00000000,1.00000000,1.00000000,0.99408284,1.00000000,1.00000000,1.00000000,0.96449704,1.00000000,0.84615385,1.00000000,0.74556213,0.99408284,1.00000000,0.98224852,0.27810651,1.00000000,0.89940828,0.99408284,0.00591716,0.00000000,0.00000000,0.00000000,0.00000000,0.00000000,0.00000000,0.00000000,0.00000000,0.00000000,0.00000000,0.00000000,0.00000000,0.02366864,0.60355030,0.05917160,0.00000000,0.00000000,0.00000000,0.00000000,0.00000000,0.24852071,0.00000000,0.31952663,0.04733728,0.49704142,0.06508876,0.24260355,0.57396450,0.00000000,0.00000000,0.00000000,0.00000000,0.59171598,0.00000000,0.98816568,0.42603550,0.99408284,0.98816568,0.00000000,0.00000000,0.02366864,0.00000000,0.00000000,0.04142012
0.00000000,0.00000000,0.00000000,0.00000000,0.00000000,0.00000000,0.00000000,0.00000000,0.00000000,0.00000000,0.00000000,0.00000000,0.00000000,0.00000000,0.00000000,0.00000000,0.00000000,0.00000000,0.00000000,0.00000000,0.00000000,0.00000000,0.00000000,0.00000000,0.00000000,0.00000000,0.00000000,0.00000000,0.00000000,0.00000000,0.00000000,0.00000000,0.00000000,0.00000000,0.00000000,0.00000000,0.00000000,0.00000000,0.00000000,0.00000000,0.00000000,0.00000000,0.00000000,0.00000000,0.00000000,0.00000000,0.00000000,0.00000000,0.00000000,0.00000000,0.00000000,0.00000000,0.00000000,0.00000000,0.00000000,0.00000000,0.00000000,0.00000000,0.00000000,0.00000000,0.00000000,0.00000000,0.00000000,0.00000000,0.00000000,0.00000000,0.00000000,0.00000000,0.00000000,1.00000000,0.91124260,1.00000000,1.00000000,0.00000000,1.00000000,1.00000000,1.00000000,0.90532544,0.85207101,0.98816568,1.00000000,0.71005917,1.00000000,0.95266272,1.00000000,0.92899408,0.89940828,0.89349112,0.84615385,1.00000000,0.79289941,0.98816568,0.00000000,0.00000000,0.00000000,0.00000000,0.00000000,0.00000000,0.00000000,0.00000000,0.00000000,0.00000000,0.00000000,0.00000000,0.00000000,0.39053254,0.94674556,0.40828402,0.07692308,0.00000000,0.00000000,0.00000000,0.00000000,0.15976331,0.00000000,0.26627219,0.52662722,0.88165680,0.60946746,0.61538462,0.59763314,0.00000000,0.00000000,0.00000000,0.00000000,0.71005917,0.00000000,1.00000000,0.32544379,0.99408284,0.98816568,0.00000000,0.00000000,0.53254438,0.00000000,0.00000000,0.31360947
0.00000000,0.00000000,0.00000000,0.00000000,0.00000000,0.00000000,0.00000000,0.00000000,0.00000000,0.00000000,0.00000000,0.00000000,0.00000000,0.00000000,0.00000000,0.00000000,0.00000000,0.00000000,0.00000000,0.00000000,0.00000000,0.00000000,0.00000000,0.00000000,0.00000000,0.00000000,0.00000000,0.00000000,0.00000000,0.00000000,0.00000000,0.00000000,0.00000000,0.00000000,0.00000000,0.00000000,0.00000000,0.00000000,0.00000000,0.00000000,0.00000000,0.00000000,0.00000000,0.00000000,0.00000000,0.00000000,0.00000000,0.00000000,0.00000000,0.00000000,0.00000000,0.00000000,0.00000000,0.00000000,0.00000000,0.00000000,0.00000000,0.00000000,0.00000000,0.00000000,0.00000000,0.00000000,0.00000000,0.00000000,0.00000000,0.00000000,0.00000000,0.00000000,0.00000000,1.00000000,0.91715976,1.00000000,1.00000000,1.00000000,0.00000000,1.00000000,1.00000000,0.98816568,0.98224852,1.00000000,1.00000000,0.95857988,0.97041420,0.98224852,0.99408284,0.73372781,0.78698225,0.97633136,0.71597633,0.98224852,0.59171598,0.96449704,0.01775148,0.00000000,0.00000000,0.00000000,0.00000000,0.00000000,0.00000000,0.00000000,0.00000000,0.00000000,0.00000000,0.00000000,0.00000000,0.00591716,0.61538462,0.06508876,0.00000000,0.00000000,0.00000000,0.00000000,0.00000000,0.09467456,0.00000000,0.07692308,0.04733728,0.60355030,0.06508876,0.30769231,0.71005917,0.00000000,0.00000000,0.00000000,0.00000000,0.67455621,0.00000000,0.98816568,0.49112426,0.99408284,0.98224852,0.00000000,0.00000000,0.17159763,0.00000000,0.00000000,0.11242604
0.00000000,0.00000000,0.00000000,0.00000000,0.00000000,0.00000000,0.00000000,0.00000000,0.00000000,0.00000000,0.00000000,0.00000000,0.00000000,0.00000000,0.00000000,0.00000000,0.00000000,0.00000000,0.00000000,0.00000000,0.00000000,0.00000000,0.00000000,0.00000000,0.00000000,0.00000000,0.00000000,0.00000000,0.00000000,0.00000000,0.00000000,0.00000000,0.00000000,0.00000000,0.00000000,0.00000000,0.00000000,0.00000000,0.00000000,0.00000000,0.00000000,0.00000000,0.00000000,0.00000000,0.00000000,0.00000000,0.00000000,0.00000000,0.00000000,0.00000000,0.00000000,0.00000000,0.00000000,0.00000000,0.00000000,0.00000000,0.00000000,0.00000000,0.00000000,0.00000000,0.00000000,0.00000000,0.00000000,0.00000000,0.00000000,0.00000000,0.00000000,0.00000000,0.00000000,0.97041420,0.92899408,1.00000000,1.00000000,1.00000000,1.00000000,0.00000000,1.00000000,1.00000000,1.00000000,1.00000000,1.00000000,1.00000000,0.97041420,1.00000000,0.99408284,0.89349112,0.91124260,0.99408284,0.60355030,0.99408284,0.69230769,0.98816568,0.01183432,0.00000000,0.00000000,0.00000000,0.00000000,0.00000000,0.00000000,0.00000000,0.00000000,0.00000000,0.00000000,0.00000000,0.00000000,0.00000000,0.36094675,0.01775148,0.00000000,0.00000000,0.00000000,0.00000000,0.00000000,0.29585799,0.00000000,0.15976331,0.00000000,0.40236686,0.01183432,0.18934911,0.71005917,0.00000000,0.00000000,0.00000000,0.00000000,0.67455621,0.00000000,0.99408284,0.62721893,0.99408284,0.99408284,0.00000000,0.00000000,0.07692308,0.00000000,0.00000000,0.08284024
0.00000000,0.00000000,0.00000000,0.00000000,0.00000000,0.00000000,0.00000000,0.00000000,0.00000000,0.00000000,0.00000000,0.00000000,0.00000000,0.00000000,0.00000000,0.01775148,0.00000000,0.00000000,0.00000000,0.00000000,0.00000000,0.00000000,0.00000000,0.00000000,0.00000000,0.00000000,0.00000000,0.00000000,0.00000000,0.00000000,0.00000000,0.00000000,0.00000000,0.00000000,0.00000000,0.00000000,0.00000000,0.00000000,0.00000000,0.00000000,0.00000000,0.00000000,0.00000000,0.00000000,0.00000000,0.00000000,0.00000000,0.00000000,0.00000000,0.00000000,0.00000000,0.00000000,0.00000000,0.00000000,0.00000000,0.00000000,0.00000000,0.00000000,0.00000000,0.00000000,0.00000000,0.00000000,0.00000000,0.00000000,0.00000000,0.00000000,0.00000000,0.00000000,0.00000000,0.86390533,0.63905325,1.00000000,0.99408284,1.00000000,1.00000000,1.00000000,0.00000000,0.50887574,0.34319527,0.98816568,1.00000000,0.45562130,1.00000000,0.52662722,1.00000000,0.23668639,0.23668639,0.94082840,0.93491124,0.74556213,0.24260355,0.92899408,0.00000000,0.00000000,0.00000000,0.00000000,0.00000000,0.00000000,0.00000000,0.00000000,0.00000000,0.00000000,0.00000000,0.00000000,0.00000000,0.03550296,0.51479290,0.11834320,0.00591716,0.00000000,0.00000000,0.00000000,0.00000000,0.11834320,0.00000000,0.01775148,0.06508876,0.56804734,0.07100592,0.24260355,0.43786982,0.00000000,0.00000000,0.00000000,0.00000000,0.51479290,0.00000000,0.98816568,0.24260355,0.98816568,0.93491124,0.00000000,0.00000000,0.36686391,0.00000000,0.00000000,0.25443787
0.00000000,0.00000000,0.00000000,0.00000000,0.00000000,0.00000000,0.00000000,0.00000000,0.00000000,0.00000000,0.00000000,0.00000000,0.00000000,0.00000000,0.00000000,0.00000000,0.00000000,0.00000000,0.00000000,0.00000000,0.00000000,0.00000000,0.00000000,0.00000000,0.00000000,0.00000000,0.00000000,0.00000000,0.00000000,0.00000000,0.00000000,0.00000000,0.00000000,0.00000000,0.00000000,0.00000000,0.00000000,0.00000000,0.00000000,0.00000000,0.00000000,0.00000000,0.00000000,0.00000000,0.00000000,0.00000000,0.00000000,0.00000000,0.00000000,0.00000000,0.00000000,0.00000000,0.00000000,0.00000000,0.00000000,0.00000000,0.00000000,0.00000000,0.00000000,0.00000000,0.00000000,0.00000000,0.00000000,0.00000000,0.00000000,0.00000000,0.00000000,0.00000000,0.00000000,0.82248521,0.75739645,0.98816568,1.00000000,0.90532544,0.98816568,1.00000000,0.50887574,0.00000000,1.00000000,1.00000000,0.73964497,1.00000000,0.65088757,1.00000000,0.43786982,0.92307692,0.91124260,0.94082840,0.14792899,0.98816568,0.59763314,0.92899408,0.00000000,0.00000000,0.00000000,0.00000000,0.00000000,0.00000000,0.00000000,0.00000000,0.00000000,0.00000000,0.00000000,0.00000000,0.00000000,0.00000000,0.01775148,0.00000000,0.00000000,0.00000000,0.00000000,0.00000000,0.00000000,0.12426036,0.00000000,0.06508876,0.00000000,0.04733728,0.00000000,0.00591716,0.14792899,0.00000000,0.00000000,0.00000000,0.00000000,0.13609467,0.00000000,0.84023669,0.14792899,0.98816568,0.78698225,0.00000000,0.00000000,0.00000000,0.00000000,0.00000000,0.01183432
0.00000000,0.00000000,0.00000000,0.00000000,0.00000000,0.00000000,0.00000000,0.00000000,0.00000000,0.00000000,0.00000000,0.00000000,0.00000000,0.00000000,0.00000000,0.00000000,0.00000000,0.00000000,0.00000000,0.00000000,0.00000000,0.00000000,0.00000000,0.00000000,0.00000000,0.00000000,0.00000000,0.00000000,0.00000000,0.00000000,0.00000000,0.00000000,0.00000000,0.00000000,0.00000000,0.00000000,0.00000000,0.00000000,0.00000000,0.00000000,0.00000000,0.00000000,0.00000000,0.00000000,0.00000000,0.00000000,0.00000000,0.00000000,0.00000000,0.00000000,0.00000000,0.00000000,0.00000000,0.00000000,0.00000000,0.00000000,0.00000000,0.00000000,0.00000000,0.00000000,0.00000000,0.00000000,0.00000000,0.00000000,0.00000000,0.00000000,0.00000000,0.00000000,0.00000000,0.86390533,0.87573964,1.00000000,1.00000000,0.85207101,0.98224852,1.00000000,0.34319527,1.00000000,0.00000000,1.00000000,0.57988166,1.00000000,0.69230769,1.00000000,0.27810651,1.00000000,0.99408284,0.99408284,0.18343195,1.00000000,0.83431953,0.98224852,0.01183432,0.00000000,0.00000000,0.00000000,0.00000000,0.00000000,0.00000000,0.00000000,0.00000000,0.00000000,0.00000000,0.00000000,0.00000000,0.00000000,0.04142012,0.00000000,0.00000000,0.00000000,0.00000000,0.00000000,0.00000000,0.19526627,0.00000000,0.10650888,0.00000000,0.06508876,0.00000000,0.00591716,0.31360947,0.00000000,0.00000000,0.00000000,0.00000000,0.29585799,0.00000000,0.90532544,0.30177515,0.98224852,0.94082840,0.00000000,0.00000000,0.01183432,0.00000000,0.00000000,0.02958580
0.00000000,0.00000000,0.00000000,0.00000000,0.00000000,0.00000000,0.00000000,0.00000000,0.00000000,0.00000000,0.00000000,0.00591716,0.00000000,0.00000000,0.00000000,0.00591716,0.00000000,0.00000000,0.00000000,0.00000000,0.00000000,0.00000000,0.00000000,0.00000000,0.00000000,0.00000000,0.00000000,0.00000000,0.00000000,0.00000000,0.00000000,0.00000000,0.00000000,0.00000000,0.00000000,0.00000000,0.00000000,0.00000000,0.00000000,0.00000000,0.00000000,0.00000000,0.00000000,0.00000000,0.00000000,0.00000000,0.00000000,0.00000000,0.00000000,0.00000000,0.00000000,0.00000000,0.00000000,0.00000000,0.00000000,0.00000000,0.00000000,0.00000000,0.00000000,0.00000000,0.00000000,0.00000000,0.00000000,0.00000000,0.00000000,0.00000000,0.00000000,0.00000000,0.00000000,0.87573964,0.75739645,0.98816568,1.00000000,0.98816568,1.00000000,1.00000000,0.98816568,1.00000000,1.00000000,0.00000000,1.00000000,1.00000000,0.99408284,1.00000000,0.99408284,0.85207101,0.85207101,1.00000000,0.97041420,1.00000000,0.63313609,0.99408284,0.04733728,0.01775148,0.00000000,0.00000000,0.00000000,0.00000000,0.00000000,0.00000000,0.00000000,0.00000000,0.00000000,0.00000000,0.00000000,0.00000000,0.10650888,0.00591716,0.00000000,0.00000000,0.00000000,0.00000000,0.00000000,0.49704142,0.00000000,0.13609467,0.00000000,0.15384615,0.00000000,0.05325444,0.50887574,0.00000000,0.00000000,0.00000000,0.00000000,0.52071006,0.00000000,0.98816568,0.56804734,0.99408284,0.97633136,0.00000000,0.00000000,0.12426036,0.00000000,0.00000000,0.15976331
0.00000000,0.00000000,0.04142012,0.00000000,0.00000000,0.16568047,0.00000000,0.00000000,0.00000000,0.00000000,0.31952663,0.03550296,0.00000000,0.00000000,0.00591716,0.10650888,0.01775148,0.04142012,0.01183432,0.01183432,0.00000000,0.00000000,0.00000000,0.00000000,0.00000000,0.00000000,0.00000000,0.00000000,0.00000000,0.00000000,0.00000000,0.00000000,0.00000000,0.00000000,0.00000000,0.00000000,0.00000000,0.00000000,0.00000000,0.00000000,0.00591716,0.00000000,0.00000000,0.00000000,0.00000000,0.00000000,0.00000000,0.00000000,0.00000000,0.00000000,0.00000000,0.00000000,0.00000000,0.00000000,0.00000000,0.00000000,0.00000000,0.00000000,0.00000000,0.00000000,0.00000000,0.00000000,0.00000000,0.00000000,0.00000000,0.00000000,0.00000000,0.00000000,0.00000000,0.75739645,0.47928994,0.97041420,0.96449704,1.00000000,1.00000000,1.00000000,1.00000000,0.73964497,0.57988166,1.00000000,0.00000000,0.89940828,1.00000000,0.80473373,1.00000000,0.52662722,0.45562130,1.00000000,1.00000000,0.97041420,0.40828402,0.99408284,0.04733728,0.01775148,0.00000000,0.00000000,0.00000000,0.00000000,0.00000000,0.00000000,0.00000000,0.00000000,0.00000000,0.00000000,0.00000000,0.00000000,0.31360947,0.02366864,0.00000000,0.00000000,0.00000000,0.00000000,0.00000000,0.38461538,0.00000000,0.05917160,0.00591716,0.31952663,0.00000000,0.13017751,0.42011834,0.00000000,0.00000000,0.00000000,0.00000000,0.45562130,0.00000000,1.00000000,0.44378698,0.99408284,0.97633136,0.00000000,0.00000000,0.37278107,0.00000000,0.00591716,0.19526627
0.00000000,0.00000000,0.00000000,0.00000000,0.00000000,0.00000000,0.00000000,0.00000000,0.00000000,0.00000000,0.00000000,0.00000000,0.00000000,0.00000000,0.00000000,0.00000000,0.00000000,0.00000000,0.00000000,0.00000000,0.00000000,0.00000000,0.00000000,0.00000000,0.00000000,0.00000000,0.00000000,0.00000000,0.00000000,0.00000000,0.00000000,0.00000000,0.00000000,0.00000000,0.00000000,0.00000000,0.00000000,0.00000000,0.00000000,0.00000000,0.00000000,0.00000000,0.00000000,0.00000000,0.00000000,0.00000000,0.00000000,0.00000000,0.00000000,0.00000000,0.00000000,0.00000000,0.00000000,0.00000000,0.00000000,0.00000000,0.00000000,0.00000000,0.00000000,0.00000000,0.00000000,0.00000000,0.00000000,0.00000000,0.00000000,0.00000000,0.00000000,0.00000000,0.00000000,0.71597633,0.65680473,0.94674556,1.00000000,0.71005917,0.95857988,1.00000000,0.45562130,1.00000000,1.00000000,1.00000000,0.89940828,0.00000000,0.85207101,1.00000000,0.69822485,0.94674556,0.96449704,1.00000000,0.42603550,1.00000000,0.63905325,0.99408284,0.00591716,0.00000000,0.00000000,0.00000000,0.00000000,0.00000000,0.00000000,0.00000000,0.00000000,0.00000000,0.00000000,0.00000000,0.00000000,0.00000000,0.01775148,0.00000000,0.00000000,0.00000000,0.00000000,0.00000000,0.00000000,0.27218935,0.00000000,0.07100592,0.00000000,0.01183432,0.00000000,0.00591716,0.23076923,0.00000000,0.00000000,0.00000000,0.00000000,0.20710059,0.00000000,0.95857988,0.31360947,0.99408284,0.95266272,0.00000000,0.00000000,0.02958580,0.00000000,0.00000000,0.05325444
0.04733728,0.00591716,0.10650888,0.00000000,0.01183432,0.20710059,0.01183432,0.01183432,0.03550296,0.07100592,0.36094675,0.18343195,0.10059172,0.08875740,0.15384615,0.32544379,0.44970414,0.31952663,0.74556213,0.76923077,0.00000000,0.00000000,0.00000000,0.00000000,0.00000000,0.00000000,0.00000000,0.00000000,0.00000000,0.00000000,0.00000000,0.00000000,0.00000000,0.00000000,0.00000000,0.00000000,0.00000000,0.00000000,0.00000000,0.00000000,0.00000000,0.00000000,0.00000000,0.00000000,0.00000000,0.00000000,0.00000000,0.00000000,0.00000000,0.00000000,0.00000000,0.00000000,0.00000000,0.00000000,0.00000000,0.00000000,0.00000000,0.00000000,0.00000000,0.00000000,0.00000000,0.00000000,0.00000000,0.00000000,0.00000000,0.00000000,0.00000000,0.00000000,0.00000000,0.75739645,0.37869822,0.91715976,0.84615385,1.00000000,0.97041420,0.97041420,1.00000000,0.65088757,0.69230769,0.99408284,1.00000000,0.85207101,0.00000000,0.81656805,1.00000000,0.60355030,0.58579882,1.00000000,1.00000000,0.97633136,0.72781065,1.00000000,0.05325444,0.06508876,0.00591716,0.00000000,0.00000000,0.00591716,0.00000000,0.00000000,0.00000000,0.00591716,0.00000000,0.00591716,0.00000000,0.23076923,0.62130178,0.85207101,0.09467456,0.00000000,0.00000000,0.00000000,0.00000000,1.00000000,0.00000000,0.15976331,0.21893491,0.35502959,0.16568047,0.15384615,0.24852071,0.00000000,0.00000000,0.00000000,0.00000000,0.44970414,0.01183432,1.00000000,0.29585799,0.94082840,0.96449704,0.00000000,0.00000000,0.97041420,0.00591716,0.00591716,0.62130178
0.00000000,0.00000000,0.00000000,0.00000000,0.00000000,0.00000000,0.00000000,0.00000000,0.00000000,0.00000000,0.00000000,0.00000000,0.00000000,0.00000000,0.00000000,0.00000000,0.00000000,0.00000000,0.00000000,0.00000000,0.00000000,0.00000000,0.00000000,0.00000000,0.00000000,0.00000000,0.00000000,0.00000000,0.00000000,0.00000000,0.00000000,0.00000000,0.00000000,0.00000000,0.00000000,0.00000000,0.00000000,0.00000000,0.00000000,0.00000000,0.00000000,0.00000000,0.00000000,0.00000000,0.00000000,0.00000000,0.00000000,0.00000000,0.00000000,0.00000000,0.00000000,0.00000000,0.00000000,0.00000000,0.00000000,0.00000000,0.00000000,0.00000000,0.00000000,0.00000000,0.00000000,0.00000000,0.00000000,0.00000000,0.00000000,0.00000000,0.00000000,0.00000000,0.00000000,0.98224852,0.98816568,1.00000000,1.00000000,0.95266272,0.98224852,1.00000000,0.52662722,1.00000000,1.00000000,1.00000000,0.80473373,1.00000000,0.81656805,0.00000000,0.61538462,1.00000000,1.00000000,1.00000000,0.42603550,1.00000000,0.99408284,0.99408284,0.09467456,0.04733728,0.00000000,0.00000000,0.00000000,0.00000000,0.00000000,0.00000000,0.00000000,0.00000000,0.00000000,0.00000000,0.00000000,0.00000000,0.14201183,0.00591716,0.00000000,0.00000000,0.00000000,0.00000000,0.00000000,0.55621302,0.00000000,0.45562130,0.00000000,0.18343195,0.00000000,0.07100592,0.56804734,0.00000000,0.00000000,0.00000000,0.00000000,0.53846154,0.00000000,0.97041420,0.59763314,0.99408284,0.98816568,0.00000000,0.00000000,0.03550296,0.00000000,0.00000000,0.06508876
0.00000000,0.00000000,0.00000000,0.00000000,0.00000000,0.07100592,0.00000000,0.00000000,0.00000000,0.00000000,0.05917160,0.00000000,0.00000000,0.00000000,0.00000000,0.27810651,0.00591716,0.00591716,0.02958580,0.00000000,0.00000000,0.00000000,0.00000000,0.00000000,0.00000000,0.00000000,0.00000000,0.00000000,0.00000000,0.00000000,0.00000000,0.00000000,0.00000000,0.00000000,0.00000000,0.00000000,0.00000000,0.00000000,0.00000000,0.00000000,0.00000000,0.00000000,0.00000000,0.00000000,0.00000000,0.00000000,0.00000000,0.00000000,0.00000000,0.00000000,0.00000000,0.00000000,0.00000000,0.00000000,0.00000000,0.00000000,0.00000000,0.00000000,0.00000000,0.00000000,0.00000000,0.00000000,0.00000000,0.00000000,0.00000000,0.00000000,0.00000000,0.00000000,0.00000000,0.80473373,0.42011834,0.97633136,0.74556213,1.00000000,0.99408284,0.99408284,1.00000000,0.43786982,0.27810651,0.99408284,1.00000000,0.69822485,1.00000000,0.61538462,0.00000000,0.37869822,0.31360947,1.00000000,1.00000000,0.91124260,0.41420118,1.00000000,0.01775148,0.03550296,0.00000000,0.00000000,0.00000000,0.00000000,0.00000000,0.00000000,0.00000000,0.00000000,0.00000000,0.00000000,0.00000000,0.03550296,0.39644970,0.13017751,0.00000000,0.00000000,0.00000000,0.00000000,0.00000000,0.66863905,0.00000000,0.03550296,0.04733728,0.33727811,0.05917160,0.10650888,0.25443787,0.00000000,0.00000000,0.00000000,0.00000000,0.32544379,0.00000000,0.99408284,0.22485207,0.95857988,0.95266272,0.00000000,0.00000000,0.65680473,0.00000000,0.00000000,0.36094675
0.00000000,0.00000000,0.00000000,0.00000000,0.00000000,0.00000000,0.00000000,0.00000000,0.00000000,0.00000000,0.00000000,0.00000000,0.00000000,0.00000000,0.00000000,0.00000000,0.00000000,0.00000000,0.00000000,0.00000000,0.00000000,0.00000000,0.00000000,0.00000000,0.00000000,0.00000000,0.00000000,0.00000000,0.00000000,0.00000000,0.00000000,0.00000000,0.00000000,0.00000000,0.00000000,0.00000000,0.00000000,0.00000000,0.00000000,0.00000000,0.00000000,0.00000000,0.00000000,0.00000000,0.00000000,0.00000000,0.00000000,0.00000000,0.00000000,0.00000000,0.00000000,0.00000000,0.00000000,0.00000000,0.00000000,0.00000000,0.00000000,0.00000000,0.00000000,0.00000000,0.00000000,0.00000000,0.00000000,0.00000000,0.00000000,0.00000000,0.00000000,0.00000000,0.00000000,1.00000000,1.00000000,0.99408284,0.99408284,0.92899408,0.73372781,0.89349112,0.23668639,0.92307692,1.00000000,0.85207101,0.52662722,0.94674556,0.60355030,1.00000000,0.37869822,0.00000000,1.00000000,0.94082840,0.37278107,1.00000000,1.00000000,1.00000000,0.36094675,0.39053254,0.00000000,0.01775148,0.01775148,0.00000000,0.00000000,0.01775148,0.00000000,0.11834320,0.00000000,0.00000000,0.00000000,0.02958580,0.62721893,0.11834320,0.00000000,0.00000000,0.00000000,0.00000000,0.00000000,0.86390533,0.00000000,1.00000000,0.05917160,0.53254438,0.11242604,0.30177515,0.79881657,0.00000000,0.00000000,0.00000000,0.00000000,0.60355030,0.01183432,0.98816568,0.62130178,0.99408284,0.98224852,0.00000000,0.00000000,0.01183432,0.00000000,0.00000000,0.00000000
0.00000000,0.00000000,0.00000000,0.00000000,0.00000000,0.00000000,0.00000000,0.00000000,0.00000000,0.00000000,0.00000000,0.00000000,0.00000000,0.00000000,0.00000000,0.00000000,0.00000000,0.00000000,0.00000000,0.00000000,0.00000000,0.00000000,0.00000000,0.00000000,0.00000000,0.00000000,0.00000000,0.00000000,0.00000000,0.00000000,0.00000000,0.00000000,0.00000000,0.00000000,0.00000000,0.00000000,0.00000000,0.00000000,0.00000000,0.00000000,0.00000000,0.00000000,0.00000000,0.00000000,0.00000000,0.00000000,0.00000000,0.00000000,0.00000000,0.00000000,0.00000000,0.00000000,0.00000000,0.00000000,0.00000000,0.00000000,0.00000000,0.00000000,0.00000000,0.00000000,0.00000000,0.00000000,0.00000000,0.00000000,0.00000000,0.00000000,0.00000000,0.00000000,0.00000000,0.99408284,0.99408284,0.99408284,1.00000000,0.89940828,0.78698225,0.91124260,0.23668639,0.91124260,0.99408284,0.85207101,0.45562130,0.96449704,0.58579882,1.00000000,0.31360947,1.00000000,0.00000000,0.99408284,0.36094675,1.00000000,1.00000000,1.00000000,0.20710059,0.18934911,0.00000000,0.00000000,0.00000000,0.00000000,0.00000000,0.00000000,0.00000000,0.08284024,0.00000000,0.00000000,0.00000000,0.00000000,0.26627219,0.00591716,0.00000000,0.00000000,0.00000000,0.00000000,0.00000000,0.79881657,0.00000000,0.88757396,0.00000000,0.20118343,0.00000000,0.08875740,0.59763314,0.00000000,0.00000000,0.00000000,0.00000000,0.33136095,0.00591716,0.94082840,0.48520710,0.99408284,0.95857988,0.00000000,0.00000000,0.00591716,0.00000000,0.00000000,0.00000000
0.00000000,0.00000000,0.00000000,0.00000000,0.00000000,0.00000000,0.00000000,0.00000000,0.00000000,0.00000000,0.01183432,0.00000000,0.00000000,0.00000000,0.00000000,0.02366864,0.00000000,0.00000000,0.00000000,0.00000000,0.00000000,0.00000000,0.00000000,0.00000000,0.00000000,0.00000000,0.00000000,0.00000000,0.00000000,0.00000000,0.00000000,0.00000000,0.00000000,0.00000000,0.00000000,0.00000000,0.00000000,0.00000000,0.00000000,0.00000000,0.00000000,0.00000000,0.00000000,0.00000000,0.00000000,0.00000000,0.00000000,0.00000000,0.00000000,0.00000000,0.00000000,0.00000000,0.00000000,0.00000000,0.00000000,0.00000000,0.00000000,0.00000000,0.00000000,0.00000000,0.00000000,0.00000000,0.00000000,0.00000000,0.00000000,0.00000000,0.00000000,0.00000000,0.00000000,0.78698225,0.64497041,0.95266272,0.98224852,0.89349112,0.97633136,0.99408284,0.94082840,0.94082840,0.99408284,1.00000000,1.00000000,1.00000000,1.00000000,1.00000000,1.00000000,0.94082840,0.99408284,0.00000000,1.00000000,1.00000000,0.88165680,1.00000000,0.05325444,0.07100592,0.00000000,0.00000000,0.00000000,0.00000000,0.00000000,0.00000000,0.00000000,0.00000000,0.00000000,0.00000000,0.00000000,0.00000000,0.00000000,0.00000000,0.00000000,0.00000000,0.00000000,0.00000000,0.00000000,0.60355030,0.00000000,0.18343195,0.00000000,0.00000000,0.00000000,0.00591716,0.24260355,0.00000000,0.00000000,0.00000000,0.00000000,0.25443787,0.00000000,0.94082840,0.56213018,0.99408284,0.98224852,0.00000000,0.00000000,0.23076923,0.00000000,0.00000000,0.17159763
0.00000000,0.00000000,0.00000000,0.00000000,0.00000000,0.01183432,0.00000000,0.00000000,0.00000000,0.00000000,0.05917160,0.00591716,0.00000000,0.00000000,0.00591716,0.40828402,0.01183432,0.01775148,0.10059172,0.01775148,0.00000000,0.00000000,0.00000000,0.00000000,0.00000000,0.00000000,0.00000000,0.00000000,0.00000000,0.00000000,0.00000000,0.00000000,0.00000000,0.00000000,0.00000000,0.00000000,0.00000000,0.00000000,0.00000000,0.00000000,0.00000000,0.00000000,0.00000000,0.00000000,0.00000000,0.00000000,0.00000000,0.00000000,0.00000000,0.00000000,0.00000000,0.00000000,0.00000000,0.00000000,0.00000000,0.00000000,0.00000000,0.00000000,0.00000000,0.00000000,0.00000000,0.00000000,0.00000000,0.00000000,0.00000000,0.00000000,0.00000000,0.00000000,0.00000000,0.22485207,0.11834320,0.50295858,0.27810651,0.84615385,0.71597633,0.60355030,0.93491124,0.14792899,0.18343195,0.97041420,1.00000000,0.42603550,1.00000000,0.42603550,1.00000000,0.37278107,0.36094675,1.00000000,0.00000000,0.86982249,0.37278107,1.00000000,0.01183432,0.01775148,0.00000000,0.00000000,0.00000000,0.00000000,0.00000000,0.00000000,0.00000000,0.00000000,0.00000000,0.00000000,0.00000000,0.00000000,0.00000000,0.01183432,0.00000000,0.00000000,0.00000000,0.00000000,0.00000000,0.55029586,0.00000000,0.01183432,0.00000000,0.01183432,0.00000000,0.00000000,0.02958580,0.00000000,0.00000000,0.00000000,0.00000000,0.03550296,0.00591716,0.97041420,0.11242604,0.62721893,0.70414201,0.00000000,0.00000000,0.25443787,0.00000000,0.00000000,0.13609467
0.00000000,0.00000000,0.00000000,0.00000000,0.00000000,0.00000000,0.00000000,0.00000000,0.00000000,0.00000000,0.00000000,0.00000000,0.00000000,0.00000000,0.00000000,0.00000000,0.00000000,0.00000000,0.00000000,0.00000000,0.00000000,0.00000000,0.00000000,0.00000000,0.00000000,0.00000000,0.00000000,0.00000000,0.00000000,0.00000000,0.00000000,0.00000000,0.00000000,0.00000000,0.00000000,0.00000000,0.00000000,0.00000000,0.00000000,0.00000000,0.00000000,0.00000000,0.00000000,0.00000000,0.00000000,0.00000000,0.00000000,0.00000000,0.00000000,0.00000000,0.00000000,0.00000000,0.00000000,0.00000000,0.00000000,0.00000000,0.00000000,0.00000000,0.00000000,0.00000000,0.00000000,0.00000000,0.00000000,0.00000000,0.00000000,0.00000000,0.00000000,0.00000000,0.00000000,1.00000000,0.98816568,1.00000000,1.00000000,1.00000000,0.98224852,0.99408284,0.74556213,0.98816568,1.00000000,1.00000000,0.97041420,1.00000000,0.97633136,1.00000000,0.91124260,1.00000000,1.00000000,1.00000000,0.86982249,0.00000000,1.00000000,1.00000000,0.34319527,0.26627219,0.00000000,0.00000000,0.00000000,0.00000000,0.00000000,0.00000000,0.00000000,0.02958580,0.00000000,0.00000000,0.00000000,0.00000000,0.15976331,0.01183432,0.00000000,0.00000000,0.00000000,0.00000000,0.00000000,0.85798817,0.00000000,0.75739645,0.00000000,0.17751479,0.00000000,0.07100592,0.66863905,0.00000000,0.00000000,0.00000000,0.00000000,0.62721893,0.00000000,1.00000000,0.76923077,0.99408284,0.99408284,0.00000000,0.00000000,0.08284024,0.00000000,0.00000000,0.10059172
0.00000000,0.00000000,0.00000000,0.00000000,0.00000000,0.00000000,0.00000000,0.00000000,0.00000000,0.00000000,0.00000000,0.00000000,0.00000000,0.00000000,0.00000000,0.00000000,0.00000000,0.00000000,0.00000000,0.00000000,0.00000000,0.00000000,0.00000000,0.00000000,0.00000000,0.00000000,0.00000000,0.00000000,0.00000000,0.00000000,0.00000000,0.00000000,0.00000000,0.00000000,0.00000000,0.00000000,0.00000000,0.00000000,0.00000000,0.00000000,0.00000000,0.00000000,0.00000000,0.00000000,0.00000000,0.00000000,0.00000000,0.00000000,0.00000000,0.00000000,0.00000000,0.00000000,0.00000000,0.00000000,0.00000000,0.00000000,0.00000000,0.00000000,0.00000000,0.00000000,0.00000000,0.00000000,0.00000000,0.00000000,0.00000000,0.00000000,0.00000000,0.00000000,0.00000000,0.99408284,1.00000000,0.96449704,0.89940828,0.79289941,0.59171598,0.69230769,0.24260355,0.59763314,0.83431953,0.63313609,0.40828402,0.63905325,0.72781065,0.99408284,0.41420118,1.00000000,1.00000000,0.88165680,0.37278107,1.00000000,0.00000000,0.99408284,0.89940828,0.89940828,0.10059172,0.23668639,0.31952663,0.00000000,0.01183432,0.26627219,0.13017751,0.81656805,0.01183432,0.00000000,0.00000000,0.00000000,0.47337278,0.03550296,0.00000000,0.00000000,0.00000000,0.04733728,0.21301775,1.00000000,0.00000000,1.00000000,0.01183432,0.46745562,0.06508876,0.27810651,0.95266272,0.00000000,0.00000000,0.00000000,0.00000000,0.72781065,0.52071006,0.98224852,0.90532544,0.99408284,0.99408284,0.00000000,0.00000000,0.00000000,0.00000000,0.00000000,0.01183432
0.00000000,0.00000000,0.00000000,0.00000000,0.00000000,0.00000000,0.00000000,0.00000000,0.00000000,0.00000000,0.01183432,0.00000000,0.00000000,0.00000000,0.00000000,0.01183432,0.00000000,0.00000000,0.00000000,0.00000000,0.00000000,0.00000000,0.00000000,0.00000000,0.00000000,0.00000000,0.00000000,0.00000000,0.00000000,0.00000000,0.00000000,0.00000000,0.00000000,0.00000000,0.00000000,0.00000000,0.00000000,0.00000000,0.00000000,0.00000000,0.00000000,0.00000000,0.00000000,0.00000000,0.00000000,0.00000000,0.00000000,0.00000000,0.00000000,0.00000000,0.00000000,0.00000000,0.00000000,0.00000000,0.00000000,0.00000000,0.00000000,0.00000000,0.00000000,0.00000000,0.00000000,0.00000000,0.00000000,0.00000000,0.00000000,0.00000000,0.00000000,0.00000000,0.00000000,0.98816568,0.96449704,1.00000000,0.99408284,0.98816568,0.96449704,0.98816568,0.92899408,0.92899408,0.98224852,0.99408284,0.99408284,0.99408284,1.00000000,0.99408284,1.00000000,1.00000000,1.00000000,1.00000000,1.00000000,1.00000000,0.99408284,0.00000000,0.67455621,0.63313609,0.00000000,0.00000000,0.00000000,0.00000000,0.00000000,0.00591716,0.00000000,0.10650888,0.00000000,0.00000000,0.00000000,0.00000000,0.07692308,0.00591716,0.00000000,0.00000000,0.00000000,0.00000000,0.00000000,0.99408284,0.00000000,0.86390533,0.00000000,0.12426036,0.00000000,0.07100592,0.73372781,0.00000000,0.00000000,0.00000000,0.00000000,0.65680473,0.05325444,0.98816568,0.88165680,0.99408284,0.99408284,0.00000000,0.00000000,0.45562130,0.00000000,0.00000000,0.27218935
0.00000000,0.00000000,0.00000000,0.00000000,0.00000000,0.00000000,0.00000000,0.00000000,0.00000000,0.00000000,0.00000000,0.00000000,0.00000000,0.00000000,0.00000000,0.00000000,0.00000000,0.00000000,0.00000000,0.00000000,0.00000000,0.00000000,0.00000000,0.00000000,0.00000000,0.00000000,0.00000000,0.00000000,0.00000000,0.00000000,0.00000000,0.00000000,0.00000000,0.00000000,0.00000000,0.00000000,0.00000000,0.00000000,0.00000000,0.00000000,0.00000000,0.00000000,0.00000000,0.00000000,0.00000000,0.00000000,0.00000000,0.00000000,0.00000000,0.00000000,0.00000000,0.00000000,0.00000000,0.00000000,0.00000000,0.00000000,0.00000000,0.00000000,0.00000000,0.00000000,0.00000000,0.00000000,0.00000000,0.00000000,0.00000000,0.00000000,0.00000000,0.00000000,0.00000000,0.00591716,0.05325444,0.00591716,0.00591716,0.00000000,0.01775148,0.01183432,0.00000000,0.00000000,0.01183432,0.04733728,0.04733728,0.00591716,0.05325444,0.09467456,0.01775148,0.36094675,0.20710059,0.05325444,0.01183432,0.34319527,0.89940828,0.67455621,0.00000000,1.00000000,0.02366864,0.01183432,0.00591716,0.00000000,0.00000000,0.02958580,0.00591716,0.93491124,0.00000000,0.00000000,0.00000000,0.00591716,0.00000000,0.00591716,0.01775148,0.00000000,0.00000000,0.00000000,0.01775148,0.85207101,0.00000000,0.95857988,0.11242604,0.41420118,0.40236686,0.61538462,1.00000000,0.00000000,0.00000000,0.00000000,0.00000000,0.15976331,0.24852071,0.65680473,0.92899408,1.00000000,0.98224852,0.00000000,0.00000000,0.00000000,0.00000000,0.00000000,0.01183432
0.00000000,0.00000000,0.00000000,0.00000000,0.00000000,0.00000000,0.00000000,0.00000000,0.00000000,0.00000000,0.00000000,0.00000000,0.00000000,0.00000000,0.00000000,0.00000000,0.00000000,0.00000000,0.00000000,0.00000000,0.00000000,0.00000000,0.00000000,0.00000000,0.00000000,0.00000000,0.00000000,0.00000000,0.00000000,0.00000000,0.00000000,0.00000000,0.00000000,0.00000000,0.00000000,0.00000000,0.00000000,0.00000000,0.00000000,0.00000000,0.00000000,0.00000000,0.00000000,0.00000000,0.00000000,0.00000000,0.00000000,0.00000000,0.00000000,0.00000000,0.00000000,0.00000000,0.00000000,0.00000000,0.00000000,0.00000000,0.00000000,0.00000000,0.00000000,0.00000000,0.00000000,0.00000000,0.00000000,0.00000000,0.00000000,0.00000000,0.00000000,0.00000000,0.00000000,0.02366864,0.08875740,0.00000000,0.00000000,0.00000000,0.00000000,0.00000000,0.00000000,0.00000000,0.00000000,0.01775148,0.01775148,0.00000000,0.06508876,0.04733728,0.03550296,0.39053254,0.18934911,0.07100592,0.01775148,0.26627219,0.89940828,0.63313609,1.00000000,0.00000000,0.09467456,0.00591716,0.02958580,0.01183432,0.01183432,0.04733728,0.02958580,0.93491124,0.00591716,0.00000000,0.00000000,0.02958580,0.01775148,0.00000000,0.00591716,0.00000000,0.00000000,0.01775148,0.02366864,0.88757396,0.00000000,0.97041420,0.15976331,0.59763314,0.40236686,0.60946746,0.99408284,0.00000000,0.00000000,0.00000000,0.00000000,0.15976331,0.52662722,0.69230769,0.97041420,1.00000000,0.99408284,0.00000000,0.00000000,0.00000000,0.00000000,0.00000000,0.02366864
0.00000000,0.00000000,0.00000000,0.00000000,0.00000000,0.00000000,0.00000000,0.00000000,0.00000000,0.00000000,0.00000000,0.00000000,0.00000000,0.00000000,0.00000000,0.00000000,0.00000000,0.00000000,0.00000000,0.00000000,0.00000000,0.14792899,0.01183432,0.13609467,0.00000000,0.00000000,0.00000000,0.00000000,0.00000000,0.00000000,0.00591716,0.00000000,0.00000000,0.04733728,0.00000000,0.00000000,0.00000000,0.00000000,0.00000000,0.00000000,0.00000000,0.00000000,0.00000000,0.00000000,0.00000000,0.00000000,0.00000000,0.00000000,0.00000000,0.00000000,0.00000000,0.00000000,0.00000000,0.00000000,0.00000000,0.00000000,0.00000000,0.00000000,0.00000000,0.00000000,0.00000000,0.00000000,0.00000000,0.00000000,0.00000000,0.00000000,0.00000000,0.00000000,0.00591716,0.00591716,0.05325444,0.00000000,0.00000000,0.00000000,0.00000000,0.00000000,0.00000000,0.00000000,0.00000000,0.00000000,0.00000000,0.00000000,0.00591716,0.00000000,0.00000000,0.00000000,0.00000000,0.00000000,0.00000000,0.00000000,0.10059172,0.00000000,0.02366864,0.09467456,0.00000000,1.00000000,1.00000000,0.16568047,0.28402367,0.98816568,0.98224852,1.00000000,0.66863905,0.00000000,0.00000000,0.00000000,0.00000000,0.00000000,0.00000000,0.00000000,0.03550296,0.84023669,0.84023669,0.00000000,0.00591716,0.65680473,0.00000000,0.00000000,0.00000000,0.00000000,0.00000000,0.00000000,0.00000000,0.00000000,0.00000000,0.46153846,1.00000000,0.82248521,1.00000000,1.00000000,1.00000000,0.00000000,0.24852071,0.00000000,0.00000000,0.00591716,0.05917160
0.00000000,0.00000000,0.00000000,0.00000000,0.00000000,0.00000000,0.00000000,0.00000000,0.00000000,0.00000000,0.00000000,0.00000000,0.00000000,0.00000000,0.00000000,0.00000000,0.00000000,0.00000000,0.00000000,0.00000000,0.00000000,0.79881657,0.10650888,0.41420118,0.00000000,0.01775148,0.00000000,0.00000000,0.00000000,0.19526627,0.06508876,0.00000000,0.19526627,0.46153846,0.00000000,0.00000000,0.00000000,0.00000000,0.00000000,0.00000000,0.00000000,0.00000000,0.00000000,0.00000000,0.00000000,0.00000000,0.00000000,0.00000000,0.00000000,0.00000000,0.00000000,0.00000000,0.00000000,0.00000000,0.00000000,0.00000000,0.00000000,0.00000000,0.00000000,0.00000000,0.00000000,0.00000000,0.00000000,0.00000000,0.00000000,0.02366864,0.00000000,0.00591716,0.05917160,0.01775148,0.05325444,0.00000000,0.00000000,0.00000000,0.00000000,0.00000000,0.00000000,0.00000000,0.00000000,0.00000000,0.00000000,0.00000000,0.00000000,0.00000000,0.00000000,0.01775148,0.00000000,0.00000000,0.00000000,0.00000000,0.23668639,0.00000000,0.01183432,0.00591716,1.00000000,0.00000000,1.00000000,0.46745562,0.49112426,0.99408284,1.00000000,0.99408284,0.98224852,0.00000000,0.00000000,0.00000000,0.00000000,0.00000000,0.00000000,0.03550296,0.16568047,0.95266272,0.99408284,0.01183432,0.01775148,0.88165680,0.00000000,0.00000000,0.00000000,0.00000000,0.00000000,0.00000000,0.00591716,0.00000000,0.00000000,0.63313609,1.00000000,0.74556213,1.00000000,1.00000000,1.00000000,0.00000000,0.78698225,0.00000000,0.02958580,0.23076923,0.24852071
0.00000000,0.00000000,0.00000000,0.00000000,0.00000000,0.00000000,0.00000000,0.00000000,0.00000000,0.00000000,0.00000000,0.00000000,0.00000000,0.00000000,0.00000000,0.00000000,0.00000000,0.00000000,0.00000000,0.00000000,0.00000000,0.86982249,0.24852071,0.66863905,0.00000000,0.08284024,0.00591716,0.00000000,0.00000000,0.23668639,0.08284024,0.00000000,0.19526627,0.41420118,0.00000000,0.00000000,0.00000000,0.00000000,0.00000000,0.00000000,0.00000000,0.00000000,0.00000000,0.00000000,0.00000000,0.00000000,0.00000000,0.00000000,0.00000000,0.00000000,0.00000000,0.00000000,0.00000000,0.00000000,0.00000000,0.00000000,0.00000000,0.00000000,0.00000000,0.00000000,0.00000000,0.00000000,0.00000000,0.00000000,0.00000000,0.01775148,0.00000000,0.00000000,0.03550296,0.01183432,0.08875740,0.00000000,0.00000000,0.00000000,0.00000000,0.00000000,0.00000000,0.00000000,0.00000000,0.00000000,0.00000000,0.00000000,0.00000000,0.00000000,0.00000000,0.01775148,0.00000000,0.00000000,0.00000000,0.00000000,0.31952663,0.00000000,0.00591716,0.02958580,1.00000000,1.00000000,0.00000000,0.37278107,0.46153846,1.00000000,1.00000000,1.00000000,0.93491124,0.00000000,0.00000000,0.00000000,0.00000000,0.00000000,0.00000000,0.00591716,0.08875740,0.98224852,1.00000000,0.01775148,0.01775148,0.85798817,0.00000000,0.00000000,0.00000000,0.00000000,0.00000000,0.00000000,0.00591716,0.00000000,0.00000000,0.72189349,1.00000000,0.82248521,1.00000000,1.00000000,1.00000000,0.00000000,0.82248521,0.00000000,0.07692308,0.28402367,0.33136095
0.00000000,0.00000000,0.00000000,0.00000000,0.00000000,0.00000000,0.00000000,0.00000000,0.00000000,0.00000000,0.00000000,0.00000000,0.00000000,0.00000000,0.00000000,0.00000000,0.00000000,0.00000000,0.00000000,0.00000000,0.00000000,0.99408284,0.77514793,0.98816568,0.00591716,0.59171598,0.28994083,0.14792899,0.00000000,0.78106509,0.69230769,0.00000000,0.90532544,1.00000000,0.00000000,0.00000000,0.00000000,0.00000000,0.00000000,0.00000000,0.00000000,0.00000000,0.00000000,0.00000000,0.00000000,0.00000000,0.00000000,0.17751479,0.00000000,0.00000000,0.00000000,0.00000000,0.00000000,0.00000000,0.00000000,0.00000000,0.00000000,0.00000000,0.00000000,0.00591716,0.00000000,0.00000000,0.08875740,0.02366864,0.01183432,0.38461538,0.00591716,0.10059172,0.81065089,0.00591716,0.00000000,0.00000000,0.00000000,0.00000000,0.00000000,0.00000000,0.00000000,0.00000000,0.00000000,0.00000000,0.00000000,0.00000000,0.00591716,0.00000000,0.00000000,0.00000000,0.00000000,0.00000000,0.00000000,0.00000000,0.00000000,0.00000000,0.00000000,0.01183432,0.16568047,0.46745562,0.37278107,0.00000000,1.00000000,0.40828402,0.88757396,0.01183432,1.00000000,0.00000000,0.00000000,0.00000000,0.00000000,0.00000000,0.00000000,0.00000000,0.00591716,0.14201183,0.13609467,0.33136095,0.87573964,0.00591716,0.00000000,0.00000000,0.00000000,0.00000000,0.00000000,0.00000000,0.00000000,0.00000000,0.01775148,0.11242604,0.99408284,0.24852071,0.86390533,0.95266272,0.99408284,0.01183432,0.98816568,0.00000000,0.76331361,0.93491124,0.98224852
0.00000000,0.00000000,0.00000000,0.00000000,0.00000000,0.00000000,0.00000000,0.00000000,0.00000000,0.00000000,0.00000000,0.00000000,0.00000000,0.00000000,0.00000000,0.00000000,0.00000000,0.00000000,0.00000000,0.00000000,0.00000000,0.99408284,0.56804734,0.98816568,0.00000000,0.40236686,0.27810651,0.16568047,0.00000000,0.40828402,0.24852071,0.00000000,0.72189349,0.85798817,0.00000000,0.00000000,0.00000000,0.00000000,0.00000000,0.00000000,0.00000000,0.00000000,0.00000000,0.00000000,0.00000000,0.00000000,0.00000000,0.04733728,0.00000000,0.00000000,0.00000000,0.00000000,0.00000000,0.00000000,0.00000000,0.00000000,0.00000000,0.00000000,0.00000000,0.00000000,0.00000000,0.00000000,0.04142012,0.00000000,0.00000000,0.07692308,0.00000000,0.00000000,0.18934911,0.00000000,0.00000000,0.00000000,0.00000000,0.00000000,0.00000000,0.00000000,0.00000000,0.00000000,0.00000000,0.00000000,0.00000000,0.00000000,0.00000000,0.00000000,0.00000000,0.00000000,0.00000000,0.00000000,0.00000000,0.00000000,0.01183432,0.00000000,0.00000000,0.01183432,0.28402367,0.49112426,0.46153846,1.00000000,0.00000000,0.47337278,0.93491124,0.01183432,1.00000000,0.00000000,0.00000000,0.00000000,0.00000000,0.00000000,0.00000000,0.00000000,0.00000000,0.08875740,0.10650888,0.16568047,0.47928994,0.00000000,0.00000000,0.00000000,0.00000000,0.00000000,0.00000000,0.00000000,0.00000000,0.00000000,0.00000000,0.23076923,0.99408284,0.38461538,0.95266272,0.97633136,0.99408284,0.00000000,0.98816568,0.00000000,0.38461538,0.70414201,0.82840237
0.00000000,0.00000000,0.00000000,0.00000000,0.00000000,0.00000000,0.00000000,0.00000000,0.00000000,0.00000000,0.00000000,0.00000000,0.00000000,0.00000000,0.00000000,0.00000000,0.00000000,0.00000000,0.00000000,0.00000000,0.00000000,0.60355030,0.04733728,0.46745562,0.00000000,0.01775148,0.00000000,0.00000000,0.00000000,0.02366864,0.00591716,0.00000000,0.03550296,0.07100592,0.00000000,0.00000000,0.00000000,0.00000000,0.00000000,0.00000000,0.00000000,0.00000000,0.00000000,0.00000000,0.00000000,0.00000000,0.00000000,0.00000000,0.00000000,0.00000000,0.00000000,0.00000000,0.00000000,0.00000000,0.00000000,0.00000000,0.00000000,0.00000000,0.00000000,0.00000000,0.00000000,0.00000000,0.00000000,0.00000000,0.00000000,0.00000000,0.00000000,0.00000000,0.00000000,0.00591716,0.01775148,0.00000000,0.00000000,0.00000000,0.00000000,0.00000000,0.00000000,0.00000000,0.00000000,0.00000000,0.00000000,0.00000000,0.00000000,0.00000000,0.00000000,0.01775148,0.00000000,0.00000000,0.00000000,0.00000000,0.26627219,0.00591716,0.02958580,0.04733728,0.98816568,0.99408284,1.00000000,0.40828402,0.47337278,0.00000000,1.00000000,0.89940828,0.91715976,0.00000000,0.00000000,0.00000000,0.00000000,0.00000000,0.00000000,0.00000000,0.07692308,0.97633136,0.99408284,0.02366864,0.00591716,0.59763314,0.00000000,0.00000000,0.00000000,0.00000000,0.00000000,0.00000000,0.00000000,0.00000000,0.00000000,0.92307692,1.00000000,0.94082840,0.99408284,0.99408284,0.99408284,0.00000000,0.57396450,0.00000000,0.00000000,0.02366864,0.10650888
0.00000000,0.00000000,0.00000000,0.00000000,0.00000000,0.00000000,0.00000000,0.00000000,0.00000000,0.00000000,0.00000000,0.00000000,0.00000000,0.00000000,0.00000000,0.00000000,0.00000000,0.00000000,0.00000000,0.00000000,0.00000000,0.96449704,0.20710059,0.78106509,0.00000000,0.07692308,0.00000000,0.00000000,0.00000000,0.26627219,0.13017751,0.00000000,0.39644970,0.56213018,0.00000000,0.00000000,0.00000000,0.00000000,0.00000000,0.00000000,0.00000000,0.00000000,0.00000000,0.00000000,0.00000000,0.00000000,0.00000000,0.00000000,0.00000000,0.00000000,0.00000000,0.00000000,0.00000000,0.00000000,0.00000000,0.00000000,0.00000000,0.00000000,0.00000000,0.00000000,0.00000000,0.00000000,0.00000000,0.00000000,0.00000000,0.02366864,0.00000000,0.00000000,0.03550296,0.00000000,0.00000000,0.00000000,0.00000000,0.00000000,0.00000000,0.00000000,0.00000000,0.00000000,0.00000000,0.00000000,0.00000000,0.00000000,0.00000000,0.00000000,0.00000000,0.00000000,0.00000000,0.00000000,0.00000000,0.00000000,0.13017751,0.00000000,0.00591716,0.02958580,0.98224852,1.00000000,1.00000000,0.88757396,0.93491124,1.00000000,0.00000000,0.43195266,1.00000000,0.00000000,0.00000000,0.00000000,0.00000000,0.00000000,0.00000000,0.00000000,0.08284024,0.95857988,0.98816568,0.11242604,0.02958580,0.20118343,0.00000000,0.00000000,0.00000000,0.00000000,0.00000000,0.00000000,0.00000000,0.00000000,0.00000000,0.93491124,1.00000000,0.94674556,1.00000000,1.00000000,1.00000000,0.00000000,0.91124260,0.00000000,0.04733728,0.33727811,0.42011834
0.00000000,0.00000000,0.00000000,0.00000000,0.00000000,0.00000000,0.00000000,0.00000000,0.00000000,0.00000000,0.00000000,0.00000000,0.00000000,0.00000000,0.00000000,0.00000000,0.00000000,0.00000000,0.00000000,0.00000000,0.00000000,0.00000000,0.00000000,0.00000000,0.00591716,0.00000000,0.00000000,0.00000000,0.00000000,0.00000000,0.00000000,0.00000000,0.00000000,0.00000000,0.00000000,0.00000000,0.00000000,0.00000000,0.00000000,0.00000000,0.00000000,0.00000000,0.00000000,0.00000000,0.00000000,0.00000000,0.00000000,0.00000000,0.00000000,0.00000000,0.00000000,0.00000000,0.00000000,0.00000000,0.00000000,0.00000000,0.00000000,0.00000000,0.00000000,0.00000000,0.00000000,0.00000000,0.00000000,0.00000000,0.00000000,0.00000000,0.00000000,0.00000000,0.00000000,0.04733728,0.21893491,0.00000000,0.00000000,0.00000000,0.00000000,0.00000000,0.00000000,0.00000000,0.00000000,0.00000000,0.00000000,0.00000000,0.00591716,0.00000000,0.00000000,0.11834320,0.08284024,0.00000000,0.00000000,0.02958580,0.81656805,0.10650888,0.93491124,0.93491124,1.00000000,0.99408284,1.00000000,0.01183432,0.01183432,0.89940828,0.43195266,0.00000000,0.13017751,0.00000000,0.00000000,0.00000000,0.00591716,0.00000000,0.00000000,0.00000000,0.01183432,0.81065089,0.93491124,0.59171598,0.00000000,0.97041420,0.00000000,0.08284024,0.00000000,0.03550296,0.50295858,0.00000000,0.00000000,0.00000000,0.00000000,0.47337278,0.97633136,0.86390533,0.98816568,1.00000000,1.00000000,0.00000000,0.00000000,0.04142012,0.00000000,0.00000000,0.07100592
0.00000000,0.00000000,0.00000000,0.00000000,0.00000000,0.00000000,0.00000000,0.00000000,0.00000000,0.00000000,0.00000000,0.00000000,0.00000000,0.00000000,0.00000000,0.00000000,0.00000000,0.00000000,0.00000000,0.00000000,0.00000000,0.99408284,0.53254438,0.86982249,0.00000000,0.17751479,0.01775148,0.01183432,0.00000000,0.95857988,0.94082840,0.01183432,1.00000000,1.00000000,0.00000000,0.00000000,0.00000000,0.00000000,0.00000000,0.00000000,0.00000000,0.00000000,0.00000000,0.00000000,0.00000000,0.00591716,0.00000000,0.68639053,0.00000000,0.00000000,0.00000000,0.00000000,0.00000000,0.00000000,0.00000000,0.00000000,0.00000000,0.00000000,0.01775148,0.00591716,0.00000000,0.00000000,0.35502959,0.02366864,0.11834320,0.80473373,0.03550296,0.44378698,0.95857988,0.00000000,0.00000000,0.00000000,0.00000000,0.00000000,0.00000000,0.00000000,0.00000000,0.00000000,0.00000000,0.00000000,0.00000000,0.00000000,0.00000000,0.00000000,0.00000000,0.00000000,0.00000000,0.00000000,0.00000000,0.00000000,0.01183432,0.00000000,0.00000000,0.00591716,0.66863905,0.98224852,0.93491124,1.00000000,1.00000000,0.91715976,1.00000000,0.13017751,0.00000000,0.00000000,0.00000000,0.00000000,0.00000000,0.00000000,0.00000000,0.02366864,0.34911243,0.97633136,0.99408284,0.24852071,0.97633136,0.02366864,0.00000000,0.00000000,0.00000000,0.00000000,0.00000000,0.00000000,0.01183432,0.00000000,0.01183432,0.95266272,1.00000000,0.75739645,1.00000000,1.00000000,1.00000000,0.00000000,1.00000000,0.00000000,0.64497041,0.98816568,0.94082840
0.00000000,0.00000000,0.00000000,0.00000000,0.00000000,0.00000000,0.00000000,0.00000000,0.00000000,0.00000000,0.00000000,0.00000000,0.00000000,0.00000000,0.00000000,0.00000000,0.00000000,0.00000000,0.00000000,0.00000000,0.00000000,0.00000000,0.00000000,0.00000000,0.00000000,0.00000000,0.00000000,0.00000000,0.00000000,0.00000000,0.00000000,0.00000000,0.00000000,0.00000000,0.28402367,0.00000000,0.12426036,0.00000000,0.00000000,0.00000000,0.00000000,0.00000000,0.00000000,0.00000000,0.00000000,0.00000000,0.01183432,0.00000000,0.00000000,0.00000000,0.00000000,0.00000000,0.00000000,0.42603550,0.57988166,0.22485207,0.03550296,0.00000000,0.00000000,0.04733728,0.02366864,0.00000000,0.00591716,0.00000000,0.00000000,0.00000000,0.00000000,0.00000000,0.00000000,0.00591716,0.00000000,0.00000000,0.00000000,0.00000000,0.00000000,0.00000000,0.00000000,0.00000000,0.00000000,0.00000000,0.00000000,0.00000000,0.00591716,0.00000000,0.00000000,0.00000000,0.00000000,0.00000000,0.00000000,0.00000000,0.00000000,0.00000000,0.00000000,0.00000000,0.00000000,0.00000000,0.00000000,0.00000000,0.00000000,0.00000000,0.00000000,0.00000000,0.00000000,0.00000000,0.99408284,0.18934911,0.13609467,0.04142012,0.60946746,0.66863905,0.01183432,0.00591716,0.00000000,0.00000000,0.00000000,0.00000000,0.49112426,0.39053254,0.44970414,0.24260355,0.18343195,1.00000000,0.97041420,0.94674556,0.34911243,0.17751479,1.00000000,0.26035503,0.29585799,1.00000000,0.59763314,0.00000000,0.31952663,0.00000000,0.00000000,0.04733728,0.00000000
0.00000000,0.00000000,0.00000000,0.00000000,0.00000000,0.00000000,0.00000000,0.00000000,0.00000000,0.00000000,0.00000000,0.00000000,0.00000000,0.00000000,0.00000000,0.00000000,0.00000000,0.00000000,0.00000000,0.00000000,0.00000000,0.00000000,0.00000000,0.00000000,0.00000000,0.00000000,0.00000000,0.00000000,0.00000000,0.00000000,0.00000000,0.17751479,0.00000000,0.00000000,0.86390533,0.15976331,0.82248521,0.00000000,0.00000000,0.00000000,0.00000000,0.00000000,0.00000000,0.50887574,0.06508876,0.00000000,0.66863905,0.00000000,0.00000000,0.00000000,0.00000000,0.15384615,0.04733728,1.00000000,1.00000000,0.97633136,0.89940828,0.00000000,0.00000000,0.95266272,0.78698225,0.41420118,0.35502959,0.13609467,0.00000000,0.00000000,0.00000000,0.00000000,0.00000000,0.00000000,0.00000000,0.00000000,0.00000000,0.00000000,0.00000000,0.00000000,0.00000000,0.00000000,0.00000000,0.00000000,0.00000000,0.00000000,0.00000000,0.00000000,0.00000000,0.00000000,0.00000000,0.00000000,0.00000000,0.00000000,0.00000000,0.00000000,0.00000000,0.00000000,0.00000000,0.00000000,0.00000000,0.00000000,0.00000000,0.00000000,0.00000000,0.00000000,0.00000000,0.99408284,0.00000000,0.00000000,0.00000000,0.00000000,0.02366864,0.97041420,0.31360947,0.07692308,0.00000000,0.00000000,0.52071006,0.00000000,0.01775148,0.01183432,0.02366864,0.00591716,0.00591716,0.99408284,0.89349112,1.00000000,1.00000000,0.06508876,1.00000000,0.02958580,0.97633136,1.00000000,1.00000000,0.00000000,0.98816568,0.00000000,0.00591716,0.60946746,0.00000000
0.00000000,0.00000000,0.00000000,0.00000000,0.00000000,0.00000000,0.00000000,0.00000000,0.00000000,0.00000000,0.00000000,0.00000000,0.00000000,0.00000000,0.00000000,0.00000000,0.00000000,0.00000000,0.00000000,0.00000000,0.00000000,0.00000000,0.00000000,0.00000000,0.00000000,0.00000000,0.00000000,0.00000000,0.00000000,0.00000000,0.00000000,0.00000000,0.00000000,0.00000000,0.00000000,0.00000000,0.00000000,0.00000000,0.00000000,0.00000000,0.00000000,0.00000000,0.00000000,0.00000000,0.00000000,0.00000000,0.00000000,0.00000000,0.00000000,0.00000000,0.00000000,0.00000000,0.00000000,0.00000000,0.00000000,0.00000000,0.00000000,0.00000000,0.00000000,0.00000000,0.00000000,0.00000000,0.00000000,0.00000000,0.00000000,0.00000000,0.00000000,0.00000000,0.00000000,0.76923077,0.63313609,0.34911243,0.02366864,0.39053254,0.00591716,0.00000000,0.03550296,0.00000000,0.00000000,0.00000000,0.00000000,0.00000000,0.23076923,0.00000000,0.03550296,0.02958580,0.00000000,0.00000000,0.00000000,0.00000000,0.00000000,0.00000000,0.00591716,0.02958580,0.00000000,0.00000000,0.00000000,0.00000000,0.00000000,0.00000000,0.00000000,0.00000000,0.00000000,0.18934911,0.00000000,0.00000000,1.00000000,1.00000000,1.00000000,0.01183432,0.00000000,0.00000000,0.00000000,0.00000000,0.00000000,0.03550296,1.00000000,1.00000000,1.00000000,0.97633136,0.81065089,0.03550296,0.02366864,0.00000000,0.00000000,0.98224852,0.16568047,0.99408284,0.46745562,0.97633136,0.96449704,0.04733728,0.00000000,0.00000000,0.05917160,0.13609467,0.00000000
0.00000000,0.00000000,0.00000000,0.00000000,0.00000000,0.00000000,0.00000000,0.00000000,0.00000000,0.00000000,0.00000000,0.00000000,0.00000000,0.00000000,0.00000000,0.00000000,0.00000000,0.00000000,0.00000000,0.00000000,0.00000000,0.00000000,0.00000000,0.00000000,0.00000000,0.00000000,0.00000000,0.00000000,0.00000000,0.00000000,0.00000000,0.00000000,0.00000000,0.00000000,0.00000000,0.00000000,0.00000000,0.00000000,0.00000000,0.00000000,0.00000000,0.00000000,0.00000000,0.00000000,0.00000000,0.00000000,0.00000000,0.00000000,0.00000000,0.00000000,0.00000000,0.00000000,0.00000000,0.00000000,0.00000000,0.00000000,0.00000000,0.00000000,0.00000000,0.00000000,0.00000000,0.00000000,0.00000000,0.00000000,0.00000000,0.00000000,0.00000000,0.00000000,0.00000000,0.98224852,0.98224852,0.89349112,0.60355030,0.94674556,0.61538462,0.36094675,0.51479290,0.01775148,0.04142012,0.10650888,0.31360947,0.01775148,0.62130178,0.14201183,0.39644970,0.62721893,0.26627219,0.00000000,0.00000000,0.15976331,0.47337278,0.07692308,0.00000000,0.01775148,0.00000000,0.00000000,0.00000000,0.00000000,0.00000000,0.00000000,0.00000000,0.00591716,0.00000000,0.13609467,0.00000000,1.00000000,0.00000000,1.00000000,1.00000000,0.00591716,0.00000000,0.00000000,0.00000000,0.01183432,0.00000000,0.76923077,1.00000000,1.00000000,1.00000000,0.97633136,0.76331361,0.02366864,0.01775148,0.00000000,0.00000000,0.98224852,0.21301775,1.00000000,0.55029586,0.98816568,0.98816568,0.07100592,0.00000000,0.00591716,0.05917160,0.17751479,0.00591716
0.00000000,0.00000000,0.00000000,0.00000000,0.00000000,0.00000000,0.00000000,0.00000000,0.00000000,0.00000000,0.00000000,0.00000000,0.00000000,0.00000000,0.00000000,0.00000000,0.00000000,0.00000000,0.00000000,0.00000000,0.00000000,0.00000000,0.00000000,0.00000000,0.00000000,0.00000000,0.00000000,0.00000000,0.00000000,0.00000000,0.00000000,0.00000000,0.00000000,0.00000000,0.00000000,0.00000000,0.00000000,0.00000000,0.00000000,0.00000000,0.00000000,0.00000000,0.00000000,0.00000000,0.00000000,0.00000000,0.00000000,0.00000000,0.00000000,0.00000000,0.00000000,0.00000000,0.00000000,0.00000000,0.00000000,0.00000000,0.00000000,0.00000000,0.00000000,0.00000000,0.00000000,0.00000000,0.00000000,0.00000000,0.00000000,0.00000000,0.00000000,0.00000000,0.00000000,0.82840237,0.68047337,0.40236686,0.05917160,0.40828402,0.06508876,0.01775148,0.11834320,0.00000000,0.00000000,0.00591716,0.02366864,0.00000000,0.85207101,0.00591716,0.13017751,0.11834320,0.00591716,0.00000000,0.01183432,0.01183432,0.03550296,0.00591716,0.00591716,0.00000000,0.00000000,0.00000000,0.00000000,0.00000000,0.00000000,0.00000000,0.00000000,0.00000000,0.00000000,0.04142012,0.00000000,1.00000000,1.00000000,0.00000000,1.00000000,0.00000000,0.00000000,0.00000000,0.00000000,0.08284024,0.00000000,0.11834320,1.00000000,0.93491124,0.86982249,0.56804734,0.36094675,0.00000000,0.00000000,0.00000000,0.00000000,0.98816568,0.08284024,1.00000000,0.31360947,0.95857988,0.98816568,0.02958580,0.00000000,0.08875740,0.01775148,0.06508876,0.03550296
0.00000000,0.00000000,0.00000000,0.00000000,0.00000000,0.00000000,0.00000000,0.00000000,0.00000000,0.00000000,0.00000000,0.00000000,0.00000000,0.00000000,0.00000000,0.00000000,0.00000000,0.00000000,0.00000000,0.00000000,0.00000000,0.00000000,0.00000000,0.00000000,0.00000000,0.00000000,0.00000000,0.00000000,0.00000000,0.00000000,0.00000000,0.00000000,0.00000000,0.00000000,0.00000000,0.00000000,0.00000000,0.00000000,0.00000000,0.00000000,0.00000000,0.00000000,0.00000000,0.00000000,0.00000000,0.00000000,0.00000000,0.00000000,0.00000000,0.00000000,0.00000000,0.00000000,0.00000000,0.00000000,0.00000000,0.00000000,0.00000000,0.00000000,0.00000000,0.00000000,0.00000000,0.00000000,0.00000000,0.00000000,0.00000000,0.00000000,0.00000000,0.00000000,0.00000000,0.40236686,0.16568047,0.05325444,0.00000000,0.07692308,0.00000000,0.00000000,0.00591716,0.00000000,0.00000000,0.00000000,0.00000000,0.00000000,0.09467456,0.00000000,0.00000000,0.00000000,0.00000000,0.00000000,0.00000000,0.00000000,0.00000000,0.00000000,0.01775148,0.00591716,0.00000000,0.00000000,0.00000000,0.00000000,0.00000000,0.00000000,0.00000000,0.00000000,0.00000000,0.60946746,0.02366864,1.00000000,1.00000000,1.00000000,0.00000000,0.01775148,0.00000000,0.00000000,0.00000000,0.00000000,0.00000000,0.00000000,1.00000000,1.00000000,1.00000000,0.96449704,0.85207101,0.23076923,0.04733728,0.01183432,0.00000000,0.98224852,0.23668639,1.00000000,0.38461538,0.99408284,0.96449704,0.01183432,0.00000000,0.00000000,0.05917160,0.07100592,0.00000000
0.00000000,0.00000000,0.00000000,0.00000000,0.00000000,0.00000000,0.00000000,0.00000000,0.00000000,0.00000000,0.00000000,0.00000000,0.00000000,0.00000000,0.00000000,0.00000000,0.00000000,0.00000000,0.00000000,0.00000000,0.00000000,0.00000000,0.00000000,0.00000000,0.00000000,0.00000000,0.00000000,0.00000000,0.00000000,0.00000000,0.00000000,0.29585799,0.00000000,0.00000000,0.01775148,0.00000000,0.01775148,0.00000000,0.00000000,0.00000000,0.00000000,0.00000000,0.00000000,0.14201183,0.15976331,0.02366864,0.02366864,0.00591716,0.00000000,0.00000000,0.00000000,0.00000000,0.00000000,0.15976331,0.05325444,0.30177515,0.46153846,0.00000000,0.00000000,0.55621302,0.53254438,0.39053254,0.22485207,0.23668639,0.00000000,0.00000000,0.00591716,0.00000000,0.00000000,0.00000000,0.00000000,0.00000000,0.00000000,0.00000000,0.00000000,0.00000000,0.00000000,0.00000000,0.00000000,0.00000000,0.00000000,0.00000000,0.00000000,0.00000000,0.00000000,0.00000000,0.00000000,0.00000000,0.00000000,0.00000000,0.00000000,0.00000000,0.00000000,0.00000000,0.00000000,0.03550296,0.00591716,0.00000000,0.00000000,0.00000000,0.00000000,0.00000000,0.02366864,0.66863905,0.97041420,0.01183432,0.00591716,0.00000000,0.01775148,0.00000000,1.00000000,0.95857988,0.58579882,0.00000000,0.59171598,0.00000000,0.04142012,0.01775148,0.01183432,0.00591716,0.00000000,1.00000000,1.00000000,0.26627219,0.62130178,0.05917160,1.00000000,0.08284024,1.00000000,1.00000000,1.00000000,0.00000000,0.57988166,0.00000000,0.00000000,0.18343195,0.00000000
0.00000000,0.00000000,0.00000000,0.00000000,0.00000000,0.00000000,0.00000000,0.00000000,0.00000000,0.00000000,0.00000000,0.00000000,0.00000000,0.00000000,0.00000000,0.00000000,0.00000000,0.00000000,0.00000000,0.00000000,0.00000000,0.00000000,0.00000000,0.00000000,0.00000000,0.00000000,0.00000000,0.00000000,0.00000000,0.00000000,0.00000000,0.47337278,0.01775148,0.00591716,0.00000000,0.00000000,0.00591716,0.00000000,0.00000000,0.00000000,0.00000000,0.00000000,0.00000000,0.01775148,0.21301775,0.10059172,0.00591716,0.25443787,0.00000000,0.00000000,0.00000000,0.00000000,0.00000000,0.01183432,0.00591716,0.00000000,0.04733728,0.00591716,0.00000000,0.18343195,0.27810651,0.24260355,0.39053254,0.45562130,0.02958580,0.00000000,0.04142012,0.03550296,0.00591716,0.00000000,0.00000000,0.00000000,0.00000000,0.00000000,0.00000000,0.00000000,0.00000000,0.00000000,0.00000000,0.00000000,0.00000000,0.00000000,0.00000000,0.00000000,0.00000000,0.00000000,0.00000000,0.00000000,0.00000000,0.00000000,0.00000000,0.00000000,0.00000000,0.00000000,0.03550296,0.16568047,0.08875740,0.00591716,0.00000000,0.07692308,0.08284024,0.01183432,0.34911243,0.01183432,0.31360947,0.00000000,0.00000000,0.00000000,0.00000000,1.00000000,0.00000000,1.00000000,0.92899408,0.00000000,0.85798817,0.00000000,0.00000000,0.00000000,0.00000000,0.00000000,0.00000000,0.68047337,0.97041420,0.00591716,0.13609467,0.01183432,1.00000000,0.00000000,1.00000000,1.00000000,1.00000000,0.00000000,0.52662722,0.00000000,0.00591716,0.23076923,0.00000000
0.00000000,0.00000000,0.00000000,0.00000000,0.00000000,0.00000000,0.00000000,0.00000000,0.00000000,0.00000000,0.00000000,0.00000000,0.00000000,0.00000000,0.00000000,0.00000000,0.00000000,0.00000000,0.00000000,0.00000000,0.00000000,0.17159763,0.00000000,0.00591716,0.00000000,0.00000000,0.00000000,0.00000000,0.00000000,0.08875740,0.37869822,0.39644970,0.78106509,0.82840237,0.00000000,0.00000000,0.00000000,0.00000000,0.00000000,0.00000000,0.00000000,0.00000000,0.00000000,0.00591716,0.11834320,0.14201183,0.00000000,0.92307692,0.00000000,0.00000000,0.00000000,0.00000000,0.00000000,0.00000000,0.00000000,0.00591716,0.00591716,0.04142012,0.18343195,0.06508876,0.04142012,0.01183432,0.49112426,0.43195266,0.71005917,0.35502959,0.55621302,0.78106509,0.84615385,0.00000000,0.00591716,0.00000000,0.00000000,0.00000000,0.00000000,0.00000000,0.00000000,0.00000000,0.00000000,0.00000000,0.00000000,0.00000000,0.00000000,0.00000000,0.00000000,0.00000000,0.00000000,0.00000000,0.00000000,0.00000000,0.04733728,0.00000000,0.00000000,0.01775148,0.84023669,0.95266272,0.98224852,0.14201183,0.08875740,0.97633136,0.95857988,0.81065089,0.97633136,0.00591716,0.07692308,0.00000000,0.00000000,0.00000000,0.00000000,0.95857988,1.00000000,0.00000000,1.00000000,0.00000000,0.93491124,0.37869822,0.00000000,0.00000000,0.00000000,0.00000000,0.00000000,0.10059172,0.38461538,0.00000000,0.01183432,0.50295858,1.00000000,0.15976331,1.00000000,1.00000000,1.00000000,0.00000000,0.97041420,0.00000000,0.18343195,0.82840237,0.36094675
0.00000000,0.00000000,0.00000000,0.00000000,0.00000000,0.00000000,0.00000000,0.00000000,0.00000000,0.00000000,0.00000000,0.00000000,0.00000000,0.00000000,0.00000000,0.00000000,0.00000000,0.00000000,0.00000000,0.00000000,0.00000000,0.50887574,0.02366864,0.03550296,0.00000000,0.00000000,0.00000000,0.00000000,0.00000000,0.49112426,0.68047337,0.04733728,0.84615385,0.98224852,0.00000000,0.00000000,0.00000000,0.00000000,0.00000000,0.00000000,0.00000000,0.00000000,0.00000000,0.00000000,0.00591716,0.01183432,0.00000000,0.62130178,0.00000000,0.00000000,0.00000000,0.00000000,0.00000000,0.00000000,0.00000000,0.00000000,0.00000000,0.00000000,0.03550296,0.00000000,0.00000000,0.00000000,0.15976331,0.07692308,0.25443787,0.49704142,0.17159763,0.52662722,0.88165680,0.00000000,0.00591716,0.00000000,0.00000000,0.00000000,0.00000000,0.00000000,0.00000000,0.00000000,0.00000000,0.00000000,0.00000000,0.00000000,0.00000000,0.00000000,0.00000000,0.00000000,0.00000000,0.00000000,0.00000000,0.00000000,0.21301775,0.00000000,0.01775148,0.02366864,0.84023669,0.99408284,1.00000000,0.13609467,0.10650888,0.99408284,0.98816568,0.93491124,0.99408284,0.00000000,0.00000000,0.00000000,0.00000000,0.00000000,0.00000000,0.58579882,0.92899408,1.00000000,0.00000000,0.01775148,0.66272189,0.67455621,0.00000000,0.00000000,0.00000000,0.00000000,0.00000000,0.01775148,0.14792899,0.00000000,0.00000000,0.74556213,1.00000000,0.39053254,0.99408284,1.00000000,1.00000000,0.00000000,0.98224852,0.00000000,0.11242604,0.78698225,0.43195266
0.00000000,0.00000000,0.00000000,0.00000000,0.00000000,0.00000000,0.00000000,0.00000000,0.00000000,0.00000000,0.00000000,0.00000000,0.00000000,0.00000000,0.00000000,0.00591716,0.00000000,0.00000000,0.05917160,0.06508876,0.00000000,0.00000000,0.00000000,0.00000000,0.00591716,0.00000000,0.00000000,0.00000000,0.00000000,0.00000000,0.00000000,0.00000000,0.00000000,0.00000000,0.00000000,0.00000000,0.00000000,0.00000000,0.00000000,0.00000000,0.00000000,0.00000000,0.00000000,0.00000000,0.00000000,0.00000000,0.00000000,0.00000000,0.00000000,0.00000000,0.00000000,0.00000000,0.00000000,0.00000000,0.00000000,0.00000000,0.00000000,0.00000000,0.00000000,0.00000000,0.00000000,0.00000000,0.00000000,0.00000000,0.00000000,0.00000000,0.00000000,0.00000000,0.00000000,0.52662722,0.46745562,0.34911243,0.24852071,0.15976331,0.09467456,0.29585799,0.11834320,0.12426036,0.19526627,0.49704142,0.38461538,0.27218935,1.00000000,0.55621302,0.66863905,0.86390533,0.79881657,0.60355030,0.55029586,0.85798817,1.00000000,0.99408284,0.85207101,0.88757396,0.00000000,0.01183432,0.01775148,0.33136095,0.16568047,0.02366864,0.11242604,0.59171598,0.24852071,0.00000000,0.00000000,0.00000000,0.01183432,0.08284024,0.00000000,0.00000000,0.00000000,0.00000000,0.01775148,0.00000000,0.00591716,0.95857988,0.00000000,0.07692308,0.00000000,0.03550296,0.60355030,0.00000000,0.00000000,0.00000000,0.00000000,0.54437870,0.46153846,1.00000000,0.89940828,1.00000000,1.00000000,0.00000000,0.00000000,0.30177515,0.00000000,0.00000000,0.21893491
0.00000000,0.00000000,0.00000000,0.00000000,0.00000000,0.00000000,0.00000000,0.00000000,0.00000000,0.00000000,0.00000000,0.00000000,0.00000000,0.00000000,0.00000000,0.00000000,0.00000000,0.00000000,0.00000000,0.00000000,0.00000000,0.24260355,0.00000000,0.00000000,0.00000000,0.00000000,0.00000000,0.00000000,0.00000000,0.05325444,0.53846154,0.91715976,0.98816568,0.94082840,0.00000000,0.00000000,0.00000000,0.00000000,0.00000000,0.00000000,0.00000000,0.00000000,0.00000000,0.02958580,0.53846154,0.66272189,0.00000000,1.00000000,0.00000000,0.00000000,0.00000000,0.00000000,0.00000000,0.01183432,0.08284024,0.00591716,0.02366864,0.27810651,0.67455621,0.85798817,0.72189349,0.40236686,1.00000000,1.00000000,0.95266272,0.42011834,0.95266272,0.98224852,0.96449704,0.00000000,0.00000000,0.00000000,0.00000000,0.00000000,0.00000000,0.00000000,0.00000000,0.00000000,0.00000000,0.00000000,0.00000000,0.00000000,0.00000000,0.00000000,0.00000000,0.00000000,0.00000000,0.00000000,0.00000000,0.00000000,0.00000000,0.00000000,0.00000000,0.00000000,0.00591716,0.01775148,0.01775148,0.87573964,0.47928994,0.00591716,0.02958580,0.00000000,0.97633136,0.00000000,0.52071006,0.00000000,0.00000000,0.00000000,0.00000000,0.59171598,0.85798817,0.93491124,0.66272189,0.00591716,0.00000000,0.00000000,0.00000000,0.00000000,0.00000000,0.00000000,0.00000000,0.01775148,0.19526627,0.27218935,0.98224852,0.17751479,1.00000000,0.02958580,1.00000000,1.00000000,1.00000000,0.00000000,1.00000000,0.00000000,0.54437870,0.98816568,0.73372781
0.00000000,0.00000000,0.00000000,0.00000000,0.00000000,0.00000000,0.00000000,0.00000000,0.00000000,0.00000000,0.00000000,0.00000000,0.00000000,0.00000000,0.00000000,0.00000000,0.00000000,0.00000000,0.00000000,0.00000000,0.00000000,0.00000000,0.00000000,0.00000000,0.00000000,0.00000000,0.00000000,0.00000000,0.00000000,0.00000000,0.00000000,0.00000000,0.00000000,0.00000000,0.00000000,0.00000000,0.00000000,0.00000000,0.00000000,0.00000000,0.00000000,0.00000000,0.00000000,0.00000000,0.00000000,0.00000000,0.00000000,0.00000000,0.00000000,0.00000000,0.00000000,0.00000000,0.00000000,0.00000000,0.00000000,0.00000000,0.00000000,0.00000000,0.00000000,0.00000000,0.00000000,0.00000000,0.00000000,0.00000000,0.00000000,0.00000000,0.00000000,0.00000000,0.00000000,0.99408284,0.99408284,0.56804734,0.31952663,0.26627219,0.07692308,0.15976331,0.01775148,0.06508876,0.10650888,0.13609467,0.05917160,0.07100592,0.15976331,0.45562130,0.03550296,1.00000000,0.88757396,0.18343195,0.01183432,0.75739645,1.00000000,0.86390533,0.95857988,0.97041420,0.65680473,0.88165680,0.85798817,0.00591716,0.00000000,0.59763314,0.20118343,0.97041420,0.02366864,0.00000000,0.00000000,0.03550296,0.76923077,0.11834320,0.00000000,0.00000000,0.00000000,0.37869822,0.67455621,0.95857988,0.00000000,0.00000000,0.07692308,0.77514793,0.21893491,0.60946746,0.98816568,0.00000000,0.00000000,0.00000000,0.00000000,0.77514793,0.88165680,0.98816568,0.97633136,1.00000000,0.99408284,0.00000000,0.00000000,0.00000000,0.00000000,0.00000000,0.00591716
0.00000000,0.00000000,0.00000000,0.00000000,0.00000000,0.00000000,0.00000000,0.00000000,0.00000000,0.00000000,0.00000000,0.00000000,0.00000000,0.00000000,0.00000000,0.00000000,0.00000000,0.00000000,0.00000000,0.00000000,0.00000000,0.00000000,0.00000000,0.00000000,0.00000000,0.00000000,0.00000000,0.00000000,0.00000000,0.00000000,0.00000000,0.00000000,0.00000000,0.00000000,0.00000000,0.00000000,0.00000000,0.00000000,0.00000000,0.00000000,0.00000000,0.00000000,0.00000000,0.00000000,0.00000000,0.00000000,0.00000000,0.00000000,0.00000000,0.00000000,0.00000000,0.00000000,0.00000000,0.00000000,0.00000000,0.00000000,0.00000000,0.00000000,0.00000000,0.00000000,0.00000000,0.00000000,0.00000000,0.00000000,0.00000000,0.00000000,0.00000000,0.00000000,0.00000000,0.85798817,0.69230769,0.51479290,0.04733728,0.52662722,0.04733728,0.00000000,0.06508876,0.00000000,0.00000000,0.00000000,0.00591716,0.00000000,0.21893491,0.00000000,0.04733728,0.05917160,0.00000000,0.00000000,0.00000000,0.00000000,0.01183432,0.00000000,0.11242604,0.15976331,0.00000000,0.00000000,0.00000000,0.00000000,0.00000000,0.00000000,0.00000000,0.00000000,0.00000000,0.49112426,0.01775148,1.00000000,1.00000000,1.00000000,1.00000000,0.04142012,0.00000000,0.00000000,0.00000000,0.00000000,0.00000000,0.07692308,0.00000000,1.00000000,1.00000000,1.00000000,1.00000000,0.22485207,0.07692308,0.00591716,0.00000000,0.99408284,0.29585799,1.00000000,0.52071006,0.98816568,0.96449704,0.04733728,0.00000000,0.00000000,0.06508876,0.18934911,0.00000000
0.00000000,0.00000000,0.00000000,0.00000000,0.00000000,0.00000000,0.00000000,0.00000000,0.00000000,0.00000000,0.00000000,0.00000000,0.00000000,0.00000000,0.00000000,0.00000000,0.00000000,0.00000000,0.00000000,0.00000000,0.00000000,0.00000000,0.00000000,0.00000000,0.00000000,0.00000000,0.00000000,0.00000000,0.00000000,0.00000000,0.00000000,0.00000000,0.00000000,0.00000000,0.00000000,0.00000000,0.00000000,0.00000000,0.00000000,0.00000000,0.00000000,0.00000000,0.00000000,0.00000000,0.00000000,0.00000000,0.00000000,0.00000000,0.00000000,0.00000000,0.00000000,0.00000000,0.00000000,0.00000000,0.00000000,0.00000000,0.00000000,0.00000000,0.00000000,0.00000000,0.00000000,0.00000000,0.00000000,0.00000000,0.00000000,0.00000000,0.00000000,0.00000000,0.00000000,0.89349112,0.81065089,0.85207101,0.49704142,0.88165680,0.60355030,0.40236686,0.56804734,0.04733728,0.06508876,0.15384615,0.31952663,0.01183432,0.35502959,0.18343195,0.33727811,0.53254438,0.20118343,0.00000000,0.01183432,0.17751479,0.46745562,0.12426036,0.41420118,0.59763314,0.00000000,0.00000000,0.00000000,0.00000000,0.00000000,0.00000000,0.00000000,0.08284024,0.00000000,0.39053254,0.01183432,1.00000000,1.00000000,0.93491124,1.00000000,0.01775148,0.00000000,0.00000000,0.00000000,0.07692308,0.00000000,0.77514793,1.00000000,0.00000000,1.00000000,1.00000000,1.00000000,0.21301775,0.05325444,0.00000000,0.00000000,0.95857988,0.10650888,1.00000000,0.40828402,0.98224852,0.98224852,0.01183432,0.00000000,0.00000000,0.02366864,0.07100592,0.00000000
0.00000000,0.00000000,0.00000000,0.00000000,0.00000000,0.00000000,0.00000000,0.00000000,0.00000000,0.00000000,0.00000000,0.00000000,0.00000000,0.00000000,0.00000000,0.00000000,0.00000000,0.00000000,0.00000000,0.00000000,0.00000000,0.00000000,0.00000000,0.00000000,0.00000000,0.00000000,0.00000000,0.00000000,0.00000000,0.00000000,0.00000000,0.00000000,0.00000000,0.00000000,0.00000000,0.00000000,0.00000000,0.00000000,0.00000000,0.00000000,0.00000000,0.00000000,0.00000000,0.00000000,0.00000000,0.00000000,0.00000000,0.00000000,0.00000000,0.00000000,0.00000000,0.00000000,0.00000000,0.00000000,0.00000000,0.00000000,0.00000000,0.00000000,0.00000000,0.00000000,0.00000000,0.00000000,0.00000000,0.00000000,0.00000000,0.00000000,0.00000000,0.00000000,0.00000000,0.65680473,0.52071006,0.47928994,0.06508876,0.60946746,0.06508876,0.01183432,0.07100592,0.00000000,0.00000000,0.00000000,0.00000000,0.00000000,0.16568047,0.00000000,0.05917160,0.11242604,0.00000000,0.00000000,0.00000000,0.00000000,0.06508876,0.00000000,0.40236686,0.40236686,0.00000000,0.00000000,0.00000000,0.00000000,0.00000000,0.00000000,0.00000000,0.00000000,0.00000000,0.44970414,0.02366864,1.00000000,1.00000000,0.86982249,1.00000000,0.01183432,0.00000000,0.00000000,0.00000000,0.00000000,0.00000000,0.21893491,1.00000000,1.00000000,0.00000000,1.00000000,1.00000000,0.21893491,0.08284024,0.00000000,0.00000000,0.96449704,0.11834320,0.99408284,0.40828402,0.98816568,0.98816568,0.01183432,0.00000000,0.00000000,0.03550296,0.05917160,0.00000000
0.00000000,0.00000000,0.00000000,0.00000000,0.00000000,0.00000000,0.00000000,0.00000000,0.00000000,0.00000000,0.00000000,0.00000000,0.00000000,0.00000000,0.00000000,0.00000000,0.00000000,0.00000000,0.00000000,0.00000000,0.00000000,0.00000000,0.00000000,0.00000000,0.00000000,0.00000000,0.00000000,0.00000000,0.00000000,0.00000000,0.00000000,0.00000000,0.00000000,0.00000000,0.00000000,0.00000000,0.00000000,0.00000000,0.00000000,0.00000000,0.00000000,0.00000000,0.00000000,0.00000000,0.00000000,0.00000000,0.00000000,0.00000000,0.00000000,0.00000000,0.00000000,0.00000000,0.00000000,0.00000000,0.00000000,0.00000000,0.00000000,0.00000000,0.00000000,0.00000000,0.00000000,0.00000000,0.00000000,0.00000000,0.00000000,0.00000000,0.00000000,0.00000000,0.00000000,0.37869822,0.36094675,0.55621302,0.24260355,0.61538462,0.30769231,0.18934911,0.24260355,0.00591716,0.00591716,0.05325444,0.13017751,0.00591716,0.15384615,0.07100592,0.10650888,0.30177515,0.08875740,0.00591716,0.00000000,0.07100592,0.27810651,0.07100592,0.61538462,0.60946746,0.00000000,0.00000000,0.00000000,0.00000000,0.00000000,0.00000000,0.00000000,0.03550296,0.00000000,0.24260355,0.00591716,0.97633136,0.97633136,0.56804734,0.96449704,0.00591716,0.00000000,0.00000000,0.00000000,0.03550296,0.00000000,0.60946746,1.00000000,1.00000000,1.00000000,0.00000000,1.00000000,0.10059172,0.01183432,0.00000000,0.00000000,0.72781065,0.01183432,0.93491124,0.14792899,0.97633136,0.91715976,0.00000000,0.00000000,0.00000000,0.00000000,0.01183432,0.00000000
0.00000000,0.00000000,0.00000000,0.00000000,0.00000000,0.00000000,0.00000000,0.00000000,0.00000000,0.00000000,0.00000000,0.00000000,0.00000000,0.00000000,0.00000000,0.00000000,0.00000000,0.00000000,0.00000000,0.00000000,0.00000000,0.00000000,0.00000000,0.00000000,0.00000000,0.00000000,0.00000000,0.00000000,0.00000000,0.00000000,0.00000000,0.00000000,0.00000000,0.00000000,0.00000000,0.00000000,0.00000000,0.00000000,0.00000000,0.00000000,0.00000000,0.00000000,0.00000000,0.00000000,0.00000000,0.00000000,0.00000000,0.00000000,0.00000000,0.00000000,0.00000000,0.00000000,0.00000000,0.00000000,0.00000000,0.00000000,0.00000000,0.00000000,0.00000000,0.00000000,0.00000000,0.00000000,0.00000000,0.00000000,0.00000000,0.00000000,0.00000000,0.00000000,0.00000000,0.30769231,0.37278107,0.66863905,0.57396450,0.59763314,0.71005917,0.71005917,0.43786982,0.14792899,0.31360947,0.50887574,0.42011834,0.23076923,0.24852071,0.56804734,0.25443787,0.79881657,0.59763314,0.24260355,0.02958580,0.66863905,0.95266272,0.73372781,1.00000000,0.99408284,0.00000000,0.00000000,0.00000000,0.00000000,0.00000000,0.00000000,0.00000000,0.50295858,0.00000000,0.18343195,0.00591716,0.81065089,0.76331361,0.36094675,0.85207101,0.00000000,0.00000000,0.00000000,0.00000000,0.60355030,0.00000000,0.98816568,1.00000000,1.00000000,1.00000000,1.00000000,0.00000000,0.05325444,0.02366864,0.00000000,0.00000000,0.65680473,0.02366864,0.91715976,0.68047337,1.00000000,0.98224852,0.00000000,0.00000000,0.00000000,0.00000000,0.00000000,0.00000000
0.00000000,0.00000000,0.00000000,0.00000000,0.00000000,0.00000000,0.00000000,0.00000000,0.00000000,0.00000000,0.00000000,0.00000000,0.00000000,0.00000000,0.00000000,0.00000000,0.00000000,0.00000000,0.00000000,0.00000000,0.00000000,0.00000000,0.00000000,0.00000000,0.00000000,0.00000000,0.00000000,0.00000000,0.00000000,0.00000000,0.00000000,0.00591716,0.00000000,0.00000000,0.03550296,0.00591716,0.01775148,0.00000000,0.00000000,0.00000000,0.00000000,0.00000000,0.00000000,0.01183432,0.00000000,0.00000000,0.01183432,0.00000000,0.00000000,0.00000000,0.00000000,0.00591716,0.00000000,0.10059172,0.07692308,0.13017751,0.07100592,0.00000000,0.00000000,0.04733728,0.01775148,0.01775148,0.00000000,0.00591716,0.00000000,0.00000000,0.00000000,0.00000000,0.00000000,0.00000000,0.00000000,0.00000000,0.00000000,0.00000000,0.00000000,0.00000000,0.00000000,0.00000000,0.00000000,0.00000000,0.00000000,0.00000000,0.00000000,0.00000000,0.00000000,0.00000000,0.00000000,0.00000000,0.00000000,0.00000000,0.00000000,0.00000000,0.00000000,0.00000000,0.00000000,0.00000000,0.00000000,0.00000000,0.00000000,0.00000000,0.00000000,0.00000000,0.00000000,1.00000000,0.99408284,0.03550296,0.02366864,0.00000000,0.23076923,1.00000000,0.68047337,0.10059172,0.01775148,0.00000000,0.01775148,0.00000000,0.22485207,0.21301775,0.21893491,0.10059172,0.05325444,0.00000000,1.00000000,0.60355030,0.18934911,0.11834320,1.00000000,0.18934911,0.97633136,1.00000000,0.99408284,0.00000000,0.11834320,0.00000000,0.00000000,0.01775148,0.00000000
0.00000000,0.00000000,0.00000000,0.00000000,0.00000000,0.00000000,0.00000000,0.00000000,0.00000000,0.00000000,0.00000000,0.00000000,0.00000000,0.00000000,0.00000000,0.00000000,0.00000000,0.00000000,0.00000000,0.00000000,0.00000000,0.00000000,0.00000000,0.00000000,0.00000000,0.00000000,0.00000000,0.00000000,0.00000000,0.00000000,0.00000000,0.01183432,0.00000000,0.00000000,0.00000000,0.00000000,0.00000000,0.00000000,0.00000000,0.00000000,0.00000000,0.00000000,0.00000000,0.00000000,0.00000000,0.00000000,0.00000000,0.00000000,0.00000000,0.00000000,0.00000000,0.00000000,0.00000000,0.01183432,0.01183432,0.00591716,0.01775148,0.00000000,0.00000000,0.04142012,0.03550296,0.01183432,0.01775148,0.00591716,0.00000000,0.00000000,0.00000000,0.00000000,0.00000000,0.00000000,0.00000000,0.00000000,0.00000000,0.00000000,0.00000000,0.00000000,0.00000000,0.00000000,0.00000000,0.00000000,0.00000000,0.00000000,0.00000000,0.00000000,0.00000000,0.00000000,0.00000000,0.00000000,0.00000000,0.00000000,0.00000000,0.00000000,0.00000000,0.00000000,0.00000000,0.00591716,0.00591716,0.00000000,0.00000000,0.00000000,0.00000000,0.00000000,0.01183432,0.97041420,0.89349112,0.02366864,0.01775148,0.00000000,0.04733728,1.00000000,0.97041420,0.38461538,0.14792899,0.00000000,0.19526627,0.00000000,0.07692308,0.05325444,0.08284024,0.01183432,0.02366864,1.00000000,0.00000000,0.12426036,0.22485207,0.07100592,1.00000000,0.09467456,0.97633136,1.00000000,0.99408284,0.00000000,0.04733728,0.00000000,0.00000000,0.00000000,0.00000000
0.00000000,0.00000000,0.00000000,0.00000000,0.00000000,0.00000000,0.00000000,0.00000000,0.00000000,0.00000000,0.00000000,0.00000000,0.00000000,0.00000000,0.00000000,0.00000000,0.00000000,0.00000000,0.00000000,0.00000000,0.00000000,0.00000000,0.00000000,0.00000000,0.00000000,0.00000000,0.00000000,0.00000000,0.00000000,0.00000000,0.00000000,0.03550296,0.00000000,0.00000000,0.94082840,0.21301775,0.88757396,0.00000000,0.00000000,0.00000000,0.00000000,0.00000000,0.00000000,0.38461538,0.02958580,0.00000000,0.68639053,0.00000000,0.00000000,0.00000000,0.00000000,0.07692308,0.04142012,1.00000000,1.00000000,1.00000000,0.80473373,0.00000000,0.00000000,0.92307692,0.65088757,0.40828402,0.28994083,0.07692308,0.00000000,0.00000000,0.00000000,0.00000000,0.00000000,0.00000000,0.00000000,0.00000000,0.00000000,0.00000000,0.00000000,0.00000000,0.00000000,0.00000000,0.00000000,0.00000000,0.00000000,0.00000000,0.00000000,0.00000000,0.00000000,0.00000000,0.00000000,0.00000000,0.00000000,0.00000000,0.00000000,0.00000000,0.00000000,0.00000000,0.00000000,0.00000000,0.00000000,0.00000000,0.00000000,0.00000000,0.00000000,0.00000000,0.00000000,0.94674556,1.00000000,0.00000000,0.00000000,0.00000000,0.01183432,0.26627219,0.00591716,0.00000000,0.00000000,0.00000000,0.27218935,0.00000000,0.00591716,0.00000000,0.00000000,0.00000000,0.00000000,0.60355030,0.12426036,0.00000000,1.00000000,0.01775148,1.00000000,0.00000000,0.41420118,1.00000000,0.60355030,0.00000000,0.97633136,0.00000000,0.00591716,0.60946746,0.00000000
0.00000000,0.00000000,0.00000000,0.00000000,0.00000000,0.00000000,0.00000000,0.00000000,0.00000000,0.00000000,0.00000000,0.00000000,0.00000000,0.00000000,0.00000000,0.00000000,0.00000000,0.00000000,0.00000000,0.00000000,0.00000000,0.00000000,0.00000000,0.00000000,0.00000000,0.00000000,0.00000000,0.00000000,0.00000000,0.00000000,0.00000000,0.69230769,0.00591716,0.01183432,0.72189349,0.06508876,0.59763314,0.00000000,0.00000000,0.00000000,0.00000000,0.00000000,0.00000000,0.81656805,0.53254438,0.06508876,0.63313609,0.37278107,0.00000000,0.00000000,0.00000000,0.15384615,0.09467456,1.00000000,1.00000000,1.00000000,0.97633136,0.05917160,0.00000000,0.99408284,0.99408284,0.99408284,0.92899408,0.89940828,0.01183432,0.00000000,0.02366864,0.00591716,0.00591716,0.00000000,0.00000000,0.00000000,0.00000000,0.00000000,0.00000000,0.00000000,0.00000000,0.00000000,0.00000000,0.00000000,0.00000000,0.00000000,0.00000000,0.00000000,0.00000000,0.00000000,0.00000000,0.00000000,0.00000000,0.00000000,0.00000000,0.00000000,0.00000000,0.00000000,0.00000000,0.00000000,0.00000000,0.01775148,0.00000000,0.00000000,0.00000000,0.00000000,0.01183432,0.34911243,1.00000000,0.00000000,0.00000000,0.00000000,0.00000000,0.62130178,0.13609467,0.01183432,0.00000000,0.00000000,0.98224852,0.00000000,0.00000000,0.00000000,0.00000000,0.00000000,0.00000000,0.18934911,0.22485207,1.00000000,0.00000000,0.00000000,1.00000000,0.00000000,0.65088757,1.00000000,0.87573964,0.00000000,1.00000000,0.00000000,0.10059172,0.92899408,0.02366864
0.00000000,0.00000000,0.00000000,0.00000000,0.00000000,0.00000000,0.00000000,0.00000000,0.00000000,0.00000000,0.00000000,0.00000000,0.00000000,0.00000000,0.00000000,0.00000000,0.00000000,0.00000000,0.00000000,0.00000000,0.00000000,0.00591716,0.00000000,0.00000000,0.00000000,0.00000000,0.00000000,0.00000000,0.00000000,0.00000000,0.00000000,0.00000000,0.01183432,0.02366864,0.00000000,0.00000000,0.00000000,0.05917160,0.00591716,0.12426036,0.00591716,0.00591716,0.05917160,0.00000000,0.00000000,0.00000000,0.00000000,0.00000000,0.02366864,0.00000000,0.01183432,0.00000000,0.00000000,0.00000000,0.00000000,0.00000000,0.00000000,0.00000000,0.00000000,0.00000000,0.00000000,0.00000000,0.00000000,0.00000000,0.00000000,0.00000000,0.00000000,0.00000000,0.00000000,0.68047337,0.50887574,0.71597633,0.59171598,0.71005917,0.67455621,0.67455621,0.51479290,0.13609467,0.29585799,0.52071006,0.45562130,0.20710059,0.44970414,0.53846154,0.32544379,0.60355030,0.33136095,0.25443787,0.03550296,0.62721893,0.72781065,0.65680473,0.15976331,0.15976331,0.46153846,0.63313609,0.72189349,0.11242604,0.23076923,0.92307692,0.93491124,0.47337278,0.95266272,0.17751479,0.06508876,0.98224852,0.98224852,0.98816568,0.98224852,0.05917160,0.01183432,0.50295858,0.74556213,0.54437870,0.17751479,0.77514793,0.99408284,0.95857988,0.96449704,0.72781065,0.65680473,0.11834320,0.07100592,0.01775148,0.00000000,0.00000000,1.00000000,1.00000000,1.00000000,1.00000000,1.00000000,0.55621302,0.28402367,0.32544379,0.73372781,0.68639053,0.18343195
0.00000000,0.00000000,0.00000000,0.00000000,0.00000000,0.00000000,0.00000000,0.00000000,0.00000000,0.00000000,0.00000000,0.00000000,0.00000000,0.00000000,0.00000000,0.00000000,0.00000000,0.00000000,0.00000000,0.00000000,0.00591716,0.99408284,0.79289941,0.98816568,0.34319527,0.71597633,0.86982249,0.70414201,0.00000000,0.95857988,0.99408284,1.00000000,1.00000000,1.00000000,0.98816568,0.46745562,0.89349112,0.01183432,0.00591716,0.04142012,0.00000000,0.00000000,0.01183432,0.77514793,0.94674556,0.85798817,0.62130178,1.00000000,0.00000000,0.00000000,0.00000000,0.19526627,0.08875740,0.99408284,1.00000000,0.98224852,0.92307692,0.60355030,0.84023669,1.00000000,0.99408284,0.98816568,1.00000000,1.00000000,0.93491124,0.98816568,0.97041420,1.00000000,1.00000000,0.00591716,0.02958580,0.00000000,0.00000000,0.00000000,0.00000000,0.00000000,0.00000000,0.00000000,0.00000000,0.00000000,0.00000000,0.00000000,0.01183432,0.00000000,0.00000000,0.01183432,0.00591716,0.00000000,0.00591716,0.00000000,0.52071006,0.05325444,0.24852071,0.52662722,1.00000000,1.00000000,1.00000000,0.99408284,0.99408284,1.00000000,1.00000000,0.97633136,1.00000000,1.00000000,1.00000000,0.16568047,0.21301775,0.08284024,0.23668639,1.00000000,1.00000000,1.00000000,1.00000000,0.46153846,1.00000000,0.88165680,0.29585799,0.10650888,0.11834320,0.01183432,0.02366864,1.00000000,1.00000000,1.00000000,1.00000000,1.00000000,0.00000000,1.00000000,1.00000000,1.00000000,1.00000000,0.35502959,1.00000000,0.24260355,0.97633136,1.00000000,1.00000000
0.04142012,0.02366864,0.31360947,0.01775148,0.00000000,0.46153846,0.00591716,0.00591716,0.01183432,0.00591716,0.52662722,0.19526627,0.05325444,0.02366864,0.10650888,0.21893491,0.33136095,0.26627219,0.46745562,0.45562130,0.00000000,0.01775148,0.00000000,0.00000000,0.01775148,0.00000000,0.00000000,0.00000000,0.00000000,0.00000000,0.00000000,0.00000000,0.00591716,0.00000000,0.00000000,0.00000000,0.00000000,0.00000000,0.00000000,0.00000000,0.05917160,0.00000000,0.00000000,0.00000000,0.00000000,0.00000000,0.00000000,0.00000000,0.00000000,0.00000000,0.00000000,0.00000000,0.00000000,0.00000000,0.00000000,0.00000000,0.00000000,0.00000000,0.00000000,0.00000000,0.00000000,0.00000000,0.00000000,0.00000000,0.00000000,0.00000000,0.00000000,0.00000000,0.00000000,0.99408284,0.97633136,1.00000000,0.98816568,1.00000000,0.98816568,0.99408284,0.98816568,0.84023669,0.90532544,0.98816568,1.00000000,0.95857988,1.00000000,0.97041420,0.99408284,0.98816568,0.94082840,0.94082840,0.97041420,1.00000000,0.98224852,0.98816568,0.65680473,0.69230769,0.82248521,0.74556213,0.82248521,0.24852071,0.38461538,0.94082840,0.94674556,0.86390533,0.75739645,0.26035503,0.02958580,0.99408284,1.00000000,1.00000000,1.00000000,0.08284024,0.00000000,0.15976331,0.39053254,1.00000000,0.02958580,0.98816568,1.00000000,1.00000000,0.99408284,0.93491124,0.91715976,0.18934911,0.09467456,0.00000000,0.00000000,1.00000000,1.00000000,0.00000000,1.00000000,1.00000000,1.00000000,0.34319527,0.20118343,0.97633136,0.66272189,0.49112426,0.83431953
0.00000000,0.00000000,0.00000000,0.00000000,0.00000000,0.00000000,0.00000000,0.00000000,0.00000000,0.00000000,0.00000000,0.00000000,0.00000000,0.00000000,0.00000000,0.00000000,0.00000000,0.00000000,0.00000000,0.00000000,0.00000000,0.89940828,0.06508876,0.42011834,0.00000000,0.00000000,0.00000000,0.00000000,0.00000000,0.29585799,0.21893491,0.36686391,0.83431953,0.91124260,0.00000000,0.00000000,0.00591716,0.13017751,0.07100592,0.26627219,0.04142012,0.03550296,0.20710059,0.00591716,0.09467456,0.03550296,0.00000000,0.75147929,0.08875740,0.00591716,0.04733728,0.00000000,0.00000000,0.01183432,0.03550296,0.00591716,0.01775148,0.00000000,0.01183432,0.42603550,0.23076923,0.03550296,0.73964497,0.47337278,0.24852071,0.14201183,0.12426036,0.29585799,0.53846154,0.15384615,0.31360947,0.41420118,0.42603550,0.32544379,0.49112426,0.62721893,0.24260355,0.14792899,0.30177515,0.56804734,0.44378698,0.31360947,0.29585799,0.59763314,0.22485207,0.62130178,0.48520710,0.56213018,0.11242604,0.76923077,0.90532544,0.88165680,0.92899408,0.97041420,1.00000000,1.00000000,1.00000000,0.86390533,0.95266272,0.99408284,1.00000000,0.98816568,1.00000000,0.29585799,0.97633136,0.46745562,0.55029586,0.31360947,0.38461538,1.00000000,1.00000000,1.00000000,0.99408284,0.89940828,1.00000000,0.97633136,0.52071006,0.40828402,0.40828402,0.14792899,0.68047337,0.97633136,0.97633136,0.41420118,0.65088757,1.00000000,1.00000000,1.00000000,0.00000000,1.00000000,1.00000000,0.75739645,0.98816568,0.74556213,0.98224852,0.97633136,0.94674556
0.00000000,0.00000000,0.00000000,0.00000000,0.00000000,0.00000000,0.00000000,0.00000000,0.00000000,0.00000000,0.00000000,0.00000000,0.00000000,0.00000000,0.00000000,0.00000000,0.00000000,0.00000000,0.00000000,0.00000000,0.00000000,0.92899408,0.18934911,0.65680473,0.02366864,0.02366864,0.05325444,0.05917160,0.00000000,0.62721893,0.78106509,0.92307692,0.97041420,0.99408284,0.82248521,0.07100592,0.34911243,0.17159763,0.05917160,0.34319527,0.06508876,0.05917160,0.24852071,0.28994083,0.69230769,0.44970414,0.08875740,1.00000000,0.08875740,0.02366864,0.02958580,0.01775148,0.00000000,0.87573964,0.98816568,0.73372781,0.57396450,0.12426036,0.30177515,0.95266272,0.93491124,0.75739645,0.99408284,0.98224852,0.76331361,0.61538462,0.71597633,0.91715976,0.97041420,0.98224852,0.97633136,0.99408284,0.99408284,0.99408284,0.99408284,0.99408284,0.98816568,0.98816568,0.98224852,0.99408284,0.99408284,0.99408284,0.94082840,0.99408284,0.95857988,0.99408284,0.99408284,0.99408284,0.62721893,0.99408284,0.99408284,0.99408284,1.00000000,1.00000000,1.00000000,1.00000000,1.00000000,0.95266272,0.97633136,0.99408284,1.00000000,1.00000000,1.00000000,1.00000000,1.00000000,0.97633136,0.98816568,0.95857988,0.99408284,1.00000000,1.00000000,1.00000000,1.00000000,1.00000000,1.00000000,1.00000000,0.98816568,0.98224852,0.98816568,0.97633136,1.00000000,1.00000000,1.00000000,1.00000000,1.00000000,1.00000000,1.00000000,1.00000000,1.00000000,0.00000000,1.00000000,0.75739645,1.00000000,0.50295858,0.95857988,1.00000000,0.92899408
0.03550296,0.02366864,0.15384615,0.01775148,0.01183432,0.25443787,0.02366864,0.01183432,0.02366864,0.00000000,0.26035503,0.14201183,0.05325444,0.04733728,0.11242604,0.11834320,0.16568047,0.13017751,0.18343195,0.15384615,0.00000000,0.97041420,0.28994083,0.91124260,0.43786982,0.10059172,0.54437870,0.42011834,0.00000000,0.57396450,0.50295858,0.35502959,0.94082840,0.99408284,0.00000000,0.00000000,0.00591716,0.01183432,0.00000000,0.00000000,0.02958580,0.00000000,0.00000000,0.00000000,0.04733728,0.04142012,0.00000000,0.78698225,0.00000000,0.00000000,0.00000000,0.00000000,0.00000000,0.00591716,0.04142012,0.00591716,0.01775148,0.00000000,0.02366864,0.39053254,0.11242604,0.00591716,0.78106509,0.49112426,0.36094675,0.32544379,0.18934911,0.44378698,0.75147929,0.96449704,0.92899408,0.99408284,0.98816568,0.98816568,0.98224852,0.99408284,0.93491124,0.78698225,0.94082840,0.97633136,0.97633136,0.95266272,0.96449704,0.98816568,0.95266272,0.98224852,0.95857988,0.98224852,0.70414201,0.99408284,0.99408284,0.99408284,0.98224852,0.99408284,1.00000000,1.00000000,1.00000000,0.99408284,0.99408284,0.99408284,1.00000000,1.00000000,1.00000000,0.59763314,1.00000000,0.96449704,0.98816568,0.98816568,0.96449704,1.00000000,1.00000000,1.00000000,1.00000000,1.00000000,1.00000000,0.99408284,0.96449704,0.98224852,0.98816568,0.91715976,0.98224852,0.99408284,0.99408284,0.60355030,0.87573964,1.00000000,1.00000000,1.00000000,1.00000000,1.00000000,0.00000000,0.09467456,1.00000000,0.88165680,0.73964497,0.94674556,1.00000000
0.58579882,0.75739645,0.85207101,0.52071006,0.23076923,0.57988166,0.28402367,0.17751479,0.34319527,0.78106509,0.55621302,0.45562130,0.49112426,0.53846154,0.21301775,0.06508876,0.66863905,0.11242604,0.17751479,0.46745562,0.28994083,0.11834320,0.94674556,0.16568047,0.78698225,0.92307692,0.27218935,0.84615385,0.59763314,0.69230769,0.82840237,0.02958580,0.00000000,0.19526627,0.12426036,0.30769231,0.21301775,1.00000000,0.95266272,1.00000000,0.99408284,1.00000000,1.00000000,0.05917160,0.01183432,0.00591716,0.24852071,0.04142012,0.98816568,0.84615385,0.97633136,0.14792899,0.18343195,0.01775148,0.02366864,0.11242604,0.04733728,0.01775148,0.31952663,0.00000000,0.00000000,0.00591716,0.00000000,0.00000000,0.02366864,0.52662722,0.02366864,0.21893491,0.45562130,0.00000000,0.00000000,0.00000000,0.00000000,0.00000000,0.00000000,0.00000000,0.00000000,0.00000000,0.00000000,0.00000000,0.00000000,0.00000000,0.00000000,0.00000000,0.00000000,0.00000000,0.00000000,0.00000000,0.00000000,0.00000000,0.00000000,0.00000000,0.00000000,0.00000000,0.00000000,0.00000000,0.00000000,0.01183432,0.00000000,0.00000000,0.00000000,0.00000000,0.00000000,0.00000000,0.00000000,0.04733728,0.07100592,0.02958580,0.01183432,0.00000000,0.00000000,0.00000000,0.00000000,0.00000000,0.00000000,0.00000000,0.04733728,0.01183432,0.01183432,0.00000000,0.00000000,0.00000000,0.00000000,0.00000000,0.00000000,0.55621302,0.35502959,0.34319527,0.75739645,0.75739645,0.09467456,0.00000000,0.99408284,1.00000000,0.99408284,1.00000000,1.00000000
0.00000000,0.05917160,0.00000000,0.00000000,0.00000000,0.00000000,0.00000000,0.00000000,0.00000000,0.10059172,0.01183432,0.00000000,0.00000000,0.00000000,0.00591716,0.00000000,0.03550296,0.00000000,0.01775148,0.13609467,0.28994083,0.99408284,1.00000000,1.00000000,0.99408284,1.00000000,1.00000000,1.00000000,0.29585799,1.00000000,1.00000000,1.00000000,0.99408284,1.00000000,1.00000000,1.00000000,1.00000000,0.09467456,0.02366864,0.21893491,0.01775148,0.05917160,0.18343195,1.00000000,1.00000000,1.00000000,1.00000000,1.00000000,0.05325444,0.05917160,0.03550296,1.00000000,1.00000000,1.00000000,1.00000000,1.00000000,1.00000000,1.00000000,1.00000000,1.00000000,1.00000000,1.00000000,1.00000000,1.00000000,1.00000000,1.00000000,1.00000000,1.00000000,1.00000000,0.00000000,0.00000000,0.00000000,0.00000000,0.00000000,0.00000000,0.00000000,0.00000000,0.00000000,0.00000000,0.00000000,0.00000000,0.00000000,0.00000000,0.00000000,0.00000000,0.00000000,0.00000000,0.00000000,0.00000000,0.00000000,0.00000000,0.00000000,0.00000000,0.00000000,0.24852071,0.78698225,0.82248521,0.98816568,0.98816568,0.57396450,0.91124260,0.00000000,1.00000000,0.31952663,0.98816568,0.00000000,0.00000000,0.00000000,0.00000000,0.57988166,0.52662722,0.97041420,0.98224852,0.00000000,1.00000000,0.00000000,0.00000000,0.00000000,0.00000000,0.00000000,0.00000000,0.11834320,0.04733728,0.97633136,1.00000000,0.28402367,1.00000000,0.20118343,0.98816568,1.00000000,1.00000000,0.99408284,0.00000000,0.98224852,1.00000000,1.00000000,1.00000000
0.96449704,0.97041420,0.98224852,0.94674556,0.85798817,0.99408284,0.94674556,0.75147929,0.79881657,0.97041420,0.98816568,0.97633136,0.91715976,0.86982249,0.93491124,0.93491124,0.98816568,0.95266272,0.99408284,0.99408284,0.72189349,0.10059172,0.88757396,0.37278107,0.95266272,0.92307692,0.73964497,0.95266272,0.86982249,0.59171598,0.53846154,0.00000000,0.23668639,0.13017751,0.03550296,0.20118343,0.13609467,1.00000000,0.97633136,1.00000000,1.00000000,1.00000000,0.99408284,0.04142012,0.00000000,0.00000000,0.08875740,0.00591716,0.99408284,0.90532544,0.96449704,0.10650888,0.21893491,0.00000000,0.00591716,0.01775148,0.01183432,0.00000000,0.23076923,0.00591716,0.00000000,0.00000000,0.07100592,0.00000000,0.00591716,0.36686391,0.00000000,0.07100592,0.12426036,0.13017751,0.00591716,0.31360947,0.02366864,0.53254438,0.17159763,0.07692308,0.36686391,0.00000000,0.01183432,0.12426036,0.37278107,0.02958580,0.97041420,0.03550296,0.65680473,0.01183432,0.00591716,0.23076923,0.25443787,0.08284024,0.00000000,0.45562130,0.00000000,0.00000000,0.00000000,0.00000000,0.00000000,0.00000000,0.00000000,0.00000000,0.00000000,0.04142012,0.00000000,0.00000000,0.00000000,0.00000000,0.00591716,0.08875740,0.00000000,0.00000000,0.00000000,0.00000000,0.00000000,0.30177515,0.00000000,0.00000000,0.00000000,0.00000000,0.00000000,0.00000000,0.00000000,0.00000000,0.00000000,0.00000000,0.00000000,0.32544379,0.24260355,0.97633136,0.74556213,0.50295858,0.88165680,1.00000000,0.98224852,0.00000000,0.98816568,1.00000000,1.00000000
0.25443787,0.38461538,0.28994083,0.23076923,0.12426036,0.08875740,0.13609467,0.10059172,0.19526627,0.44970414,0.25443787,0.26035503,0.35502959,0.39053254,0.30769231,0.12426036,0.63313609,0.27218935,0.24260355,0.63313609,0.84615385,0.75147929,0.99408284,0.86390533,1.00000000,0.99408284,0.97633136,1.00000000,0.46745562,1.00000000,1.00000000,1.00000000,0.59763314,0.95857988,0.09467456,0.58579882,0.68639053,0.37869822,0.15384615,0.55029586,0.20710059,0.15384615,0.46745562,1.00000000,0.99408284,0.99408284,0.95857988,1.00000000,0.35502959,0.28994083,0.24260355,0.96449704,0.96449704,0.45562130,0.07100592,0.98816568,0.99408284,1.00000000,1.00000000,0.14792899,0.78698225,1.00000000,0.44970414,0.93491124,0.95857988,1.00000000,0.98816568,1.00000000,1.00000000,0.00000000,0.00000000,0.00000000,0.00000000,0.00000000,0.00000000,0.00000000,0.00000000,0.00000000,0.00000000,0.00000000,0.00000000,0.00000000,0.00591716,0.00000000,0.00000000,0.00000000,0.00000000,0.00000000,0.00000000,0.00000000,0.00000000,0.00000000,0.00000000,0.00000000,0.00000000,0.02958580,0.07692308,0.76331361,0.38461538,0.00000000,0.04733728,0.00000000,0.64497041,0.00000000,0.00591716,0.05917160,0.05917160,0.01775148,0.05917160,0.00000000,0.00591716,0.18343195,0.11242604,0.00000000,0.54437870,0.00000000,0.06508876,0.02366864,0.03550296,0.00000000,0.00000000,0.00000000,0.00000000,0.00591716,0.10059172,0.73372781,0.97633136,0.66272189,0.98224852,0.95857988,0.73964497,0.99408284,1.00000000,0.98816568,0.00000000,1.00000000,1.00000000
0.98816568,0.99408284,0.99408284,0.99408284,0.98224852,0.97633136,0.98816568,0.97041420,0.99408284,1.00000000,0.99408284,0.99408284,0.98816568,0.99408284,0.97041420,0.69230769,0.99408284,0.95857988,0.87573964,1.00000000,1.00000000,0.98224852,1.00000000,0.98816568,1.00000000,1.00000000,1.00000000,1.00000000,0.98816568,1.00000000,1.00000000,1.00000000,0.97041420,1.00000000,1.00000000,1.00000000,1.00000000,0.97041420,0.92899408,0.98816568,0.94674556,0.95857988,0.99408284,1.00000000,1.00000000,1.00000000,1.00000000,1.00000000,0.99408284,0.98816568,0.99408284,1.00000000,1.00000000,1.00000000,1.00000000,1.00000000,1.00000000,1.00000000,1.00000000,0.98224852,1.00000000,1.00000000,0.98816568,1.00000000,1.00000000,1.00000000,1.00000000,1.00000000,1.00000000,0.00000000,0.00000000,0.00000000,0.00000000,0.00000000,0.00000000,0.00000000,0.00000000,0.00000000,0.00000000,0.00000000,0.00591716,0.00000000,0.00591716,0.00000000,0.00000000,0.00000000,0.00000000,0.00000000,0.00000000,0.00000000,0.00000000,0.00000000,0.00000000,0.00000000,0.00591716,0.23076923,0.28402367,0.93491124,0.70414201,0.02366864,0.33727811,0.00000000,0.98816568,0.04733728,0.60946746,0.13609467,0.17751479,0.06508876,0.07100592,0.18343195,0.23076923,0.82840237,0.78698225,0.00000000,0.98816568,0.00000000,0.18934911,0.07100592,0.05917160,0.01183432,0.00000000,0.01775148,0.00000000,0.60946746,0.92899408,0.68639053,1.00000000,0.49112426,0.97633136,1.00000000,0.94674556,1.00000000,1.00000000,1.00000000,1.00000000,0.00000000,1.00000000
0.98816568,0.98224852,0.99408284,0.98816568,0.92899408,0.95266272,0.94674556,0.91715976,0.97041420,1.00000000,0.99408284,0.99408284,0.99408284,0.98816568,0.97041420,0.71005917,0.99408284,0.95266272,0.93491124,1.00000000,0.98816568,1.00000000,0.99408284,1.00000000,1.00000000,0.99408284,1.00000000,1.00000000,0.98816568,1.00000000,1.00000000,1.00000000,0.95266272,1.00000000,0.26627219,0.85798817,0.91715976,0.98816568,0.96449704,0.99408284,0.99408284,0.97041420,0.98816568,1.00000000,1.00000000,1.00000000,1.00000000,1.00000000,0.99408284,0.98224852,0.99408284,1.00000000,0.99408284,0.78106509,0.10650888,1.00000000,1.00000000,1.00000000,1.00000000,0.53254438,0.97633136,1.00000000,0.92307692,1.00000000,1.00000000,1.00000000,0.99408284,1.00000000,1.00000000,0.04733728,0.00000000,0.18343195,0.04142012,0.31360947,0.11242604,0.08284024,0.25443787,0.01183432,0.02958580,0.15976331,0.19526627,0.05325444,0.62130178,0.06508876,0.36094675,0.00000000,0.00000000,0.17159763,0.13609467,0.10059172,0.01183432,0.27218935,0.01183432,0.02366864,0.05917160,0.24852071,0.33136095,0.98224852,0.82840237,0.10650888,0.42011834,0.07100592,0.94082840,0.00000000,0.00000000,0.00000000,0.00591716,0.03550296,0.00000000,0.00000000,0.00000000,0.36094675,0.43195266,0.21893491,0.73372781,0.00591716,0.00000000,0.00000000,0.00000000,0.00000000,0.00000000,0.00000000,0.00000000,0.00000000,0.02366864,0.18343195,1.00000000,0.83431953,0.94674556,0.92899408,1.00000000,1.00000000,1.00000000,1.00000000,1.00000000,1.00000000,0.00000000
