0.00000000,2.44189929,1.74348073,0.47487399,0.16440510,0.09623826,0.03546138,0.01414804,0.01137074,0.01552231,0.02881979,0.00932128,0.02417467,0.00372463,0.02682072,0.00774649,0.00487739,0.00000000,0.00000000,0.00000000,0.00070691,0.00000000,0.00000000,0.00000000,0.00000000,0.00000000,0.00000000,0.00000000,0.00000000,0.00000000,0.00000000,0.00000000,0.00000000,0.00000000,0.00000000,0.00000000,0.00000000,0.00000000,0.00000000,0.00000000,0.00000000,0.00000000,0.00000000,0.00000000,0.00000000,0.00000000,0.00000000,0.00000000,0.00000000,0.00000000,0.00000000,0.00000000,0.00000000,0.00000000,0.00000000,0.00000000,0.00000000,0.00000000,0.00000000,0.00000000,0.00000000,0.00000000,0.00000000,0.00000000,0.00000000,0.00000000,0.00000000,0.00000000,0.00000000,0.00000000,0.00000000,0.00000000,0.00000000,0.00000000,0.00000000,0.00000000,0.00000000,0.00000000,0.00000000,0.00000000,0.00000000,0.00000000,0.00000000,0.00000000,0.00000000,0.00000000,0.00000000,0.00000000,0.00000000,0.00000000,0.00000000,0.00000000,0.00000000,0.00000000,0.00000000,0.00000000,0.00000000,0.00000000,0.00000000,0.00000000,0.00000000,0.00000000,0.00000000,0.00000000,0.00000000,0.00000000,0.00000000,0.00000000,0.00000000,0.00000000,0.00000000,0.00000000,0.00000000,0.00000000,0.00000000,0.00000000,0.00000000,0.00000000,0.00000000,0.00000000,0.00000000,0.00000000
2.44189929,0.00000000,1.20945587,1.35927882,0.36251902,0.44566737,0.07264114,0.04141827,0.03455953,0.04114845,0.05068365,0.02528981,0.04577494,0.00592240,0.04956880,0.01388023,0.00874841,0.00000000,0.00190769,0.00415526,0.00568371,0.00281441,0.00000000,0.00344455,0.00000000,0.00382695,0.00338026,0.00000000,0.00569241,0.00000000,0.00273129,0.00000000,0.00000000,0.00000000,0.00000000,0.00000000,0.00000000,0.00437934,0.00000000,0.00232651,0.00000000,0.00000000,0.00000000,0.00000000,0.00000000,0.00000000,0.00000000,0.00000000,0.00000000,0.00000000,0.00000000,0.00000000,0.00000000,0.00000000,0.00000000,0.00000000,0.00000000,0.00000000,0.00000000,0.00000000,0.00000000,0.00000000,0.00000000,0.00000000,0.00000000,0.00000000,0.00000000,0.00000000,0.00000000,0.00000000,0.00000000,0.00000000,0.00000000,0.00000000,0.00000000,0.00000000,0.00000000,0.00000000,0.00000000,0.00000000,0.00000000,0.00000000,0.00000000,0.00000000,0.00000000,0.00000000,0.00000000,0.00000000,0.00000000,0.00000000,0.00000000,0.00000000,0.00000000,0.00000000,0.00000000,0.00000000,0.00000000,0.00000000,0.00000000,0.00000000,0.00000000,0.00000000,0.00000000,0.00000000,0.00000000,0.00000000,0.00000000,0.00000000,0.00000000,0.00000000,0.00000000,0.00000000,0.00000000,0.00000000,0.00000000,0.00000000,0.00000000,0.00000000,0.00000000,0.00000000,0.00000000,0.00000000
1.74348073,1.20945587,0.00000000,2.71142716,0.45645426,0.03793999,0.06765142,0.01654508,0.00387196,0.01834984,0.04147904,0.00831874,0.03555992,0.00641069,0.03741903,0.00941472,0.00579030,0.00000000,0.00000000,0.00181098,0.00196047,0.00000000,0.00000000,0.00000000,0.00000000,0.00000000,0.00000000,0.00000000,0.00000000,0.00000000,0.00000000,0.00000000,0.00000000,0.00000000,0.00000000,0.00000000,0.00000000,0.00000000,0.00000000,0.00000000,0.00000000,0.00000000,0.00000000,0.00000000,0.00000000,0.00000000,0.00000000,0.00000000,0.00000000,0.00000000,0.00000000,0.00000000,0.00000000,0.00000000,0.00000000,0.00000000,0.00000000,0.00000000,0.00000000,0.00000000,0.00000000,0.00000000,0.00000000,0.00000000,0.00000000,0.00000000,0.00000000,0.00000000,0.00000000,0.00000000,0.00000000,0.00000000,0.00000000,0.00000000,0.00000000,0.00000000,0.00000000,0.00000000,0.00000000,0.00000000,0.00000000,0.00000000,0.00000000,0.00000000,0.00000000,0.00000000,0.00000000,0.00000000,0.00000000,0.00000000,0.00000000,0.00000000,0.00000000,0.00000000,0.00000000,0.00000000,0.00000000,0.00000000,0.00000000,0.00000000,0.00000000,0.00000000,0.00000000,0.00000000,0.00000000,0.00000000,0.00000000,0.00000000,0.00000000,0.00000000,0.00000000,0.00000000,0.00000000,0.00000000,0.00000000,0.00000000,0.00000000,0.00000000,0.00000000,0.00000000,0.00000000,0.00000000
0.47487399,1.35927882,2.71142716,0.00000000,3.24628392,0.48696328,0.28776907,0.04718195,0.01935535,0.04251895,0.07022116,0.01993464,0.05996578,0.00797189,0.06232795,0.01705410,0.00762705,0.00000000,0.00000000,0.00240313,0.00251526,0.00000000,0.00000000,0.00000000,0.00000000,0.00129566,0.00129569,0.00000000,0.00176796,0.00000000,0.00137619,0.00000000,0.00000000,0.00000000,0.00000000,0.00000000,0.00000000,0.00192689,0.00000000,0.00000000,0.00000000,0.00000000,0.00000000,0.00000000,0.00000000,0.00000000,0.00000000,0.00000000,0.00000000,0.00000000,0.00000000,0.00000000,0.00000000,0.00000000,0.00000000,0.00000000,0.00000000,0.00000000,0.00000000,0.00000000,0.00000000,0.00000000,0.00000000,0.00000000,0.00000000,0.00000000,0.00000000,0.00000000,0.00000000,0.00000000,0.00000000,0.00000000,0.00000000,0.00000000,0.00000000,0.00000000,0.00000000,0.00000000,0.00000000,0.00000000,0.00000000,0.00000000,0.00000000,0.00000000,0.00000000,0.00000000,0.00000000,0.00000000,0.00000000,0.00000000,0.00000000,0.00000000,0.00000000,0.00000000,0.00000000,0.00000000,0.00000000,0.00000000,0.00000000,0.00000000,0.00000000,0.00000000,0.00000000,0.00000000,0.00000000,0.00000000,0.00000000,0.00000000,0.00000000,0.00000000,0.00000000,0.00000000,0.00000000,0.00000000,0.00000000,0.00000000,0.00000000,0.00000000,0.00000000,0.00000000,0.00000000,0.00000000
0.16440510,0.36251902,0.45645426,3.24628392,0.00000000,2.03202755,2.19298394,0.24986420,0.13207479,0.21968126,0.17780003,0.05126283,0.10336180,0.00836777,0.09157373,0.01858397,0.00837145,0.00000000,0.00000000,0.00148564,0.00415054,0.00107342,0.00256633,0.00392586,0.00000000,0.00266018,0.00190737,0.00000000,0.00229529,0.00000000,0.00219430,0.00093075,0.00000000,0.00000000,0.00392316,0.00147535,0.00149656,0.00084523,0.00000000,0.00359635,0.00000000,0.00000000,0.00000000,0.00000000,0.00000000,0.00000000,0.00000000,0.00000000,0.00000000,0.00000000,0.00000000,0.00000000,0.00000000,0.00000000,0.00000000,0.00000000,0.00000000,0.00000000,0.00000000,0.00000000,0.00641359,0.00000000,0.00000000,0.00000000,0.00000000,0.00000000,0.00000000,0.00000000,0.00000000,0.00000000,0.00000000,0.00000000,0.00000000,0.00000000,0.00000000,0.00000000,0.00000000,0.00000000,0.00000000,0.00000000,0.00000000,0.00000000,0.00000000,0.00000000,0.00000000,0.00000000,0.00000000,0.00000000,0.00000000,0.00000000,0.00000000,0.00000000,0.00000000,0.00000000,0.00000000,0.00000000,0.00000000,0.00000000,0.00000000,0.00000000,0.00000000,0.00000000,0.00000000,0.00000000,0.00000000,0.00000000,0.00000000,0.00000000,0.00000000,0.00000000,0.00000000,0.00000000,0.00000000,0.00000000,0.00000000,0.00000000,0.00000000,0.00000000,0.00000000,0.00000000,0.00000000,0.00000000
0.09623826,0.44566737,0.03793999,0.48696328,2.03202755,0.00000000,1.22775771,0.64589025,1.75797025,0.39302273,0.17350889,0.15384179,0.10010726,0.00387797,0.06199121,0.01428156,0.00842590,0.00000000,0.00794527,0.00204005,0.00538906,0.01649926,0.01051012,0.01711983,0.00565060,0.00473270,0.00374522,0.00394161,0.00471215,0.00000000,0.00587781,0.00448680,0.00082966,0.00000000,0.01052253,0.00334657,0.00542066,0.00577919,0.00111025,0.00770329,0.00000000,0.00000000,0.00251219,0.00000000,0.00274003,0.00271174,0.00000000,0.00443770,0.00000000,0.00088155,0.00606874,0.00000000,0.00000000,0.00000000,0.00000000,0.00000000,0.00000000,0.03343319,0.01152376,0.00431347,0.02269902,0.00000000,0.00000000,0.00000000,0.00000000,0.00000000,0.00000000,0.00000000,0.00000000,0.00000000,0.00000000,0.00000000,0.00000000,0.00000000,0.00000000,0.00000000,0.00000000,0.00000000,0.00000000,0.00000000,0.00000000,0.00000000,0.00000000,0.00000000,0.00000000,0.00000000,0.00000000,0.00000000,0.00000000,0.00000000,0.00000000,0.00000000,0.00000000,0.00000000,0.00000000,0.00000000,0.00000000,0.00000000,0.00000000,0.00000000,0.00000000,0.00000000,0.00000000,0.00000000,0.00000000,0.00000000,0.00000000,0.00000000,0.00000000,0.00000000,0.00000000,0.00000000,0.00000000,0.00000000,0.00000000,0.00000000,0.00000000,0.00000000,0.00000000,0.00000000,0.00000000,0.00000000
0.03546138,0.07264114,0.06765142,0.28776907,2.19298394,1.22775771,0.00000000,0.88432697,0.36496874,0.63020770,0.20933068,0.09855138,0.09412990,0.00421897,0.05960019,0.01211853,0.00380096,0.00000000,0.00000000,0.00000000,0.00185498,0.00000000,0.00000000,0.00153381,0.00000000,0.00000000,0.00000000,0.00000000,0.00000000,0.00000000,0.00062377,0.00000000,0.00000000,0.00000000,0.00217198,0.00000000,0.00000000,0.00000000,0.00000000,0.00225508,0.00000000,0.00000000,0.00000000,0.00000000,0.00000000,0.00000000,0.00000000,0.00000000,0.00000000,0.00000000,0.00000000,0.00000000,0.00000000,0.00000000,0.00000000,0.00000000,0.00000000,0.00000000,0.00000000,0.00000000,0.00420568,0.00000000,0.00000000,0.00000000,0.00000000,0.00000000,0.00000000,0.00000000,0.00000000,0.00000000,0.00000000,0.00000000,0.00000000,0.00000000,0.00000000,0.00000000,0.00000000,0.00000000,0.00000000,0.00000000,0.00000000,0.00000000,0.00000000,0.00000000,0.00000000,0.00000000,0.00000000,0.00000000,0.00000000,0.00000000,0.00000000,0.00000000,0.00000000,0.00000000,0.00000000,0.00000000,0.00000000,0.00000000,0.00000000,0.00000000,0.00000000,0.00000000,0.00000000,0.00000000,0.00000000,0.00000000,0.00000000,0.00000000,0.00000000,0.00000000,0.00000000,0.00000000,0.00000000,0.00000000,0.00000000,0.00000000,0.00000000,0.00000000,0.00000000,0.00000000,0.00000000,0.00000000
0.01414804,0.04141827,0.01654508,0.04718195,0.24986420,0.64589025,0.88432697,0.00000000,0.71854277,1.04112264,0.29557882,0.18732828,0.09301279,0.00172924,0.04582482,0.00690386,0.00226683,0.00000000,0.00000000,0.00000000,0.00099846,0.00149326,0.00000000,0.00138622,0.00000000,0.00000000,0.00000000,0.00000000,0.00000000,0.00000000,0.00000000,0.00000000,0.00000000,0.00000000,0.00195718,0.00000000,0.00000000,0.00000000,0.00000000,0.00146483,0.00000000,0.00000000,0.00000000,0.00000000,0.00000000,0.00000000,0.00000000,0.00000000,0.00000000,0.00000000,0.00000000,0.00000000,0.00000000,0.00000000,0.00000000,0.00000000,0.00000000,0.00000000,0.00000000,0.00000000,0.00000000,0.00000000,0.00000000,0.00000000,0.00000000,0.00000000,0.00000000,0.00000000,0.00000000,0.00000000,0.00000000,0.00000000,0.00000000,0.00000000,0.00000000,0.00000000,0.00000000,0.00000000,0.00000000,0.00000000,0.00000000,0.00000000,0.00000000,0.00000000,0.00000000,0.00000000,0.00000000,0.00000000,0.00000000,0.00000000,0.00000000,0.00000000,0.00000000,0.00000000,0.00000000,0.00000000,0.00000000,0.00000000,0.00000000,0.00000000,0.00000000,0.00000000,0.00000000,0.00000000,0.00000000,0.00000000,0.00000000,0.00000000,0.00000000,0.00000000,0.00000000,0.00000000,0.00000000,0.00000000,0.00000000,0.00000000,0.00000000,0.00000000,0.00000000,0.00000000,0.00000000,0.00000000
0.01137074,0.03455953,0.00387196,0.01935535,0.13207479,1.75797025,0.36496874,0.71854277,0.00000000,1.42331203,0.11678175,0.27531197,0.04736788,0.00000000,0.01794129,0.00355157,0.00087256,0.00000000,0.00259296,0.00000000,0.00079428,0.00580183,0.00274226,0.00603547,0.00175428,0.00000000,0.00000000,0.00000000,0.00000000,0.00000000,0.00000000,0.00092879,0.00000000,0.00000000,0.00069174,0.00000000,0.00000000,0.00000000,0.00000000,0.00300788,0.00000000,0.00000000,0.00000000,0.00000000,0.00000000,0.00000000,0.00000000,0.00000000,0.00000000,0.00000000,0.00000000,0.00000000,0.00000000,0.00000000,0.00000000,0.00000000,0.00000000,0.01424893,0.00549585,0.00000000,0.01025985,0.00000000,0.00000000,0.00000000,0.00000000,0.00000000,0.00000000,0.00000000,0.00000000,0.00000000,0.00000000,0.00000000,0.00000000,0.00000000,0.00000000,0.00000000,0.00000000,0.00000000,0.00000000,0.00000000,0.00000000,0.00000000,0.00000000,0.00000000,0.00000000,0.00000000,0.00000000,0.00000000,0.00000000,0.00000000,0.00000000,0.00000000,0.00000000,0.00000000,0.00000000,0.00000000,0.00000000,0.00000000,0.00000000,0.00000000,0.00000000,0.00000000,0.00000000,0.00000000,0.00000000,0.00000000,0.00000000,0.00000000,0.00000000,0.00000000,0.00000000,0.00000000,0.00000000,0.00000000,0.00000000,0.00000000,0.00000000,0.00000000,0.00000000,0.00000000,0.00000000,0.00000000
0.01552231,0.04114845,0.01834984,0.04251895,0.21968126,0.39302273,0.63020770,1.04112264,1.42331203,0.00000000,1.07483580,1.84929025,0.22771944,0.00231461,0.07897266,0.01020227,0.00312023,0.00000000,0.00000000,0.00000000,0.00203784,0.00253867,0.00000000,0.00251248,0.00000000,0.00000000,0.00000000,0.00000000,0.00000000,0.00000000,0.00118034,0.00000000,0.00000000,0.00000000,0.00294629,0.00000000,0.00000000,0.00000000,0.00000000,0.00204433,0.00000000,0.00000000,0.00000000,0.00000000,0.00000000,0.00000000,0.00000000,0.00000000,0.00000000,0.00000000,0.00525503,0.00000000,0.00000000,0.00000000,0.00000000,0.00000000,0.00000000,0.00839084,0.00450699,0.00000000,0.00850935,0.00000000,0.00000000,0.00000000,0.00000000,0.00000000,0.00000000,0.00000000,0.00000000,0.00000000,0.00000000,0.00000000,0.00000000,0.00000000,0.00000000,0.00000000,0.00000000,0.00000000,0.00000000,0.00000000,0.00000000,0.00000000,0.00000000,0.00000000,0.00000000,0.00000000,0.00000000,0.00000000,0.00000000,0.00000000,0.00000000,0.00000000,0.00000000,0.00000000,0.00000000,0.00000000,0.00000000,0.00000000,0.00000000,0.00000000,0.00000000,0.00000000,0.00000000,0.00000000,0.00000000,0.00000000,0.00000000,0.00000000,0.00000000,0.00000000,0.00000000,0.00000000,0.00000000,0.00000000,0.00000000,0.00000000,0.00000000,0.00000000,0.00000000,0.00000000,0.00000000,0.00000000
0.02881979,0.05068365,0.04147904,0.07022116,0.17780003,0.17350889,0.20933068,0.29557882,0.11678175,1.07483580,0.00000000,1.02131454,0.98262254,0.01223545,0.26210243,0.02618179,0.01123117,0.00000000,0.00000000,0.00185014,0.00391590,0.00000000,0.00000000,0.00000000,0.00000000,0.00246387,0.00204366,0.00000000,0.00260726,0.00000000,0.00278322,0.00163890,0.00000000,0.00000000,0.00226338,0.00175359,0.00097614,0.00142964,0.00000000,0.00338494,0.00000000,0.00000000,0.00000000,0.00000000,0.00000000,0.00000000,0.00000000,0.00000000,0.00000000,0.00000000,0.00000000,0.00000000,0.00000000,0.00000000,0.00000000,0.00000000,0.00000000,0.00000000,0.00000000,0.00000000,0.00000000,0.00000000,0.00000000,0.00000000,0.00000000,0.00000000,0.00000000,0.00000000,0.00000000,0.00000000,0.00000000,0.00000000,0.00000000,0.00000000,0.00000000,0.00000000,0.00000000,0.00000000,0.00000000,0.00000000,0.00000000,0.00000000,0.00000000,0.00000000,0.00000000,0.00000000,0.00000000,0.00000000,0.00000000,0.00000000,0.00000000,0.00000000,0.00000000,0.00000000,0.00000000,0.00000000,0.00000000,0.00000000,0.00000000,0.00000000,0.00000000,0.00000000,0.00000000,0.00000000,0.00000000,0.00000000,0.00000000,0.00000000,0.00000000,0.00000000,0.00000000,0.00000000,0.00000000,0.00000000,0.00000000,0.00000000,0.00000000,0.00000000,0.00000000,0.00000000,0.00000000,0.00000000
0.00932128,0.02528981,0.00831874,0.01993464,0.05126283,0.15384179,0.09855138,0.18732828,0.27531197,1.84929025,1.02131454,0.00000000,0.48087102,0.00131073,0.06228523,0.00747959,0.00180217,0.00000000,0.00000000,0.00000000,0.00117436,0.00000000,0.00000000,0.00068236,0.00000000,0.00000000,0.00000000,0.00000000,0.00000000,0.00000000,0.00000000,0.00000000,0.00000000,0.00000000,0.00000000,0.00000000,0.00000000,0.00000000,0.00000000,0.00123988,0.00000000,0.00000000,0.00000000,0.00000000,0.00000000,0.00000000,0.00000000,0.00000000,0.00000000,0.00000000,0.00000000,0.00000000,0.00000000,0.00000000,0.00000000,0.00000000,0.00000000,0.00000000,0.00000000,0.00000000,0.00292529,0.00000000,0.00000000,0.00000000,0.00000000,0.00000000,0.00000000,0.00000000,0.00000000,0.00000000,0.00000000,0.00000000,0.00000000,0.00000000,0.00000000,0.00000000,0.00000000,0.00000000,0.00000000,0.00000000,0.00000000,0.00000000,0.00000000,0.00000000,0.00000000,0.00000000,0.00000000,0.00000000,0.00000000,0.00000000,0.00000000,0.00000000,0.00000000,0.00000000,0.00000000,0.00000000,0.00000000,0.00000000,0.00000000,0.00000000,0.00000000,0.00000000,0.00000000,0.00000000,0.00000000,0.00000000,0.00000000,0.00000000,0.00000000,0.00000000,0.00000000,0.00000000,0.00000000,0.00000000,0.00000000,0.00000000,0.00000000,0.00000000,0.00000000,0.00000000,0.00000000,0.00000000
0.02417467,0.04577494,0.03555992,0.05996578,0.10336180,0.10010726,0.09412990,0.09301279,0.04736788,0.22771944,0.98262254,0.48087102,0.00000000,0.02054915,1.14978702,0.07482695,0.02364883,0.00090754,0.00000000,0.00384961,0.01006352,0.00000000,0.00000000,0.00000000,0.00000000,0.00613399,0.00418862,0.00000000,0.00522108,0.00000000,0.00438982,0.00224894,0.00000000,0.00000000,0.00147300,0.00408895,0.00231243,0.00423093,0.00126326,0.00534726,0.00000000,0.00000000,0.00167394,0.00000000,0.00000000,0.00184556,0.00000000,0.00202534,0.00000000,0.00000000,0.00494716,0.00000000,0.00000000,0.00000000,0.00000000,0.00000000,0.00000000,0.00000000,0.00000000,0.00000000,0.00000000,0.00000000,0.00000000,0.00000000,0.00000000,0.00000000,0.00000000,0.00000000,0.00000000,0.00000000,0.00000000,0.00000000,0.00000000,0.00000000,0.00000000,0.00000000,0.00000000,0.00000000,0.00000000,0.00000000,0.00000000,0.00000000,0.00000000,0.00000000,0.00000000,0.00000000,0.00000000,0.00000000,0.00000000,0.00000000,0.00000000,0.00000000,0.00000000,0.00000000,0.00000000,0.00000000,0.00000000,0.00000000,0.00000000,0.00000000,0.00000000,0.00000000,0.00000000,0.00000000,0.00000000,0.00000000,0.00000000,0.00000000,0.00000000,0.00000000,0.00000000,0.00000000,0.00000000,0.00000000,0.00000000,0.00000000,0.00000000,0.00000000,0.00000000,0.00000000,0.00000000,0.00000000
0.00372463,0.00592240,0.00641069,0.00797189,0.00836777,0.00387797,0.00421897,0.00172924,0.00000000,0.00231461,0.01223545,0.00131073,0.02054915,0.00000000,0.24560424,0.10322967,0.04422968,0.01343700,0.00000000,0.02654510,0.01546395,0.00000000,0.00000000,0.00000000,0.00000000,0.00747245,0.01224024,0.00000000,0.01313023,0.00000000,0.00232170,0.00000000,0.00000000,0.00057712,0.00000000,0.00246159,0.00061621,0.00614774,0.00000000,0.00000000,0.00086558,0.00000000,0.00058609,0.00000000,0.00000000,0.00092799,0.00000000,0.00000000,0.00000000,0.00000000,0.00000000,0.00000000,0.00000000,0.00000000,0.00000000,0.00000000,0.00000000,0.00000000,0.00000000,0.00000000,0.00000000,0.00000000,0.00000000,0.00000000,0.00000000,0.00000000,0.00000000,0.00000000,0.00000000,0.00000000,0.00000000,0.00000000,0.00000000,0.00000000,0.00000000,0.00000000,0.00000000,0.00000000,0.00000000,0.00000000,0.00000000,0.00000000,0.00000000,0.00000000,0.00000000,0.00000000,0.00000000,0.00000000,0.00000000,0.00000000,0.00000000,0.00000000,0.00000000,0.00000000,0.00000000,0.00000000,0.00000000,0.00000000,0.00000000,0.00000000,0.00000000,0.00000000,0.00000000,0.00000000,0.00000000,0.00000000,0.00000000,0.00000000,0.00000000,0.00000000,0.00000000,0.00000000,0.00000000,0.00000000,0.00000000,0.00000000,0.00000000,0.00000000,0.00000000,0.00000000,0.00000000,0.00000000
0.02682072,0.04956880,0.03741903,0.06232795,0.09157373,0.06199121,0.05960019,0.04582482,0.01794129,0.07897266,0.26210243,0.06228523,1.14978702,0.24560424,0.00000000,0.84313630,0.21392243,0.01242557,0.00000000,0.03446669,0.05696794,0.00000000,0.00000000,0.00076049,0.00082650,0.03343607,0.02563252,0.00000000,0.03662410,0.00000000,0.01264514,0.00593012,0.00394455,0.00312390,0.00432137,0.01412821,0.00907911,0.02287135,0.00305732,0.01315585,0.00471503,0.00191063,0.00534154,0.00000000,0.00339982,0.00835244,0.00211076,0.00920766,0.00000000,0.00321874,0.00437433,0.00000000,0.00273060,0.00000000,0.00000000,0.00000000,0.00000000,0.00000000,0.00000000,0.00000000,0.00000000,0.00000000,0.00000000,0.00000000,0.00000000,0.00000000,0.00000000,0.00000000,0.00000000,0.00000000,0.00000000,0.00000000,0.00000000,0.00000000,0.00000000,0.00000000,0.00000000,0.00000000,0.00000000,0.00000000,0.00000000,0.00000000,0.00000000,0.00000000,0.00000000,0.00000000,0.00000000,0.00000000,0.00000000,0.00000000,0.00000000,0.00000000,0.00000000,0.00000000,0.00000000,0.00000000,0.00000000,0.00000000,0.00000000,0.00000000,0.00000000,0.00000000,0.00000000,0.00000000,0.00000000,0.00000000,0.00000000,0.00000000,0.00000000,0.00000000,0.00000000,0.00000000,0.00000000,0.00000000,0.00000000,0.00000000,0.00000000,0.00000000,0.00000000,0.00000000,0.00000000,0.00000000
0.00774649,0.01388023,0.00941472,0.01705410,0.01858397,0.01428156,0.01211853,0.00690386,0.00355157,0.01020227,0.02618179,0.00747959,0.07482695,0.10322967,0.84313630,0.00000000,0.41475927,0.04034526,0.00000000,0.07823491,0.12741678,0.00000000,0.00000000,0.00000000,0.00000000,0.05199526,0.04046831,0.00000000,0.06904752,0.00000000,0.01625053,0.00293384,0.00311249,0.00423911,0.00000000,0.01653485,0.00882551,0.03013006,0.00087772,0.00739378,0.00481806,0.00173913,0.00524570,0.00000000,0.00323122,0.00847685,0.00173809,0.00899430,0.00000000,0.00269579,0.00000000,0.00000000,0.00000000,0.00000000,0.00000000,0.00000000,0.00000000,0.00000000,0.00000000,0.00000000,0.00000000,0.00000000,0.00000000,0.00000000,0.00000000,0.00000000,0.00000000,0.00000000,0.00000000,0.00000000,0.00000000,0.00000000,0.00000000,0.00000000,0.00000000,0.00000000,0.00000000,0.00000000,0.00000000,0.00000000,0.00000000,0.00000000,0.00000000,0.00000000,0.00000000,0.00000000,0.00000000,0.00000000,0.00000000,0.00000000,0.00000000,0.00000000,0.00000000,0.00000000,0.00000000,0.00000000,0.00000000,0.00000000,0.00000000,0.00000000,0.00000000,0.00000000,0.00000000,0.00000000,0.00000000,0.00000000,0.00000000,0.00000000,0.00000000,0.00000000,0.00000000,0.00000000,0.00000000,0.00000000,0.00000000,0.00000000,0.00000000,0.00000000,0.00000000,0.00000000,0.00000000,0.00000000
0.00487739,0.00874841,0.00579030,0.00762705,0.00837145,0.00842590,0.00380096,0.00226683,0.00087256,0.00312023,0.01123117,0.00180217,0.02364883,0.04422968,0.21392243,0.41475927,0.00000000,0.97016916,0.00000000,0.62138173,1.08218298,0.00000000,0.00000000,0.00000000,0.00000000,0.18609502,0.13911435,0.00000000,0.25919864,0.00000000,0.02389662,0.00288560,0.00392037,0.01251717,0.00000000,0.03734565,0.00937682,0.07594233,0.00000000,0.00545012,0.01202316,0.00507111,0.00829928,0.00000000,0.00674057,0.01503078,0.00224159,0.01245528,0.00000000,0.00440942,0.00000000,0.00000000,0.00000000,0.00000000,0.00000000,0.00000000,0.00000000,0.00000000,0.00000000,0.00000000,0.00000000,0.00000000,0.00000000,0.00000000,0.00000000,0.00000000,0.00000000,0.00000000,0.00000000,0.00000000,0.00000000,0.00000000,0.00000000,0.00000000,0.00000000,0.00000000,0.00000000,0.00000000,0.00000000,0.00000000,0.00000000,0.00000000,0.00000000,0.00000000,0.00000000,0.00000000,0.00000000,0.00000000,0.00000000,0.00000000,0.00000000,0.00000000,0.00000000,0.00000000,0.00000000,0.00000000,0.00000000,0.00000000,0.00000000,0.00000000,0.00000000,0.00000000,0.00000000,0.00000000,0.00000000,0.00000000,0.00000000,0.00000000,0.00000000,0.00000000,0.00000000,0.00000000,0.00000000,0.00000000,0.00000000,0.00000000,0.00000000,0.00000000,0.00000000,0.00000000,0.00000000,0.00000000
0.00000000,0.00000000,0.00000000,0.00000000,0.00000000,0.00000000,0.00000000,0.00000000,0.00000000,0.00000000,0.00000000,0.00000000,0.00090754,0.01343700,0.01242557,0.04034526,0.97016916,0.00000000,0.00000000,1.22456750,0.67132395,0.00000000,0.00000000,0.00000000,0.00000000,0.06865188,0.08006232,0.00000000,0.14140404,0.00000000,0.00608008,0.00000000,0.00000000,0.00342167,0.00000000,0.00926415,0.00110457,0.02491136,0.00000000,0.00000000,0.00280076,0.00162699,0.00066464,0.00000000,0.00106764,0.00319139,0.00000000,0.00213676,0.00000000,0.00000000,0.00000000,0.00000000,0.00000000,0.00000000,0.00000000,0.00000000,0.00000000,0.00000000,0.00000000,0.00000000,0.00000000,0.00000000,0.00000000,0.00000000,0.00000000,0.00000000,0.00000000,0.00000000,0.00000000,0.00000000,0.00000000,0.00000000,0.00000000,0.00000000,0.00000000,0.00000000,0.00000000,0.00000000,0.00000000,0.00000000,0.00000000,0.00000000,0.00000000,0.00000000,0.00000000,0.00000000,0.00000000,0.00000000,0.00000000,0.00000000,0.00000000,0.00000000,0.00000000,0.00000000,0.00000000,0.00000000,0.00000000,0.00000000,0.00000000,0.00000000,0.00000000,0.00000000,0.00000000,0.00000000,0.00000000,0.00000000,0.00000000,0.00000000,0.00000000,0.00000000,0.00000000,0.00000000,0.00000000,0.00000000,0.00000000,0.00000000,0.00000000,0.00000000,0.00000000,0.00000000,0.00000000,0.00000000
0.00000000,0.00190769,0.00000000,0.00000000,0.00000000,0.00794527,0.00000000,0.00000000,0.00259296,0.00000000,0.00000000,0.00000000,0.00000000,0.00000000,0.00000000,0.00000000,0.00000000,0.00000000,0.00000000,0.00000000,0.00000000,0.46374812,0.69372824,0.28096362,0.05546925,0.00000000,0.00000000,0.11574817,0.00000000,0.01547837,0.00128102,0.01227229,0.00084743,0.00000000,0.05135726,0.00000000,0.00117856,0.00000000,0.01208902,0.01253581,0.00000000,0.00000000,0.00066995,0.00000000,0.00000000,0.00000000,0.00143563,0.00191151,0.00000000,0.00000000,0.00075766,0.00000000,0.00000000,0.00000000,0.00000000,0.00000000,0.00000000,0.00878400,0.00311441,0.00000000,0.00437974,0.00000000,0.00000000,0.00000000,0.00000000,0.00000000,0.00000000,0.00000000,0.00000000,0.00000000,0.00000000,0.00000000,0.00000000,0.00000000,0.00000000,0.00000000,0.00000000,0.00000000,0.00000000,0.00000000,0.00000000,0.00000000,0.00000000,0.00000000,0.00000000,0.00000000,0.00000000,0.00000000,0.00000000,0.00000000,0.00000000,0.00000000,0.00000000,0.00000000,0.00000000,0.00000000,0.00000000,0.00000000,0.00000000,0.00000000,0.00000000,0.00000000,0.00000000,0.00000000,0.00000000,0.00000000,0.00000000,0.00000000,0.00000000,0.00000000,0.00000000,0.00000000,0.00000000,0.00000000,0.00000000,0.00000000,0.00000000,0.00000000,0.00000000,0.00000000,0.00000000,0.00000000
0.00000000,0.00415526,0.00181098,0.00240313,0.00148564,0.00204005,0.00000000,0.00000000,0.00000000,0.00000000,0.00185014,0.00000000,0.00384961,0.02654510,0.03446669,0.07823491,0.62138173,1.22456750,0.00000000,0.00000000,1.52981994,0.00000000,0.00000000,0.00000000,0.00000000,0.32728642,0.50163644,0.00000000,1.26671678,0.00000000,0.02647188,0.00000000,0.00194867,0.01426981,0.00000000,0.03947925,0.00477045,0.09652487,0.00000000,0.00264717,0.01128921,0.00587060,0.00425676,0.00000000,0.00558992,0.01453710,0.00000000,0.00914182,0.00000000,0.00406391,0.00000000,0.00000000,0.00000000,0.00000000,0.00000000,0.00000000,0.00000000,0.00000000,0.00000000,0.00000000,0.00000000,0.00000000,0.00000000,0.00000000,0.00000000,0.00000000,0.00000000,0.00000000,0.00000000,0.00000000,0.00000000,0.00000000,0.00000000,0.00000000,0.00000000,0.00000000,0.00000000,0.00000000,0.00000000,0.00000000,0.00000000,0.00000000,0.00000000,0.00000000,0.00000000,0.00000000,0.00000000,0.00000000,0.00000000,0.00000000,0.00000000,0.00000000,0.00000000,0.00000000,0.00000000,0.00000000,0.00000000,0.00000000,0.00000000,0.00000000,0.00000000,0.00000000,0.00000000,0.00000000,0.00000000,0.00000000,0.00000000,0.00000000,0.00000000,0.00000000,0.00000000,0.00000000,0.00000000,0.00000000,0.00000000,0.00000000,0.00000000,0.00000000,0.00000000,0.00000000,0.00000000,0.00000000
0.00070691,0.00568371,0.00196047,0.00251526,0.00415054,0.00538906,0.00185498,0.00099846,0.00079428,0.00203784,0.00391590,0.00117436,0.01006352,0.01546395,0.05696794,0.12741678,1.08218298,0.67132395,0.00000000,1.52981994,0.00000000,0.00000000,0.00000000,0.00000000,0.00154329,1.88643011,0.28330273,0.00000000,1.46573457,0.00000000,0.20602483,0.01420444,0.02676278,0.01938983,0.00000000,0.21219544,0.03636285,0.18459522,0.00191814,0.02612310,0.02471892,0.01585280,0.02520287,0.00000000,0.01397508,0.04079280,0.00559330,0.03301288,0.00103954,0.01063367,0.00170428,0.00000000,0.00000000,0.00000000,0.00000000,0.00000000,0.00000000,0.00000000,0.00000000,0.00000000,0.00000000,0.00000000,0.00000000,0.00000000,0.00000000,0.00000000,0.00000000,0.00000000,0.00000000,0.00000000,0.00000000,0.00000000,0.00000000,0.00000000,0.00000000,0.00000000,0.00000000,0.00000000,0.00000000,0.00000000,0.00000000,0.00000000,0.00000000,0.00000000,0.00000000,0.00000000,0.00000000,0.00000000,0.00000000,0.00000000,0.00000000,0.00000000,0.00000000,0.00000000,0.00000000,0.00000000,0.00000000,0.00000000,0.00000000,0.00000000,0.00000000,0.00000000,0.00000000,0.00000000,0.00000000,0.00000000,0.00000000,0.00000000,0.00000000,0.00000000,0.00000000,0.00000000,0.00000000,0.00000000,0.00000000,0.00000000,0.00000000,0.00000000,0.00000000,0.00000000,0.00000000,0.00000000
0.00000000,0.00281441,0.00000000,0.00000000,0.00107342,0.01649926,0.00000000,0.00149326,0.00580183,0.00253867,0.00000000,0.00000000,0.00000000,0.00000000,0.00000000,0.00000000,0.00000000,0.00000000,0.46374812,0.00000000,0.00000000,0.00000000,0.59998655,1.26070808,0.14825676,0.00059039,0.00000000,0.09583940,0.00000000,0.02652437,0.00429862,0.03033384,0.00369386,0.00000000,0.05352156,0.00127955,0.00538058,0.00126756,0.02147884,0.03402840,0.00000000,0.00000000,0.00359070,0.00143676,0.00144191,0.00148103,0.00497332,0.00594541,0.00158149,0.00313398,0.00295808,0.00000000,0.00000000,0.00000000,0.00000000,0.00000000,0.00000000,0.02100844,0.00846230,0.00000000,0.00880302,0.00000000,0.00000000,0.00000000,0.00000000,0.00000000,0.00000000,0.00000000,0.00000000,0.00000000,0.00000000,0.00000000,0.00000000,0.00000000,0.00000000,0.00000000,0.00000000,0.00000000,0.00000000,0.00000000,0.00000000,0.00000000,0.00000000,0.00000000,0.00000000,0.00000000,0.00000000,0.00000000,0.00000000,0.00000000,0.00000000,0.00000000,0.00000000,0.00000000,0.00000000,0.00000000,0.00000000,0.00000000,0.00000000,0.00000000,0.00000000,0.00000000,0.00000000,0.00000000,0.00000000,0.00000000,0.00000000,0.00000000,0.00000000,0.00000000,0.00000000,0.00000000,0.00000000,0.00000000,0.00000000,0.00000000,0.00000000,0.00000000,0.00000000,0.00000000,0.00000000,0.00000000
0.00000000,0.00000000,0.00000000,0.00000000,0.00256633,0.01051012,0.00000000,0.00000000,0.00274226,0.00000000,0.00000000,0.00000000,0.00000000,0.00000000,0.00000000,0.00000000,0.00000000,0.00000000,0.69372824,0.00000000,0.00000000,0.59998655,0.00000000,1.03655583,0.17217105,0.00000000,0.00000000,0.67225811,0.00000000,0.06935401,0.00267588,0.03793916,0.00305247,0.00000000,0.25419124,0.00000000,0.00307190,0.00000000,0.03894129,0.03686623,0.00000000,0.00000000,0.00167975,0.00000000,0.00000000,0.00000000,0.00313966,0.00143935,0.00000000,0.00071912,0.00261393,0.00000000,0.00000000,0.00000000,0.00000000,0.00000000,0.00000000,0.01060939,0.00422301,0.00000000,0.00483577,0.00000000,0.00000000,0.00000000,0.00000000,0.00000000,0.00000000,0.00000000,0.00000000,0.00000000,0.00000000,0.00000000,0.00000000,0.00000000,0.00000000,0.00000000,0.00000000,0.00000000,0.00000000,0.00000000,0.00000000,0.00000000,0.00000000,0.00000000,0.00000000,0.00000000,0.00000000,0.00000000,0.00000000,0.00000000,0.00000000,0.00000000,0.00000000,0.00000000,0.00000000,0.00000000,0.00000000,0.00000000,0.00000000,0.00000000,0.00000000,0.00000000,0.00000000,0.00000000,0.00000000,0.00000000,0.00000000,0.00000000,0.00000000,0.00000000,0.00000000,0.00000000,0.00000000,0.00000000,0.00000000,0.00000000,0.00000000,0.00000000,0.00000000,0.00000000,0.00000000,0.00000000
0.00000000,0.00344455,0.00000000,0.00000000,0.00392586,0.01711983,0.00153381,0.00138622,0.00603547,0.00251248,0.00000000,0.00068236,0.00000000,0.00000000,0.00076049,0.00000000,0.00000000,0.00000000,0.28096362,0.00000000,0.00000000,1.26070808,1.03655583,0.00000000,1.39900169,0.00211781,0.00000000,1.10996616,0.00000000,0.16632481,0.01018953,0.14453248,0.01083004,0.00000000,0.22039018,0.00426442,0.00991442,0.00178443,0.08080195,0.13746598,0.00000000,0.00000000,0.00613868,0.00192606,0.00247233,0.00232124,0.00974192,0.00877710,0.00290036,0.00445927,0.00623787,0.00119590,0.00213582,0.00000000,0.00000000,0.00000000,0.00000000,0.03257717,0.01558190,0.00114337,0.01505996,0.00000000,0.00000000,0.00000000,0.00000000,0.00000000,0.00000000,0.00000000,0.00000000,0.00000000,0.00000000,0.00000000,0.00000000,0.00000000,0.00000000,0.00000000,0.00000000,0.00000000,0.00000000,0.00000000,0.00000000,0.00000000,0.00000000,0.00000000,0.00000000,0.00000000,0.00000000,0.00000000,0.00000000,0.00000000,0.00000000,0.00000000,0.00000000,0.00000000,0.00000000,0.00000000,0.00000000,0.00000000,0.00000000,0.00000000,0.00000000,0.00000000,0.00000000,0.00000000,0.00000000,0.00000000,0.00000000,0.00000000,0.00000000,0.00000000,0.00000000,0.00000000,0.00000000,0.00000000,0.00000000,0.00000000,0.00000000,0.00000000,0.00000000,0.00000000,0.00000000,0.00000000
0.00000000,0.00000000,0.00000000,0.00000000,0.00000000,0.00565060,0.00000000,0.00000000,0.00175428,0.00000000,0.00000000,0.00000000,0.00000000,0.00000000,0.00082650,0.00000000,0.00000000,0.00000000,0.05546925,0.00000000,0.00154329,0.14825676,0.17217105,1.39900169,0.00000000,0.00573025,0.00000000,1.43192300,0.00079098,1.04942477,0.03404686,0.81717006,0.04026204,0.00000000,0.45869201,0.00825570,0.02599901,0.00259262,0.21275726,0.39360000,0.00000000,0.00000000,0.01172127,0.00000000,0.00189003,0.00281555,0.01593252,0.01110404,0.00000000,0.00225283,0.00869173,0.00142722,0.00400383,0.00000000,0.00000000,0.00000000,0.00000000,0.01732082,0.01002075,0.00000000,0.01186325,0.00000000,0.00000000,0.00000000,0.00000000,0.00000000,0.00000000,0.00000000,0.00000000,0.00000000,0.00000000,0.00000000,0.00000000,0.00000000,0.00000000,0.00000000,0.00000000,0.00000000,0.00000000,0.00000000,0.00000000,0.00000000,0.00000000,0.00000000,0.00000000,0.00000000,0.00000000,0.00000000,0.00000000,0.00000000,0.00000000,0.00000000,0.00000000,0.00000000,0.00000000,0.00000000,0.00000000,0.00000000,0.00000000,0.00000000,0.00000000,0.00000000,0.00000000,0.00000000,0.00000000,0.00000000,0.00000000,0.00000000,0.00000000,0.00000000,0.00000000,0.00000000,0.00000000,0.00000000,0.00000000,0.00000000,0.00000000,0.00000000,0.00000000,0.00000000,0.00000000,0.00000000
0.00000000,0.00382695,0.00000000,0.00129566,0.00266018,0.00473270,0.00000000,0.00000000,0.00000000,0.00000000,0.00246387,0.00000000,0.00613399,0.00747245,0.03343607,0.05199526,0.18609502,0.06865188,0.00000000,0.32728642,1.88643011,0.00059039,0.00000000,0.00211781,0.00573025,0.00000000,0.24688681,0.00060670,2.10791314,0.00208661,1.05731447,0.07844801,0.20087987,0.02151415,0.00160508,1.01081721,0.15165717,0.37285243,0.00288973,0.08736284,0.02785101,0.04594389,0.09727844,0.00077319,0.01767425,0.08883348,0.01136941,0.11006118,0.00272907,0.01729572,0.00224471,0.00000000,0.00000000,0.00000000,0.00000000,0.00000000,0.00000000,0.00000000,0.00000000,0.00000000,0.00000000,0.00000000,0.00000000,0.00000000,0.00000000,0.00000000,0.00000000,0.00000000,0.00000000,0.00000000,0.00000000,0.00000000,0.00000000,0.00000000,0.00000000,0.00000000,0.00000000,0.00000000,0.00000000,0.00000000,0.00000000,0.00000000,0.00000000,0.00000000,0.00000000,0.00000000,0.00000000,0.00000000,0.00000000,0.00000000,0.00000000,0.00000000,0.00000000,0.00000000,0.00000000,0.00000000,0.00000000,0.00000000,0.00000000,0.00000000,0.00000000,0.00000000,0.00000000,0.00000000,0.00000000,0.00000000,0.00000000,0.00000000,0.00000000,0.00000000,0.00000000,0.00000000,0.00000000,0.00000000,0.00000000,0.00000000,0.00000000,0.00000000,0.00000000,0.00000000,0.00000000,0.00000000
0.00000000,0.00338026,0.00000000,0.00129569,0.00190737,0.00374522,0.00000000,0.00000000,0.00000000,0.00000000,0.00204366,0.00000000,0.00418862,0.01224024,0.02563252,0.04046831,0.13911435,0.08006232,0.00000000,0.50163644,0.28330273,0.00000000,0.00000000,0.00000000,0.00000000,0.24688681,0.00000000,0.00000000,1.45940501,0.00000000,0.04760595,0.00260552,0.00522792,0.23340694,0.00000000,0.09138980,0.01392137,1.18520459,0.00000000,0.00528295,0.08444882,0.02455870,0.01084155,0.00337749,0.03598469,0.06780730,0.00118615,0.02789301,0.00201953,0.01538602,0.00000000,0.00000000,0.00000000,0.00000000,0.00000000,0.00000000,0.00000000,0.00000000,0.00000000,0.00000000,0.00000000,0.00000000,0.00000000,0.00000000,0.00000000,0.00000000,0.00000000,0.00000000,0.00000000,0.00000000,0.00000000,0.00000000,0.00000000,0.00000000,0.00000000,0.00000000,0.00000000,0.00000000,0.00000000,0.00000000,0.00000000,0.00000000,0.00000000,0.00000000,0.00000000,0.00000000,0.00000000,0.00000000,0.00000000,0.00000000,0.00000000,0.00000000,0.00000000,0.00000000,0.00000000,0.00000000,0.00000000,0.00000000,0.00000000,0.00000000,0.00000000,0.00000000,0.00000000,0.00000000,0.00000000,0.00000000,0.00000000,0.00000000,0.00000000,0.00000000,0.00000000,0.00000000,0.00000000,0.00000000,0.00000000,0.00000000,0.00000000,0.00000000,0.00000000,0.00000000,0.00000000,0.00000000
0.00000000,0.00000000,0.00000000,0.00000000,0.00000000,0.00394161,0.00000000,0.00000000,0.00000000,0.00000000,0.00000000,0.00000000,0.00000000,0.00000000,0.00000000,0.00000000,0.00000000,0.00000000,0.11574817,0.00000000,0.00000000,0.09583940,0.67225811,1.10996616,1.43192300,0.00060670,0.00000000,0.00000000,0.00000000,0.68969353,0.00457405,0.16424354,0.00451356,0.00000000,1.73032727,0.00086700,0.00520636,0.00000000,0.15461849,0.11972892,0.00000000,0.00000000,0.00211835,0.00000000,0.00000000,0.00000000,0.00671529,0.00219848,0.00000000,0.00000000,0.00451903,0.00000000,0.00084287,0.00000000,0.00000000,0.00000000,0.00000000,0.00772636,0.00437588,0.00000000,0.00477010,0.00000000,0.00000000,0.00000000,0.00000000,0.00000000,0.00000000,0.00000000,0.00000000,0.00000000,0.00000000,0.00000000,0.00000000,0.00000000,0.00000000,0.00000000,0.00000000,0.00000000,0.00000000,0.00000000,0.00000000,0.00000000,0.00000000,0.00000000,0.00000000,0.00000000,0.00000000,0.00000000,0.00000000,0.00000000,0.00000000,0.00000000,0.00000000,0.00000000,0.00000000,0.00000000,0.00000000,0.00000000,0.00000000,0.00000000,0.00000000,0.00000000,0.00000000,0.00000000,0.00000000,0.00000000,0.00000000,0.00000000,0.00000000,0.00000000,0.00000000,0.00000000,0.00000000,0.00000000,0.00000000,0.00000000,0.00000000,0.00000000,0.00000000,0.00000000,0.00000000,0.00000000
0.00000000,0.00569241,0.00000000,0.00176796,0.00229529,0.00471215,0.00000000,0.00000000,0.00000000,0.00000000,0.00260726,0.00000000,0.00522108,0.01313023,0.03662410,0.06904752,0.25919864,0.14140404,0.00000000,1.26671678,1.46573457,0.00000000,0.00000000,0.00000000,0.00079098,2.10791314,1.45940501,0.00000000,0.00000000,0.00000000,0.26223419,0.00812557,0.02568977,0.07362678,0.00000000,0.59782400,0.06240155,1.62455533,0.00000000,0.01722357,0.08089232,0.06740931,0.03603754,0.00330922,0.03835978,0.14907123,0.00413540,0.07741703,0.00383325,0.02020741,0.00000000,0.00000000,0.00000000,0.00000000,0.00000000,0.00000000,0.00000000,0.00000000,0.00000000,0.00000000,0.00000000,0.00000000,0.00000000,0.00000000,0.00000000,0.00000000,0.00000000,0.00000000,0.00000000,0.00000000,0.00000000,0.00000000,0.00000000,0.00000000,0.00000000,0.00000000,0.00000000,0.00000000,0.00000000,0.00000000,0.00000000,0.00000000,0.00000000,0.00000000,0.00000000,0.00000000,0.00000000,0.00000000,0.00000000,0.00000000,0.00000000,0.00000000,0.00000000,0.00000000,0.00000000,0.00000000,0.00000000,0.00000000,0.00000000,0.00000000,0.00000000,0.00000000,0.00000000,0.00000000,0.00000000,0.00000000,0.00000000,0.00000000,0.00000000,0.00000000,0.00000000,0.00000000,0.00000000,0.00000000,0.00000000,0.00000000,0.00000000,0.00000000,0.00000000,0.00000000,0.00000000,0.00000000
0.00000000,0.00000000,0.00000000,0.00000000,0.00000000,0.00000000,0.00000000,0.00000000,0.00000000,0.00000000,0.00000000,0.00000000,0.00000000,0.00000000,0.00000000,0.00000000,0.00000000,0.00000000,0.01547837,0.00000000,0.00000000,0.02652437,0.06935401,0.16632481,1.04942477,0.00208661,0.00000000,0.68969353,0.00000000,0.00000000,0.01342600,1.05542692,0.01394225,0.00000000,1.08698936,0.00299720,0.01157876,0.00000000,0.58174180,0.28750627,0.00000000,0.00000000,0.00513332,0.00000000,0.00000000,0.00000000,0.01218939,0.00430610,0.00000000,0.00000000,0.00464948,0.00000000,0.00194752,0.00000000,0.00000000,0.00000000,0.00000000,0.00525958,0.00245596,0.00000000,0.00414255,0.00000000,0.00000000,0.00000000,0.00000000,0.00000000,0.00000000,0.00000000,0.00000000,0.00000000,0.00000000,0.00000000,0.00000000,0.00000000,0.00000000,0.00000000,0.00000000,0.00000000,0.00000000,0.00000000,0.00000000,0.00000000,0.00000000,0.00000000,0.00000000,0.00000000,0.00000000,0.00000000,0.00000000,0.00000000,0.00000000,0.00000000,0.00000000,0.00000000,0.00000000,0.00000000,0.00000000,0.00000000,0.00000000,0.00000000,0.00000000,0.00000000,0.00000000,0.00000000,0.00000000,0.00000000,0.00000000,0.00000000,0.00000000,0.00000000,0.00000000,0.00000000,0.00000000,0.00000000,0.00000000,0.00000000,0.00000000,0.00000000,0.00000000,0.00000000,0.00000000,0.00000000
0.00000000,0.00273129,0.00000000,0.00137619,0.00219430,0.00587781,0.00062377,0.00000000,0.00000000,0.00118034,0.00278322,0.00000000,0.00438982,0.00232170,0.01264514,0.01625053,0.02389662,0.00608008,0.00128102,0.02647188,0.20602483,0.00429862,0.00267588,0.01018953,0.03404686,1.05731447,0.04760595,0.00457405,0.26223419,0.01342600,0.00000000,0.50961679,1.22252987,0.00560151,0.01019904,0.95851718,0.77251150,0.13178661,0.01318672,0.33845646,0.01301483,0.02946127,0.21854643,0.00173615,0.01082372,0.06998332,0.03259654,0.19950740,0.00192763,0.02051986,0.00641246,0.00320610,0.00771887,0.00000000,0.00000000,0.00000000,0.00000000,0.00000000,0.00000000,0.00000000,0.00000000,0.00000000,0.00000000,0.00000000,0.00000000,0.00000000,0.00000000,0.00000000,0.00000000,0.00000000,0.00000000,0.00000000,0.00000000,0.00000000,0.00000000,0.00000000,0.00000000,0.00000000,0.00000000,0.00000000,0.00000000,0.00000000,0.00000000,0.00000000,0.00000000,0.00000000,0.00000000,0.00000000,0.00000000,0.00000000,0.00000000,0.00000000,0.00000000,0.00000000,0.00000000,0.00000000,0.00000000,0.00000000,0.00000000,0.00000000,0.00000000,0.00000000,0.00000000,0.00000000,0.00000000,0.00000000,0.00000000,0.00000000,0.00000000,0.00000000,0.00000000,0.00000000,0.00000000,0.00000000,0.00000000,0.00000000,0.00000000,0.00000000,0.00000000,0.00000000,0.00000000,0.00000000
0.00000000,0.00000000,0.00000000,0.00000000,0.00093075,0.00448680,0.00000000,0.00000000,0.00092879,0.00000000,0.00163890,0.00000000,0.00224894,0.00000000,0.00593012,0.00293384,0.00288560,0.00000000,0.01227229,0.00000000,0.01420444,0.03033384,0.03793916,0.14453248,0.81717006,0.07844801,0.00260552,0.16424354,0.00812557,1.05542692,0.50961679,0.00000000,1.07817070,0.00000000,0.23044504,0.07920627,0.22042492,0.01133215,0.58368250,2.28372333,0.00165928,0.00258721,0.06553623,0.00000000,0.00277649,0.00742610,0.04104774,0.03625944,0.00108862,0.00497473,0.01107002,0.00307493,0.00603753,0.00000000,0.00000000,0.00000000,0.00000000,0.00781942,0.00399479,0.00000000,0.00692504,0.00000000,0.00000000,0.00000000,0.00000000,0.00000000,0.00000000,0.00000000,0.00000000,0.00000000,0.00000000,0.00000000,0.00000000,0.00000000,0.00000000,0.00000000,0.00000000,0.00000000,0.00000000,0.00000000,0.00000000,0.00000000,0.00000000,0.00000000,0.00000000,0.00000000,0.00000000,0.00000000,0.00000000,0.00000000,0.00000000,0.00000000,0.00000000,0.00000000,0.00000000,0.00000000,0.00000000,0.00000000,0.00000000,0.00000000,0.00000000,0.00000000,0.00000000,0.00000000,0.00000000,0.00000000,0.00000000,0.00000000,0.00000000,0.00000000,0.00000000,0.00000000,0.00000000,0.00000000,0.00000000,0.00000000,0.00000000,0.00000000,0.00000000,0.00000000,0.00000000,0.00000000
0.00000000,0.00000000,0.00000000,0.00000000,0.00000000,0.00082966,0.00000000,0.00000000,0.00000000,0.00000000,0.00000000,0.00000000,0.00000000,0.00000000,0.00394455,0.00311249,0.00392037,0.00000000,0.00084743,0.00194867,0.02676278,0.00369386,0.00305247,0.01083004,0.04026204,0.20087987,0.00522792,0.00451356,0.02568977,0.01394225,1.22252987,1.07817070,0.00000000,0.00000000,0.00865693,0.17064612,0.54605481,0.02114193,0.01166644,0.57348852,0.00225860,0.00652106,0.08680890,0.00000000,0.00343813,0.01799088,0.02519923,0.06030981,0.00000000,0.00406707,0.00210436,0.00000000,0.00315959,0.00000000,0.00000000,0.00000000,0.00000000,0.00000000,0.00000000,0.00000000,0.00000000,0.00000000,0.00000000,0.00000000,0.00000000,0.00000000,0.00000000,0.00000000,0.00000000,0.00000000,0.00000000,0.00000000,0.00000000,0.00000000,0.00000000,0.00000000,0.00000000,0.00000000,0.00000000,0.00000000,0.00000000,0.00000000,0.00000000,0.00000000,0.00000000,0.00000000,0.00000000,0.00000000,0.00000000,0.00000000,0.00000000,0.00000000,0.00000000,0.00000000,0.00000000,0.00000000,0.00000000,0.00000000,0.00000000,0.00000000,0.00000000,0.00000000,0.00000000,0.00000000,0.00000000,0.00000000,0.00000000,0.00000000,0.00000000,0.00000000,0.00000000,0.00000000,0.00000000,0.00000000,0.00000000,0.00000000,0.00000000,0.00000000,0.00000000,0.00000000,0.00000000,0.00000000
0.00000000,0.00000000,0.00000000,0.00000000,0.00000000,0.00000000,0.00000000,0.00000000,0.00000000,0.00000000,0.00000000,0.00000000,0.00000000,0.00057712,0.00312390,0.00423911,0.01251717,0.00342167,0.00000000,0.01426981,0.01938983,0.00000000,0.00000000,0.00000000,0.00000000,0.02151415,0.23340694,0.00000000,0.07362678,0.00000000,0.00560151,0.00000000,0.00000000,0.00000000,0.00000000,0.01166351,0.00301319,0.47238118,0.00000000,0.00088779,0.18420574,0.00420989,0.00232383,0.00862421,0.04788285,0.02653158,0.00000000,0.01076339,0.00279692,0.01070558,0.00000000,0.00000000,0.00000000,0.00000000,0.00000000,0.00000000,0.00000000,0.00000000,0.00000000,0.00000000,0.00000000,0.00000000,0.00000000,0.00000000,0.00000000,0.00000000,0.00000000,0.00000000,0.00000000,0.00000000,0.00000000,0.00000000,0.00000000,0.00000000,0.00000000,0.00000000,0.00000000,0.00000000,0.00000000,0.00000000,0.00000000,0.00000000,0.00000000,0.00000000,0.00000000,0.00000000,0.00000000,0.00000000,0.00000000,0.00000000,0.00000000,0.00000000,0.00000000,0.00000000,0.00000000,0.00000000,0.00000000,0.00000000,0.00000000,0.00000000,0.00000000,0.00000000,0.00000000,0.00000000,0.00000000,0.00000000,0.00000000,0.00000000,0.00000000,0.00000000,0.00000000,0.00000000,0.00000000,0.00000000,0.00000000,0.00000000,0.00000000,0.00000000,0.00000000,0.00000000,0.00000000,0.00000000
0.00000000,0.00000000,0.00000000,0.00000000,0.00392316,0.01052253,0.00217198,0.00195718,0.00069174,0.00294629,0.00226338,0.00000000,0.00147300,0.00000000,0.00432137,0.00000000,0.00000000,0.00000000,0.05135726,0.00000000,0.00000000,0.05352156,0.25419124,0.22039018,0.45869201,0.00160508,0.00000000,1.73032727,0.00000000,1.08698936,0.01019904,0.23044504,0.00865693,0.00000000,0.00000000,0.00282878,0.00896457,0.00000000,0.76556823,0.17395391,0.00000000,0.00000000,0.00462163,0.00000000,0.00000000,0.00000000,0.01369194,0.00500385,0.00000000,0.00000000,0.01722371,0.00231908,0.00589554,0.00000000,0.00000000,0.00000000,0.00000000,0.01310101,0.00814094,0.00000000,0.01163705,0.00000000,0.00000000,0.00000000,0.00000000,0.00000000,0.00000000,0.00000000,0.00000000,0.00000000,0.00000000,0.00000000,0.00000000,0.00000000,0.00000000,0.00000000,0.00000000,0.00000000,0.00000000,0.00000000,0.00000000,0.00000000,0.00000000,0.00000000,0.00000000,0.00000000,0.00000000,0.00000000,0.00000000,0.00000000,0.00000000,0.00000000,0.00000000,0.00000000,0.00000000,0.00000000,0.00000000,0.00000000,0.00000000,0.00000000,0.00000000,0.00000000,0.00000000,0.00000000,0.00000000,0.00000000,0.00000000,0.00000000,0.00000000,0.00000000,0.00000000,0.00000000,0.00000000,0.00000000,0.00000000,0.00000000,0.00000000,0.00000000,0.00000000,0.00000000,0.00000000,0.00000000
0.00000000,0.00000000,0.00000000,0.00000000,0.00147535,0.00334657,0.00000000,0.00000000,0.00000000,0.00000000,0.00175359,0.00000000,0.00408895,0.00246159,0.01412821,0.01653485,0.03734565,0.00926415,0.00000000,0.03947925,0.21219544,0.00127955,0.00000000,0.00426442,0.00825570,1.01081721,0.09138980,0.00086700,0.59782400,0.00299720,0.95851718,0.07920627,0.17064612,0.01166351,0.00282878,0.00000000,0.42871398,0.62187930,0.00395284,0.13197956,0.03241269,0.18219301,0.45131605,0.00299173,0.02322502,0.30773484,0.02348057,0.42721779,0.00452834,0.04707626,0.00127072,0.00000000,0.00356719,0.00000000,0.00000000,0.00072567,0.00053054,0.00000000,0.00000000,0.00000000,0.00000000,0.00000000,0.00000000,0.00000000,0.00000000,0.00000000,0.00000000,0.00000000,0.00000000,0.00000000,0.00000000,0.00000000,0.00000000,0.00000000,0.00000000,0.00000000,0.00000000,0.00000000,0.00000000,0.00000000,0.00000000,0.00000000,0.00000000,0.00000000,0.00000000,0.00000000,0.00000000,0.00000000,0.00000000,0.00000000,0.00000000,0.00000000,0.00000000,0.00000000,0.00000000,0.00000000,0.00000000,0.00000000,0.00000000,0.00000000,0.00000000,0.00000000,0.00000000,0.00000000,0.00000000,0.00000000,0.00000000,0.00000000,0.00000000,0.00000000,0.00000000,0.00000000,0.00000000,0.00000000,0.00000000,0.00000000,0.00000000,0.00000000,0.00000000,0.00000000,0.00000000,0.00000000
0.00000000,0.00000000,0.00000000,0.00000000,0.00149656,0.00542066,0.00000000,0.00000000,0.00000000,0.00000000,0.00097614,0.00000000,0.00231243,0.00061621,0.00907911,0.00882551,0.00937682,0.00110457,0.00117856,0.00477045,0.03636285,0.00538058,0.00307190,0.00991442,0.02599901,0.15165717,0.01392137,0.00520636,0.06240155,0.01157876,0.77251150,0.22042492,0.54605481,0.00301319,0.00896457,0.42871398,0.00000000,0.06831357,0.01259556,0.89195371,0.00972761,0.02526103,0.76474096,0.00273180,0.01191830,0.08113457,0.25306142,0.60620305,0.00426280,0.03927127,0.00411724,0.00339277,0.00564327,0.00000000,0.00000000,0.00198995,0.00224533,0.00000000,0.00000000,0.00000000,0.00070757,0.00000000,0.00000000,0.00000000,0.00000000,0.00000000,0.00000000,0.00000000,0.00000000,0.00000000,0.00000000,0.00000000,0.00000000,0.00000000,0.00000000,0.00000000,0.00000000,0.00000000,0.00000000,0.00000000,0.00000000,0.00000000,0.00000000,0.00000000,0.00000000,0.00000000,0.00000000,0.00000000,0.00000000,0.00000000,0.00000000,0.00000000,0.00000000,0.00000000,0.00000000,0.00000000,0.00000000,0.00000000,0.00000000,0.00000000,0.00000000,0.00000000,0.00000000,0.00000000,0.00000000,0.00000000,0.00000000,0.00000000,0.00000000,0.00000000,0.00000000,0.00000000,0.00000000,0.00000000,0.00000000,0.00000000,0.00000000,0.00000000,0.00000000,0.00000000,0.00000000,0.00000000
0.00000000,0.00437934,0.00000000,0.00192689,0.00084523,0.00577919,0.00000000,0.00000000,0.00000000,0.00000000,0.00142964,0.00000000,0.00423093,0.00614774,0.02287135,0.03013006,0.07594233,0.02491136,0.00000000,0.09652487,0.18459522,0.00126756,0.00000000,0.00178443,0.00259262,0.37285243,1.18520459,0.00000000,1.62455533,0.00000000,0.13178661,0.01133215,0.02114193,0.47238118,0.00000000,0.62187930,0.06831357,0.00000000,0.00000000,0.02431151,0.84858879,0.27121084,0.05510349,0.02078105,0.31939202,0.77367927,0.00808784,0.21591007,0.01796185,0.11604373,0.00000000,0.00000000,0.00000000,0.00000000,0.00000000,0.00151014,0.00282343,0.00000000,0.00000000,0.00000000,0.00000000,0.00000000,0.00000000,0.00000000,0.00000000,0.00000000,0.00000000,0.00000000,0.00000000,0.00000000,0.00000000,0.00000000,0.00000000,0.00000000,0.00000000,0.00000000,0.00000000,0.00000000,0.00000000,0.00000000,0.00000000,0.00000000,0.00000000,0.00000000,0.00000000,0.00000000,0.00000000,0.00000000,0.00000000,0.00000000,0.00000000,0.00000000,0.00000000,0.00000000,0.00000000,0.00000000,0.00000000,0.00000000,0.00000000,0.00000000,0.00000000,0.00000000,0.00000000,0.00000000,0.00000000,0.00000000,0.00000000,0.00000000,0.00000000,0.00000000,0.00000000,0.00000000,0.00000000,0.00000000,0.00000000,0.00000000,0.00000000,0.00000000,0.00000000,0.00000000,0.00000000,0.00000000
0.00000000,0.00000000,0.00000000,0.00000000,0.00000000,0.00111025,0.00000000,0.00000000,0.00000000,0.00000000,0.00000000,0.00000000,0.00126326,0.00000000,0.00305732,0.00087772,0.00000000,0.00000000,0.01208902,0.00000000,0.00191814,0.02147884,0.03894129,0.08080195,0.21275726,0.00288973,0.00000000,0.15461849,0.00000000,0.58174180,0.01318672,0.58368250,0.01166644,0.00000000,0.76556823,0.00395284,0.01259556,0.00000000,0.00000000,0.45593288,0.00000000,0.00000000,0.00625243,0.00000000,0.00000000,0.00069140,0.01797726,0.00612390,0.00000000,0.00103872,0.00895456,0.00136150,0.00378547,0.00000000,0.00000000,0.00000000,0.00000000,0.00577315,0.00263072,0.00000000,0.00412476,0.00000000,0.00000000,0.00000000,0.00000000,0.00000000,0.00000000,0.00000000,0.00000000,0.00000000,0.00000000,0.00000000,0.00000000,0.00000000,0.00000000,0.00000000,0.00000000,0.00000000,0.00000000,0.00000000,0.00000000,0.00000000,0.00000000,0.00000000,0.00000000,0.00000000,0.00000000,0.00000000,0.00000000,0.00000000,0.00000000,0.00000000,0.00000000,0.00000000,0.00000000,0.00000000,0.00000000,0.00000000,0.00000000,0.00000000,0.00000000,0.00000000,0.00000000,0.00000000,0.00000000,0.00000000,0.00000000,0.00000000,0.00000000,0.00000000,0.00000000,0.00000000,0.00000000,0.00000000,0.00000000,0.00000000,0.00000000,0.00000000,0.00000000,0.00000000,0.00000000,0.00000000
0.00000000,0.00232651,0.00000000,0.00000000,0.00359635,0.00770329,0.00225508,0.00146483,0.00300788,0.00204433,0.00338494,0.00123988,0.00534726,0.00000000,0.01315585,0.00739378,0.00545012,0.00000000,0.01253581,0.00264717,0.02612310,0.03402840,0.03686623,0.13746598,0.39360000,0.08736284,0.00528295,0.11972892,0.01722357,0.28750627,0.33845646,2.28372333,0.57348852,0.00088779,0.17395391,0.13197956,0.89195371,0.02431151,0.45593288,0.00000000,0.00490686,0.00489366,0.22943394,0.00325654,0.00808666,0.02215446,0.36611208,0.11946947,0.00408002,0.01350320,0.01446750,0.00569510,0.01189342,0.00000000,0.00000000,0.00169871,0.00135306,0.00719744,0.00416694,0.00000000,0.00746742,0.00000000,0.00000000,0.00000000,0.00000000,0.00000000,0.00000000,0.00000000,0.00000000,0.00000000,0.00000000,0.00000000,0.00000000,0.00000000,0.00000000,0.00000000,0.00000000,0.00000000,0.00000000,0.00000000,0.00000000,0.00000000,0.00000000,0.00000000,0.00000000,0.00000000,0.00000000,0.00000000,0.00000000,0.00000000,0.00000000,0.00000000,0.00000000,0.00000000,0.00000000,0.00000000,0.00000000,0.00000000,0.00000000,0.00000000,0.00000000,0.00000000,0.00000000,0.00000000,0.00000000,0.00000000,0.00000000,0.00000000,0.00000000,0.00000000,0.00000000,0.00000000,0.00000000,0.00000000,0.00000000,0.00000000,0.00000000,0.00000000,0.00000000,0.00000000,0.00000000,0.00000000
0.00000000,0.00000000,0.00000000,0.00000000,0.00000000,0.00000000,0.00000000,0.00000000,0.00000000,0.00000000,0.00000000,0.00000000,0.00000000,0.00086558,0.00471503,0.00481806,0.01202316,0.00280076,0.00000000,0.01128921,0.02471892,0.00000000,0.00000000,0.00000000,0.00000000,0.02785101,0.08444882,0.00000000,0.08089232,0.00000000,0.01301483,0.00165928,0.00225860,0.18420574,0.00000000,0.03241269,0.00972761,0.84858879,0.00000000,0.00490686,0.00000000,0.01940420,0.00864250,0.02130686,0.57612229,0.42033158,0.00164964,0.04930891,0.01453668,0.07903765,0.00000000,0.00000000,0.00000000,0.00000000,0.00000000,0.00095933,0.00100344,0.00000000,0.00000000,0.00000000,0.00000000,0.00000000,0.00000000,0.00000000,0.00000000,0.00000000,0.00000000,0.00000000,0.00000000,0.00000000,0.00000000,0.00000000,0.00000000,0.00000000,0.00000000,0.00000000,0.00000000,0.00000000,0.00000000,0.00000000,0.00000000,0.00000000,0.00000000,0.00000000,0.00000000,0.00000000,0.00000000,0.00000000,0.00000000,0.00000000,0.00000000,0.00000000,0.00000000,0.00000000,0.00000000,0.00000000,0.00000000,0.00000000,0.00000000,0.00000000,0.00000000,0.00000000,0.00000000,0.00000000,0.00000000,0.00000000,0.00000000,0.00000000,0.00000000,0.00000000,0.00000000,0.00000000,0.00000000,0.00000000,0.00000000,0.00000000,0.00000000,0.00000000,0.00000000,0.00000000,0.00000000,0.00000000
0.00000000,0.00000000,0.00000000,0.00000000,0.00000000,0.00000000,0.00000000,0.00000000,0.00000000,0.00000000,0.00000000,0.00000000,0.00000000,0.00000000,0.00191063,0.00173913,0.00507111,0.00162699,0.00000000,0.00587060,0.01585280,0.00000000,0.00000000,0.00000000,0.00000000,0.04594389,0.02455870,0.00000000,0.06740931,0.00000000,0.02946127,0.00258721,0.00652106,0.00420989,0.00000000,0.18219301,0.02526103,0.27121084,0.00000000,0.00489366,0.01940420,0.00000000,0.02971566,0.00100395,0.01187928,0.23228497,0.00344622,0.16042803,0.00213220,0.04218961,0.00000000,0.00000000,0.00000000,0.00000000,0.00000000,0.00000000,0.00000000,0.00000000,0.00000000,0.00000000,0.00000000,0.00000000,0.00000000,0.00000000,0.00000000,0.00000000,0.00000000,0.00000000,0.00000000,0.00000000,0.00000000,0.00000000,0.00000000,0.00000000,0.00000000,0.00000000,0.00000000,0.00000000,0.00000000,0.00000000,0.00000000,0.00000000,0.00000000,0.00000000,0.00000000,0.00000000,0.00000000,0.00000000,0.00000000,0.00000000,0.00000000,0.00000000,0.00000000,0.00000000,0.00000000,0.00000000,0.00000000,0.00000000,0.00000000,0.00000000,0.00000000,0.00000000,0.00000000,0.00000000,0.00000000,0.00000000,0.00000000,0.00000000,0.00000000,0.00000000,0.00000000,0.00000000,0.00000000,0.00000000,0.00000000,0.00000000,0.00000000,0.00000000,0.00000000,0.00000000,0.00000000,0.00000000
0.00000000,0.00000000,0.00000000,0.00000000,0.00000000,0.00251219,0.00000000,0.00000000,0.00000000,0.00000000,0.00000000,0.00000000,0.00167394,0.00058609,0.00534154,0.00524570,0.00829928,0.00066464,0.00066995,0.00425676,0.02520287,0.00359070,0.00167975,0.00613868,0.01172127,0.09727844,0.01084155,0.00211835,0.03603754,0.00513332,0.21854643,0.06553623,0.08680890,0.00232383,0.00462163,0.45131605,0.76474096,0.05510349,0.00625243,0.22943394,0.00864250,0.02971566,0.00000000,0.00245291,0.01162510,0.08150819,0.15951473,0.79592435,0.00367270,0.03999688,0.00189444,0.00216709,0.00358271,0.00000000,0.00000000,0.00225019,0.00261537,0.00000000,0.00000000,0.00000000,0.00000000,0.00000000,0.00000000,0.00000000,0.00000000,0.00000000,0.00000000,0.00000000,0.00000000,0.00000000,0.00000000,0.00000000,0.00000000,0.00000000,0.00000000,0.00000000,0.00000000,0.00000000,0.00000000,0.00000000,0.00000000,0.00000000,0.00000000,0.00000000,0.00000000,0.00000000,0.00000000,0.00000000,0.00000000,0.00000000,0.00000000,0.00000000,0.00000000,0.00000000,0.00000000,0.00000000,0.00000000,0.00000000,0.00000000,0.00000000,0.00000000,0.00000000,0.00000000,0.00000000,0.00000000,0.00000000,0.00000000,0.00000000,0.00000000,0.00000000,0.00000000,0.00000000,0.00000000,0.00000000,0.00000000,0.00000000,0.00000000,0.00000000,0.00000000,0.00000000,0.00000000,0.00000000
0.00000000,0.00000000,0.00000000,0.00000000,0.00000000,0.00000000,0.00000000,0.00000000,0.00000000,0.00000000,0.00000000,0.00000000,0.00000000,0.00000000,0.00000000,0.00000000,0.00000000,0.00000000,0.00000000,0.00000000,0.00000000,0.00143676,0.00000000,0.00192606,0.00000000,0.00077319,0.00337749,0.00000000,0.00330922,0.00000000,0.00173615,0.00000000,0.00000000,0.00862421,0.00000000,0.00299173,0.00273180,0.02078105,0.00000000,0.00325654,0.02130686,0.00100395,0.00245291,0.00000000,1.06603944,0.06041341,0.00176376,0.02185898,0.76033110,0.28949654,0.00000000,0.00094647,0.00000000,0.00000000,0.00513327,0.00676274,0.01098617,0.00000000,0.00000000,0.00000000,0.00000000,0.00000000,0.00000000,0.00000000,0.00000000,0.00000000,0.00000000,0.00000000,0.00000000,0.00000000,0.00000000,0.00000000,0.00000000,0.00000000,0.00000000,0.00000000,0.00000000,0.00000000,0.00000000,0.00000000,0.00000000,0.00000000,0.00000000,0.00000000,0.00000000,0.00000000,0.00000000,0.00000000,0.00000000,0.00000000,0.00000000,0.00000000,0.00000000,0.01434889,0.00000000,0.00000000,0.00000000,0.00000000,0.00000000,0.00000000,0.00000000,0.00597784,0.00000000,0.00000000,0.00000000,0.00000000,0.00000000,0.00000000,0.00000000,0.00000000,0.00000000,0.00000000,0.00000000,0.00000000,0.00000000,0.00000000,0.00000000,0.00000000,0.00000000,0.00000000,0.00000000,0.00000000
0.00000000,0.00000000,0.00000000,0.00000000,0.00000000,0.00274003,0.00000000,0.00000000,0.00000000,0.00000000,0.00000000,0.00000000,0.00000000,0.00000000,0.00339982,0.00323122,0.00674057,0.00106764,0.00000000,0.00558992,0.01397508,0.00144191,0.00000000,0.00247233,0.00189003,0.01767425,0.03598469,0.00000000,0.03835978,0.00000000,0.01082372,0.00277649,0.00343813,0.04788285,0.00000000,0.02322502,0.01191830,0.31939202,0.00000000,0.00808666,0.57612229,0.01187928,0.01162510,1.06603944,0.00000000,0.68534568,0.00358629,0.14262425,0.46954936,0.95684786,0.00000000,0.00155256,0.00000000,0.00000000,0.00380301,0.00580450,0.01039682,0.00000000,0.00000000,0.00000000,0.00000000,0.00000000,0.00000000,0.00000000,0.00000000,0.00000000,0.00000000,0.00000000,0.00000000,0.00000000,0.00000000,0.00000000,0.00000000,0.00000000,0.00000000,0.00000000,0.00000000,0.00000000,0.00000000,0.00000000,0.00000000,0.00000000,0.00000000,0.00000000,0.00000000,0.00000000,0.00000000,0.00000000,0.00000000,0.00000000,0.00000000,0.00000000,0.00000000,0.00351362,0.00000000,0.00000000,0.00000000,0.00000000,0.00000000,0.00000000,0.00000000,0.00000000,0.00000000,0.00000000,0.00000000,0.00000000,0.00000000,0.00000000,0.00000000,0.00000000,0.00000000,0.00000000,0.00000000,0.00000000,0.00000000,0.00000000,0.00000000,0.00000000,0.00000000,0.00000000,0.00000000,0.00000000
0.00000000,0.00000000,0.00000000,0.00000000,0.00000000,0.00271174,0.00000000,0.00000000,0.00000000,0.00000000,0.00000000,0.00000000,0.00184556,0.00092799,0.00835244,0.00847685,0.01503078,0.00319139,0.00000000,0.01453710,0.04079280,0.00148103,0.00000000,0.00232124,0.00281555,0.08883348,0.06780730,0.00000000,0.14907123,0.00000000,0.06998332,0.00742610,0.01799088,0.02653158,0.00000000,0.30773484,0.08113457,0.77367927,0.00069140,0.02215446,0.42033158,0.23228497,0.08150819,0.06041341,0.68534568,0.00000000,0.01194845,1.04616738,0.08804267,1.11695600,0.00000000,0.00058282,0.00243173,0.00000000,0.00207871,0.00400774,0.00779031,0.00000000,0.00000000,0.00000000,0.00000000,0.00000000,0.00000000,0.00000000,0.00000000,0.00000000,0.00000000,0.00000000,0.00000000,0.00000000,0.00000000,0.00000000,0.00000000,0.00000000,0.00000000,0.00000000,0.00000000,0.00000000,0.00000000,0.00000000,0.00000000,0.00000000,0.00000000,0.00000000,0.00000000,0.00000000,0.00000000,0.00000000,0.00000000,0.00000000,0.00000000,0.00000000,0.00000000,0.00000000,0.00000000,0.00000000,0.00000000,0.00000000,0.00000000,0.00000000,0.00000000,0.00000000,0.00000000,0.00000000,0.00000000,0.00000000,0.00000000,0.00000000,0.00000000,0.00000000,0.00000000,0.00000000,0.00000000,0.00000000,0.00000000,0.00000000,0.00000000,0.00000000,0.00000000,0.00000000,0.00000000,0.00000000
0.00000000,0.00000000,0.00000000,0.00000000,0.00000000,0.00000000,0.00000000,0.00000000,0.00000000,0.00000000,0.00000000,0.00000000,0.00000000,0.00000000,0.00211076,0.00173809,0.00224159,0.00000000,0.00143563,0.00000000,0.00559330,0.00497332,0.00313966,0.00974192,0.01593252,0.01136941,0.00118615,0.00671529,0.00413540,0.01218939,0.03259654,0.04104774,0.02519923,0.00000000,0.01369194,0.02348057,0.25306142,0.00808784,0.01797726,0.36611208,0.00164964,0.00344622,0.15951473,0.00176376,0.00358629,0.01194845,0.00000000,0.25287168,0.00286286,0.01460629,0.00257656,0.00296773,0.00415330,0.00000000,0.00000000,0.00136114,0.00161675,0.00000000,0.00000000,0.00000000,0.00000000,0.00000000,0.00000000,0.00000000,0.00000000,0.00000000,0.00000000,0.00000000,0.00000000,0.00000000,0.00000000,0.00000000,0.00000000,0.00000000,0.00000000,0.00000000,0.00000000,0.00000000,0.00000000,0.00000000,0.00000000,0.00000000,0.00000000,0.00000000,0.00000000,0.00000000,0.00000000,0.00000000,0.00000000,0.00000000,0.00000000,0.00000000,0.00000000,0.00000000,0.00000000,0.00000000,0.00000000,0.00000000,0.00000000,0.00000000,0.00000000,0.00000000,0.00000000,0.00000000,0.00000000,0.00000000,0.00000000,0.00000000,0.00000000,0.00000000,0.00000000,0.00000000,0.00000000,0.00000000,0.00000000,0.00000000,0.00000000,0.00000000,0.00000000,0.00000000,0.00000000,0.00000000
0.00000000,0.00000000,0.00000000,0.00000000,0.00000000,0.00443770,0.00000000,0.00000000,0.00000000,0.00000000,0.00000000,0.00000000,0.00202534,0.00000000,0.00920766,0.00899430,0.01245528,0.00213676,0.00191151,0.00914182,0.03301288,0.00594541,0.00143935,0.00877710,0.01110404,0.11006118,0.02789301,0.00219848,0.07741703,0.00430610,0.19950740,0.03625944,0.06030981,0.01076339,0.00500385,0.42721779,0.60620305,0.21591007,0.00612390,0.11946947,0.04930891,0.16042803,0.79592435,0.02185898,0.14262425,1.04616738,0.25287168,0.00000000,0.09713532,1.35043468,0.00511224,0.00824677,0.00752629,0.00263923,0.00639670,0.01072374,0.01307458,0.00000000,0.00000000,0.00000000,0.00074829,0.00000000,0.00000000,0.00000000,0.00000000,0.00000000,0.00000000,0.00000000,0.00000000,0.00000000,0.00000000,0.00000000,0.00000000,0.00000000,0.00000000,0.00000000,0.00000000,0.00000000,0.00000000,0.00000000,0.00000000,0.00000000,0.00000000,0.00000000,0.00000000,0.00000000,0.00000000,0.00000000,0.00000000,0.00000000,0.00000000,0.00000000,0.00000000,0.00000000,0.00000000,0.00000000,0.00000000,0.00000000,0.00000000,0.00000000,0.00000000,0.00000000,0.00000000,0.00000000,0.00000000,0.00000000,0.00000000,0.00000000,0.00000000,0.00000000,0.00000000,0.00000000,0.00000000,0.00000000,0.00000000,0.00000000,0.00000000,0.00000000,0.00000000,0.00000000,0.00000000,0.00000000
0.00000000,0.00000000,0.00000000,0.00000000,0.00000000,0.00000000,0.00000000,0.00000000,0.00000000,0.00000000,0.00000000,0.00000000,0.00000000,0.00000000,0.00000000,0.00000000,0.00000000,0.00000000,0.00000000,0.00000000,0.00103954,0.00158149,0.00000000,0.00290036,0.00000000,0.00272907,0.00201953,0.00000000,0.00383325,0.00000000,0.00192763,0.00108862,0.00000000,0.00279692,0.00000000,0.00452834,0.00426280,0.01796185,0.00000000,0.00408002,0.01453668,0.00213220,0.00367270,0.76033110,0.46954936,0.08804267,0.00286286,0.09713532,0.00000000,0.76114208,0.00000000,0.00393109,0.00222374,0.00000000,0.00541413,0.01101996,0.01971751,0.00000000,0.00000000,0.00000000,0.00000000,0.00000000,0.00000000,0.00000000,0.00000000,0.00000000,0.00000000,0.00000000,0.00000000,0.00000000,0.00000000,0.00000000,0.00000000,0.00000000,0.00000000,0.00000000,0.00000000,0.00000000,0.00000000,0.00000000,0.00000000,0.00000000,0.00000000,0.00000000,0.00000000,0.00000000,0.00000000,0.00000000,0.00000000,0.00000000,0.00000000,0.00000000,0.00000000,0.00000000,0.00000000,0.00000000,0.00000000,0.00000000,0.00000000,0.00000000,0.00000000,0.00000000,0.00000000,0.00000000,0.00000000,0.00000000,0.00000000,0.00000000,0.00000000,0.00000000,0.00000000,0.00000000,0.00000000,0.00000000,0.00000000,0.00000000,0.00000000,0.00000000,0.00000000,0.00000000,0.00000000,0.00000000
0.00000000,0.00000000,0.00000000,0.00000000,0.00000000,0.00088155,0.00000000,0.00000000,0.00000000,0.00000000,0.00000000,0.00000000,0.00000000,0.00000000,0.00321874,0.00269579,0.00440942,0.00000000,0.00000000,0.00406391,0.01063367,0.00313398,0.00071912,0.00445927,0.00225283,0.01729572,0.01538602,0.00000000,0.02020741,0.00000000,0.02051986,0.00497473,0.00406707,0.01070558,0.00000000,0.04707626,0.03927127,0.11604373,0.00103872,0.01350320,0.07903765,0.04218961,0.03999688,0.28949654,0.95684786,1.11695600,0.01460629,1.35043468,0.76114208,0.00000000,0.00136326,0.00440462,0.00414315,0.00000000,0.00680111,0.01209829,0.01661473,0.00000000,0.00000000,0.00000000,0.00000000,0.00000000,0.00000000,0.00000000,0.00000000,0.00000000,0.00000000,0.00000000,0.00000000,0.00000000,0.00000000,0.00000000,0.00000000,0.00000000,0.00000000,0.00000000,0.00000000,0.00000000,0.00000000,0.00000000,0.00000000,0.00000000,0.00000000,0.00000000,0.00000000,0.00000000,0.00000000,0.00000000,0.00000000,0.00000000,0.00000000,0.00000000,0.00000000,0.00256001,0.00000000,0.00000000,0.00000000,0.00000000,0.00000000,0.00000000,0.00000000,0.00000000,0.00000000,0.00000000,0.00000000,0.00000000,0.00000000,0.00000000,0.00000000,0.00000000,0.00000000,0.00000000,0.00000000,0.00000000,0.00000000,0.00000000,0.00000000,0.00000000,0.00000000,0.00000000,0.00000000,0.00000000
0.00000000,0.00000000,0.00000000,0.00000000,0.00000000,0.00606874,0.00000000,0.00000000,0.00000000,0.00525503,0.00000000,0.00000000,0.00494716,0.00000000,0.00437433,0.00000000,0.00000000,0.00000000,0.00075766,0.00000000,0.00170428,0.00295808,0.00261393,0.00623787,0.00869173,0.00224471,0.00000000,0.00451903,0.00000000,0.00464948,0.00641246,0.01107002,0.00210436,0.00000000,0.01722371,0.00127072,0.00411724,0.00000000,0.00895456,0.01446750,0.00000000,0.00000000,0.00189444,0.00000000,0.00000000,0.00000000,0.00257656,0.00511224,0.00000000,0.00136326,0.00000000,0.24142498,3.19906393,0.18862573,0.08615035,0.12805062,0.12674613,0.06940432,0.06151068,0.02357909,0.60752376,0.00000000,0.00000000,0.00000000,0.00000000,0.00000000,0.00000000,0.00000000,0.00000000,0.00000000,0.00000000,0.00000000,0.00000000,0.00000000,0.00000000,0.00000000,0.00000000,0.00000000,0.00000000,0.00000000,0.00000000,0.00000000,0.00000000,0.00000000,0.00000000,0.00000000,0.00000000,0.00000000,0.00000000,0.00000000,0.00000000,0.00000000,0.00000000,0.00000000,0.00000000,0.00000000,0.00000000,0.00000000,0.00000000,0.00000000,0.00000000,0.00000000,0.00000000,0.00000000,0.00000000,0.00000000,0.00000000,0.00000000,0.00000000,0.00000000,0.00000000,0.00000000,0.00000000,0.01247858,0.00671458,0.00000000,0.00428612,0.00000000,0.00799170,0.00000000,0.00000000,0.00000000
0.00000000,0.00000000,0.00000000,0.00000000,0.00000000,0.00000000,0.00000000,0.00000000,0.00000000,0.00000000,0.00000000,0.00000000,0.00000000,0.00000000,0.00000000,0.00000000,0.00000000,0.00000000,0.00000000,0.00000000,0.00000000,0.00000000,0.00000000,0.00119590,0.00142722,0.00000000,0.00000000,0.00000000,0.00000000,0.00000000,0.00320610,0.00307493,0.00000000,0.00000000,0.00231908,0.00000000,0.00339277,0.00000000,0.00136150,0.00569510,0.00000000,0.00000000,0.00216709,0.00094647,0.00155256,0.00058282,0.00296773,0.00824677,0.00393109,0.00440462,0.24142498,0.00000000,1.80525253,1.83770709,3.62553923,0.51467087,0.52337697,0.06702093,0.02452005,0.01098234,0.05309012,0.00000000,0.00000000,0.00000000,0.00000000,0.00000000,0.00000000,0.00000000,0.00000000,0.00000000,0.00000000,0.00000000,0.00000000,0.00000000,0.00000000,0.00000000,0.00000000,0.00000000,0.00000000,0.00000000,0.00000000,0.00000000,0.00000000,0.00000000,0.00000000,0.00000000,0.00000000,0.00000000,0.00000000,0.00000000,0.00000000,0.00000000,0.00000000,0.00000000,0.00000000,0.00000000,0.00000000,0.00000000,0.00000000,0.00000000,0.00000000,0.00000000,0.00000000,0.00000000,0.00000000,0.00000000,0.00000000,0.00000000,0.00000000,0.00000000,0.00000000,0.00000000,0.00000000,0.00000000,0.00775661,0.00505747,0.00000000,0.00000000,0.00000000,0.00000000,0.00000000,0.00000000
0.00000000,0.00000000,0.00000000,0.00000000,0.00000000,0.00000000,0.00000000,0.00000000,0.00000000,0.00000000,0.00000000,0.00000000,0.00000000,0.00000000,0.00273060,0.00000000,0.00000000,0.00000000,0.00000000,0.00000000,0.00000000,0.00000000,0.00000000,0.00213582,0.00400383,0.00000000,0.00000000,0.00084287,0.00000000,0.00194752,0.00771887,0.00603753,0.00315959,0.00000000,0.00589554,0.00356719,0.00564327,0.00000000,0.00378547,0.01189342,0.00000000,0.00000000,0.00358271,0.00000000,0.00000000,0.00243173,0.00415330,0.00752629,0.00222374,0.00414315,3.19906393,1.80525253,0.00000000,3.07892403,0.63760323,0.91265620,0.42057467,0.06401715,0.03057276,0.01273516,0.15625761,0.00000000,0.00000000,0.00000000,0.00000000,0.00000000,0.00000000,0.00000000,0.00000000,0.00000000,0.00000000,0.00000000,0.00000000,0.00000000,0.00000000,0.00000000,0.00000000,0.00000000,0.00000000,0.00000000,0.00000000,0.00000000,0.00000000,0.00000000,0.00000000,0.00000000,0.00000000,0.00000000,0.00000000,0.00000000,0.00000000,0.00000000,0.00000000,0.00000000,0.00000000,0.00000000,0.00000000,0.00000000,0.00000000,0.00000000,0.00000000,0.00000000,0.00000000,0.00000000,0.00000000,0.00000000,0.00000000,0.00000000,0.00000000,0.00000000,0.00000000,0.00000000,0.00000000,0.00464934,0.00912041,0.00326979,0.00000000,0.00000000,0.00693891,0.00000000,0.00000000,0.00000000
0.00000000,0.00000000,0.00000000,0.00000000,0.00000000,0.00000000,0.00000000,0.00000000,0.00000000,0.00000000,0.00000000,0.00000000,0.00000000,0.00000000,0.00000000,0.00000000,0.00000000,0.00000000,0.00000000,0.00000000,0.00000000,0.00000000,0.00000000,0.00000000,0.00000000,0.00000000,0.00000000,0.00000000,0.00000000,0.00000000,0.00000000,0.00000000,0.00000000,0.00000000,0.00000000,0.00000000,0.00000000,0.00000000,0.00000000,0.00000000,0.00000000,0.00000000,0.00000000,0.00000000,0.00000000,0.00000000,0.00000000,0.00263923,0.00000000,0.00000000,0.18862573,1.83770709,3.07892403,0.00000000,1.72643563,2.75465670,0.70428437,0.02137399,0.00986894,0.00126481,0.01935663,0.00000000,0.00000000,0.00000000,0.00000000,0.00000000,0.00000000,0.00000000,0.00000000,0.00000000,0.00000000,0.00000000,0.00000000,0.00000000,0.00000000,0.00000000,0.00000000,0.00000000,0.00000000,0.00000000,0.00000000,0.00000000,0.00000000,0.00000000,0.00000000,0.00000000,0.00000000,0.00000000,0.00000000,0.00000000,0.00000000,0.00000000,0.00000000,0.00000000,0.00000000,0.00000000,0.00000000,0.00000000,0.00000000,0.00000000,0.00000000,0.00000000,0.00000000,0.00000000,0.00000000,0.00000000,0.00000000,0.00000000,0.00000000,0.00000000,0.00000000,0.00000000,0.00000000,0.00000000,0.00000000,0.00000000,0.00000000,0.00000000,0.00000000,0.00000000,0.00000000,0.00000000
0.00000000,0.00000000,0.00000000,0.00000000,0.00000000,0.00000000,0.00000000,0.00000000,0.00000000,0.00000000,0.00000000,0.00000000,0.00000000,0.00000000,0.00000000,0.00000000,0.00000000,0.00000000,0.00000000,0.00000000,0.00000000,0.00000000,0.00000000,0.00000000,0.00000000,0.00000000,0.00000000,0.00000000,0.00000000,0.00000000,0.00000000,0.00000000,0.00000000,0.00000000,0.00000000,0.00000000,0.00000000,0.00000000,0.00000000,0.00000000,0.00000000,0.00000000,0.00000000,0.00513327,0.00380301,0.00207871,0.00000000,0.00639670,0.00541413,0.00680111,0.08615035,3.62553923,0.63760323,1.72643563,0.00000000,0.85167245,1.75262719,0.09140314,0.03382543,0.01001122,0.04356639,0.00000000,0.00000000,0.00000000,0.00000000,0.00000000,0.00000000,0.00000000,0.00000000,0.00000000,0.00000000,0.00000000,0.00000000,0.00000000,0.00000000,0.00000000,0.00000000,0.00000000,0.00000000,0.00000000,0.00000000,0.00000000,0.00000000,0.00000000,0.00000000,0.00000000,0.00000000,0.00000000,0.00000000,0.00000000,0.00000000,0.00000000,0.00000000,0.00000000,0.00000000,0.00000000,0.00000000,0.00000000,0.00000000,0.00000000,0.00000000,0.00000000,0.00000000,0.00000000,0.00000000,0.00000000,0.00000000,0.00000000,0.00000000,0.00000000,0.00000000,0.00000000,0.00000000,0.00000000,0.00567186,0.00605031,0.00000000,0.00000000,0.00000000,0.00000000,0.00000000,0.00000000
0.00000000,0.00000000,0.00000000,0.00000000,0.00000000,0.00000000,0.00000000,0.00000000,0.00000000,0.00000000,0.00000000,0.00000000,0.00000000,0.00000000,0.00000000,0.00000000,0.00000000,0.00000000,0.00000000,0.00000000,0.00000000,0.00000000,0.00000000,0.00000000,0.00000000,0.00000000,0.00000000,0.00000000,0.00000000,0.00000000,0.00000000,0.00000000,0.00000000,0.00000000,0.00000000,0.00072567,0.00198995,0.00151014,0.00000000,0.00169871,0.00095933,0.00000000,0.00225019,0.00676274,0.00580450,0.00400774,0.00136114,0.01072374,0.01101996,0.01209829,0.12805062,0.51467087,0.91265620,2.75465670,0.85167245,0.00000000,1.98122320,0.06480566,0.02713314,0.00311344,0.04762042,0.00000000,0.00000000,0.00000000,0.00000000,0.00000000,0.00000000,0.00000000,0.00000000,0.00000000,0.00000000,0.00000000,0.00000000,0.00000000,0.00000000,0.00000000,0.00000000,0.00000000,0.00000000,0.00000000,0.00000000,0.00000000,0.00000000,0.00000000,0.00000000,0.00000000,0.00000000,0.00000000,0.00000000,0.00000000,0.00000000,0.00000000,0.00000000,0.00000000,0.00000000,0.00000000,0.00000000,0.00000000,0.00000000,0.00000000,0.00000000,0.00000000,0.00000000,0.00000000,0.00000000,0.00000000,0.00000000,0.00000000,0.00000000,0.00000000,0.00000000,0.00000000,0.00000000,0.00474547,0.00423815,0.00000000,0.00000000,0.00000000,0.00375291,0.00000000,0.00000000,0.00000000
0.00000000,0.00000000,0.00000000,0.00000000,0.00000000,0.00000000,0.00000000,0.00000000,0.00000000,0.00000000,0.00000000,0.00000000,0.00000000,0.00000000,0.00000000,0.00000000,0.00000000,0.00000000,0.00000000,0.00000000,0.00000000,0.00000000,0.00000000,0.00000000,0.00000000,0.00000000,0.00000000,0.00000000,0.00000000,0.00000000,0.00000000,0.00000000,0.00000000,0.00000000,0.00000000,0.00053054,0.00224533,0.00282343,0.00000000,0.00135306,0.00100344,0.00000000,0.00261537,0.01098617,0.01039682,0.00779031,0.00161675,0.01307458,0.01971751,0.01661473,0.12674613,0.52337697,0.42057467,0.70428437,1.75262719,1.98122320,0.00000000,0.13207584,0.05746996,0.01021773,0.08773969,0.00000000,0.00000000,0.00000000,0.00000000,0.00000000,0.00000000,0.00000000,0.00000000,0.00000000,0.00000000,0.00000000,0.00000000,0.00000000,0.00000000,0.00000000,0.00000000,0.00000000,0.00000000,0.00000000,0.00000000,0.00000000,0.00000000,0.00000000,0.00000000,0.00000000,0.00000000,0.00000000,0.00000000,0.00000000,0.00000000,0.00000000,0.00000000,0.00000000,0.00000000,0.00000000,0.00000000,0.00000000,0.00000000,0.00000000,0.00000000,0.00000000,0.00000000,0.00000000,0.00000000,0.00000000,0.00000000,0.00000000,0.00000000,0.00000000,0.00000000,0.00000000,0.00000000,0.00755010,0.01150948,0.00437443,0.00000000,0.00128542,0.00584151,0.00000000,0.00000000,0.00000000
0.00000000,0.00000000,0.00000000,0.00000000,0.00000000,0.03343319,0.00000000,0.00000000,0.01424893,0.00839084,0.00000000,0.00000000,0.00000000,0.00000000,0.00000000,0.00000000,0.00000000,0.00000000,0.00878400,0.00000000,0.00000000,0.02100844,0.01060939,0.03257717,0.01732082,0.00000000,0.00000000,0.00772636,0.00000000,0.00525958,0.00000000,0.00781942,0.00000000,0.00000000,0.01310101,0.00000000,0.00000000,0.00000000,0.00577315,0.00719744,0.00000000,0.00000000,0.00000000,0.00000000,0.00000000,0.00000000,0.00000000,0.00000000,0.00000000,0.00000000,0.06940432,0.06702093,0.06401715,0.02137399,0.09140314,0.06480566,0.13207584,0.00000000,1.24286488,0.53110258,0.84940200,0.00000000,0.00000000,0.00000000,0.00000000,0.00000000,0.00000000,0.00000000,0.00000000,0.00000000,0.00000000,0.00000000,0.00000000,0.00000000,0.00000000,0.00000000,0.00000000,0.00000000,0.00000000,0.00000000,0.00000000,0.00000000,0.00000000,0.00000000,0.00000000,0.00000000,0.00000000,0.00000000,0.00000000,0.00000000,0.00000000,0.00000000,0.00000000,0.00000000,0.00000000,0.00000000,0.00000000,0.00000000,0.00000000,0.00000000,0.00000000,0.00000000,0.00000000,0.00000000,0.00000000,0.00000000,0.00000000,0.00000000,0.00000000,0.00000000,0.00000000,0.00000000,0.00000000,0.00000000,0.00000000,0.00000000,0.00000000,0.00000000,0.00000000,0.00000000,0.00000000,0.00000000
0.00000000,0.00000000,0.00000000,0.00000000,0.00000000,0.01152376,0.00000000,0.00000000,0.00549585,0.00450699,0.00000000,0.00000000,0.00000000,0.00000000,0.00000000,0.00000000,0.00000000,0.00000000,0.00311441,0.00000000,0.00000000,0.00846230,0.00422301,0.01558190,0.01002075,0.00000000,0.00000000,0.00437588,0.00000000,0.00245596,0.00000000,0.00399479,0.00000000,0.00000000,0.00814094,0.00000000,0.00000000,0.00000000,0.00263072,0.00416694,0.00000000,0.00000000,0.00000000,0.00000000,0.00000000,0.00000000,0.00000000,0.00000000,0.00000000,0.00000000,0.06151068,0.02452005,0.03057276,0.00986894,0.03382543,0.02713314,0.05746996,1.24286488,0.00000000,0.18304663,1.45036041,0.00000000,0.00000000,0.00000000,0.00000000,0.00000000,0.00000000,0.00000000,0.00000000,0.00000000,0.00000000,0.00000000,0.00000000,0.00000000,0.00000000,0.00000000,0.00000000,0.00000000,0.00000000,0.00000000,0.00000000,0.00000000,0.00000000,0.00000000,0.00000000,0.00000000,0.00000000,0.00000000,0.00000000,0.00000000,0.00000000,0.00000000,0.00000000,0.00000000,0.00000000,0.00000000,0.00000000,0.00000000,0.00000000,0.00000000,0.00000000,0.00000000,0.00000000,0.00000000,0.00000000,0.00000000,0.00000000,0.00000000,0.00000000,0.00000000,0.00000000,0.00000000,0.00000000,0.00000000,0.00000000,0.00000000,0.00000000,0.00000000,0.00000000,0.00000000,0.00000000,0.00000000
0.00000000,0.00000000,0.00000000,0.00000000,0.00000000,0.00431347,0.00000000,0.00000000,0.00000000,0.00000000,0.00000000,0.00000000,0.00000000,0.00000000,0.00000000,0.00000000,0.00000000,0.00000000,0.00000000,0.00000000,0.00000000,0.00000000,0.00000000,0.00114337,0.00000000,0.00000000,0.00000000,0.00000000,0.00000000,0.00000000,0.00000000,0.00000000,0.00000000,0.00000000,0.00000000,0.00000000,0.00000000,0.00000000,0.00000000,0.00000000,0.00000000,0.00000000,0.00000000,0.00000000,0.00000000,0.00000000,0.00000000,0.00000000,0.00000000,0.00000000,0.02357909,0.01098234,0.01273516,0.00126481,0.01001122,0.00311344,0.01021773,0.53110258,0.18304663,0.00000000,0.72638214,0.00000000,0.00000000,0.00000000,0.00000000,0.00000000,0.00000000,0.00000000,0.00000000,0.00000000,0.00000000,0.00000000,0.00000000,0.00000000,0.00000000,0.00000000,0.00000000,0.00000000,0.00000000,0.00000000,0.00000000,0.00000000,0.00000000,0.00000000,0.00000000,0.00000000,0.00000000,0.00000000,0.00000000,0.00000000,0.00000000,0.00000000,0.00000000,0.00000000,0.00000000,0.00000000,0.00000000,0.00000000,0.00000000,0.00000000,0.00000000,0.00000000,0.00000000,0.00000000,0.00000000,0.00000000,0.00000000,0.00000000,0.00000000,0.00000000,0.00000000,0.00000000,0.00000000,0.00000000,0.00000000,0.00000000,0.00000000,0.00000000,0.00000000,0.00000000,0.00000000,0.00000000
0.00000000,0.00000000,0.00000000,0.00000000,0.00641359,0.02269902,0.00420568,0.00000000,0.01025985,0.00850935,0.00000000,0.00292529,0.00000000,0.00000000,0.00000000,0.00000000,0.00000000,0.00000000,0.00437974,0.00000000,0.00000000,0.00880302,0.00483577,0.01505996,0.01186325,0.00000000,0.00000000,0.00477010,0.00000000,0.00414255,0.00000000,0.00692504,0.00000000,0.00000000,0.01163705,0.00000000,0.00070757,0.00000000,0.00412476,0.00746742,0.00000000,0.00000000,0.00000000,0.00000000,0.00000000,0.00000000,0.00000000,0.00074829,0.00000000,0.00000000,0.60752376,0.05309012,0.15625761,0.01935663,0.04356639,0.04762042,0.08773969,0.84940200,1.45036041,0.72638214,0.00000000,0.00000000,0.00000000,0.00000000,0.00000000,0.00000000,0.00000000,0.00000000,0.00000000,0.00000000,0.00000000,0.00000000,0.00000000,0.00000000,0.00000000,0.00000000,0.00000000,0.00000000,0.00000000,0.00000000,0.00000000,0.00000000,0.00000000,0.00000000,0.00000000,0.00000000,0.00000000,0.00000000,0.00000000,0.00000000,0.00000000,0.00000000,0.00000000,0.00000000,0.00000000,0.00000000,0.00000000,0.00000000,0.00000000,0.00000000,0.00000000,0.00000000,0.00000000,0.00000000,0.00000000,0.00000000,0.00000000,0.00000000,0.00000000,0.00000000,0.00000000,0.00000000,0.00000000,0.00000000,0.00291957,0.00000000,0.00000000,0.00000000,0.00000000,0.00000000,0.00000000,0.00000000
0.00000000,0.00000000,0.00000000,0.00000000,0.00000000,0.00000000,0.00000000,0.00000000,0.00000000,0.00000000,0.00000000,0.00000000,0.00000000,0.00000000,0.00000000,0.00000000,0.00000000,0.00000000,0.00000000,0.00000000,0.00000000,0.00000000,0.00000000,0.00000000,0.00000000,0.00000000,0.00000000,0.00000000,0.00000000,0.00000000,0.00000000,0.00000000,0.00000000,0.00000000,0.00000000,0.00000000,0.00000000,0.00000000,0.00000000,0.00000000,0.00000000,0.00000000,0.00000000,0.00000000,0.00000000,0.00000000,0.00000000,0.00000000,0.00000000,0.00000000,0.00000000,0.00000000,0.00000000,0.00000000,0.00000000,0.00000000,0.00000000,0.00000000,0.00000000,0.00000000,0.00000000,0.00000000,1.19397850,3.42003619,0.24028561,0.17233868,0.14577777,0.00923953,0.03314351,0.02289800,0.00671910,0.04746334,0.04266795,0.01585761,0.00000000,0.01284519,0.00467206,0.00000000,0.00000000,0.00275809,0.00000000,0.00000000,0.00000000,0.00000000,0.00000000,0.00000000,0.00000000,0.00000000,0.00000000,0.00000000,0.00000000,0.00000000,0.00000000,0.00000000,0.00000000,0.00000000,0.00000000,0.00000000,0.00000000,0.00000000,0.00000000,0.00000000,0.00000000,0.00000000,0.00000000,0.00000000,0.00000000,0.00000000,0.00000000,0.00000000,0.00000000,0.00000000,0.00000000,0.00000000,0.00000000,0.00000000,0.00000000,0.00000000,0.00000000,0.00000000,0.00000000,0.00000000
0.00000000,0.00000000,0.00000000,0.00000000,0.00000000,0.00000000,0.00000000,0.00000000,0.00000000,0.00000000,0.00000000,0.00000000,0.00000000,0.00000000,0.00000000,0.00000000,0.00000000,0.00000000,0.00000000,0.00000000,0.00000000,0.00000000,0.00000000,0.00000000,0.00000000,0.00000000,0.00000000,0.00000000,0.00000000,0.00000000,0.00000000,0.00000000,0.00000000,0.00000000,0.00000000,0.00000000,0.00000000,0.00000000,0.00000000,0.00000000,0.00000000,0.00000000,0.00000000,0.00000000,0.00000000,0.00000000,0.00000000,0.00000000,0.00000000,0.00000000,0.00000000,0.00000000,0.00000000,0.00000000,0.00000000,0.00000000,0.00000000,0.00000000,0.00000000,0.00000000,0.00000000,1.19397850,0.00000000,1.89876899,0.49090582,0.04681458,0.04883771,0.00000000,0.02136550,0.00789385,0.00000000,0.03452578,0.02890343,0.01047769,0.00000000,0.00557853,0.00282503,0.00000000,0.00000000,0.00000000,0.00000000,0.00000000,0.00000000,0.00000000,0.00000000,0.00000000,0.00000000,0.00000000,0.00000000,0.00000000,0.00000000,0.00000000,0.00000000,0.00000000,0.00000000,0.00000000,0.00000000,0.00000000,0.00000000,0.00000000,0.00000000,0.00000000,0.00000000,0.00000000,0.00000000,0.00000000,0.00000000,0.00000000,0.00000000,0.00000000,0.00000000,0.00000000,0.00000000,0.00000000,0.00000000,0.00000000,0.00000000,0.00000000,0.00000000,0.00000000,0.00000000,0.00000000
0.00000000,0.00000000,0.00000000,0.00000000,0.00000000,0.00000000,0.00000000,0.00000000,0.00000000,0.00000000,0.00000000,0.00000000,0.00000000,0.00000000,0.00000000,0.00000000,0.00000000,0.00000000,0.00000000,0.00000000,0.00000000,0.00000000,0.00000000,0.00000000,0.00000000,0.00000000,0.00000000,0.00000000,0.00000000,0.00000000,0.00000000,0.00000000,0.00000000,0.00000000,0.00000000,0.00000000,0.00000000,0.00000000,0.00000000,0.00000000,0.00000000,0.00000000,0.00000000,0.00000000,0.00000000,0.00000000,0.00000000,0.00000000,0.00000000,0.00000000,0.00000000,0.00000000,0.00000000,0.00000000,0.00000000,0.00000000,0.00000000,0.00000000,0.00000000,0.00000000,0.00000000,3.42003619,1.89876899,0.00000000,2.24643524,3.18343751,0.91609548,0.03550905,0.13271553,0.06393415,0.01984203,0.12630344,0.11065820,0.03951809,0.00000000,0.03228230,0.01047269,0.00000000,0.00000000,0.00837896,0.00000000,0.00000000,0.00290015,0.00000000,0.00428996,0.00000000,0.00000000,0.00269769,0.00000000,0.00361711,0.00000000,0.00241438,0.00655059,0.00000000,0.00478720,0.00000000,0.00000000,0.00674339,0.00000000,0.00755494,0.00000000,0.00000000,0.00187702,0.00000000,0.00346623,0.00000000,0.00259941,0.00000000,0.00000000,0.00000000,0.00000000,0.00000000,0.00000000,0.00000000,0.00000000,0.00000000,0.00000000,0.00000000,0.00000000,0.00000000,0.00000000,0.00000000
0.00000000,0.00000000,0.00000000,0.00000000,0.00000000,0.00000000,0.00000000,0.00000000,0.00000000,0.00000000,0.00000000,0.00000000,0.00000000,0.00000000,0.00000000,0.00000000,0.00000000,0.00000000,0.00000000,0.00000000,0.00000000,0.00000000,0.00000000,0.00000000,0.00000000,0.00000000,0.00000000,0.00000000,0.00000000,0.00000000,0.00000000,0.00000000,0.00000000,0.00000000,0.00000000,0.00000000,0.00000000,0.00000000,0.00000000,0.00000000,0.00000000,0.00000000,0.00000000,0.00000000,0.00000000,0.00000000,0.00000000,0.00000000,0.00000000,0.00000000,0.00000000,0.00000000,0.00000000,0.00000000,0.00000000,0.00000000,0.00000000,0.00000000,0.00000000,0.00000000,0.00000000,0.24028561,0.49090582,2.24643524,0.00000000,2.43414097,1.57124247,0.02010093,0.22572957,0.07235021,0.01074715,0.20171797,0.17256202,0.04838252,0.00000000,0.02508613,0.01404340,0.00000000,0.00000000,0.00603845,0.00000000,0.00236904,0.00366890,0.00000000,0.00327065,0.00000000,0.00000000,0.00091209,0.00000000,0.00190447,0.00000000,0.00000000,0.00404515,0.00000000,0.00206274,0.00000000,0.00000000,0.00459230,0.00000000,0.00381866,0.00000000,0.00000000,0.00000000,0.00000000,0.00000000,0.00000000,0.00000000,0.00000000,0.00000000,0.00000000,0.00000000,0.00000000,0.00000000,0.00000000,0.00000000,0.00000000,0.00000000,0.00000000,0.00000000,0.00000000,0.00000000,0.00000000
0.00000000,0.00000000,0.00000000,0.00000000,0.00000000,0.00000000,0.00000000,0.00000000,0.00000000,0.00000000,0.00000000,0.00000000,0.00000000,0.00000000,0.00000000,0.00000000,0.00000000,0.00000000,0.00000000,0.00000000,0.00000000,0.00000000,0.00000000,0.00000000,0.00000000,0.00000000,0.00000000,0.00000000,0.00000000,0.00000000,0.00000000,0.00000000,0.00000000,0.00000000,0.00000000,0.00000000,0.00000000,0.00000000,0.00000000,0.00000000,0.00000000,0.00000000,0.00000000,0.00000000,0.00000000,0.00000000,0.00000000,0.00000000,0.00000000,0.00000000,0.00000000,0.00000000,0.00000000,0.00000000,0.00000000,0.00000000,0.00000000,0.00000000,0.00000000,0.00000000,0.00000000,0.17233868,0.04681458,3.18343751,2.43414097,0.00000000,3.30302106,0.06761926,0.16196030,0.07586405,0.02311885,0.09178429,0.07232013,0.02337147,0.00000000,0.01945000,0.00752231,0.00000000,0.00000000,0.00439108,0.00000000,0.00000000,0.00061534,0.00000000,0.00292748,0.00000000,0.00000000,0.00000000,0.00000000,0.00312496,0.00000000,0.00125334,0.00532831,0.00000000,0.00299546,0.00000000,0.00000000,0.00394891,0.00000000,0.00273877,0.00000000,0.00000000,0.00000000,0.00000000,0.00145991,0.00000000,0.00000000,0.00000000,0.00000000,0.00000000,0.00000000,0.00000000,0.00000000,0.00000000,0.00000000,0.00000000,0.00000000,0.00000000,0.00000000,0.00000000,0.00000000,0.00000000
0.00000000,0.00000000,0.00000000,0.00000000,0.00000000,0.00000000,0.00000000,0.00000000,0.00000000,0.00000000,0.00000000,0.00000000,0.00000000,0.00000000,0.00000000,0.00000000,0.00000000,0.00000000,0.00000000,0.00000000,0.00000000,0.00000000,0.00000000,0.00000000,0.00000000,0.00000000,0.00000000,0.00000000,0.00000000,0.00000000,0.00000000,0.00000000,0.00000000,0.00000000,0.00000000,0.00000000,0.00000000,0.00000000,0.00000000,0.00000000,0.00000000,0.00000000,0.00000000,0.00000000,0.00000000,0.00000000,0.00000000,0.00000000,0.00000000,0.00000000,0.00000000,0.00000000,0.00000000,0.00000000,0.00000000,0.00000000,0.00000000,0.00000000,0.00000000,0.00000000,0.00000000,0.14577777,0.04883771,0.91609548,1.57124247,3.30302106,0.00000000,1.59182342,2.51279118,0.50313728,0.15183641,0.37222888,0.18641027,0.05174227,0.00000000,0.04483737,0.01058753,0.00337576,0.00000000,0.01201514,0.00000000,0.00111162,0.00362017,0.00000000,0.00717778,0.00095640,0.00000000,0.00287562,0.00000000,0.00842551,0.00000000,0.01020347,0.01769663,0.00000000,0.00965736,0.00696946,0.00399412,0.01112128,0.00000000,0.01102941,0.00526619,0.00344047,0.00687647,0.00769174,0.00834286,0.00000000,0.00995562,0.00000000,0.00394227,0.00000000,0.00138972,0.00000000,0.00082426,0.00626755,0.00000000,0.00000000,0.00000000,0.00000000,0.00000000,0.00000000,0.00000000,0.00215398
0.00000000,0.00000000,0.00000000,0.00000000,0.00000000,0.00000000,0.00000000,0.00000000,0.00000000,0.00000000,0.00000000,0.00000000,0.00000000,0.00000000,0.00000000,0.00000000,0.00000000,0.00000000,0.00000000,0.00000000,0.00000000,0.00000000,0.00000000,0.00000000,0.00000000,0.00000000,0.00000000,0.00000000,0.00000000,0.00000000,0.00000000,0.00000000,0.00000000,0.00000000,0.00000000,0.00000000,0.00000000,0.00000000,0.00000000,0.00000000,0.00000000,0.00000000,0.00000000,0.00000000,0.00000000,0.00000000,0.00000000,0.00000000,0.00000000,0.00000000,0.00000000,0.00000000,0.00000000,0.00000000,0.00000000,0.00000000,0.00000000,0.00000000,0.00000000,0.00000000,0.00000000,0.00923953,0.00000000,0.03550905,0.02010093,0.06761926,1.59182342,0.00000000,0.42359184,0.10687903,0.06126122,0.03965617,0.01626886,0.00424832,0.00000000,0.00497208,0.00000000,0.00000000,0.00000000,0.00000000,0.00000000,0.00000000,0.00000000,0.00000000,0.00000000,0.00000000,0.00000000,0.00000000,0.00000000,0.00103115,0.00000000,0.00000000,0.00202993,0.00000000,0.00000000,0.00000000,0.00000000,0.00000000,0.00000000,0.00000000,0.00000000,0.00000000,0.00000000,0.00000000,0.00000000,0.00000000,0.00000000,0.00000000,0.00000000,0.00000000,0.00000000,0.00000000,0.00000000,0.00000000,0.00000000,0.00000000,0.00000000,0.00000000,0.00000000,0.00000000,0.00000000,0.00000000
0.00000000,0.00000000,0.00000000,0.00000000,0.00000000,0.00000000,0.00000000,0.00000000,0.00000000,0.00000000,0.00000000,0.00000000,0.00000000,0.00000000,0.00000000,0.00000000,0.00000000,0.00000000,0.00000000,0.00000000,0.00000000,0.00000000,0.00000000,0.00000000,0.00000000,0.00000000,0.00000000,0.00000000,0.00000000,0.00000000,0.00000000,0.00000000,0.00000000,0.00000000,0.00000000,0.00000000,0.00000000,0.00000000,0.00000000,0.00000000,0.00000000,0.00000000,0.00000000,0.00000000,0.00000000,0.00000000,0.00000000,0.00000000,0.00000000,0.00000000,0.00000000,0.00000000,0.00000000,0.00000000,0.00000000,0.00000000,0.00000000,0.00000000,0.00000000,0.00000000,0.00000000,0.03314351,0.02136550,0.13271553,0.22572957,0.16196030,2.51279118,0.42359184,0.00000000,2.02421003,0.32771541,0.72490949,0.19384287,0.04038591,0.00000000,0.02634009,0.00515504,0.00000000,0.00000000,0.00492304,0.00000000,0.00000000,0.00000000,0.00000000,0.00209733,0.00000000,0.00000000,0.00000000,0.00000000,0.00273148,0.00000000,0.00300876,0.00502756,0.00000000,0.00293633,0.00000000,0.00064058,0.00268321,0.00000000,0.00240643,0.00000000,0.00000000,0.00200467,0.00158272,0.00093498,0.00000000,0.00178484,0.00000000,0.00000000,0.00000000,0.00000000,0.00000000,0.00000000,0.00000000,0.00000000,0.00000000,0.00000000,0.00000000,0.00000000,0.00000000,0.00000000,0.00000000
0.00000000,0.00000000,0.00000000,0.00000000,0.00000000,0.00000000,0.00000000,0.00000000,0.00000000,0.00000000,0.00000000,0.00000000,0.00000000,0.00000000,0.00000000,0.00000000,0.00000000,0.00000000,0.00000000,0.00000000,0.00000000,0.00000000,0.00000000,0.00000000,0.00000000,0.00000000,0.00000000,0.00000000,0.00000000,0.00000000,0.00000000,0.00000000,0.00000000,0.00000000,0.00000000,0.00000000,0.00000000,0.00000000,0.00000000,0.00000000,0.00000000,0.00000000,0.00000000,0.00000000,0.00000000,0.00000000,0.00000000,0.00000000,0.00000000,0.00000000,0.00000000,0.00000000,0.00000000,0.00000000,0.00000000,0.00000000,0.00000000,0.00000000,0.00000000,0.00000000,0.00000000,0.02289800,0.00789385,0.06393415,0.07235021,0.07586405,0.50313728,0.10687903,2.02421003,0.00000000,1.31998913,1.29902156,0.16733106,0.02473831,0.00000000,0.01972089,0.00286171,0.00000000,0.00000000,0.00363430,0.00000000,0.00000000,0.00000000,0.00000000,0.00130542,0.00000000,0.00000000,0.00000000,0.00000000,0.00180327,0.00000000,0.00154661,0.00280982,0.00000000,0.00134575,0.00000000,0.00000000,0.00073450,0.00000000,0.00093279,0.00000000,0.00000000,0.00070909,0.00000000,0.00000000,0.00000000,0.00000000,0.00000000,0.00000000,0.00000000,0.00000000,0.00000000,0.00000000,0.00000000,0.00000000,0.00000000,0.00000000,0.00000000,0.00000000,0.00000000,0.00164011,0.00426779
0.00000000,0.00000000,0.00000000,0.00000000,0.00000000,0.00000000,0.00000000,0.00000000,0.00000000,0.00000000,0.00000000,0.00000000,0.00000000,0.00000000,0.00000000,0.00000000,0.00000000,0.00000000,0.00000000,0.00000000,0.00000000,0.00000000,0.00000000,0.00000000,0.00000000,0.00000000,0.00000000,0.00000000,0.00000000,0.00000000,0.00000000,0.00000000,0.00000000,0.00000000,0.00000000,0.00000000,0.00000000,0.00000000,0.00000000,0.00000000,0.00000000,0.00000000,0.00000000,0.00000000,0.00000000,0.00000000,0.00000000,0.00000000,0.00000000,0.00000000,0.00000000,0.00000000,0.00000000,0.00000000,0.00000000,0.00000000,0.00000000,0.00000000,0.00000000,0.00000000,0.00000000,0.00671910,0.00000000,0.01984203,0.01074715,0.02311885,0.15183641,0.06126122,0.32771541,1.31998913,0.00000000,0.12830435,0.02399499,0.00358066,0.00000000,0.00601753,0.00000000,0.00000000,0.00000000,0.00079467,0.00000000,0.00000000,0.00000000,0.00000000,0.00000000,0.00000000,0.00000000,0.00000000,0.00000000,0.00000000,0.00000000,0.00000000,0.00115345,0.00000000,0.00000000,0.00000000,0.00000000,0.00000000,0.00000000,0.00000000,0.00000000,0.00000000,0.00000000,0.00000000,0.00000000,0.00000000,0.00000000,0.00000000,0.00000000,0.00000000,0.00000000,0.00000000,0.00000000,0.00000000,0.00000000,0.00000000,0.00000000,0.00000000,0.00000000,0.00000000,0.00000000,0.00559058
0.00000000,0.00000000,0.00000000,0.00000000,0.00000000,0.00000000,0.00000000,0.00000000,0.00000000,0.00000000,0.00000000,0.00000000,0.00000000,0.00000000,0.00000000,0.00000000,0.00000000,0.00000000,0.00000000,0.00000000,0.00000000,0.00000000,0.00000000,0.00000000,0.00000000,0.00000000,0.00000000,0.00000000,0.00000000,0.00000000,0.00000000,0.00000000,0.00000000,0.00000000,0.00000000,0.00000000,0.00000000,0.00000000,0.00000000,0.00000000,0.00000000,0.00000000,0.00000000,0.00000000,0.00000000,0.00000000,0.00000000,0.00000000,0.00000000,0.00000000,0.00000000,0.00000000,0.00000000,0.00000000,0.00000000,0.00000000,0.00000000,0.00000000,0.00000000,0.00000000,0.00000000,0.04746334,0.03452578,0.12630344,0.20171797,0.09178429,0.37222888,0.03965617,0.72490949,1.29902156,0.12830435,0.00000000,2.01732851,0.18051127,0.00000000,0.05831385,0.03264968,0.00000000,0.00000000,0.01340827,0.00000000,0.00400276,0.00732682,0.00000000,0.00846042,0.00000000,0.00000000,0.00251475,0.00000000,0.00434691,0.00000000,0.00330767,0.00915033,0.00000000,0.00324376,0.00241001,0.00219260,0.00979639,0.00000000,0.00962035,0.00211381,0.00000000,0.00246288,0.00236662,0.00296160,0.00000000,0.00264080,0.00000000,0.00125766,0.00000000,0.00000000,0.00000000,0.00000000,0.00351328,0.00000000,0.00000000,0.00000000,0.00000000,0.00000000,0.00000000,0.00000000,0.00000000
0.00000000,0.00000000,0.00000000,0.00000000,0.00000000,0.00000000,0.00000000,0.00000000,0.00000000,0.00000000,0.00000000,0.00000000,0.00000000,0.00000000,0.00000000,0.00000000,0.00000000,0.00000000,0.00000000,0.00000000,0.00000000,0.00000000,0.00000000,0.00000000,0.00000000,0.00000000,0.00000000,0.00000000,0.00000000,0.00000000,0.00000000,0.00000000,0.00000000,0.00000000,0.00000000,0.00000000,0.00000000,0.00000000,0.00000000,0.00000000,0.00000000,0.00000000,0.00000000,0.00000000,0.00000000,0.00000000,0.00000000,0.00000000,0.00000000,0.00000000,0.00000000,0.00000000,0.00000000,0.00000000,0.00000000,0.00000000,0.00000000,0.00000000,0.00000000,0.00000000,0.00000000,0.04266795,0.02890343,0.11065820,0.17256202,0.07232013,0.18641027,0.01626886,0.19384287,0.16733106,0.02399499,2.01732851,0.00000000,1.72488785,0.00000000,0.41203939,0.20626863,0.00000000,0.00000000,0.07441526,0.00000000,0.02017973,0.04573393,0.00000000,0.05511320,0.00201726,0.00086187,0.01402972,0.00000000,0.01663965,0.00000000,0.01049183,0.04052275,0.00000000,0.01392382,0.00619251,0.00542282,0.04442968,0.00086857,0.04331395,0.00996041,0.00135557,0.01075322,0.01048860,0.01539793,0.00327645,0.01463749,0.00000000,0.00455367,0.00099111,0.00262755,0.00000000,0.00110690,0.00893637,0.00464811,0.00000000,0.00114427,0.00000000,0.00000000,0.00000000,0.00000000,0.00000000
0.00000000,0.00000000,0.00000000,0.00000000,0.00000000,0.00000000,0.00000000,0.00000000,0.00000000,0.00000000,0.00000000,0.00000000,0.00000000,0.00000000,0.00000000,0.00000000,0.00000000,0.00000000,0.00000000,0.00000000,0.00000000,0.00000000,0.00000000,0.00000000,0.00000000,0.00000000,0.00000000,0.00000000,0.00000000,0.00000000,0.00000000,0.00000000,0.00000000,0.00000000,0.00000000,0.00000000,0.00000000,0.00000000,0.00000000,0.00000000,0.00000000,0.00000000,0.00000000,0.00000000,0.00000000,0.00000000,0.00000000,0.00000000,0.00000000,0.00000000,0.00000000,0.00000000,0.00000000,0.00000000,0.00000000,0.00000000,0.00000000,0.00000000,0.00000000,0.00000000,0.00000000,0.01585761,0.01047769,0.03951809,0.04838252,0.02337147,0.05174227,0.00424832,0.04038591,0.02473831,0.00358066,0.18051127,1.72488785,0.00000000,0.00000000,1.57443766,1.53387519,0.00000000,0.00000000,0.13953411,0.00000000,0.05434125,0.15960325,0.00000000,0.11679576,0.00120202,0.00000000,0.02843609,0.00000000,0.02416522,0.00000000,0.00815457,0.06385267,0.00000000,0.01606031,0.00393475,0.00412920,0.10003256,0.00167403,0.11436410,0.01850988,0.00205543,0.00839512,0.01297343,0.02547359,0.00632752,0.02582108,0.00000000,0.00529776,0.00216051,0.00390569,0.00000000,0.00193792,0.00438437,0.00135902,0.00000000,0.00000000,0.00000000,0.00000000,0.00000000,0.00000000,0.00000000
0.00000000,0.00000000,0.00000000,0.00000000,0.00000000,0.00000000,0.00000000,0.00000000,0.00000000,0.00000000,0.00000000,0.00000000,0.00000000,0.00000000,0.00000000,0.00000000,0.00000000,0.00000000,0.00000000,0.00000000,0.00000000,0.00000000,0.00000000,0.00000000,0.00000000,0.00000000,0.00000000,0.00000000,0.00000000,0.00000000,0.00000000,0.00000000,0.00000000,0.00000000,0.00000000,0.00000000,0.00000000,0.00000000,0.00000000,0.00000000,0.00000000,0.00000000,0.00000000,0.00000000,0.00000000,0.00000000,0.00000000,0.00000000,0.00000000,0.00000000,0.00000000,0.00000000,0.00000000,0.00000000,0.00000000,0.00000000,0.00000000,0.00000000,0.00000000,0.00000000,0.00000000,0.00000000,0.00000000,0.00000000,0.00000000,0.00000000,0.00000000,0.00000000,0.00000000,0.00000000,0.00000000,0.00000000,0.00000000,0.00000000,0.00000000,0.00000000,0.00000000,0.88496724,0.04573071,0.00000000,0.01592234,0.00000000,0.00000000,0.15487166,0.00000000,0.01164185,0.00755996,0.00000000,0.02277000,0.00119733,0.02927529,0.01113558,0.00170423,0.00000000,0.00223298,0.01655731,0.00998405,0.00000000,0.00000000,0.00000000,0.00000000,0.00000000,0.00439755,0.00154469,0.00061330,0.00000000,0.00000000,0.00000000,0.00205925,0.00000000,0.00000000,0.00078065,0.00196308,0.00000000,0.00000000,0.00000000,0.00000000,0.00000000,0.00000000,0.00000000,0.00000000,0.00460338
0.00000000,0.00000000,0.00000000,0.00000000,0.00000000,0.00000000,0.00000000,0.00000000,0.00000000,0.00000000,0.00000000,0.00000000,0.00000000,0.00000000,0.00000000,0.00000000,0.00000000,0.00000000,0.00000000,0.00000000,0.00000000,0.00000000,0.00000000,0.00000000,0.00000000,0.00000000,0.00000000,0.00000000,0.00000000,0.00000000,0.00000000,0.00000000,0.00000000,0.00000000,0.00000000,0.00000000,0.00000000,0.00000000,0.00000000,0.00000000,0.00000000,0.00000000,0.00000000,0.00000000,0.00000000,0.00000000,0.00000000,0.00000000,0.00000000,0.00000000,0.00000000,0.00000000,0.00000000,0.00000000,0.00000000,0.00000000,0.00000000,0.00000000,0.00000000,0.00000000,0.00000000,0.01284519,0.00557853,0.03228230,0.02508613,0.01945000,0.04483737,0.00497208,0.02634009,0.01972089,0.00601753,0.05831385,0.41203939,1.57443766,0.00000000,0.00000000,2.80176750,0.00113811,0.00000000,1.95406023,0.00119059,0.09625946,0.38581276,0.00137779,0.61253400,0.01025343,0.00266859,0.04366319,0.00161315,0.32351961,0.00000000,0.03668734,0.24566023,0.00000000,0.07680429,0.00906243,0.01288470,0.18850564,0.00408967,0.26476595,0.03346962,0.00470551,0.02725344,0.03810402,0.06082292,0.01431673,0.04675708,0.00207368,0.01684509,0.00549480,0.00963348,0.00184956,0.00481028,0.01076211,0.00883841,0.00000000,0.00513539,0.00000000,0.00248428,0.00000000,0.00000000,0.00000000
0.00000000,0.00000000,0.00000000,0.00000000,0.00000000,0.00000000,0.00000000,0.00000000,0.00000000,0.00000000,0.00000000,0.00000000,0.00000000,0.00000000,0.00000000,0.00000000,0.00000000,0.00000000,0.00000000,0.00000000,0.00000000,0.00000000,0.00000000,0.00000000,0.00000000,0.00000000,0.00000000,0.00000000,0.00000000,0.00000000,0.00000000,0.00000000,0.00000000,0.00000000,0.00000000,0.00000000,0.00000000,0.00000000,0.00000000,0.00000000,0.00000000,0.00000000,0.00000000,0.00000000,0.00000000,0.00000000,0.00000000,0.00000000,0.00000000,0.00000000,0.00000000,0.00000000,0.00000000,0.00000000,0.00000000,0.00000000,0.00000000,0.00000000,0.00000000,0.00000000,0.00000000,0.00467206,0.00282503,0.01047269,0.01404340,0.00752231,0.01058753,0.00000000,0.00515504,0.00286171,0.00000000,0.03264968,0.20626863,1.53387519,0.00000000,2.80176750,0.00000000,0.00000000,0.00000000,0.98142873,0.00000000,0.27496043,1.58613814,0.00000000,0.78500518,0.00149927,0.00000000,0.06707763,0.00000000,0.10498451,0.00000000,0.00598839,0.12770024,0.00000000,0.02401732,0.00000000,0.00131465,0.26031352,0.00283279,0.28492765,0.03732206,0.00370311,0.00554247,0.01013510,0.03083905,0.01084214,0.03190444,0.00000000,0.00375572,0.00322081,0.00409892,0.00069090,0.00108589,0.00000000,0.00000000,0.00000000,0.00000000,0.00000000,0.00000000,0.00000000,0.00000000,0.00000000
0.00000000,0.00000000,0.00000000,0.00000000,0.00000000,0.00000000,0.00000000,0.00000000,0.00000000,0.00000000,0.00000000,0.00000000,0.00000000,0.00000000,0.00000000,0.00000000,0.00000000,0.00000000,0.00000000,0.00000000,0.00000000,0.00000000,0.00000000,0.00000000,0.00000000,0.00000000,0.00000000,0.00000000,0.00000000,0.00000000,0.00000000,0.00000000,0.00000000,0.00000000,0.00000000,0.00000000,0.00000000,0.00000000,0.00000000,0.00000000,0.00000000,0.00000000,0.00000000,0.00000000,0.00000000,0.00000000,0.00000000,0.00000000,0.00000000,0.00000000,0.00000000,0.00000000,0.00000000,0.00000000,0.00000000,0.00000000,0.00000000,0.00000000,0.00000000,0.00000000,0.00000000,0.00000000,0.00000000,0.00000000,0.00000000,0.00000000,0.00337576,0.00000000,0.00000000,0.00000000,0.00000000,0.00000000,0.00000000,0.00000000,0.88496724,0.00113811,0.00000000,0.00000000,0.46989142,0.00123889,0.08208625,0.00000000,0.00000000,1.33367025,0.00103739,0.05969174,0.04566541,0.00000000,0.14459668,0.00637265,0.16913691,0.06113343,0.00626992,0.00000000,0.01252989,0.08844375,0.04645045,0.00000000,0.00000000,0.00137434,0.00000000,0.00000000,0.01752887,0.00777711,0.00345947,0.00000000,0.00295538,0.00000000,0.00720492,0.00138929,0.00122784,0.00247664,0.00446692,0.00120524,0.00000000,0.00000000,0.00000000,0.00000000,0.00000000,0.00118392,0.00596945,0.01496804
0.00000000,0.00000000,0.00000000,0.00000000,0.00000000,0.00000000,0.00000000,0.00000000,0.00000000,0.00000000,0.00000000,0.00000000,0.00000000,0.00000000,0.00000000,0.00000000,0.00000000,0.00000000,0.00000000,0.00000000,0.00000000,0.00000000,0.00000000,0.00000000,0.00000000,0.00000000,0.00000000,0.00000000,0.00000000,0.00000000,0.00000000,0.00000000,0.00000000,0.00000000,0.00000000,0.00000000,0.00000000,0.00000000,0.00000000,0.00000000,0.00000000,0.00000000,0.00000000,0.00000000,0.00000000,0.00000000,0.00000000,0.00000000,0.00000000,0.00000000,0.00000000,0.00000000,0.00000000,0.00000000,0.00000000,0.00000000,0.00000000,0.00000000,0.00000000,0.00000000,0.00000000,0.00000000,0.00000000,0.00000000,0.00000000,0.00000000,0.00000000,0.00000000,0.00000000,0.00000000,0.00000000,0.00000000,0.00000000,0.00000000,0.04573071,0.00000000,0.00000000,0.46989142,0.00000000,0.00000000,0.06379414,0.00000000,0.00000000,0.47435848,0.00000000,0.02951889,0.01516418,0.00000000,0.04826531,0.00261995,0.03015380,0.02773936,0.00304702,0.00000000,0.00584250,0.02136682,0.01709823,0.00000000,0.00000000,0.00000000,0.00000000,0.00000000,0.00837135,0.00290493,0.00090844,0.00000000,0.00098086,0.00000000,0.00293765,0.00000000,0.00000000,0.00000000,0.00116409,0.00000000,0.00000000,0.00000000,0.00000000,0.00000000,0.00000000,0.00000000,0.00288550,0.00689353
0.00000000,0.00000000,0.00000000,0.00000000,0.00000000,0.00000000,0.00000000,0.00000000,0.00000000,0.00000000,0.00000000,0.00000000,0.00000000,0.00000000,0.00000000,0.00000000,0.00000000,0.00000000,0.00000000,0.00000000,0.00000000,0.00000000,0.00000000,0.00000000,0.00000000,0.00000000,0.00000000,0.00000000,0.00000000,0.00000000,0.00000000,0.00000000,0.00000000,0.00000000,0.00000000,0.00000000,0.00000000,0.00000000,0.00000000,0.00000000,0.00000000,0.00000000,0.00000000,0.00000000,0.00000000,0.00000000,0.00000000,0.00000000,0.00000000,0.00000000,0.00000000,0.00000000,0.00000000,0.00000000,0.00000000,0.00000000,0.00000000,0.00000000,0.00000000,0.00000000,0.00000000,0.00275809,0.00000000,0.00837896,0.00603845,0.00439108,0.01201514,0.00000000,0.00492304,0.00363430,0.00079467,0.01340827,0.07441526,0.13953411,0.00000000,1.95406023,0.98142873,0.00123889,0.00000000,0.00000000,0.00108980,0.06482788,0.42840734,0.00134998,1.49840823,0.01532493,0.00278163,0.02377323,0.00102237,0.86565579,0.00000000,0.04338400,0.41947647,0.00000000,0.12212069,0.00767980,0.00870363,0.13555180,0.00170449,0.30938682,0.01811634,0.00255083,0.02472601,0.02954738,0.05954749,0.01132045,0.03141673,0.00000000,0.01089874,0.00405064,0.00662623,0.00084088,0.00294898,0.00606799,0.00295528,0.00000000,0.00246585,0.00000000,0.00000000,0.00000000,0.00000000,0.00000000
0.00000000,0.00000000,0.00000000,0.00000000,0.00000000,0.00000000,0.00000000,0.00000000,0.00000000,0.00000000,0.00000000,0.00000000,0.00000000,0.00000000,0.00000000,0.00000000,0.00000000,0.00000000,0.00000000,0.00000000,0.00000000,0.00000000,0.00000000,0.00000000,0.00000000,0.00000000,0.00000000,0.00000000,0.00000000,0.00000000,0.00000000,0.00000000,0.00000000,0.00000000,0.00000000,0.00000000,0.00000000,0.00000000,0.00000000,0.00000000,0.00000000,0.00000000,0.00000000,0.00000000,0.00000000,0.00000000,0.00000000,0.00000000,0.00000000,0.00000000,0.00000000,0.00000000,0.00000000,0.00000000,0.00000000,0.00000000,0.00000000,0.00000000,0.00000000,0.00000000,0.00000000,0.00000000,0.00000000,0.00000000,0.00000000,0.00000000,0.00000000,0.00000000,0.00000000,0.00000000,0.00000000,0.00000000,0.00000000,0.00000000,0.01592234,0.00119059,0.00000000,0.08208625,0.06379414,0.00108980,0.00000000,0.00000000,0.00000000,0.39500862,0.00101508,0.32312383,0.13654144,0.00000000,0.38889397,0.01161297,0.06069471,0.16053871,0.01040388,0.00000000,0.02461612,0.06304635,0.06144332,0.00000000,0.00000000,0.00142062,0.00000000,0.00000000,0.02535605,0.00766371,0.00313340,0.00000000,0.00069009,0.00000000,0.00424008,0.00063805,0.00000000,0.00000000,0.00070331,0.00000000,0.00000000,0.00000000,0.00000000,0.00000000,0.00000000,0.00000000,0.00504173,0.01397497
0.00000000,0.00000000,0.00000000,0.00000000,0.00000000,0.00000000,0.00000000,0.00000000,0.00000000,0.00000000,0.00000000,0.00000000,0.00000000,0.00000000,0.00000000,0.00000000,0.00000000,0.00000000,0.00000000,0.00000000,0.00000000,0.00000000,0.00000000,0.00000000,0.00000000,0.00000000,0.00000000,0.00000000,0.00000000,0.00000000,0.00000000,0.00000000,0.00000000,0.00000000,0.00000000,0.00000000,0.00000000,0.00000000,0.00000000,0.00000000,0.00000000,0.00000000,0.00000000,0.00000000,0.00000000,0.00000000,0.00000000,0.00000000,0.00000000,0.00000000,0.00000000,0.00000000,0.00000000,0.00000000,0.00000000,0.00000000,0.00000000,0.00000000,0.00000000,0.00000000,0.00000000,0.00000000,0.00000000,0.00000000,0.00236904,0.00000000,0.00111162,0.00000000,0.00000000,0.00000000,0.00000000,0.00400276,0.02017973,0.05434125,0.00000000,0.09625946,0.27496043,0.00000000,0.00000000,0.06482788,0.00000000,0.00000000,0.70940762,0.00000000,0.13850217,0.00000000,0.00000000,0.19130992,0.00000000,0.00853904,0.00000000,0.00073444,0.04033696,0.00000000,0.00519700,0.00000000,0.00000000,0.59914212,0.00396827,0.22533338,0.04270769,0.00347481,0.00075288,0.00479836,0.01968942,0.01040921,0.03907608,0.00000000,0.00067939,0.00157941,0.00328527,0.00000000,0.00000000,0.00000000,0.00000000,0.00000000,0.00000000,0.00000000,0.00000000,0.00000000,0.00000000,0.00000000
0.00000000,0.00000000,0.00000000,0.00000000,0.00000000,0.00000000,0.00000000,0.00000000,0.00000000,0.00000000,0.00000000,0.00000000,0.00000000,0.00000000,0.00000000,0.00000000,0.00000000,0.00000000,0.00000000,0.00000000,0.00000000,0.00000000,0.00000000,0.00000000,0.00000000,0.00000000,0.00000000,0.00000000,0.00000000,0.00000000,0.00000000,0.00000000,0.00000000,0.00000000,0.00000000,0.00000000,0.00000000,0.00000000,0.00000000,0.00000000,0.00000000,0.00000000,0.00000000,0.00000000,0.00000000,0.00000000,0.00000000,0.00000000,0.00000000,0.00000000,0.00000000,0.00000000,0.00000000,0.00000000,0.00000000,0.00000000,0.00000000,0.00000000,0.00000000,0.00000000,0.00000000,0.00000000,0.00000000,0.00290015,0.00366890,0.00061534,0.00362017,0.00000000,0.00000000,0.00000000,0.00000000,0.00732682,0.04573393,0.15960325,0.00000000,0.38581276,1.58613814,0.00000000,0.00000000,0.42840734,0.00000000,0.70940762,0.00000000,0.00000000,1.25096431,0.00000000,0.00000000,0.11383089,0.00000000,0.05527555,0.00000000,0.00472896,0.20398712,0.00000000,0.02114035,0.00000000,0.00000000,1.02867339,0.00528009,0.92877096,0.05850572,0.00350047,0.00282558,0.00934908,0.04891109,0.01584294,0.05022740,0.00074152,0.00311747,0.00159143,0.00479716,0.00066911,0.00137518,0.00000000,0.00000000,0.00000000,0.00000000,0.00000000,0.00000000,0.00000000,0.00000000,0.00000000
0.00000000,0.00000000,0.00000000,0.00000000,0.00000000,0.00000000,0.00000000,0.00000000,0.00000000,0.00000000,0.00000000,0.00000000,0.00000000,0.00000000,0.00000000,0.00000000,0.00000000,0.00000000,0.00000000,0.00000000,0.00000000,0.00000000,0.00000000,0.00000000,0.00000000,0.00000000,0.00000000,0.00000000,0.00000000,0.00000000,0.00000000,0.00000000,0.00000000,0.00000000,0.00000000,0.00000000,0.00000000,0.00000000,0.00000000,0.00000000,0.00000000,0.00000000,0.00000000,0.00000000,0.00000000,0.00000000,0.00000000,0.00000000,0.00000000,0.00000000,0.00000000,0.00000000,0.00000000,0.00000000,0.00000000,0.00000000,0.00000000,0.00000000,0.00000000,0.00000000,0.00000000,0.00000000,0.00000000,0.00000000,0.00000000,0.00000000,0.00000000,0.00000000,0.00000000,0.00000000,0.00000000,0.00000000,0.00000000,0.00000000,0.15487166,0.00137779,0.00000000,1.33367025,0.47435848,0.00134998,0.39500862,0.00000000,0.00000000,0.00000000,0.00088962,0.21769863,0.16271684,0.00000000,1.12175937,0.00884813,1.18521116,0.14342542,0.00837236,0.00000000,0.01815270,0.25326560,0.11255815,0.00000000,0.00000000,0.00139852,0.00000000,0.00000000,0.03046621,0.00871350,0.00285300,0.00000000,0.00066043,0.00000000,0.00635994,0.00071161,0.00000000,0.00000000,0.00210168,0.00160452,0.00000000,0.00000000,0.00000000,0.00000000,0.00000000,0.00141263,0.00535167,0.01705923
0.00000000,0.00000000,0.00000000,0.00000000,0.00000000,0.00000000,0.00000000,0.00000000,0.00000000,0.00000000,0.00000000,0.00000000,0.00000000,0.00000000,0.00000000,0.00000000,0.00000000,0.00000000,0.00000000,0.00000000,0.00000000,0.00000000,0.00000000,0.00000000,0.00000000,0.00000000,0.00000000,0.00000000,0.00000000,0.00000000,0.00000000,0.00000000,0.00000000,0.00000000,0.00000000,0.00000000,0.00000000,0.00000000,0.00000000,0.00000000,0.00000000,0.00000000,0.00000000,0.00000000,0.00000000,0.00000000,0.00000000,0.00000000,0.00000000,0.00000000,0.00000000,0.00000000,0.00000000,0.00000000,0.00000000,0.00000000,0.00000000,0.00000000,0.00000000,0.00000000,0.00000000,0.00000000,0.00000000,0.00428996,0.00327065,0.00292748,0.00717778,0.00000000,0.00209733,0.00130542,0.00000000,0.00846042,0.05511320,0.11679576,0.00000000,0.61253400,0.78500518,0.00103739,0.00000000,1.49840823,0.00101508,0.13850217,1.25096431,0.00088962,0.00000000,0.02271712,0.00210510,0.03599353,0.00125459,0.62684830,0.00000000,0.05908535,1.24717064,0.00000000,0.23713814,0.00523149,0.00862156,0.30918958,0.00198847,1.26696546,0.02260398,0.00294160,0.02294329,0.04033481,0.10488642,0.01526084,0.03598475,0.00056629,0.01079991,0.00481122,0.00609592,0.00077231,0.00247627,0.00352736,0.00245622,0.00000000,0.00000000,0.00000000,0.00000000,0.00000000,0.00000000,0.00000000
0.00000000,0.00000000,0.00000000,0.00000000,0.00000000,0.00000000,0.00000000,0.00000000,0.00000000,0.00000000,0.00000000,0.00000000,0.00000000,0.00000000,0.00000000,0.00000000,0.00000000,0.00000000,0.00000000,0.00000000,0.00000000,0.00000000,0.00000000,0.00000000,0.00000000,0.00000000,0.00000000,0.00000000,0.00000000,0.00000000,0.00000000,0.00000000,0.00000000,0.00000000,0.00000000,0.00000000,0.00000000,0.00000000,0.00000000,0.00000000,0.00000000,0.00000000,0.00000000,0.00000000,0.00000000,0.00000000,0.00000000,0.00000000,0.00000000,0.00000000,0.00000000,0.00000000,0.00000000,0.00000000,0.00000000,0.00000000,0.00000000,0.00000000,0.00000000,0.00000000,0.00000000,0.00000000,0.00000000,0.00000000,0.00000000,0.00000000,0.00095640,0.00000000,0.00000000,0.00000000,0.00000000,0.00000000,0.00201726,0.00120202,0.01164185,0.01025343,0.00149927,0.05969174,0.02951889,0.01532493,0.32312383,0.00000000,0.00000000,0.21769863,0.02271712,0.00000000,0.60321698,0.00000000,0.78591790,0.20996225,0.06565552,2.60186110,0.12201140,0.00000000,0.47127336,0.21809202,0.27984754,0.00154653,0.00000000,0.01166638,0.00000000,0.00000000,0.16094628,0.04236924,0.01372788,0.00064515,0.00305741,0.00000000,0.01427625,0.00215009,0.00167083,0.00000000,0.00154635,0.00796580,0.00258020,0.00000000,0.00263900,0.00000000,0.00000000,0.00297327,0.01330626,0.03174144
0.00000000,0.00000000,0.00000000,0.00000000,0.00000000,0.00000000,0.00000000,0.00000000,0.00000000,0.00000000,0.00000000,0.00000000,0.00000000,0.00000000,0.00000000,0.00000000,0.00000000,0.00000000,0.00000000,0.00000000,0.00000000,0.00000000,0.00000000,0.00000000,0.00000000,0.00000000,0.00000000,0.00000000,0.00000000,0.00000000,0.00000000,0.00000000,0.00000000,0.00000000,0.00000000,0.00000000,0.00000000,0.00000000,0.00000000,0.00000000,0.00000000,0.00000000,0.00000000,0.00000000,0.00000000,0.00000000,0.00000000,0.00000000,0.00000000,0.00000000,0.00000000,0.00000000,0.00000000,0.00000000,0.00000000,0.00000000,0.00000000,0.00000000,0.00000000,0.00000000,0.00000000,0.00000000,0.00000000,0.00000000,0.00000000,0.00000000,0.00000000,0.00000000,0.00000000,0.00000000,0.00000000,0.00000000,0.00086187,0.00000000,0.00755996,0.00266859,0.00000000,0.04566541,0.01516418,0.00278163,0.13654144,0.00000000,0.00000000,0.16271684,0.00210510,0.60321698,0.00000000,0.00000000,0.60009133,0.01318401,0.11411202,0.29781641,0.01132981,0.00000000,0.02892678,0.44930558,0.51902268,0.00000000,0.00000000,0.00120315,0.00000000,0.00000000,0.05193964,0.01112528,0.00276107,0.00000000,0.00000000,0.00000000,0.00607243,0.00000000,0.00000000,0.00000000,0.00000000,0.00391113,0.00000000,0.00000000,0.00000000,0.00000000,0.00000000,0.00000000,0.00324926,0.01085279
0.00000000,0.00000000,0.00000000,0.00000000,0.00000000,0.00000000,0.00000000,0.00000000,0.00000000,0.00000000,0.00000000,0.00000000,0.00000000,0.00000000,0.00000000,0.00000000,0.00000000,0.00000000,0.00000000,0.00000000,0.00000000,0.00000000,0.00000000,0.00000000,0.00000000,0.00000000,0.00000000,0.00000000,0.00000000,0.00000000,0.00000000,0.00000000,0.00000000,0.00000000,0.00000000,0.00000000,0.00000000,0.00000000,0.00000000,0.00000000,0.00000000,0.00000000,0.00000000,0.00000000,0.00000000,0.00000000,0.00000000,0.00000000,0.00000000,0.00000000,0.00000000,0.00000000,0.00000000,0.00000000,0.00000000,0.00000000,0.00000000,0.00000000,0.00000000,0.00000000,0.00000000,0.00000000,0.00000000,0.00269769,0.00091209,0.00000000,0.00287562,0.00000000,0.00000000,0.00000000,0.00000000,0.00251475,0.01402972,0.02843609,0.00000000,0.04366319,0.06707763,0.00000000,0.00000000,0.02377323,0.00000000,0.19130992,0.11383089,0.00000000,0.03599353,0.00000000,0.00000000,0.00000000,0.00000000,0.00449307,0.00000000,0.00089093,0.02035547,0.01360336,0.00371231,0.00000000,0.00000000,1.15788680,0.12343752,0.11727670,1.07195925,0.04650844,0.00060270,0.00379718,0.02019765,0.01091438,0.17621075,0.00704626,0.00128357,0.00130152,0.00592525,0.00299053,0.00289333,0.00000000,0.00000000,0.00000000,0.00000000,0.00000000,0.00000000,0.00000000,0.00000000,0.00000000
0.00000000,0.00000000,0.00000000,0.00000000,0.00000000,0.00000000,0.00000000,0.00000000,0.00000000,0.00000000,0.00000000,0.00000000,0.00000000,0.00000000,0.00000000,0.00000000,0.00000000,0.00000000,0.00000000,0.00000000,0.00000000,0.00000000,0.00000000,0.00000000,0.00000000,0.00000000,0.00000000,0.00000000,0.00000000,0.00000000,0.00000000,0.00000000,0.00000000,0.00000000,0.00000000,0.00000000,0.00000000,0.00000000,0.00000000,0.00000000,0.00000000,0.00000000,0.00000000,0.00000000,0.00000000,0.00000000,0.00000000,0.00000000,0.00000000,0.00000000,0.00000000,0.00000000,0.00000000,0.00000000,0.00000000,0.00000000,0.00000000,0.00000000,0.00000000,0.00000000,0.00000000,0.00000000,0.00000000,0.00000000,0.00000000,0.00000000,0.00000000,0.00000000,0.00000000,0.00000000,0.00000000,0.00000000,0.00000000,0.00000000,0.02277000,0.00161315,0.00000000,0.14459668,0.04826531,0.00102237,0.38889397,0.00000000,0.00000000,1.12175937,0.00125459,0.78591790,0.60009133,0.00000000,0.00000000,0.00923741,0.85219499,0.28862602,0.00945949,0.00000000,0.02586602,1.09003467,0.31258384,0.00000000,0.00000000,0.00159081,0.00000000,0.00000000,0.04865292,0.00996023,0.00252903,0.00000000,0.00000000,0.00000000,0.00583617,0.00000000,0.00000000,0.00000000,0.00000000,0.00278816,0.00000000,0.00000000,0.00000000,0.00000000,0.00000000,0.00000000,0.00442480,0.01161786
0.00000000,0.00000000,0.00000000,0.00000000,0.00000000,0.00000000,0.00000000,0.00000000,0.00000000,0.00000000,0.00000000,0.00000000,0.00000000,0.00000000,0.00000000,0.00000000,0.00000000,0.00000000,0.00000000,0.00000000,0.00000000,0.00000000,0.00000000,0.00000000,0.00000000,0.00000000,0.00000000,0.00000000,0.00000000,0.00000000,0.00000000,0.00000000,0.00000000,0.00000000,0.00000000,0.00000000,0.00000000,0.00000000,0.00000000,0.00000000,0.00000000,0.00000000,0.00000000,0.00000000,0.00000000,0.00000000,0.00000000,0.00000000,0.00000000,0.00000000,0.00000000,0.00000000,0.00000000,0.00000000,0.00000000,0.00000000,0.00000000,0.00000000,0.00000000,0.00000000,0.00000000,0.00000000,0.00000000,0.00361711,0.00190447,0.00312496,0.00842551,0.00103115,0.00273148,0.00180327,0.00000000,0.00434691,0.01663965,0.02416522,0.00119733,0.32351961,0.10498451,0.00637265,0.00261995,0.86565579,0.01161297,0.00853904,0.05527555,0.00884813,0.62684830,0.20996225,0.01318401,0.00449307,0.00923741,0.00000000,0.00418606,0.38151629,1.28555881,0.00000000,0.96665843,0.02322448,0.03116394,0.03632100,0.00000000,0.14032006,0.00555667,0.00140523,0.06979070,0.05870786,0.05042943,0.00518519,0.01630858,0.00000000,0.01784792,0.00393472,0.00474102,0.00056422,0.00212450,0.01377513,0.00768369,0.00000000,0.00531805,0.00000000,0.00088050,0.00000000,0.00652153,0.01105544
0.00000000,0.00000000,0.00000000,0.00000000,0.00000000,0.00000000,0.00000000,0.00000000,0.00000000,0.00000000,0.00000000,0.00000000,0.00000000,0.00000000,0.00000000,0.00000000,0.00000000,0.00000000,0.00000000,0.00000000,0.00000000,0.00000000,0.00000000,0.00000000,0.00000000,0.00000000,0.00000000,0.00000000,0.00000000,0.00000000,0.00000000,0.00000000,0.00000000,0.00000000,0.00000000,0.00000000,0.00000000,0.00000000,0.00000000,0.00000000,0.00000000,0.00000000,0.00000000,0.00000000,0.00000000,0.00000000,0.00000000,0.00000000,0.00000000,0.00000000,0.00000000,0.00000000,0.00000000,0.00000000,0.00000000,0.00000000,0.00000000,0.00000000,0.00000000,0.00000000,0.00000000,0.00000000,0.00000000,0.00000000,0.00000000,0.00000000,0.00000000,0.00000000,0.00000000,0.00000000,0.00000000,0.00000000,0.00000000,0.00000000,0.02927529,0.00000000,0.00000000,0.16913691,0.03015380,0.00000000,0.06069471,0.00000000,0.00000000,1.18521116,0.00000000,0.06565552,0.11411202,0.00000000,0.85219499,0.00418606,0.00000000,0.07385632,0.00403253,0.00000000,0.00635960,0.88542323,0.09511845,0.00000000,0.00000000,0.00000000,0.00000000,0.00000000,0.02143853,0.00453082,0.00095486,0.00000000,0.00000000,0.00000000,0.00331602,0.00000000,0.00000000,0.00000000,0.00000000,0.00219207,0.00000000,0.00000000,0.00000000,0.00000000,0.00000000,0.00000000,0.00000000,0.00714106
0.00000000,0.00000000,0.00000000,0.00000000,0.00000000,0.00000000,0.00000000,0.00000000,0.00000000,0.00000000,0.00000000,0.00000000,0.00000000,0.00000000,0.00000000,0.00000000,0.00000000,0.00000000,0.00000000,0.00000000,0.00000000,0.00000000,0.00000000,0.00000000,0.00000000,0.00000000,0.00000000,0.00000000,0.00000000,0.00000000,0.00000000,0.00000000,0.00000000,0.00000000,0.00000000,0.00000000,0.00000000,0.00000000,0.00000000,0.00000000,0.00000000,0.00000000,0.00000000,0.00000000,0.00000000,0.00000000,0.00000000,0.00000000,0.00000000,0.00000000,0.00000000,0.00000000,0.00000000,0.00000000,0.00000000,0.00000000,0.00000000,0.00000000,0.00000000,0.00000000,0.00000000,0.00000000,0.00000000,0.00241438,0.00000000,0.00125334,0.01020347,0.00000000,0.00300876,0.00154661,0.00000000,0.00330767,0.01049183,0.00815457,0.01113558,0.03668734,0.00598839,0.06113343,0.02773936,0.04338400,0.16053871,0.00073444,0.00472896,0.14342542,0.05908535,2.60186110,0.29781641,0.00089093,0.28862602,0.38151629,0.07385632,0.00000000,0.45271278,0.00000000,2.26553407,0.29010973,0.81003754,0.01183039,0.00000000,0.05114884,0.00152467,0.00186130,1.16389153,0.25449643,0.06639314,0.00437507,0.01039642,0.00100780,0.05957876,0.00888351,0.00654467,0.00190452,0.00518361,0.01653637,0.00566907,0.00000000,0.00663021,0.00000000,0.00297947,0.00278675,0.01532765,0.03956525
0.00000000,0.00000000,0.00000000,0.00000000,0.00000000,0.00000000,0.00000000,0.00000000,0.00000000,0.00000000,0.00000000,0.00000000,0.00000000,0.00000000,0.00000000,0.00000000,0.00000000,0.00000000,0.00000000,0.00000000,0.00000000,0.00000000,0.00000000,0.00000000,0.00000000,0.00000000,0.00000000,0.00000000,0.00000000,0.00000000,0.00000000,0.00000000,0.00000000,0.00000000,0.00000000,0.00000000,0.00000000,0.00000000,0.00000000,0.00000000,0.00000000,0.00000000,0.00000000,0.00000000,0.00000000,0.00000000,0.00000000,0.00000000,0.00000000,0.00000000,0.00000000,0.00000000,0.00000000,0.00000000,0.00000000,0.00000000,0.00000000,0.00000000,0.00000000,0.00000000,0.00000000,0.00000000,0.00000000,0.00655059,0.00404515,0.00532831,0.01769663,0.00202993,0.00502756,0.00280982,0.00115345,0.00915033,0.04052275,0.06385267,0.00170423,0.24566023,0.12770024,0.00626992,0.00304702,0.41947647,0.01040388,0.04033696,0.20398712,0.00837236,1.24717064,0.12201140,0.01132981,0.02035547,0.00945949,1.28555881,0.00403253,0.45271278,0.00000000,0.00000000,1.69929996,0.02166983,0.04414064,0.19496748,0.00408563,1.28536736,0.02165416,0.01059561,0.19449919,0.65900746,0.95852230,0.05079951,0.10862163,0.00536079,0.07751527,0.04104957,0.04731420,0.00664337,0.01662246,0.01121792,0.00601279,0.00000000,0.00572855,0.00138307,0.00353800,0.00000000,0.00324144,0.00515301
0.00000000,0.00000000,0.00000000,0.00000000,0.00000000,0.00000000,0.00000000,0.00000000,0.00000000,0.00000000,0.00000000,0.00000000,0.00000000,0.00000000,0.00000000,0.00000000,0.00000000,0.00000000,0.00000000,0.00000000,0.00000000,0.00000000,0.00000000,0.00000000,0.00000000,0.00000000,0.00000000,0.00000000,0.00000000,0.00000000,0.00000000,0.00000000,0.00000000,0.00000000,0.00000000,0.00000000,0.00000000,0.00000000,0.00000000,0.00000000,0.00000000,0.00000000,0.00000000,0.01434889,0.00351362,0.00000000,0.00000000,0.00000000,0.00000000,0.00256001,0.00000000,0.00000000,0.00000000,0.00000000,0.00000000,0.00000000,0.00000000,0.00000000,0.00000000,0.00000000,0.00000000,0.00000000,0.00000000,0.00000000,0.00000000,0.00000000,0.00000000,0.00000000,0.00000000,0.00000000,0.00000000,0.00000000,0.00000000,0.00000000,0.00000000,0.00000000,0.00000000,0.00000000,0.00000000,0.00000000,0.00000000,0.00000000,0.00000000,0.00000000,0.00000000,0.00000000,0.00000000,0.01360336,0.00000000,0.00000000,0.00000000,0.00000000,0.00000000,0.00000000,0.00000000,0.00000000,0.00000000,0.02654168,0.19739095,0.00250130,0.07936904,1.79132521,0.00000000,0.00096257,0.00339757,0.00064235,0.11317110,0.16815237,0.00091805,0.00000000,0.00435124,0.01462190,0.00336454,0.00000000,0.00000000,0.00000000,0.00000000,0.00000000,0.00000000,0.00000000,0.00000000,0.00000000
0.00000000,0.00000000,0.00000000,0.00000000,0.00000000,0.00000000,0.00000000,0.00000000,0.00000000,0.00000000,0.00000000,0.00000000,0.00000000,0.00000000,0.00000000,0.00000000,0.00000000,0.00000000,0.00000000,0.00000000,0.00000000,0.00000000,0.00000000,0.00000000,0.00000000,0.00000000,0.00000000,0.00000000,0.00000000,0.00000000,0.00000000,0.00000000,0.00000000,0.00000000,0.00000000,0.00000000,0.00000000,0.00000000,0.00000000,0.00000000,0.00000000,0.00000000,0.00000000,0.00000000,0.00000000,0.00000000,0.00000000,0.00000000,0.00000000,0.00000000,0.00000000,0.00000000,0.00000000,0.00000000,0.00000000,0.00000000,0.00000000,0.00000000,0.00000000,0.00000000,0.00000000,0.00000000,0.00000000,0.00478720,0.00206274,0.00299546,0.00965736,0.00000000,0.00293633,0.00134575,0.00000000,0.00324376,0.01392382,0.01606031,0.00223298,0.07680429,0.02401732,0.01252989,0.00584250,0.12212069,0.02461612,0.00519700,0.02114035,0.01815270,0.23713814,0.47127336,0.02892678,0.00371231,0.02586602,0.96665843,0.00635960,2.26553407,1.69929996,0.00000000,0.00000000,0.04354596,0.08897508,0.03821170,0.00112412,0.27169495,0.00541960,0.00401513,0.68442170,0.93746092,0.32496034,0.01546693,0.03745931,0.00243143,0.09221515,0.02410137,0.01916775,0.00313119,0.01138316,0.01320801,0.00489272,0.00000000,0.00554130,0.00000000,0.00370960,0.00000000,0.00630131,0.01516008
0.00000000,0.00000000,0.00000000,0.00000000,0.00000000,0.00000000,0.00000000,0.00000000,0.00000000,0.00000000,0.00000000,0.00000000,0.00000000,0.00000000,0.00000000,0.00000000,0.00000000,0.00000000,0.00000000,0.00000000,0.00000000,0.00000000,0.00000000,0.00000000,0.00000000,0.00000000,0.00000000,0.00000000,0.00000000,0.00000000,0.00000000,0.00000000,0.00000000,0.00000000,0.00000000,0.00000000,0.00000000,0.00000000,0.00000000,0.00000000,0.00000000,0.00000000,0.00000000,0.00000000,0.00000000,0.00000000,0.00000000,0.00000000,0.00000000,0.00000000,0.00000000,0.00000000,0.00000000,0.00000000,0.00000000,0.00000000,0.00000000,0.00000000,0.00000000,0.00000000,0.00000000,0.00000000,0.00000000,0.00000000,0.00000000,0.00000000,0.00696946,0.00000000,0.00000000,0.00000000,0.00000000,0.00241001,0.00619251,0.00393475,0.01655731,0.00906243,0.00000000,0.08844375,0.02136682,0.00767980,0.06304635,0.00000000,0.00000000,0.25326560,0.00523149,0.21809202,0.44930558,0.00000000,1.09003467,0.02322448,0.88542323,0.29010973,0.02166983,0.00000000,0.04354596,0.00000000,1.04976212,0.00046877,0.00000000,0.00381012,0.00000000,0.00000000,0.11067899,0.02413448,0.00787612,0.00000000,0.00194774,0.00000000,0.03306457,0.00222600,0.00175672,0.00194690,0.00614433,0.02118741,0.00602157,0.00000000,0.00991137,0.00000000,0.00290615,0.00180351,0.00885896,0.02441556
0.00000000,0.00000000,0.00000000,0.00000000,0.00000000,0.00000000,0.00000000,0.00000000,0.00000000,0.00000000,0.00000000,0.00000000,0.00000000,0.00000000,0.00000000,0.00000000,0.00000000,0.00000000,0.00000000,0.00000000,0.00000000,0.00000000,0.00000000,0.00000000,0.00000000,0.00000000,0.00000000,0.00000000,0.00000000,0.00000000,0.00000000,0.00000000,0.00000000,0.00000000,0.00000000,0.00000000,0.00000000,0.00000000,0.00000000,0.00000000,0.00000000,0.00000000,0.00000000,0.00000000,0.00000000,0.00000000,0.00000000,0.00000000,0.00000000,0.00000000,0.00000000,0.00000000,0.00000000,0.00000000,0.00000000,0.00000000,0.00000000,0.00000000,0.00000000,0.00000000,0.00000000,0.00000000,0.00000000,0.00000000,0.00000000,0.00000000,0.00399412,0.00000000,0.00064058,0.00000000,0.00000000,0.00219260,0.00542282,0.00412920,0.00998405,0.01288470,0.00131465,0.04645045,0.01709823,0.00870363,0.06144332,0.00000000,0.00000000,0.11255815,0.00862156,0.27984754,0.51902268,0.00000000,0.31258384,0.03116394,0.09511845,0.81003754,0.04414064,0.00000000,0.08897508,1.04976212,0.00000000,0.00245791,0.00000000,0.00894124,0.00000000,0.00000000,0.49756608,0.06233163,0.01501699,0.00000000,0.00354115,0.00000000,0.05404959,0.00397493,0.00265969,0.00169239,0.00546243,0.01478547,0.00614725,0.00000000,0.00706915,0.00076416,0.00267269,0.00117565,0.00697389,0.01684520
0.00000000,0.00000000,0.00000000,0.00000000,0.00000000,0.00000000,0.00000000,0.00000000,0.00000000,0.00000000,0.00000000,0.00000000,0.00000000,0.00000000,0.00000000,0.00000000,0.00000000,0.00000000,0.00000000,0.00000000,0.00000000,0.00000000,0.00000000,0.00000000,0.00000000,0.00000000,0.00000000,0.00000000,0.00000000,0.00000000,0.00000000,0.00000000,0.00000000,0.00000000,0.00000000,0.00000000,0.00000000,0.00000000,0.00000000,0.00000000,0.00000000,0.00000000,0.00000000,0.00000000,0.00000000,0.00000000,0.00000000,0.00000000,0.00000000,0.00000000,0.00000000,0.00000000,0.00000000,0.00000000,0.00000000,0.00000000,0.00000000,0.00000000,0.00000000,0.00000000,0.00000000,0.00000000,0.00000000,0.00674339,0.00459230,0.00394891,0.01112128,0.00000000,0.00268321,0.00073450,0.00000000,0.00979639,0.04442968,0.10003256,0.00000000,0.18850564,0.26031352,0.00000000,0.00000000,0.13555180,0.00000000,0.59914212,1.02867339,0.00000000,0.30918958,0.00154653,0.00000000,1.15788680,0.00000000,0.03632100,0.00000000,0.01183039,0.19496748,0.02654168,0.03821170,0.00046877,0.00245791,0.00000000,0.15518556,1.75916875,1.64571607,0.24143196,0.01093763,0.04234632,0.29632144,0.23401348,1.92939925,0.04620648,0.01324749,0.01878956,0.08266327,0.02034980,0.01583977,0.00000000,0.00000000,0.00000000,0.00000000,0.00000000,0.00225376,0.00000000,0.00000000,0.00000000
0.00000000,0.00000000,0.00000000,0.00000000,0.00000000,0.00000000,0.00000000,0.00000000,0.00000000,0.00000000,0.00000000,0.00000000,0.00000000,0.00000000,0.00000000,0.00000000,0.00000000,0.00000000,0.00000000,0.00000000,0.00000000,0.00000000,0.00000000,0.00000000,0.00000000,0.00000000,0.00000000,0.00000000,0.00000000,0.00000000,0.00000000,0.00000000,0.00000000,0.00000000,0.00000000,0.00000000,0.00000000,0.00000000,0.00000000,0.00000000,0.00000000,0.00000000,0.00000000,0.00000000,0.00000000,0.00000000,0.00000000,0.00000000,0.00000000,0.00000000,0.00000000,0.00000000,0.00000000,0.00000000,0.00000000,0.00000000,0.00000000,0.00000000,0.00000000,0.00000000,0.00000000,0.00000000,0.00000000,0.00000000,0.00000000,0.00000000,0.00000000,0.00000000,0.00000000,0.00000000,0.00000000,0.00000000,0.00086857,0.00167403,0.00000000,0.00408967,0.00283279,0.00000000,0.00000000,0.00170449,0.00000000,0.00396827,0.00528009,0.00000000,0.00198847,0.00000000,0.00000000,0.12343752,0.00000000,0.00000000,0.00000000,0.00000000,0.00408563,0.19739095,0.00112412,0.00000000,0.00000000,0.15518556,0.00000000,0.00908670,0.98648478,0.87492195,0.00000000,0.00204384,0.00585147,0.00166181,0.32071444,0.03610309,0.00073853,0.00073360,0.00404900,0.00504263,0.00252631,0.00000000,0.00000000,0.00000000,0.00000000,0.00000000,0.00000000,0.00000000,0.00000000,0.00000000
0.00000000,0.00000000,0.00000000,0.00000000,0.00000000,0.00000000,0.00000000,0.00000000,0.00000000,0.00000000,0.00000000,0.00000000,0.00000000,0.00000000,0.00000000,0.00000000,0.00000000,0.00000000,0.00000000,0.00000000,0.00000000,0.00000000,0.00000000,0.00000000,0.00000000,0.00000000,0.00000000,0.00000000,0.00000000,0.00000000,0.00000000,0.00000000,0.00000000,0.00000000,0.00000000,0.00000000,0.00000000,0.00000000,0.00000000,0.00000000,0.00000000,0.00000000,0.00000000,0.00000000,0.00000000,0.00000000,0.00000000,0.00000000,0.00000000,0.00000000,0.00000000,0.00000000,0.00000000,0.00000000,0.00000000,0.00000000,0.00000000,0.00000000,0.00000000,0.00000000,0.00000000,0.00000000,0.00000000,0.00755494,0.00381866,0.00273877,0.01102941,0.00000000,0.00240643,0.00093279,0.00000000,0.00962035,0.04331395,0.11436410,0.00000000,0.26476595,0.28492765,0.00137434,0.00000000,0.30938682,0.00142062,0.22533338,0.92877096,0.00139852,1.26696546,0.01166638,0.00120315,0.11727670,0.00159081,0.14032006,0.00000000,0.05114884,1.28536736,0.00250130,0.27169495,0.00381012,0.00894124,1.75916875,0.00908670,0.00000000,0.09478133,0.01984946,0.04971587,0.22456833,1.35881362,0.36708383,0.48937306,0.00971479,0.04132910,0.04564918,0.12586179,0.01192750,0.01623535,0.00090337,0.00082534,0.00000000,0.00000000,0.00000000,0.00337542,0.00000000,0.00000000,0.00000000
0.00000000,0.00000000,0.00000000,0.00000000,0.00000000,0.00000000,0.00000000,0.00000000,0.00000000,0.00000000,0.00000000,0.00000000,0.00000000,0.00000000,0.00000000,0.00000000,0.00000000,0.00000000,0.00000000,0.00000000,0.00000000,0.00000000,0.00000000,0.00000000,0.00000000,0.00000000,0.00000000,0.00000000,0.00000000,0.00000000,0.00000000,0.00000000,0.00000000,0.00000000,0.00000000,0.00000000,0.00000000,0.00000000,0.00000000,0.00000000,0.00000000,0.00000000,0.00000000,0.00000000,0.00000000,0.00000000,0.00000000,0.00000000,0.00000000,0.00000000,0.00000000,0.00000000,0.00000000,0.00000000,0.00000000,0.00000000,0.00000000,0.00000000,0.00000000,0.00000000,0.00000000,0.00000000,0.00000000,0.00000000,0.00000000,0.00000000,0.00526619,0.00000000,0.00000000,0.00000000,0.00000000,0.00211381,0.00996041,0.01850988,0.00000000,0.03346962,0.03732206,0.00000000,0.00000000,0.01811634,0.00000000,0.04270769,0.05850572,0.00000000,0.02260398,0.00000000,0.00000000,1.07195925,0.00000000,0.00555667,0.00000000,0.00152467,0.02165416,0.07936904,0.00541960,0.00000000,0.00000000,1.64571607,0.98648478,0.09478133,0.00000000,0.33177797,0.00145074,0.00738304,0.02705436,0.01540106,0.82687693,0.03870622,0.00313490,0.00260255,0.01648388,0.00909141,0.00659792,0.00000000,0.00000000,0.00000000,0.00000000,0.00000000,0.00000000,0.00000000,0.00000000,0.00000000
0.00000000,0.00000000,0.00000000,0.00000000,0.00000000,0.00000000,0.00000000,0.00000000,0.00000000,0.00000000,0.00000000,0.00000000,0.00000000,0.00000000,0.00000000,0.00000000,0.00000000,0.00000000,0.00000000,0.00000000,0.00000000,0.00000000,0.00000000,0.00000000,0.00000000,0.00000000,0.00000000,0.00000000,0.00000000,0.00000000,0.00000000,0.00000000,0.00000000,0.00000000,0.00000000,0.00000000,0.00000000,0.00000000,0.00000000,0.00000000,0.00000000,0.00000000,0.00000000,0.00597784,0.00000000,0.00000000,0.00000000,0.00000000,0.00000000,0.00000000,0.00000000,0.00000000,0.00000000,0.00000000,0.00000000,0.00000000,0.00000000,0.00000000,0.00000000,0.00000000,0.00000000,0.00000000,0.00000000,0.00000000,0.00000000,0.00000000,0.00344047,0.00000000,0.00000000,0.00000000,0.00000000,0.00000000,0.00135557,0.00205543,0.00000000,0.00470551,0.00370311,0.00000000,0.00000000,0.00255083,0.00000000,0.00347481,0.00350047,0.00000000,0.00294160,0.00000000,0.00000000,0.04650844,0.00000000,0.00140523,0.00000000,0.00186130,0.01059561,1.79132521,0.00401513,0.00000000,0.00000000,0.24143196,0.87492195,0.01984946,0.33177797,0.00000000,0.00227832,0.00812295,0.03011220,0.00650517,1.54696544,1.52029021,0.00559307,0.00657061,0.06170600,0.15983167,0.02486460,0.00000000,0.00000000,0.00000000,0.00000000,0.00000000,0.00276403,0.00000000,0.00000000,0.00000000
0.00000000,0.00000000,0.00000000,0.00000000,0.00000000,0.00000000,0.00000000,0.00000000,0.00000000,0.00000000,0.00000000,0.00000000,0.00000000,0.00000000,0.00000000,0.00000000,0.00000000,0.00000000,0.00000000,0.00000000,0.00000000,0.00000000,0.00000000,0.00000000,0.00000000,0.00000000,0.00000000,0.00000000,0.00000000,0.00000000,0.00000000,0.00000000,0.00000000,0.00000000,0.00000000,0.00000000,0.00000000,0.00000000,0.00000000,0.00000000,0.00000000,0.00000000,0.00000000,0.00000000,0.00000000,0.00000000,0.00000000,0.00000000,0.00000000,0.00000000,0.00000000,0.00000000,0.00000000,0.00000000,0.00000000,0.00000000,0.00000000,0.00000000,0.00000000,0.00000000,0.00000000,0.00000000,0.00000000,0.00187702,0.00000000,0.00000000,0.00687647,0.00000000,0.00200467,0.00070909,0.00000000,0.00246288,0.01075322,0.00839512,0.00439755,0.02725344,0.00554247,0.01752887,0.00837135,0.02472601,0.02535605,0.00075288,0.00282558,0.03046621,0.02294329,0.16094628,0.05193964,0.00060270,0.04865292,0.06979070,0.02143853,1.16389153,0.19449919,0.00000000,0.68442170,0.11067899,0.49756608,0.01093763,0.00000000,0.04971587,0.00145074,0.00227832,0.00000000,0.86031287,0.10731676,0.00520971,0.01318723,0.00161724,0.40602669,0.01890554,0.01009256,0.00380195,0.01177468,0.01031828,0.00473113,0.00000000,0.00447611,0.00000000,0.00323332,0.00000000,0.00342973,0.00827042
0.00000000,0.00000000,0.00000000,0.00000000,0.00000000,0.00000000,0.00000000,0.00000000,0.00000000,0.00000000,0.00000000,0.00000000,0.00000000,0.00000000,0.00000000,0.00000000,0.00000000,0.00000000,0.00000000,0.00000000,0.00000000,0.00000000,0.00000000,0.00000000,0.00000000,0.00000000,0.00000000,0.00000000,0.00000000,0.00000000,0.00000000,0.00000000,0.00000000,0.00000000,0.00000000,0.00000000,0.00000000,0.00000000,0.00000000,0.00000000,0.00000000,0.00000000,0.00000000,0.00000000,0.00000000,0.00000000,0.00000000,0.00000000,0.00000000,0.00000000,0.00000000,0.00000000,0.00000000,0.00000000,0.00000000,0.00000000,0.00000000,0.00000000,0.00000000,0.00000000,0.00000000,0.00000000,0.00000000,0.00000000,0.00000000,0.00000000,0.00769174,0.00000000,0.00158272,0.00000000,0.00000000,0.00236662,0.01048860,0.01297343,0.00154469,0.03810402,0.01013510,0.00777711,0.00290493,0.02954738,0.00766371,0.00479836,0.00934908,0.00871350,0.04033481,0.04236924,0.01112528,0.00379718,0.00996023,0.05870786,0.00453082,0.25449643,0.65900746,0.00096257,0.93746092,0.02413448,0.06233163,0.04234632,0.00204384,0.22456833,0.00738304,0.00812295,0.86031287,0.00000000,1.13243452,0.03266837,0.06961046,0.00631009,0.67017776,0.18548412,0.07229515,0.01346901,0.09144022,0.00596342,0.00390919,0.00000000,0.00296236,0.00120856,0.00518150,0.00000000,0.00086340,0.00278782
0.00000000,0.00000000,0.00000000,0.00000000,0.00000000,0.00000000,0.00000000,0.00000000,0.00000000,0.00000000,0.00000000,0.00000000,0.00000000,0.00000000,0.00000000,0.00000000,0.00000000,0.00000000,0.00000000,0.00000000,0.00000000,0.00000000,0.00000000,0.00000000,0.00000000,0.00000000,0.00000000,0.00000000,0.00000000,0.00000000,0.00000000,0.00000000,0.00000000,0.00000000,0.00000000,0.00000000,0.00000000,0.00000000,0.00000000,0.00000000,0.00000000,0.00000000,0.00000000,0.00000000,0.00000000,0.00000000,0.00000000,0.00000000,0.00000000,0.00000000,0.00000000,0.00000000,0.00000000,0.00000000,0.00000000,0.00000000,0.00000000,0.00000000,0.00000000,0.00000000,0.00000000,0.00000000,0.00000000,0.00346623,0.00000000,0.00145991,0.00834286,0.00000000,0.00093498,0.00000000,0.00000000,0.00296160,0.01539793,0.02547359,0.00061330,0.06082292,0.03083905,0.00345947,0.00090844,0.05954749,0.00313340,0.01968942,0.04891109,0.00285300,0.10488642,0.01372788,0.00276107,0.02019765,0.00252903,0.05042943,0.00095486,0.06639314,0.95852230,0.00339757,0.32496034,0.00787612,0.01501699,0.29632144,0.00585147,1.35881362,0.02705436,0.03011220,0.10731676,1.13243452,0.00000000,0.32389647,0.55501823,0.02198261,0.25404551,0.45529467,0.56817066,0.05036440,0.17756012,0.00305074,0.00270142,0.00000000,0.00179279,0.00000000,0.00726609,0.00000000,0.00000000,0.00000000
0.00000000,0.00000000,0.00000000,0.00000000,0.00000000,0.00000000,0.00000000,0.00000000,0.00000000,0.00000000,0.00000000,0.00000000,0.00000000,0.00000000,0.00000000,0.00000000,0.00000000,0.00000000,0.00000000,0.00000000,0.00000000,0.00000000,0.00000000,0.00000000,0.00000000,0.00000000,0.00000000,0.00000000,0.00000000,0.00000000,0.00000000,0.00000000,0.00000000,0.00000000,0.00000000,0.00000000,0.00000000,0.00000000,0.00000000,0.00000000,0.00000000,0.00000000,0.00000000,0.00000000,0.00000000,0.00000000,0.00000000,0.00000000,0.00000000,0.00000000,0.00000000,0.00000000,0.00000000,0.00000000,0.00000000,0.00000000,0.00000000,0.00000000,0.00000000,0.00000000,0.00000000,0.00000000,0.00000000,0.00000000,0.00000000,0.00000000,0.00000000,0.00000000,0.00000000,0.00000000,0.00000000,0.00000000,0.00327645,0.00632752,0.00000000,0.01431673,0.01084214,0.00000000,0.00000000,0.01132045,0.00000000,0.01040921,0.01584294,0.00000000,0.01526084,0.00064515,0.00000000,0.01091438,0.00000000,0.00518519,0.00000000,0.00437507,0.05079951,0.00064235,0.01546693,0.00000000,0.00000000,0.23401348,0.00166181,0.36708383,0.01540106,0.00650517,0.00520971,0.03266837,0.32389647,0.00000000,0.29276998,0.00452219,0.00892222,0.02364525,0.12265146,0.00800770,0.00898185,0.00000000,0.00000000,0.00000000,0.00000000,0.00000000,0.00000000,0.00000000,0.00000000,0.00000000
0.00000000,0.00000000,0.00000000,0.00000000,0.00000000,0.00000000,0.00000000,0.00000000,0.00000000,0.00000000,0.00000000,0.00000000,0.00000000,0.00000000,0.00000000,0.00000000,0.00000000,0.00000000,0.00000000,0.00000000,0.00000000,0.00000000,0.00000000,0.00000000,0.00000000,0.00000000,0.00000000,0.00000000,0.00000000,0.00000000,0.00000000,0.00000000,0.00000000,0.00000000,0.00000000,0.00000000,0.00000000,0.00000000,0.00000000,0.00000000,0.00000000,0.00000000,0.00000000,0.00000000,0.00000000,0.00000000,0.00000000,0.00000000,0.00000000,0.00000000,0.00000000,0.00000000,0.00000000,0.00000000,0.00000000,0.00000000,0.00000000,0.00000000,0.00000000,0.00000000,0.00000000,0.00000000,0.00000000,0.00259941,0.00000000,0.00000000,0.00995562,0.00000000,0.00178484,0.00000000,0.00000000,0.00264080,0.01463749,0.02582108,0.00000000,0.04675708,0.03190444,0.00295538,0.00098086,0.03141673,0.00069009,0.03907608,0.05022740,0.00066043,0.03598475,0.00305741,0.00000000,0.17621075,0.00000000,0.01630858,0.00000000,0.01039642,0.10862163,0.11317110,0.03745931,0.00194774,0.00354115,1.92939925,0.32071444,0.48937306,0.82687693,1.54696544,0.01318723,0.06961046,0.55501823,0.29276998,0.00000000,0.93080125,0.02762461,0.06904570,0.97325376,0.41045606,0.12882016,0.00000000,0.00000000,0.00000000,0.00000000,0.00000000,0.00855056,0.00000000,0.00000000,0.00000000
0.00000000,0.00000000,0.00000000,0.00000000,0.00000000,0.00000000,0.00000000,0.00000000,0.00000000,0.00000000,0.00000000,0.00000000,0.00000000,0.00000000,0.00000000,0.00000000,0.00000000,0.00000000,0.00000000,0.00000000,0.00000000,0.00000000,0.00000000,0.00000000,0.00000000,0.00000000,0.00000000,0.00000000,0.00000000,0.00000000,0.00000000,0.00000000,0.00000000,0.00000000,0.00000000,0.00000000,0.00000000,0.00000000,0.00000000,0.00000000,0.00000000,0.00000000,0.00000000,0.00000000,0.00000000,0.00000000,0.00000000,0.00000000,0.00000000,0.00000000,0.00000000,0.00000000,0.00000000,0.00000000,0.00000000,0.00000000,0.00000000,0.00000000,0.00000000,0.00000000,0.00000000,0.00000000,0.00000000,0.00000000,0.00000000,0.00000000,0.00000000,0.00000000,0.00000000,0.00000000,0.00000000,0.00000000,0.00000000,0.00000000,0.00000000,0.00207368,0.00000000,0.00000000,0.00000000,0.00000000,0.00000000,0.00000000,0.00074152,0.00000000,0.00056629,0.00000000,0.00000000,0.00704626,0.00000000,0.00000000,0.00000000,0.00100780,0.00536079,0.16815237,0.00243143,0.00000000,0.00000000,0.04620648,0.03610309,0.00971479,0.03870622,1.52029021,0.00161724,0.00631009,0.02198261,0.00452219,0.93080125,0.00000000,0.00595781,0.00765608,0.12562417,0.73125046,0.05878664,0.00000000,0.00000000,0.00000000,0.00000000,0.00000000,0.00504840,0.00000000,0.00000000,0.00000000
0.00000000,0.00000000,0.00000000,0.00000000,0.00000000,0.00000000,0.00000000,0.00000000,0.00000000,0.00000000,0.00000000,0.00000000,0.00000000,0.00000000,0.00000000,0.00000000,0.00000000,0.00000000,0.00000000,0.00000000,0.00000000,0.00000000,0.00000000,0.00000000,0.00000000,0.00000000,0.00000000,0.00000000,0.00000000,0.00000000,0.00000000,0.00000000,0.00000000,0.00000000,0.00000000,0.00000000,0.00000000,0.00000000,0.00000000,0.00000000,0.00000000,0.00000000,0.00000000,0.00000000,0.00000000,0.00000000,0.00000000,0.00000000,0.00000000,0.00000000,0.00000000,0.00000000,0.00000000,0.00000000,0.00000000,0.00000000,0.00000000,0.00000000,0.00000000,0.00000000,0.00000000,0.00000000,0.00000000,0.00000000,0.00000000,0.00000000,0.00394227,0.00000000,0.00000000,0.00000000,0.00000000,0.00125766,0.00455367,0.00529776,0.00205925,0.01684509,0.00375572,0.00720492,0.00293765,0.01089874,0.00424008,0.00067939,0.00311747,0.00635994,0.01079991,0.01427625,0.00607243,0.00128357,0.00583617,0.01784792,0.00331602,0.05957876,0.07751527,0.00091805,0.09221515,0.03306457,0.05404959,0.01324749,0.00073853,0.04132910,0.00313490,0.00559307,0.40602669,0.67017776,0.25404551,0.00892222,0.02762461,0.00595781,0.00000000,0.28484538,0.06481415,0.02602347,0.24214560,0.00514962,0.00410592,0.00000000,0.00354738,0.00175381,0.00628715,0.00000000,0.00000000,0.00143321
0.00000000,0.00000000,0.00000000,0.00000000,0.00000000,0.00000000,0.00000000,0.00000000,0.00000000,0.00000000,0.00000000,0.00000000,0.00000000,0.00000000,0.00000000,0.00000000,0.00000000,0.00000000,0.00000000,0.00000000,0.00000000,0.00000000,0.00000000,0.00000000,0.00000000,0.00000000,0.00000000,0.00000000,0.00000000,0.00000000,0.00000000,0.00000000,0.00000000,0.00000000,0.00000000,0.00000000,0.00000000,0.00000000,0.00000000,0.00000000,0.00000000,0.00000000,0.00000000,0.00000000,0.00000000,0.00000000,0.00000000,0.00000000,0.00000000,0.00000000,0.00000000,0.00000000,0.00000000,0.00000000,0.00000000,0.00000000,0.00000000,0.00000000,0.00000000,0.00000000,0.00000000,0.00000000,0.00000000,0.00000000,0.00000000,0.00000000,0.00000000,0.00000000,0.00000000,0.00000000,0.00000000,0.00000000,0.00099111,0.00216051,0.00000000,0.00549480,0.00322081,0.00138929,0.00000000,0.00405064,0.00063805,0.00157941,0.00159143,0.00071161,0.00481122,0.00215009,0.00000000,0.00130152,0.00000000,0.00393472,0.00000000,0.00888351,0.04104957,0.00000000,0.02410137,0.00222600,0.00397493,0.01878956,0.00073360,0.04564918,0.00260255,0.00657061,0.01890554,0.18548412,0.45529467,0.02364525,0.06904570,0.00765608,0.28484538,0.00000000,0.28252092,0.03677384,0.28126620,0.00000000,0.00000000,0.00000000,0.00000000,0.00000000,0.00201905,0.00000000,0.00000000,0.00000000
0.00000000,0.00000000,0.00000000,0.00000000,0.00000000,0.00000000,0.00000000,0.00000000,0.00000000,0.00000000,0.00000000,0.00000000,0.00000000,0.00000000,0.00000000,0.00000000,0.00000000,0.00000000,0.00000000,0.00000000,0.00000000,0.00000000,0.00000000,0.00000000,0.00000000,0.00000000,0.00000000,0.00000000,0.00000000,0.00000000,0.00000000,0.00000000,0.00000000,0.00000000,0.00000000,0.00000000,0.00000000,0.00000000,0.00000000,0.00000000,0.00000000,0.00000000,0.00000000,0.00000000,0.00000000,0.00000000,0.00000000,0.00000000,0.00000000,0.00000000,0.00000000,0.00000000,0.00000000,0.00000000,0.00000000,0.00000000,0.00000000,0.00000000,0.00000000,0.00000000,0.00000000,0.00000000,0.00000000,0.00000000,0.00000000,0.00000000,0.00138972,0.00000000,0.00000000,0.00000000,0.00000000,0.00000000,0.00262755,0.00390569,0.00000000,0.00963348,0.00409892,0.00122784,0.00000000,0.00662623,0.00000000,0.00328527,0.00479716,0.00000000,0.00609592,0.00167083,0.00000000,0.00592525,0.00000000,0.00474102,0.00000000,0.00654467,0.04731420,0.00435124,0.01916775,0.00175672,0.00265969,0.08266327,0.00404900,0.12586179,0.01648388,0.06170600,0.01009256,0.07229515,0.56817066,0.12265146,0.97325376,0.12562417,0.06481415,0.28252092,0.00000000,0.43091224,0.47094290,0.00000000,0.00000000,0.00000000,0.00000000,0.00000000,0.00596879,0.00000000,0.00000000,0.00000000
0.00000000,0.00000000,0.00000000,0.00000000,0.00000000,0.00000000,0.00000000,0.00000000,0.00000000,0.00000000,0.00000000,0.00000000,0.00000000,0.00000000,0.00000000,0.00000000,0.00000000,0.00000000,0.00000000,0.00000000,0.00000000,0.00000000,0.00000000,0.00000000,0.00000000,0.00000000,0.00000000,0.00000000,0.00000000,0.00000000,0.00000000,0.00000000,0.00000000,0.00000000,0.00000000,0.00000000,0.00000000,0.00000000,0.00000000,0.00000000,0.00000000,0.00000000,0.00000000,0.00000000,0.00000000,0.00000000,0.00000000,0.00000000,0.00000000,0.00000000,0.00000000,0.00000000,0.00000000,0.00000000,0.00000000,0.00000000,0.00000000,0.00000000,0.00000000,0.00000000,0.00000000,0.00000000,0.00000000,0.00000000,0.00000000,0.00000000,0.00000000,0.00000000,0.00000000,0.00000000,0.00000000,0.00000000,0.00000000,0.00000000,0.00078065,0.00184956,0.00069090,0.00247664,0.00000000,0.00084088,0.00000000,0.00000000,0.00066911,0.00000000,0.00077231,0.00000000,0.00000000,0.00299053,0.00000000,0.00056422,0.00000000,0.00190452,0.00664337,0.01462190,0.00313119,0.00194690,0.00169239,0.02034980,0.00504263,0.01192750,0.00909141,0.15983167,0.00380195,0.01346901,0.05036440,0.00800770,0.41045606,0.73125046,0.02602347,0.03677384,0.43091224,0.00000000,1.13753378,0.00072422,0.00174321,0.00000000,0.00000000,0.00162967,0.01198588,0.00000000,0.00000000,0.00000000
0.00000000,0.00000000,0.00000000,0.00000000,0.00000000,0.00000000,0.00000000,0.00000000,0.00000000,0.00000000,0.00000000,0.00000000,0.00000000,0.00000000,0.00000000,0.00000000,0.00000000,0.00000000,0.00000000,0.00000000,0.00000000,0.00000000,0.00000000,0.00000000,0.00000000,0.00000000,0.00000000,0.00000000,0.00000000,0.00000000,0.00000000,0.00000000,0.00000000,0.00000000,0.00000000,0.00000000,0.00000000,0.00000000,0.00000000,0.00000000,0.00000000,0.00000000,0.00000000,0.00000000,0.00000000,0.00000000,0.00000000,0.00000000,0.00000000,0.00000000,0.00000000,0.00000000,0.00000000,0.00000000,0.00000000,0.00000000,0.00000000,0.00000000,0.00000000,0.00000000,0.00000000,0.00000000,0.00000000,0.00000000,0.00000000,0.00000000,0.00082426,0.00000000,0.00000000,0.00000000,0.00000000,0.00000000,0.00110690,0.00193792,0.00196308,0.00481028,0.00108589,0.00446692,0.00116409,0.00294898,0.00070331,0.00000000,0.00137518,0.00210168,0.00247627,0.00154635,0.00000000,0.00289333,0.00000000,0.00212450,0.00000000,0.00518361,0.01662246,0.00336454,0.01138316,0.00614433,0.00546243,0.01583977,0.00252631,0.01623535,0.00659792,0.02486460,0.01177468,0.09144022,0.17756012,0.00898185,0.12882016,0.05878664,0.24214560,0.28126620,0.47094290,1.13753378,0.00000000,0.00278952,0.00332616,0.00143458,0.00308226,0.00196860,0.01464382,0.00000000,0.00000000,0.00094531
0.00000000,0.00000000,0.00000000,0.00000000,0.00000000,0.00000000,0.00000000,0.00000000,0.00000000,0.00000000,0.00000000,0.00000000,0.00000000,0.00000000,0.00000000,0.00000000,0.00000000,0.00000000,0.00000000,0.00000000,0.00000000,0.00000000,0.00000000,0.00000000,0.00000000,0.00000000,0.00000000,0.00000000,0.00000000,0.00000000,0.00000000,0.00000000,0.00000000,0.00000000,0.00000000,0.00000000,0.00000000,0.00000000,0.00000000,0.00000000,0.00000000,0.00000000,0.00000000,0.00000000,0.00000000,0.00000000,0.00000000,0.00000000,0.00000000,0.00000000,0.01247858,0.00000000,0.00464934,0.00000000,0.00000000,0.00474547,0.00755010,0.00000000,0.00000000,0.00000000,0.00000000,0.00000000,0.00000000,0.00000000,0.00000000,0.00000000,0.00626755,0.00000000,0.00000000,0.00000000,0.00000000,0.00351328,0.00893637,0.00438437,0.00000000,0.01076211,0.00000000,0.00120524,0.00000000,0.00606799,0.00000000,0.00000000,0.00000000,0.00160452,0.00352736,0.00796580,0.00391113,0.00000000,0.00278816,0.01377513,0.00219207,0.01653637,0.01121792,0.00000000,0.01320801,0.02118741,0.01478547,0.00000000,0.00000000,0.00090337,0.00000000,0.00000000,0.01031828,0.00596342,0.00305074,0.00000000,0.00000000,0.00000000,0.00514962,0.00000000,0.00000000,0.00072422,0.00278952,0.00000000,1.96405848,0.09375724,2.35742382,0.59483456,0.31537440,0.00388571,0.03190303,0.08973352
0.00000000,0.00000000,0.00000000,0.00000000,0.00000000,0.00000000,0.00000000,0.00000000,0.00000000,0.00000000,0.00000000,0.00000000,0.00000000,0.00000000,0.00000000,0.00000000,0.00000000,0.00000000,0.00000000,0.00000000,0.00000000,0.00000000,0.00000000,0.00000000,0.00000000,0.00000000,0.00000000,0.00000000,0.00000000,0.00000000,0.00000000,0.00000000,0.00000000,0.00000000,0.00000000,0.00000000,0.00000000,0.00000000,0.00000000,0.00000000,0.00000000,0.00000000,0.00000000,0.00000000,0.00000000,0.00000000,0.00000000,0.00000000,0.00000000,0.00000000,0.00671458,0.00775661,0.00912041,0.00000000,0.00567186,0.00423815,0.01150948,0.00000000,0.00000000,0.00000000,0.00291957,0.00000000,0.00000000,0.00000000,0.00000000,0.00000000,0.00000000,0.00000000,0.00000000,0.00000000,0.00000000,0.00000000,0.00464811,0.00135902,0.00000000,0.00883841,0.00000000,0.00000000,0.00000000,0.00295528,0.00000000,0.00000000,0.00000000,0.00000000,0.00245622,0.00258020,0.00000000,0.00000000,0.00000000,0.00768369,0.00000000,0.00566907,0.00601279,0.00000000,0.00489272,0.00602157,0.00614725,0.00000000,0.00000000,0.00082534,0.00000000,0.00000000,0.00473113,0.00390919,0.00270142,0.00000000,0.00000000,0.00000000,0.00410592,0.00000000,0.00000000,0.00174321,0.00332616,1.96405848,0.00000000,1.46158044,0.97644910,2.40441974,1.01923644,0.00486998,0.03133817,0.05793236
0.00000000,0.00000000,0.00000000,0.00000000,0.00000000,0.00000000,0.00000000,0.00000000,0.00000000,0.00000000,0.00000000,0.00000000,0.00000000,0.00000000,0.00000000,0.00000000,0.00000000,0.00000000,0.00000000,0.00000000,0.00000000,0.00000000,0.00000000,0.00000000,0.00000000,0.00000000,0.00000000,0.00000000,0.00000000,0.00000000,0.00000000,0.00000000,0.00000000,0.00000000,0.00000000,0.00000000,0.00000000,0.00000000,0.00000000,0.00000000,0.00000000,0.00000000,0.00000000,0.00000000,0.00000000,0.00000000,0.00000000,0.00000000,0.00000000,0.00000000,0.00000000,0.00505747,0.00326979,0.00000000,0.00605031,0.00000000,0.00437443,0.00000000,0.00000000,0.00000000,0.00000000,0.00000000,0.00000000,0.00000000,0.00000000,0.00000000,0.00000000,0.00000000,0.00000000,0.00000000,0.00000000,0.00000000,0.00000000,0.00000000,0.00000000,0.00000000,0.00000000,0.00000000,0.00000000,0.00000000,0.00000000,0.00000000,0.00000000,0.00000000,0.00000000,0.00000000,0.00000000,0.00000000,0.00000000,0.00000000,0.00000000,0.00000000,0.00000000,0.00000000,0.00000000,0.00000000,0.00000000,0.00000000,0.00000000,0.00000000,0.00000000,0.00000000,0.00000000,0.00000000,0.00000000,0.00000000,0.00000000,0.00000000,0.00000000,0.00000000,0.00000000,0.00000000,0.00143458,0.09375724,1.46158044,0.00000000,0.09760485,0.91207416,0.85011271,0.00517747,0.02377653,0.03388651
0.00000000,0.00000000,0.00000000,0.00000000,0.00000000,0.00000000,0.00000000,0.00000000,0.00000000,0.00000000,0.00000000,0.00000000,0.00000000,0.00000000,0.00000000,0.00000000,0.00000000,0.00000000,0.00000000,0.00000000,0.00000000,0.00000000,0.00000000,0.00000000,0.00000000,0.00000000,0.00000000,0.00000000,0.00000000,0.00000000,0.00000000,0.00000000,0.00000000,0.00000000,0.00000000,0.00000000,0.00000000,0.00000000,0.00000000,0.00000000,0.00000000,0.00000000,0.00000000,0.00000000,0.00000000,0.00000000,0.00000000,0.00000000,0.00000000,0.00000000,0.00428612,0.00000000,0.00000000,0.00000000,0.00000000,0.00000000,0.00000000,0.00000000,0.00000000,0.00000000,0.00000000,0.00000000,0.00000000,0.00000000,0.00000000,0.00000000,0.00000000,0.00000000,0.00000000,0.00000000,0.00000000,0.00000000,0.00114427,0.00000000,0.00000000,0.00513539,0.00000000,0.00000000,0.00000000,0.00246585,0.00000000,0.00000000,0.00000000,0.00000000,0.00000000,0.00263900,0.00000000,0.00000000,0.00000000,0.00531805,0.00000000,0.00663021,0.00572855,0.00000000,0.00554130,0.00991137,0.00706915,0.00000000,0.00000000,0.00000000,0.00000000,0.00000000,0.00447611,0.00296236,0.00179279,0.00000000,0.00000000,0.00000000,0.00354738,0.00000000,0.00000000,0.00000000,0.00308226,2.35742382,0.97644910,0.09760485,0.00000000,2.20876927,0.69617012,0.00378851,0.01731812,0.05861316
0.00000000,0.00000000,0.00000000,0.00000000,0.00000000,0.00000000,0.00000000,0.00000000,0.00000000,0.00000000,0.00000000,0.00000000,0.00000000,0.00000000,0.00000000,0.00000000,0.00000000,0.00000000,0.00000000,0.00000000,0.00000000,0.00000000,0.00000000,0.00000000,0.00000000,0.00000000,0.00000000,0.00000000,0.00000000,0.00000000,0.00000000,0.00000000,0.00000000,0.00000000,0.00000000,0.00000000,0.00000000,0.00000000,0.00000000,0.00000000,0.00000000,0.00000000,0.00000000,0.00000000,0.00000000,0.00000000,0.00000000,0.00000000,0.00000000,0.00000000,0.00000000,0.00000000,0.00000000,0.00000000,0.00000000,0.00000000,0.00128542,0.00000000,0.00000000,0.00000000,0.00000000,0.00000000,0.00000000,0.00000000,0.00000000,0.00000000,0.00000000,0.00000000,0.00000000,0.00000000,0.00000000,0.00000000,0.00000000,0.00000000,0.00000000,0.00000000,0.00000000,0.00000000,0.00000000,0.00000000,0.00000000,0.00000000,0.00000000,0.00000000,0.00000000,0.00000000,0.00000000,0.00000000,0.00000000,0.00000000,0.00000000,0.00000000,0.00138307,0.00000000,0.00000000,0.00000000,0.00076416,0.00000000,0.00000000,0.00000000,0.00000000,0.00000000,0.00000000,0.00120856,0.00000000,0.00000000,0.00000000,0.00000000,0.00175381,0.00000000,0.00000000,0.00162967,0.00196860,0.59483456,2.40441974,0.91207416,2.20876927,0.00000000,3.11177567,0.00265766,0.01397184,0.04028553
0.00000000,0.00000000,0.00000000,0.00000000,0.00000000,0.00000000,0.00000000,0.00000000,0.00000000,0.00000000,0.00000000,0.00000000,0.00000000,0.00000000,0.00000000,0.00000000,0.00000000,0.00000000,0.00000000,0.00000000,0.00000000,0.00000000,0.00000000,0.00000000,0.00000000,0.00000000,0.00000000,0.00000000,0.00000000,0.00000000,0.00000000,0.00000000,0.00000000,0.00000000,0.00000000,0.00000000,0.00000000,0.00000000,0.00000000,0.00000000,0.00000000,0.00000000,0.00000000,0.00000000,0.00000000,0.00000000,0.00000000,0.00000000,0.00000000,0.00000000,0.00799170,0.00000000,0.00693891,0.00000000,0.00000000,0.00375291,0.00584151,0.00000000,0.00000000,0.00000000,0.00000000,0.00000000,0.00000000,0.00000000,0.00000000,0.00000000,0.00000000,0.00000000,0.00000000,0.00000000,0.00000000,0.00000000,0.00000000,0.00000000,0.00000000,0.00248428,0.00000000,0.00000000,0.00000000,0.00000000,0.00000000,0.00000000,0.00000000,0.00000000,0.00000000,0.00000000,0.00000000,0.00000000,0.00000000,0.00088050,0.00000000,0.00297947,0.00353800,0.00000000,0.00370960,0.00290615,0.00267269,0.00225376,0.00000000,0.00337542,0.00000000,0.00276403,0.00323332,0.00518150,0.00726609,0.00000000,0.00855056,0.00504840,0.00628715,0.00201905,0.00596879,0.01198588,0.01464382,0.31537440,1.01923644,0.85011271,0.69617012,3.11177567,0.00000000,0.00949883,0.04661150,0.12190551
0.00000000,0.00000000,0.00000000,0.00000000,0.00000000,0.00000000,0.00000000,0.00000000,0.00000000,0.00000000,0.00000000,0.00000000,0.00000000,0.00000000,0.00000000,0.00000000,0.00000000,0.00000000,0.00000000,0.00000000,0.00000000,0.00000000,0.00000000,0.00000000,0.00000000,0.00000000,0.00000000,0.00000000,0.00000000,0.00000000,0.00000000,0.00000000,0.00000000,0.00000000,0.00000000,0.00000000,0.00000000,0.00000000,0.00000000,0.00000000,0.00000000,0.00000000,0.00000000,0.00000000,0.00000000,0.00000000,0.00000000,0.00000000,0.00000000,0.00000000,0.00000000,0.00000000,0.00000000,0.00000000,0.00000000,0.00000000,0.00000000,0.00000000,0.00000000,0.00000000,0.00000000,0.00000000,0.00000000,0.00000000,0.00000000,0.00000000,0.00000000,0.00000000,0.00000000,0.00000000,0.00000000,0.00000000,0.00000000,0.00000000,0.00000000,0.00000000,0.00000000,0.00118392,0.00000000,0.00000000,0.00000000,0.00000000,0.00000000,0.00141263,0.00000000,0.00297327,0.00000000,0.00000000,0.00000000,0.00000000,0.00000000,0.00278675,0.00000000,0.00000000,0.00000000,0.00180351,0.00117565,0.00000000,0.00000000,0.00000000,0.00000000,0.00000000,0.00000000,0.00000000,0.00000000,0.00000000,0.00000000,0.00000000,0.00000000,0.00000000,0.00000000,0.00000000,0.00000000,0.00388571,0.00486998,0.00517747,0.00378851,0.00265766,0.00949883,0.00000000,1.94695102,0.25404219
0.00000000,0.00000000,0.00000000,0.00000000,0.00000000,0.00000000,0.00000000,0.00000000,0.00000000,0.00000000,0.00000000,0.00000000,0.00000000,0.00000000,0.00000000,0.00000000,0.00000000,0.00000000,0.00000000,0.00000000,0.00000000,0.00000000,0.00000000,0.00000000,0.00000000,0.00000000,0.00000000,0.00000000,0.00000000,0.00000000,0.00000000,0.00000000,0.00000000,0.00000000,0.00000000,0.00000000,0.00000000,0.00000000,0.00000000,0.00000000,0.00000000,0.00000000,0.00000000,0.00000000,0.00000000,0.00000000,0.00000000,0.00000000,0.00000000,0.00000000,0.00000000,0.00000000,0.00000000,0.00000000,0.00000000,0.00000000,0.00000000,0.00000000,0.00000000,0.00000000,0.00000000,0.00000000,0.00000000,0.00000000,0.00000000,0.00000000,0.00000000,0.00000000,0.00000000,0.00164011,0.00000000,0.00000000,0.00000000,0.00000000,0.00000000,0.00000000,0.00000000,0.00596945,0.00288550,0.00000000,0.00504173,0.00000000,0.00000000,0.00535167,0.00000000,0.01330626,0.00324926,0.00000000,0.00442480,0.00652153,0.00000000,0.01532765,0.00324144,0.00000000,0.00630131,0.00885896,0.00697389,0.00000000,0.00000000,0.00000000,0.00000000,0.00000000,0.00342973,0.00086340,0.00000000,0.00000000,0.00000000,0.00000000,0.00000000,0.00000000,0.00000000,0.00000000,0.00000000,0.03190303,0.03133817,0.02377653,0.01731812,0.01397184,0.04661150,1.94695102,0.00000000,3.19580263
0.00000000,0.00000000,0.00000000,0.00000000,0.00000000,0.00000000,0.00000000,0.00000000,0.00000000,0.00000000,0.00000000,0.00000000,0.00000000,0.00000000,0.00000000,0.00000000,0.00000000,0.00000000,0.00000000,0.00000000,0.00000000,0.00000000,0.00000000,0.00000000,0.00000000,0.00000000,0.00000000,0.00000000,0.00000000,0.00000000,0.00000000,0.00000000,0.00000000,0.00000000,0.00000000,0.00000000,0.00000000,0.00000000,0.00000000,0.00000000,0.00000000,0.00000000,0.00000000,0.00000000,0.00000000,0.00000000,0.00000000,0.00000000,0.00000000,0.00000000,0.00000000,0.00000000,0.00000000,0.00000000,0.00000000,0.00000000,0.00000000,0.00000000,0.00000000,0.00000000,0.00000000,0.00000000,0.00000000,0.00000000,0.00000000,0.00000000,0.00215398,0.00000000,0.00000000,0.00426779,0.00559058,0.00000000,0.00000000,0.00000000,0.00460338,0.00000000,0.00000000,0.01496804,0.00689353,0.00000000,0.01397497,0.00000000,0.00000000,0.01705923,0.00000000,0.03174144,0.01085279,0.00000000,0.01161786,0.01105544,0.00714106,0.03956525,0.00515301,0.00000000,0.01516008,0.02441556,0.01684520,0.00000000,0.00000000,0.00000000,0.00000000,0.00000000,0.00827042,0.00278782,0.00000000,0.00000000,0.00000000,0.00000000,0.00143321,0.00000000,0.00000000,0.00000000,0.00094531,0.08973352,0.05793236,0.03388651,0.05861316,0.04028553,0.12190551,0.25404219,3.19580263,0.00000000
