0.00000000,0.00000000,0.00000000,0.00000000,3.96895568,0.00000000,0.00000000,0.00000000,0.02495326,0.00000000,0.00000000,0.00000000,0.00000000,0.00000000,0.00369915,0.00000000,0.18946923,0.00000000,0.00000000,0.00000000,0.00000000,0.00000000,0.00000000,0.00000000,0.01277031,0.02212279,0.00000000,0.00000000,0.00000000,0.00000000,0.00000000,0.02898585,0.00000000,0.00046111,0.12177384,0.01534691,0.00000000,0.09383661,0.00000000,0.00000000,0.00597036,0.00000000,0.00000000,0.00000000,0.00000000,0.00000000,0.00000000,0.00000000,0.00000000,0.00000000,0.00000000,0.01105457,0.00000000,0.00000000,0.00000000,0.00000000,0.53634888,0.00000000,0.00000000,0.00000000,0.00000000,0.00000000,0.00000000,0.00000000,0.00000000,0.00000000,0.01582024,0.00000000,0.00000000,0.00000000,0.00000000,0.00000000,0.00000000,0.00000000,0.02647523,5.18986252,0.00000000,0.00000000,0.00000000,0.00000000,0.00000000,0.00197586,0.00137131,0.00000000,2.72209007,0.00000000,0.01483100,0.00000000,0.01830885,0.00000000,0.04225928,0.00000000,0.02879702,0.07407493,0.00000000,0.00000000,0.02232310,0.09392302,0.03454445,0.00000000,0.00098901,0.00000000,0.00000000,0.00000000,0.01104994,0.00000000,0.00367362,0.00000000,0.00000000,0.00000000,0.00000000,0.00000000,0.00331123,0.00000000,0.00000000,0.46763072,0.10523422,0.00000000,0.03667382,0.00743204,0.00000000,0.01257023,0.00000000,0.00000000,0.00000000,0.00000000,0.00000000,0.00000000,2.90308772,0.00000000,0.00000000,0.00000000,4.02112515,0.00000000,0.00000000,0.00000000,5.85773086,0.00000000,0.18165892,0.00000000,0.02328689,0.13225417,0.00000000,0.00000000,0.00000000,0.00000000,0.00000000,0.00191354,0.00000000,0.00000000
0.00000000,0.00000000,0.00000000,0.00000000,0.00000000,0.00000000,0.00176927,0.00000000,0.00297951,0.11673925,0.00000000,0.00000000,0.00000000,0.00000000,0.00000000,0.00000000,0.05436251,0.00000000,0.00000000,0.02256889,0.00844203,0.00000000,0.00000000,0.02969255,0.00000000,0.00000000,0.00000000,0.00000000,0.00553211,0.00000000,0.00000000,0.00837818,0.00000000,0.00000000,0.00000000,0.00000000,0.38026688,5.17140332,0.00000000,0.03051162,0.00730181,0.00000000,0.00000000,0.03022650,0.00000000,0.00000000,0.15771172,0.00000000,0.00000000,0.00000000,0.00000000,0.04768722,0.00000000,0.00000000,0.00000000,0.00000000,0.08699389,0.07807996,0.00000000,0.00000000,0.00000000,0.06579745,0.00000000,0.93006227,0.00000000,0.04903494,0.00000000,0.00000000,0.00000000,0.00000000,0.00000000,0.00000000,0.00000000,0.00000000,6.75595928,0.81729053,2.36741124,0.00000000,0.00000000,0.00000000,0.00000000,0.00000000,0.00000000,0.00000000,0.04781961,0.02627429,0.00308604,0.00000000,0.00000000,0.00229428,0.09451685,0.04361479,0.00000000,3.20797804,0.00000000,7.67135834,0.00000000,0.00000000,0.00000000,0.00000000,0.00000000,0.00000000,0.00000000,0.00000000,0.00000000,1.69819771,0.00000000,0.00161935,0.00000000,0.01797750,0.00000000,0.00000000,0.00000000,0.00000000,0.00000000,0.03691771,0.00000000,0.01045069,0.00000000,0.00000000,0.00753532,0.00000000,0.20205652,0.01191481,0.00000000,0.00000000,0.68494220,0.00000000,0.00000000,0.00451565,2.34084152,0.00000000,0.00000000,0.00000000,3.14342177,0.00000000,0.00000000,0.00000000,0.00000000,0.00000000,0.00000000,0.00000000,0.00000000,0.30729236,0.00784470,1.36722720,0.00000000,0.03073430,0.00000000,0.00000000
0.00000000,0.00000000,0.00000000,0.00000000,0.01340320,0.00000000,0.00000000,0.00000000,0.00000000,0.00000000,0.00000000,0.00000000,0.01222961,0.00000000,0.00000000,4.56469675,0.00000000,0.42199935,0.00703059,0.00000000,0.00000000,0.04381751,0.01319541,0.00000000,0.01315945,0.00000000,0.00000000,0.00000000,0.00000000,0.00000000,0.00000000,0.00000000,0.03890198,0.00989619,0.00000000,0.00000000,0.00000000,0.01567252,0.00000000,0.00000000,0.00000000,0.00000000,0.00000000,0.00000000,0.00000000,0.00000000,0.00000000,0.00000000,0.00000000,0.00000000,0.00000000,0.00000000,0.00000000,0.01444987,0.00000000,0.00000000,0.00000000,0.07681247,0.00000000,0.00000000,0.00000000,0.00000000,0.06026185,0.00000000,0.00000000,0.00000000,0.02744694,0.00000000,0.00000000,0.00000000,0.00000000,0.02828977,0.00947737,0.00000000,0.13649683,0.07895821,0.00000000,0.00000000,0.05186696,0.00000000,0.00000000,0.01294449,0.00000000,0.00000000,0.02626270,0.00000000,0.00105615,0.00000000,0.00000000,0.00000000,0.00502485,0.00000000,0.00000000,0.00000000,0.00000000,0.00000000,0.00000000,0.15061614,0.00000000,0.00000000,0.11679567,0.00000000,0.00000000,3.18795612,0.00000000,0.00000000,0.00000000,0.00000000,0.00000000,0.32022496,0.00000000,0.00000000,0.00192913,7.84770598,0.00000000,0.00000000,0.00000000,0.00000000,0.00313927,0.00000000,0.00000000,0.00000000,0.00055106,0.00000000,0.04521780,0.00116368,0.00000000,0.00000000,0.00000000,0.00000000,0.03865459,0.00000000,0.00000000,0.00000000,0.00000000,0.03803206,0.00285640,0.00000000,0.00000000,0.00000000,0.00000000,0.00000000,0.01065124,0.00050262,0.00000000,0.00000000,0.00000000,0.00000000,0.00000000,0.52176923
0.00000000,0.00000000,0.00000000,0.00000000,0.00000000,0.01444932,0.00000000,0.00000000,0.00000000,0.00071710,0.00000000,0.00000000,0.00000000,0.00000000,0.00000000,0.00000000,0.01816013,0.00000000,0.00000000,0.01742977,0.00870446,0.18094598,0.00000000,0.00000000,0.00000000,0.00000000,0.00748872,0.00000000,0.14014763,0.00190702,0.00000000,0.00000000,0.00000000,0.00000000,0.11466246,0.00000000,0.00000000,0.00000000,0.00000000,0.00000000,0.00000000,0.00000000,0.00000000,0.00000000,0.00000000,0.00000000,0.00000000,0.00000000,0.00000000,0.00000000,0.02875531,1.03213616,0.04145662,0.00000000,0.00000000,0.02304490,0.00000000,0.00000000,0.00000000,0.03091370,0.00000000,0.00000000,0.00000000,0.00339519,0.00000000,0.00000000,0.00543181,0.00000000,0.10413283,0.00000000,0.00000000,0.00000000,0.27641445,0.00401200,0.00000000,2.88745324,0.00000000,0.00000000,0.00000000,0.00000000,0.00000000,0.01074831,0.00000000,0.00000000,0.00000000,0.00000000,0.00000000,0.00281323,0.00000000,0.15928808,0.00000000,0.02400825,0.00221809,0.00000000,0.05014530,0.00000000,0.00000000,0.00000000,0.00000000,0.00080540,0.00165430,0.00000000,0.00000000,0.00000000,0.00000000,0.25197541,0.00382918,0.02395585,0.00632244,0.00000000,0.00000000,0.00000000,0.00000000,0.00000000,0.00000000,0.05610725,0.00000000,0.00000000,0.00000000,0.29202118,0.00000000,0.00000000,0.00000000,0.00663192,0.00000000,0.00000000,0.00000000,0.16622899,0.00000000,0.00000000,0.00122113,0.07150157,1.08279621,0.00000000,0.00000000,0.00000000,0.47217586,0.00000000,0.00000000,0.00000000,0.00000000,7.34494930,0.00000000,0.00791975,0.00000000,2.78850038,0.00000000,0.00000000,0.00000000,0.00000000
3.96895568,0.00000000,0.01340320,0.00000000,0.00000000,0.00000000,0.00000000,0.00000000,0.00000000,0.00000000,0.00000000,0.00000000,0.00000000,0.00000000,0.00000000,0.13940644,0.00000000,0.00000000,0.00645037,0.00000000,0.00845147,0.21823738,0.00000000,0.00000000,0.00000000,0.00840401,0.00000000,0.00000000,0.00214271,0.00000000,0.00000000,0.08759251,0.00000000,0.00000000,0.00932492,0.07794147,0.03840988,0.00000000,0.00516497,0.00000000,0.00102922,0.00000000,0.00000000,0.00000000,0.00000000,0.00000000,0.00000000,0.00000000,0.00000000,0.00000000,0.04071728,0.00000000,0.00000000,0.00000000,0.00000000,0.00238981,0.00000000,0.00000000,0.00000000,0.00000000,0.00000000,0.00000000,0.00000000,0.03347591,0.00000000,0.22214471,0.53548553,0.01079267,0.00000000,0.00000000,0.00000000,0.00000000,0.00000000,0.00000000,0.00000000,0.00089492,0.00819032,0.00290738,0.00000000,0.06297717,0.00000000,0.00710415,0.00000000,0.00000000,0.00108480,0.02101354,0.00000000,0.00000000,0.15763554,0.05183077,0.00173468,0.07825224,0.00000000,0.00000000,0.00000000,0.03360391,0.00000000,0.00000000,0.00000000,0.00000000,0.00000000,0.04547371,0.00000000,0.01106353,0.00000000,0.00000000,0.00000000,0.00305769,0.00427053,0.00000000,0.00000000,0.00000000,0.00000000,0.16180240,0.00237157,0.00000000,0.00000000,0.00000000,0.00000000,0.00000000,0.00000000,0.04951782,0.00000000,0.00095692,0.00000000,0.00000000,0.01245932,0.00000000,0.00890664,0.04912380,0.00000000,0.00000000,0.00000000,0.00630881,0.00000000,0.00000000,0.00511060,0.00000000,0.00000000,0.00000000,0.00000000,0.00000000,0.00000000,0.00000000,0.00000000,0.00000000,0.00000000,0.00000000,6.64300527,0.00000000
0.00000000,0.00000000,0.00000000,0.01444932,0.00000000,0.00000000,0.98448065,3.04992632,0.00000000,0.00573301,0.00000000,0.00000000,0.00000000,0.00000000,0.00000000,0.00000000,0.00000000,0.00000000,0.00000000,0.00000000,0.00000000,0.00000000,0.00000000,0.00000000,0.00000000,0.00000000,0.00000000,2.59823713,0.00000000,0.00000000,0.00000000,0.00000000,0.00000000,0.00000000,0.03391876,0.00000000,0.00000000,0.74463346,0.00409424,0.00000000,0.00000000,0.00000000,0.00000000,0.00000000,0.00000000,0.00000000,0.00000000,0.00760458,0.00748946,0.00000000,0.00905156,0.00000000,0.00000000,0.00000000,0.00000000,0.00000000,0.00000000,0.02816722,0.00000000,0.00000000,0.00000000,0.54068367,0.00710557,0.10691300,0.13589878,0.00000000,0.00000000,0.00000000,0.00000000,0.00000000,0.00000000,0.00000000,0.05197110,0.00413600,0.00000000,0.00000000,0.00000000,0.00000000,0.01968563,0.00000000,0.42179214,0.00000000,0.01681924,0.00000000,0.00000000,0.00823757,0.00000000,0.00000000,0.00000000,0.00000000,0.40991578,0.00603226,0.05567116,0.00000000,0.07535995,0.00000000,0.00000000,0.00630732,0.00000000,0.00000000,0.00075174,0.00000000,0.00000000,0.00000000,0.00000000,0.00000000,0.00621184,0.00000000,0.00853692,0.00000000,0.00000000,0.00000000,0.00000000,0.00000000,0.00000000,0.00000000,4.23560478,0.00000000,0.00000000,0.00219614,0.00000000,3.49758502,0.00000000,0.00000000,0.05337674,0.00000000,0.00000000,0.02066962,0.00000000,0.00000000,0.00000000,0.00000000,0.00000000,0.00000000,0.48180904,0.00000000,0.10626526,0.00326428,0.00000000,0.00000000,0.00000000,0.00000000,0.00000000,0.00000000,0.00000000,0.00000000,0.00000000,0.00000000,0.01458786,0.00000000
0.00000000,0.00176927,0.00000000,0.00000000,0.00000000,0.98448065,0.00000000,0.00000000,0.00000000,0.00000000,0.00000000,0.00000000,0.00147959,0.00000000,0.00000000,0.00000000,0.01448413,0.00000000,0.00000000,0.01213494,0.00000000,0.00000000,0.00000000,0.49941281,0.00000000,0.00320937,0.00000000,0.00000000,0.00000000,0.00000000,0.01826111,0.00000000,0.00000000,0.00000000,0.00375274,0.00000000,0.28081423,0.00000000,0.00422432,0.04227319,0.00000000,0.00000000,0.00000000,0.00000000,0.00000000,0.23092820,0.00000000,0.00000000,2.75249818,0.00000000,0.00186883,0.00000000,0.00000000,0.00000000,0.00000000,0.01083170,0.00000000,0.00000000,0.00652108,0.04545680,0.01877326,0.00000000,0.00000000,0.00000000,0.00000000,0.01761840,0.00000000,0.00000000,0.00000000,0.00000000,0.00000000,0.00000000,0.05299897,4.61287531,0.02305344,0.00000000,0.02558123,0.00000000,0.00000000,0.00000000,0.00000000,0.00000000,0.00000000,0.03787759,0.04133091,0.00000000,0.00000000,0.00554748,0.01948994,0.00000000,0.01678179,0.00000000,0.00000000,0.00000000,0.00339520,0.00000000,0.13000957,0.00000000,0.00000000,0.00000000,0.00000000,0.00000000,0.00000000,0.00000000,0.00000000,0.00000000,0.00000000,0.00000000,0.00000000,0.00000000,0.00000000,0.00000000,0.08791134,0.00000000,0.00350537,0.00000000,0.00000000,0.21136734,0.00000000,0.00000000,0.00000000,0.00000000,0.00000000,0.00000000,0.00000000,0.02794520,0.00000000,0.00591769,0.00000000,0.00000000,0.00000000,0.00386670,0.00000000,0.00722575,0.00000000,0.00000000,0.01038960,0.00000000,0.00000000,0.00000000,0.00000000,0.00000000,0.00000000,0.00000000,0.00000000,0.01376277,0.00000000,0.00000000,0.00000000,0.00000000
0.00000000,0.00000000,0.00000000,0.00000000,0.00000000,3.04992632,0.00000000,0.00000000,0.00000000,0.00000000,0.00000000,0.00000000,0.00000000,0.00000000,0.00000000,0.00000000,0.00000000,0.00000000,0.00000000,0.00000000,0.00000000,0.00843626,0.00000000,0.00000000,0.00000000,4.90669664,0.42122945,0.00000000,0.00000000,0.09281865,0.00000000,0.00750278,0.00000000,0.00000000,0.00388098,0.00000000,0.00000000,0.00000000,0.00000000,0.00000000,1.46957007,0.00000000,0.00000000,0.00000000,0.00000000,0.00000000,0.00000000,0.00000000,0.19384314,0.00000000,0.11393130,0.00000000,0.00623883,0.00000000,0.00000000,0.00000000,0.00000000,0.00000000,0.79170710,0.00000000,0.00000000,0.00000000,0.00000000,0.00000000,0.00622087,0.00000000,0.00000000,0.00292869,0.00000000,0.00000000,0.00000000,0.00000000,0.00472036,0.00000000,0.00000000,0.11195355,0.00000000,0.00000000,0.00000000,0.00000000,0.00518481,0.00000000,0.00000000,0.00000000,0.00000000,0.00000000,0.00000000,0.00000000,0.00000000,0.00000000,0.07330053,0.02395626,0.05031324,0.00000000,0.00000000,0.00000000,0.00000000,0.00000000,0.00000000,0.00000000,0.00000000,0.00000000,0.00000000,0.00000000,0.07054064,0.00000000,0.07338037,0.00882814,0.20960375,0.00000000,0.00340843,0.00000000,0.63313568,0.03583115,0.00000000,0.49422675,0.00000000,0.00135258,0.00000000,0.00000000,0.00000000,0.00000000,0.00000000,0.01820157,0.00000000,0.00000000,0.00976198,0.01168754,0.00000000,0.00000000,0.00000000,0.00000000,0.00000000,0.00000000,0.00000000,0.00000000,0.00000000,0.06244591,0.00000000,0.00000000,0.00000000,0.00000000,0.00000000,0.00326386,0.00000000,0.00000000,0.00000000,2.07340871,0.00000000,0.00000000
0.02495326,0.00297951,0.00000000,0.00000000,0.00000000,0.00000000,0.00000000,0.00000000,0.00000000,0.00000000,0.00000000,0.00000000,0.00000000,0.00000000,0.00000000,0.00000000,0.00000000,0.00000000,0.00000000,0.00000000,0.30416521,0.00000000,0.03118789,0.00000000,0.00000000,0.00000000,0.00000000,0.00000000,0.00000000,0.00000000,0.00336440,0.00000000,0.00000000,0.00000000,0.44462735,0.00000000,0.00000000,0.00000000,0.00555520,0.00000000,0.00000000,0.47372796,0.00000000,0.00000000,0.00000000,0.00000000,0.00470600,0.00000000,0.00000000,0.00000000,0.00000000,0.00000000,0.01390500,0.00000000,0.00252862,0.00000000,0.00000000,0.00000000,0.00000000,0.40554656,0.00000000,0.00000000,0.00000000,0.00000000,0.04510444,0.00000000,0.01101768,0.01018788,0.00000000,0.00000000,1.25647413,0.00000000,0.00231035,0.00000000,0.00394194,0.09178492,0.00000000,0.00000000,0.05935426,0.00000000,0.00000000,0.02748812,0.51994317,0.00000000,0.00000000,0.00000000,0.00000000,0.56403245,0.00000000,0.00000000,0.00000000,0.13030693,0.03926720,0.00000000,0.00637465,0.00000000,0.00161951,0.07681386,0.02008429,0.00000000,0.00000000,0.00000000,0.00000000,0.00000000,5.76350927,0.00000000,0.00000000,0.00000000,0.00000000,0.00000000,0.00000000,0.00000000,0.00000000,0.00000000,0.00000000,0.01384022,0.03924616,0.00000000,0.00000000,0.00000000,0.00000000,0.00000000,0.00000000,0.07293307,0.00000000,0.00000000,0.00000000,0.00000000,0.00000000,0.00000000,0.00000000,0.00000000,0.00115323,0.00641300,0.00000000,0.00000000,0.00000000,0.02312060,0.00000000,0.00000000,0.00000000,0.00000000,0.00000000,0.00000000,0.00106780,0.00000000,0.02517673,0.00000000,0.00000000,0.00000000
0.00000000,0.11673925,0.00000000,0.00071710,0.00000000,0.00573301,0.00000000,0.00000000,0.00000000,0.00000000,0.00000000,0.00000000,0.11548426,0.00000000,0.00000000,0.00000000,0.00000000,0.00000000,0.00000000,0.09880406,0.24303171,0.00332306,0.00000000,0.00000000,0.00000000,0.00776704,0.00000000,0.40120169,0.00000000,0.00000000,0.00000000,0.00000000,0.00000000,0.02243513,0.00000000,0.00000000,0.00000000,0.00000000,0.00000000,0.00000000,0.00000000,0.00000000,0.00000000,0.00000000,0.00000000,0.00000000,0.00000000,0.00000000,0.04690372,0.00000000,0.00000000,0.00000000,0.00000000,0.00000000,0.02301456,0.00000000,0.00000000,0.00000000,0.01935698,0.00000000,0.00000000,0.00000000,0.00000000,0.00000000,0.00000000,0.00000000,0.00000000,0.00000000,0.00000000,0.00214368,0.00000000,0.00249667,0.00616015,0.00105153,0.00000000,0.00000000,0.00342698,0.00000000,0.00000000,0.00000000,0.00000000,0.00000000,0.03222523,0.20454312,0.04495821,0.00000000,0.00000000,0.28816041,0.00000000,0.00000000,0.09150227,0.00600452,0.00000000,0.00000000,0.00000000,0.00000000,0.00302517,0.00000000,0.00000000,0.00000000,0.00000000,0.00000000,0.00000000,0.00000000,0.00000000,0.00000000,0.00000000,0.00000000,0.00000000,0.07576213,0.00000000,0.00000000,0.00000000,0.00272015,0.00000000,0.00111147,0.00000000,0.00000000,0.00000000,0.00911497,0.03326136,0.00000000,0.00000000,0.00000000,0.00000000,0.00000000,0.00000000,0.00000000,0.00000000,0.00000000,0.00000000,0.00099598,0.00000000,0.01143919,0.00000000,0.01487462,0.00000000,0.00000000,0.00000000,0.00000000,0.00000000,0.00000000,0.00000000,0.00000000,0.85454036,0.00000000,0.01930575,0.00000000,0.00000000,0.00000000
0.00000000,0.00000000,0.00000000,0.00000000,0.00000000,0.00000000,0.00000000,0.00000000,0.00000000,0.00000000,0.00000000,0.00000000,0.00729879,0.00000000,0.00000000,0.00000000,0.00000000,0.00000000,0.11051906,0.00000000,0.00000000,0.01624670,0.21080995,0.00000000,0.00464907,0.00000000,0.00371231,0.00000000,0.00000000,0.04212535,0.00000000,0.00000000,0.00000000,0.00000000,0.00000000,3.10429815,0.00000000,0.00000000,0.40569804,0.00000000,0.00000000,0.00000000,0.04798379,0.00000000,0.00000000,0.00000000,0.00000000,0.00259722,0.00000000,0.00000000,0.00000000,0.00844082,0.00000000,0.00000000,0.40677550,0.00000000,0.00000000,0.01368024,0.02609005,0.00000000,0.00000000,0.12523291,0.00000000,0.00000000,0.00000000,0.00000000,0.00000000,0.00000000,0.00000000,4.14439057,0.00000000,0.00909961,0.00000000,0.00000000,0.00471045,0.00000000,0.00000000,0.00000000,1.90030938,0.00000000,0.00000000,0.42727212,0.00000000,0.00166994,0.01819371,0.00000000,0.00190338,0.00000000,0.00000000,0.00000000,0.00000000,0.00000000,0.00000000,0.00000000,0.00000000,0.00000000,0.00000000,0.06778999,0.00000000,0.00000000,0.00000000,0.02241415,0.00000000,0.00000000,0.00000000,0.00000000,0.00000000,0.00000000,0.00000000,0.00078783,0.00000000,0.00000000,0.00000000,0.00000000,0.01851735,0.00000000,0.00000000,0.00000000,0.00000000,0.00000000,0.00000000,0.15271552,0.00000000,0.63760323,0.00000000,0.00000000,0.00000000,0.00000000,0.00000000,0.00000000,0.00000000,2.81814302,0.00000000,0.00000000,0.02920430,0.00000000,0.00000000,0.00000000,0.00000000,0.08048458,0.00000000,0.00000000,0.00000000,0.00000000,0.82312079,0.00000000,0.00000000,0.00000000,0.00000000,0.00000000
0.00000000,0.00000000,0.00000000,0.00000000,0.00000000,0.00000000,0.00000000,0.00000000,0.00000000,0.00000000,0.00000000,0.00000000,0.00000000,0.00000000,0.00000000,0.00655198,0.00000000,0.00000000,0.00000000,0.00000000,0.01007768,0.00000000,0.00000000,0.00000000,0.00000000,0.00000000,0.00000000,0.00000000,0.00000000,0.00000000,0.00000000,0.00000000,0.00000000,0.00000000,0.04008760,0.00000000,0.00000000,0.00000000,0.00318943,0.00000000,0.00000000,0.00000000,0.00000000,0.00000000,0.00000000,0.00000000,0.00000000,0.00000000,0.00000000,0.00357251,0.00000000,0.47591934,0.00000000,0.00109519,0.00000000,0.00000000,0.00000000,0.00000000,0.00000000,0.11960106,0.00000000,0.00000000,0.27069992,0.00000000,0.07174820,0.00000000,0.00000000,0.00000000,0.00560087,0.00000000,0.00253223,0.00000000,0.00000000,0.00000000,0.00000000,0.00000000,0.02932311,0.00000000,0.00000000,0.00000000,0.00000000,0.00000000,0.00000000,0.00000000,0.00000000,0.00991956,0.00444762,0.00000000,0.00000000,0.00000000,0.00188092,0.00000000,0.00000000,0.14386619,0.00000000,0.00000000,0.00000000,0.00557610,0.00000000,0.02656646,0.00320498,0.00000000,0.00075355,0.00000000,0.00000000,0.00000000,0.00000000,0.01786612,0.00000000,1.03669848,3.28876523,0.00000000,0.00000000,0.00000000,0.00000000,0.00719109,0.00000000,0.11060266,0.00816660,0.00000000,0.00000000,0.00000000,0.00000000,0.00000000,0.00919427,3.04290265,0.00000000,0.00000000,0.00000000,0.00406894,0.00000000,0.00000000,0.00000000,0.00000000,0.00068031,0.00736170,0.00000000,0.00000000,0.00000000,0.00000000,1.23931748,0.00000000,0.00000000,0.00000000,0.00000000,0.00000000,0.00000000,0.00000000,1.05414839,0.00000000
0.00000000,0.00000000,0.01222961,0.00000000,0.00000000,0.00000000,0.00147959,0.00000000,0.00000000,0.11548426,0.00729879,0.00000000,0.00000000,0.00000000,0.00000000,0.00000000,0.00000000,0.00000000,0.00000000,0.00000000,0.00000000,0.00000000,0.00000000,0.00478360,0.00000000,0.00000000,0.00000000,0.00000000,0.00391345,0.00000000,0.00000000,0.00976276,0.00000000,0.00000000,0.00000000,0.00000000,0.00000000,0.00000000,0.00000000,0.00000000,0.00000000,0.00000000,0.00000000,0.03964704,0.00000000,0.00577841,0.03216133,0.07908449,0.00000000,0.00000000,0.00000000,0.00000000,0.01025216,0.00000000,0.00000000,0.00000000,0.00309980,0.00000000,0.00000000,0.00148276,0.00000000,0.00000000,0.00000000,0.00143544,0.00000000,0.00000000,0.00000000,0.00000000,0.00000000,0.00000000,0.00392730,0.00000000,0.00000000,0.00000000,0.00000000,0.07635898,0.00258533,0.00000000,0.00000000,0.05777354,0.00000000,0.00000000,0.00000000,0.00000000,2.85396352,0.00000000,0.00000000,0.00000000,0.00000000,0.00000000,0.02136598,0.00000000,0.00000000,0.00000000,0.00000000,0.00000000,0.00104663,0.00000000,0.01079326,0.06493677,0.00000000,0.00219002,0.00000000,0.01905514,0.00000000,0.00000000,0.00000000,0.01152507,0.03443942,0.00000000,0.00000000,0.00000000,0.03227131,0.03266953,0.00000000,0.00000000,0.00000000,1.00445655,0.00000000,0.00000000,0.00000000,0.00000000,0.00000000,0.00000000,0.00000000,0.00000000,0.00000000,0.00144811,0.01665359,0.00000000,0.00000000,0.00000000,0.00000000,0.00000000,0.00000000,0.00000000,0.00000000,0.00000000,0.00000000,0.97909472,0.00000000,0.00000000,0.00000000,0.01062182,2.25429314,0.00000000,0.00000000,0.00000000,0.00000000,0.00000000
0.00000000,0.00000000,0.00000000,0.00000000,0.00000000,0.00000000,0.00000000,0.00000000,0.00000000,0.00000000,0.00000000,0.00000000,0.00000000,0.00000000,0.00000000,0.00000000,0.00000000,0.00000000,0.00000000,0.00000000,0.00000000,0.00000000,4.42163229,0.00000000,0.11659427,0.00000000,0.00000000,0.02078856,0.00000000,0.00000000,0.00000000,0.00566894,0.25062051,0.02088185,0.00000000,0.00868775,0.05495337,0.00000000,0.00356009,0.00229614,0.00000000,0.00000000,0.00000000,0.00000000,0.00000000,0.00000000,0.00000000,0.00000000,0.00000000,0.36263514,0.04191828,0.02246834,0.05405136,0.00000000,0.00000000,0.00000000,0.01234647,0.00000000,0.00000000,0.00000000,0.00000000,0.00000000,0.00000000,0.00091632,0.00000000,0.00000000,0.00000000,0.00000000,0.01102709,0.00000000,0.00000000,0.00000000,0.00000000,0.05469753,0.00000000,0.00000000,0.07829166,0.00000000,0.00000000,0.00000000,0.00000000,0.00664368,0.00000000,0.00000000,0.00902803,0.00000000,0.13486530,0.00000000,0.00000000,0.00000000,0.00000000,0.00000000,0.00000000,0.00000000,0.00000000,0.00000000,0.00000000,0.00000000,0.00000000,0.00000000,0.00112231,0.00000000,0.00000000,0.00000000,0.00000000,0.00000000,0.00000000,0.00000000,2.58089778,0.00000000,0.00000000,2.46105971,2.26174753,0.00000000,0.00000000,0.26539510,0.00000000,0.00000000,0.00000000,7.59309695,0.00515474,0.00680524,0.00000000,0.00000000,0.04595969,0.00481044,0.00000000,0.02287586,0.00000000,0.00222188,0.00000000,0.00000000,0.00000000,0.00000000,0.00000000,0.02823526,0.00000000,0.00000000,0.00000000,0.17663389,0.00000000,0.00000000,0.00000000,0.02325742,0.07447227,0.00000000,0.07021023,0.00000000,0.00000000,0.00000000
0.00369915,0.00000000,0.00000000,0.00000000,0.00000000,0.00000000,0.00000000,0.00000000,0.00000000,0.00000000,0.00000000,0.00000000,0.00000000,0.00000000,0.00000000,0.00000000,4.22293838,0.00000000,0.00000000,0.00000000,0.00000000,0.00000000,0.00000000,0.00000000,0.00900358,0.00000000,0.00000000,0.18802279,0.00000000,0.00000000,0.00000000,0.00000000,0.00000000,0.00000000,0.00261929,0.00000000,0.12302944,0.01957855,0.00934708,0.01109773,0.00000000,0.00000000,0.00000000,0.00000000,0.00000000,0.00000000,0.00000000,0.00000000,0.52704580,0.00232894,0.00000000,0.00000000,0.00000000,0.00000000,0.00335164,0.05572710,0.05490679,0.00000000,0.00343514,0.00000000,0.20363986,0.00000000,1.38497452,0.00000000,0.00000000,0.00000000,0.00000000,0.00000000,0.00000000,1.72340869,0.00000000,0.00000000,0.00000000,0.00442756,0.16081343,0.00143130,0.00000000,0.00000000,0.00000000,0.00792471,0.00000000,0.01852117,0.00327053,0.00000000,0.00000000,0.00000000,0.00000000,0.32936630,0.33539912,0.00000000,0.03906733,0.00000000,0.00700301,0.54485197,0.00000000,0.00000000,0.00000000,0.00000000,0.00588542,0.00510487,0.00000000,0.00000000,0.00000000,0.00000000,0.00000000,0.00000000,0.00000000,0.00000000,0.00000000,0.00788728,0.00000000,0.00000000,0.00000000,0.00000000,0.00000000,0.00402592,0.00000000,0.00000000,0.00000000,0.12307516,0.00000000,0.04777640,0.00000000,0.00000000,0.00000000,0.00000000,0.00000000,0.00000000,0.00000000,0.00000000,0.00000000,0.00000000,0.00000000,0.00000000,0.00000000,0.00000000,0.00000000,0.47506155,0.01328586,0.02076352,0.00000000,0.00000000,3.12954316,0.03964817,0.26292329,0.00000000,0.00000000,0.00000000,0.00000000,0.12491767
0.00000000,0.00000000,4.56469675,0.00000000,0.13940644,0.00000000,0.00000000,0.00000000,0.00000000,0.00000000,0.00000000,0.00655198,0.00000000,0.00000000,0.00000000,0.00000000,0.00000000,0.00000000,0.00000000,0.00387312,0.00000000,0.00000000,0.15563407,0.00000000,0.00000000,0.00000000,0.01808873,0.00000000,0.00000000,0.00000000,0.00000000,0.00000000,0.00000000,0.07941763,0.00117370,0.00267493,0.00000000,0.00000000,0.10821918,0.01742557,0.00000000,0.14902632,0.00000000,0.00000000,0.00000000,0.00000000,0.00000000,0.00000000,0.00000000,0.00000000,0.00000000,0.00957462,0.00000000,0.00000000,0.00000000,0.00000000,0.00000000,0.02898118,0.00000000,0.00000000,0.00000000,0.00000000,0.00000000,0.00000000,0.00000000,0.00000000,0.00000000,0.00000000,0.00000000,0.12929441,0.00000000,0.00000000,0.00000000,0.00000000,0.00000000,0.00000000,0.00000000,0.00000000,0.00000000,0.00000000,0.00504190,0.00000000,0.00000000,1.06606095,0.00000000,0.00000000,0.00000000,0.00000000,0.02436792,0.00000000,0.00000000,0.00000000,0.16618579,0.01019331,0.00000000,0.00878411,0.00000000,0.00000000,0.00000000,0.03919278,0.18862495,0.00000000,0.00000000,0.00000000,0.00000000,0.00000000,0.00000000,0.00511663,0.02762952,0.00000000,0.00000000,0.00000000,0.00290498,0.09450337,3.83611614,0.00000000,0.00000000,0.00000000,0.00000000,0.00000000,0.00000000,0.00000000,0.00619130,0.00000000,0.00000000,0.00000000,0.00000000,0.00000000,0.00000000,0.00000000,0.00000000,0.00000000,0.00000000,0.01056787,0.00000000,0.00000000,0.00000000,0.00000000,0.00000000,0.09822936,0.00526590,0.00000000,0.00000000,0.00309841,0.00000000,0.00000000,0.00000000,0.00000000,0.00000000,0.00000000
0.18946923,0.05436251,0.00000000,0.01816013,0.00000000,0.00000000,0.01448413,0.00000000,0.00000000,0.00000000,0.00000000,0.00000000,0.00000000,0.00000000,4.22293838,0.00000000,0.00000000,0.00000000,0.00000000,0.00000000,0.00000000,0.00000000,0.00000000,0.00000000,0.00424328,0.00000000,0.06623185,0.00000000,0.00000000,0.00000000,0.00000000,0.00000000,0.00000000,0.00000000,0.00518267,0.01397719,0.00000000,0.00000000,0.00000000,0.00000000,0.00000000,0.00554704,0.36475430,0.00727861,0.05754408,0.00000000,0.00000000,0.00000000,0.00000000,0.02025930,0.00000000,0.00000000,0.01191463,4.19820018,0.00000000,0.00000000,0.00000000,0.00688490,0.99259691,0.00000000,0.00000000,0.00000000,4.22942932,0.00700984,0.00000000,0.00000000,0.00247387,0.04963872,4.43335928,0.00000000,0.05703607,0.00000000,0.00262674,0.00807942,0.00000000,0.00000000,0.00000000,0.00000000,0.00218894,0.00000000,0.00000000,0.01601338,0.00000000,0.00000000,0.00000000,0.00000000,0.00000000,0.00000000,0.00000000,0.00000000,0.00000000,0.00350194,0.00000000,0.00571055,0.00000000,0.00000000,0.00000000,0.01306567,0.00000000,4.18092692,0.01436150,0.00000000,0.00000000,0.00000000,0.00000000,0.00000000,0.00000000,0.00000000,4.69614344,0.00000000,0.00000000,0.00000000,0.00000000,0.01759975,0.01608057,0.00000000,0.00000000,0.00000000,0.00000000,0.00000000,0.01182164,0.00423661,0.00000000,0.00000000,0.00000000,0.02864894,0.00000000,0.00000000,0.18989844,0.00000000,0.00000000,0.05817303,0.00000000,0.00000000,6.32382032,0.00427711,0.00000000,0.13313963,0.00000000,0.00000000,0.00000000,0.12583713,1.46649349,0.00000000,0.00000000,0.00000000,1.73573120,0.00000000,0.00000000,0.00000000
0.00000000,0.00000000,0.42199935,0.00000000,0.00000000,0.00000000,0.00000000,0.00000000,0.00000000,0.00000000,0.00000000,0.00000000,0.00000000,0.00000000,0.00000000,0.00000000,0.00000000,0.00000000,0.00000000,0.07456000,0.00000000,0.00000000,0.03213002,0.00000000,0.00000000,0.01137156,0.00000000,0.00000000,0.00000000,0.00385169,0.00000000,0.00000000,0.02001242,0.00000000,0.00000000,0.00000000,0.00000000,0.00000000,0.00000000,0.00000000,0.00000000,0.00000000,0.00000000,0.00000000,0.03594386,0.00000000,0.00000000,0.00000000,0.00000000,0.00000000,0.00000000,0.00000000,0.00694918,0.00000000,0.00000000,0.00000000,0.00000000,0.03132286,0.00000000,0.00000000,0.00000000,0.00000000,0.12353736,0.00000000,0.00000000,0.00000000,0.05882137,0.00557026,0.00245889,0.00000000,0.01275278,0.20176963,0.00000000,0.00000000,0.00000000,0.00000000,0.00000000,0.00000000,0.01325270,0.00000000,0.00000000,0.00000000,0.00000000,0.00000000,0.01151688,0.43863695,0.00000000,0.00000000,4.93254056,0.00000000,0.00305591,0.00000000,0.00000000,0.08880526,0.00000000,0.00000000,0.00000000,0.00000000,0.00000000,0.00000000,0.02601543,0.00223971,0.00000000,6.35995528,0.10325257,0.01446358,0.00000000,0.00000000,0.00000000,0.00000000,0.00000000,0.00000000,0.00000000,0.00000000,0.00000000,0.01583554,0.00000000,0.00000000,0.00000000,0.13349310,0.11100229,0.00000000,0.00000000,0.00000000,0.00000000,0.00000000,0.00000000,0.00629811,0.00000000,0.00000000,0.00360627,0.00000000,0.00000000,0.00333308,0.00000000,0.00000000,0.00000000,0.00000000,0.00389087,0.00000000,0.00000000,0.02817903,0.00000000,0.00000000,0.00000000,0.14806004,0.00000000,0.00000000,0.01752670,0.00000000
0.00000000,0.00000000,0.00703059,0.00000000,0.00645037,0.00000000,0.00000000,0.00000000,0.00000000,0.00000000,0.11051906,0.00000000,0.00000000,0.00000000,0.00000000,0.00000000,0.00000000,0.00000000,0.00000000,0.00000000,0.00000000,0.00000000,0.00000000,0.00308905,0.00000000,0.00000000,0.00000000,0.00000000,0.00000000,0.00000000,0.00000000,0.00000000,0.03560773,0.00000000,0.00000000,0.00000000,0.00950835,0.03425161,0.00840523,0.00000000,0.00000000,0.00000000,0.00000000,0.00000000,0.00000000,0.01784557,0.00000000,0.00000000,0.00000000,0.06665056,0.00000000,0.00000000,0.00613234,0.00000000,0.06916846,0.05043476,0.00000000,0.00000000,0.00000000,0.07440175,0.00000000,0.00000000,0.00000000,0.00245930,0.00000000,0.00000000,0.00000000,0.00000000,0.00000000,0.00000000,0.00000000,0.00000000,0.00984557,0.00000000,0.00000000,0.00916108,0.05933448,0.00782727,0.00000000,0.00000000,0.00000000,0.01728791,0.00000000,0.00000000,0.00000000,0.00000000,0.00000000,0.27108857,0.00000000,0.00545312,0.00000000,0.00000000,0.00000000,0.00354815,0.00000000,0.00000000,0.00000000,0.00000000,0.25286685,0.00000000,0.00000000,0.02614952,0.00000000,0.00000000,0.00000000,0.00000000,0.00000000,0.00000000,2.86412806,0.00272341,0.00000000,0.00000000,0.20057021,0.04884118,0.00000000,0.00000000,0.00000000,0.00000000,0.00000000,0.01574469,0.00000000,0.10443669,0.00713750,0.00000000,0.00000000,0.00000000,0.00000000,0.00000000,0.00000000,0.00000000,0.02124996,0.00000000,0.02455033,0.04216342,0.25788016,0.00000000,0.00000000,0.00000000,0.01971688,0.01010667,0.00000000,0.00463399,0.00000000,0.06782337,0.00000000,0.02589946,0.00000000,0.00000000,0.00000000,0.00438017
0.00000000,0.02256889,0.00000000,0.01742977,0.00000000,0.00000000,0.01213494,0.00000000,0.00000000,0.09880406,0.00000000,0.00000000,0.00000000,0.00000000,0.00000000,0.00387312,0.00000000,0.07456000,0.00000000,0.00000000,0.00000000,0.00000000,0.01497120,0.00000000,0.00000000,0.00314792,0.00000000,0.00000000,0.00000000,0.00000000,0.00000000,0.00000000,0.01574033,0.00000000,0.00000000,0.02530482,0.00000000,0.18819142,0.01262468,0.00000000,0.00000000,0.00000000,0.00000000,0.00000000,0.00000000,0.00000000,0.00000000,0.00000000,0.00000000,0.00000000,0.00000000,0.00000000,0.00000000,0.00516437,0.00000000,0.00000000,0.00000000,0.00000000,0.00357516,0.00000000,0.00000000,0.00000000,0.00000000,0.04548693,0.00000000,0.00000000,0.00000000,0.00000000,0.00000000,0.00000000,0.00000000,0.00000000,0.00000000,0.00141916,0.00000000,0.00000000,0.00000000,0.00000000,0.00000000,0.00000000,0.03122907,0.00000000,0.00245176,0.00000000,0.00000000,0.00000000,0.00000000,0.00000000,0.00000000,0.00000000,0.01425308,0.06057947,0.00000000,0.00000000,0.00000000,0.00000000,0.00000000,0.00000000,0.00000000,0.00000000,0.00000000,0.00000000,0.00709180,0.00000000,0.00000000,0.00559494,0.00000000,0.10680990,0.01672941,0.00000000,0.00000000,0.00000000,0.00000000,0.00000000,0.00000000,0.00000000,0.00000000,0.00000000,0.00000000,2.99890188,0.00000000,0.00000000,0.00000000,0.02247314,0.00000000,0.00000000,0.00000000,0.00000000,0.04922853,0.00969855,0.00183782,0.00000000,0.00000000,0.00000000,0.00213941,0.00000000,2.93183478,0.00000000,0.00000000,0.00000000,0.00000000,0.00881392,1.92517411,0.33614622,0.00000000,0.02947745,0.00000000,0.00000000,0.00101299,0.00000000
0.00000000,0.00844203,0.00000000,0.00870446,0.00845147,0.00000000,0.00000000,0.00000000,0.30416521,0.24303171,0.00000000,0.01007768,0.00000000,0.00000000,0.00000000,0.00000000,0.00000000,0.00000000,0.00000000,0.00000000,0.00000000,0.00000000,0.05683320,0.00000000,0.40807112,0.16803309,0.00000000,0.36009448,0.01624961,0.00000000,0.00000000,0.00000000,0.00000000,0.00000000,0.00076531,0.00000000,0.02942433,0.02635367,0.00000000,0.00287282,0.00000000,0.00000000,0.00000000,0.00000000,0.00000000,0.04789674,0.00000000,0.37632612,0.00618684,0.00000000,0.00000000,0.00000000,5.15620813,0.00000000,0.00000000,0.00000000,0.13086299,0.00000000,0.00322963,0.00000000,0.00000000,0.00000000,1.27964978,0.00109111,5.00765401,0.00000000,0.05864503,0.00000000,0.01373226,0.05805954,0.02057601,0.00000000,0.00000000,0.00000000,0.03068073,0.00000000,0.00211896,0.00000000,0.00503912,0.00000000,0.00000000,0.00000000,0.00000000,0.00000000,0.00588732,1.24645479,0.01979812,0.00000000,0.00889941,0.00885253,0.00000000,0.00000000,0.00870354,0.00000000,0.00000000,0.00000000,0.07642740,0.00000000,2.74878764,0.00000000,0.00000000,0.00000000,0.04265816,0.07905269,0.00000000,0.00000000,0.00000000,0.00000000,0.00000000,0.00000000,0.00223700,0.23955873,0.00000000,0.07318817,0.00000000,0.00000000,0.01046801,4.85928514,0.03601914,0.00000000,0.03124952,0.00000000,0.00000000,0.00334579,0.00000000,0.00000000,0.00000000,0.00000000,0.00000000,0.00000000,0.00000000,0.00000000,0.00000000,0.00151287,0.00000000,0.00000000,0.01616307,0.00000000,0.12875995,0.01458282,0.00614540,0.21322921,0.00000000,0.00000000,0.00000000,0.02562436,0.00000000,0.25925488,0.58824943,0.00000000
0.00000000,0.00000000,0.04381751,0.18094598,0.21823738,0.00000000,0.00000000,0.00843626,0.00000000,0.00332306,0.01624670,0.00000000,0.00000000,0.00000000,0.00000000,0.00000000,0.00000000,0.00000000,0.00000000,0.00000000,0.00000000,0.00000000,6.38814755,0.00000000,0.00000000,0.00000000,0.00000000,0.00000000,0.00000000,0.00000000,0.00000000,0.01618396,0.00000000,0.00000000,0.00000000,0.00073418,0.00000000,0.00000000,0.00000000,0.00000000,0.00000000,0.00000000,0.00000000,0.00239761,0.00000000,0.00000000,0.00000000,0.00000000,0.00000000,0.00000000,0.00000000,0.00000000,0.00000000,0.02920236,0.00000000,0.06046410,0.00000000,0.00000000,0.00000000,0.00000000,0.00000000,0.00000000,0.00000000,0.00000000,0.00000000,0.00000000,0.00000000,0.00000000,0.00000000,0.00131897,0.02477468,0.00000000,0.00000000,0.00000000,0.00000000,0.00000000,0.00000000,0.00000000,0.00000000,0.00000000,0.00000000,1.03319261,0.00000000,0.12289856,0.00000000,0.00000000,0.00000000,0.00000000,0.00000000,0.00000000,0.00000000,0.00000000,0.00000000,0.00000000,0.00000000,0.00000000,0.00000000,0.00000000,0.00000000,0.00000000,0.00000000,0.00000000,0.00000000,0.00262200,0.00415510,0.00000000,0.00000000,0.00000000,0.00000000,0.03987916,0.00367453,0.05080707,0.17739900,0.14649897,0.00000000,0.03829731,0.00000000,0.00227659,3.87001985,0.00000000,0.00000000,0.00000000,0.00000000,0.00000000,0.00000000,2.00561920,0.00000000,0.00000000,0.00000000,0.00000000,0.00000000,0.03703400,0.00000000,0.00000000,0.00000000,0.00000000,0.00000000,0.00000000,0.00685109,0.00429719,0.00000000,0.02408849,0.00000000,0.01176988,0.00531503,0.00000000,0.14298093,0.31194390,0.00534105,0.00000000
0.00000000,0.00000000,0.01319541,0.00000000,0.00000000,0.00000000,0.00000000,0.00000000,0.03118789,0.00000000,0.21080995,0.00000000,0.00000000,4.42163229,0.00000000,0.15563407,0.00000000,0.03213002,0.00000000,0.01497120,0.05683320,6.38814755,0.00000000,0.00000000,0.20377907,0.00000000,0.00000000,0.00000000,0.00000000,0.00000000,0.00000000,0.00000000,0.00000000,0.00000000,0.00000000,0.00000000,0.00000000,0.00000000,0.91609548,0.00000000,0.00000000,0.00000000,0.00000000,0.00000000,0.00000000,0.00000000,0.00000000,0.00000000,0.57936535,0.00000000,0.00000000,0.00000000,0.00000000,0.00000000,0.00000000,0.00000000,0.00000000,0.00000000,0.00000000,0.00000000,0.02584667,0.00000000,0.00000000,0.00000000,0.00000000,0.00000000,0.00000000,0.00000000,0.00000000,0.00000000,0.00000000,0.00000000,0.00000000,0.01879157,0.00000000,0.00000000,6.86962562,0.00931900,0.00000000,0.00000000,0.00000000,0.00000000,0.00000000,0.00000000,0.04416633,0.00000000,0.00000000,0.00000000,0.00000000,0.00000000,0.00776852,0.00000000,0.00000000,0.00000000,0.00000000,0.00000000,0.00000000,0.00000000,0.00000000,0.02853064,0.00000000,0.00000000,0.00000000,0.00000000,0.00000000,0.03438201,0.00000000,0.00000000,0.00000000,0.01551769,0.00000000,0.00091683,0.00000000,0.00962689,0.00000000,0.00000000,0.00000000,0.00631256,0.30651637,0.00000000,0.00000000,0.00000000,0.00000000,0.00000000,0.00000000,0.00000000,0.00000000,0.00000000,0.00692838,0.00000000,0.00000000,3.08684724,0.04007421,0.18960836,0.00000000,0.00000000,0.00000000,0.00000000,0.00000000,0.00000000,0.03838451,0.00000000,0.00000000,0.74730100,0.00435077,0.00000000,1.09703629,0.00000000,0.00000000,0.08816191
0.00000000,0.02969255,0.00000000,0.00000000,0.00000000,0.00000000,0.49941281,0.00000000,0.00000000,0.00000000,0.00000000,0.00000000,0.00478360,0.00000000,0.00000000,0.00000000,0.00000000,0.00000000,0.00308905,0.00000000,0.00000000,0.00000000,0.00000000,0.00000000,0.00000000,0.00000000,0.00000000,0.00000000,0.00000000,0.00517276,0.00000000,0.00000000,0.00000000,0.00000000,0.03331875,0.00000000,0.00826711,0.00326840,0.00989139,0.00000000,0.00000000,0.00000000,0.00000000,0.00000000,0.00000000,0.00000000,0.00000000,0.00000000,0.00000000,0.00000000,0.00000000,0.00000000,0.00000000,0.00000000,0.00000000,0.00000000,1.25117537,0.25993200,0.17709088,0.11666526,0.00000000,0.00000000,0.00000000,0.00000000,0.00464961,0.00000000,0.00000000,0.16321752,0.01716561,0.00000000,0.00000000,0.03871348,0.00000000,0.00000000,0.00000000,3.68123602,0.00000000,0.10374698,0.23922690,0.00000000,0.00000000,0.00000000,0.00000000,0.00000000,0.00000000,0.00401109,0.00000000,0.00000000,0.00000000,0.00000000,0.00000000,0.00000000,0.00000000,0.00000000,0.00000000,0.00000000,0.00000000,0.00000000,0.00000000,0.00000000,1.04949814,0.00000000,0.00000000,0.00000000,0.00863830,0.00000000,0.00000000,0.00000000,0.00000000,0.00000000,0.00000000,0.03315934,0.00000000,0.00769634,0.00883600,0.00083065,0.00000000,0.00000000,0.00000000,0.06196829,0.00000000,0.00000000,0.05832837,0.00000000,0.00000000,0.00000000,0.07930172,0.01057010,0.00000000,0.00718885,0.00000000,0.00000000,0.00000000,2.54111315,0.00000000,0.00000000,0.00000000,0.01040527,0.00000000,0.00000000,0.00000000,0.00000000,0.00000000,0.00551413,0.00000000,0.00000000,0.00000000,0.04744283,0.00000000,0.00565465
0.01277031,0.00000000,0.01315945,0.00000000,0.00000000,0.00000000,0.00000000,0.00000000,0.00000000,0.00000000,0.00464907,0.00000000,0.00000000,0.11659427,0.00900358,0.00000000,0.00424328,0.00000000,0.00000000,0.00000000,0.40807112,0.00000000,0.20377907,0.00000000,0.00000000,0.00000000,0.00000000,0.00000000,0.00000000,0.00000000,0.00000000,0.00000000,0.00000000,0.00000000,0.00000000,0.00859212,0.00000000,0.00000000,0.00000000,0.00000000,0.04458615,0.02357104,0.00000000,0.00000000,0.00000000,0.03934356,0.00000000,0.00000000,0.00000000,0.00000000,0.00000000,3.38490969,0.00000000,0.00000000,0.00000000,0.00000000,0.00000000,0.00000000,0.00000000,0.00000000,0.00000000,0.00000000,0.00000000,0.04634286,0.00000000,0.00000000,0.88532262,0.00000000,0.08823164,0.00000000,0.00000000,0.00367713,0.00000000,0.00000000,0.00320620,0.00000000,0.00000000,0.00000000,0.00000000,0.08010891,0.00000000,2.29916547,0.00000000,0.00629954,0.00632738,0.00928539,0.00724022,0.00000000,0.00000000,0.09712410,0.00000000,0.00000000,0.00000000,0.05080615,0.00000000,0.00000000,0.00000000,0.00000000,0.00000000,0.02321309,0.00223236,0.00000000,0.00000000,0.00000000,0.00000000,0.00000000,0.03487027,0.00000000,0.00000000,0.00000000,0.00000000,0.00000000,0.00000000,1.07457223,0.00000000,0.11493686,0.00000000,0.00000000,0.00000000,0.00000000,0.00000000,0.01129347,0.06108267,0.01043625,0.00000000,0.00000000,0.00000000,0.00000000,5.50336385,0.00000000,0.00000000,0.00456749,0.00000000,0.00000000,0.00000000,0.00000000,0.00000000,0.04194195,0.00000000,0.00815465,0.00000000,0.00000000,0.00000000,0.00152635,0.00269880,0.00000000,0.08872227,0.00000000,0.00000000,0.00000000
0.02212279,0.00000000,0.00000000,0.00000000,0.00840401,0.00000000,0.00320937,4.90669664,0.00000000,0.00776704,0.00000000,0.00000000,0.00000000,0.00000000,0.00000000,0.00000000,0.00000000,0.01137156,0.00000000,0.00314792,0.16803309,0.00000000,0.00000000,0.00000000,0.00000000,0.00000000,0.00000000,0.00000000,0.00000000,0.00000000,0.00000000,0.00580828,0.00000000,0.00000000,0.00000000,0.04831521,0.30853179,0.00000000,0.00000000,0.00000000,0.01040153,0.00000000,0.00000000,0.00234400,0.00000000,0.00000000,0.00000000,0.00000000,0.00000000,0.16148134,0.00000000,0.00000000,0.00000000,0.00000000,0.00000000,0.00000000,0.00000000,0.00000000,0.00346824,0.00000000,5.89374567,0.00000000,0.02035242,0.03148746,0.05870011,0.02582103,0.00000000,0.00000000,0.00000000,0.00393582,0.00000000,0.02112462,0.00000000,0.00000000,0.00000000,0.00000000,0.02498904,0.00000000,0.00000000,0.00000000,0.00000000,0.00000000,2.24643524,0.00000000,0.00000000,0.00000000,0.00000000,0.02821025,0.00727591,0.00000000,0.01423371,0.00125887,0.00000000,0.00000000,0.00963531,0.00000000,0.00000000,0.00687970,0.50344278,0.00000000,0.00000000,0.12379005,0.00000000,0.02004050,1.69851766,0.00000000,0.00000000,0.00000000,0.04058281,0.00000000,0.00000000,0.00000000,0.00000000,0.00000000,0.00390851,0.13568809,0.00000000,0.01159378,0.00000000,0.00000000,0.01160450,0.00000000,0.00000000,0.00759809,0.00000000,0.00000000,0.00000000,0.00000000,0.00000000,0.00000000,0.00120966,0.00000000,0.00000000,0.00000000,0.00000000,0.00000000,0.00000000,0.00000000,0.00000000,0.00000000,0.00000000,0.00598174,0.04880092,0.00000000,0.42802457,0.00000000,0.00000000,0.00000000,0.64419234,0.01206901
0.00000000,0.00000000,0.00000000,0.00748872,0.00000000,0.00000000,0.00000000,0.42122945,0.00000000,0.00000000,0.00371231,0.00000000,0.00000000,0.00000000,0.00000000,0.01808873,0.06623185,0.00000000,0.00000000,0.00000000,0.00000000,0.00000000,0.00000000,0.00000000,0.00000000,0.00000000,0.00000000,0.00000000,0.00000000,0.03062980,0.00000000,0.05484307,0.00000000,0.04788679,0.06159970,0.00000000,0.00000000,0.00000000,0.00000000,0.00000000,0.11521264,0.00000000,0.00178122,0.00000000,0.08976352,1.22103461,0.00000000,0.01001155,0.00000000,0.00000000,0.00000000,0.00000000,0.00000000,0.00000000,0.00000000,0.00000000,0.00000000,0.00000000,0.00000000,0.00588915,0.00000000,0.00000000,0.00000000,0.00000000,0.00000000,0.00000000,0.00000000,0.00000000,0.00000000,0.05370872,0.00000000,0.00000000,0.00000000,0.00000000,0.00696154,0.00000000,0.00974391,0.01375932,0.00000000,0.00000000,0.00000000,0.00000000,0.00000000,0.00000000,0.00000000,0.00000000,0.00000000,0.00000000,0.00000000,0.00714144,0.05884576,0.00000000,0.00274348,0.00000000,0.00000000,0.01011944,0.00000000,0.00000000,0.00000000,0.00000000,0.00000000,0.00000000,0.02093398,0.00000000,0.00000000,0.02827437,0.00000000,0.00000000,0.00000000,0.00226046,0.00000000,0.13609370,0.07977868,0.00000000,0.00000000,0.00000000,0.00622807,0.00000000,0.00000000,0.00000000,0.00000000,0.00000000,0.01348171,0.41207594,0.00000000,0.00000000,0.00000000,0.15047532,0.00000000,0.00000000,0.00000000,0.00000000,0.00000000,0.00000000,0.00000000,0.00000000,0.00000000,0.00000000,0.00000000,0.00000000,0.00000000,0.00000000,0.00000000,1.07566838,0.00000000,0.00000000,0.00724483,0.00000000,0.00514080,0.00141907
0.00000000,0.00000000,0.00000000,0.00000000,0.00000000,2.59823713,0.00000000,0.00000000,0.00000000,0.40120169,0.00000000,0.00000000,0.00000000,0.02078856,0.18802279,0.00000000,0.00000000,0.00000000,0.00000000,0.00000000,0.36009448,0.00000000,0.00000000,0.00000000,0.00000000,0.00000000,0.00000000,0.00000000,0.00000000,0.00000000,0.00581928,0.00000000,0.00000000,0.01521626,0.00000000,0.02775534,0.07899753,0.00000000,0.00000000,0.00000000,0.00000000,0.00000000,0.04213970,0.00000000,0.00000000,0.00000000,0.00000000,0.33407154,0.00000000,0.00000000,0.10047412,0.00512088,0.81013494,0.00000000,0.00000000,1.42787276,0.00000000,0.00000000,0.00000000,0.00000000,0.00000000,0.00000000,0.00000000,0.00000000,0.00000000,0.00000000,0.00000000,0.00000000,0.00000000,0.00000000,0.00000000,0.00000000,0.00000000,0.00000000,0.00955704,0.00000000,0.00000000,0.00183488,0.00000000,0.00000000,0.00000000,0.00000000,0.00000000,0.00000000,0.00000000,0.00000000,0.00000000,0.00000000,0.00000000,0.17294134,0.00546446,0.00000000,0.00000000,0.00000000,0.00000000,0.00000000,0.00000000,0.00000000,0.00000000,0.00000000,0.00176196,0.00000000,0.00000000,0.00000000,0.00000000,0.00000000,0.00000000,0.28478463,0.00000000,0.00000000,0.00000000,0.00000000,0.00556082,0.00000000,0.00000000,0.12144107,0.00000000,0.00000000,0.00000000,0.00363471,0.00000000,0.00000000,4.12064379,0.00000000,0.00000000,0.00000000,0.00000000,0.00000000,0.00000000,0.00223272,0.02441705,0.00000000,0.00000000,0.00000000,0.00000000,0.00000000,0.00000000,0.00000000,0.00000000,0.00000000,0.00000000,0.02796212,0.00000000,0.00000000,4.68473870,2.60940739,0.00000000,0.00000000,0.00000000,0.00000000
0.00000000,0.00553211,0.00000000,0.14014763,0.00214271,0.00000000,0.00000000,0.00000000,0.00000000,0.00000000,0.00000000,0.00000000,0.00391345,0.00000000,0.00000000,0.00000000,0.00000000,0.00000000,0.00000000,0.00000000,0.01624961,0.00000000,0.00000000,0.00000000,0.00000000,0.00000000,0.00000000,0.00000000,0.00000000,0.00000000,0.00000000,0.00000000,0.00000000,0.00000000,0.00350106,0.21620198,0.00000000,0.00000000,0.00000000,0.00000000,0.00000000,0.00491865,0.01580567,0.00000000,0.00205970,0.16745367,0.00000000,0.00000000,0.00000000,0.02984279,0.20020962,0.00000000,0.00000000,0.00000000,0.00000000,0.00000000,0.00000000,0.00000000,0.00000000,0.04145884,0.00000000,0.00000000,0.00000000,0.00000000,0.00000000,0.00361743,0.01487498,0.00000000,0.00000000,0.00000000,0.00000000,0.07026326,0.00000000,0.00000000,0.00000000,0.00000000,0.00000000,0.00000000,0.00000000,0.00365754,0.00000000,0.00000000,0.00000000,0.00000000,0.11400631,0.00000000,0.37870927,0.00324673,0.00000000,0.00000000,0.00000000,0.00000000,0.02529529,0.00000000,0.00000000,0.00000000,0.07732780,0.00000000,0.00000000,0.00000000,0.02350718,0.00000000,0.00000000,0.00000000,0.00000000,0.01060265,0.00000000,0.03442420,0.00000000,0.00000000,0.00000000,0.02276429,0.10811100,0.00000000,0.00000000,0.00397482,0.00000000,0.07433284,0.00000000,0.00000000,0.01016095,0.00000000,0.00000000,0.00000000,0.00000000,0.00000000,0.01564122,0.00000000,0.00216197,0.00000000,0.00611176,0.00000000,0.00000000,0.00000000,0.00000000,0.00000000,0.00000000,0.00000000,0.44667544,0.00000000,0.00000000,0.00000000,0.00075401,0.00000000,0.15140705,0.00000000,0.00000000,0.00000000,0.00000000,0.00000000
0.00000000,0.00000000,0.00000000,0.00190702,0.00000000,0.00000000,0.00000000,0.09281865,0.00000000,0.00000000,0.04212535,0.00000000,0.00000000,0.00000000,0.00000000,0.00000000,0.00000000,0.00385169,0.00000000,0.00000000,0.00000000,0.00000000,0.00000000,0.00517276,0.00000000,0.00000000,0.03062980,0.00000000,0.00000000,0.00000000,0.00000000,0.00000000,0.00000000,0.00000000,0.00000000,0.01115223,0.84736263,0.00000000,0.11471481,0.00000000,0.00000000,0.00000000,0.00000000,0.00000000,0.00000000,0.00000000,0.00000000,0.01576009,0.00000000,0.00000000,0.00000000,0.00000000,0.00000000,0.00000000,0.00000000,0.00000000,0.00000000,0.00000000,0.00000000,0.00000000,0.00000000,0.00000000,0.00000000,0.01581070,0.00000000,0.00000000,0.00000000,0.00000000,0.00000000,0.00000000,0.00502191,0.00000000,0.00000000,0.00000000,0.00000000,0.02645349,0.00000000,0.00000000,0.00000000,0.00000000,0.63281105,0.11156767,0.00000000,0.00000000,0.29526030,0.00000000,0.00000000,0.00000000,0.00000000,0.00000000,0.00000000,0.00000000,0.00000000,4.04967762,0.00000000,0.00000000,0.00000000,0.00000000,0.01116682,0.00000000,0.00000000,0.00000000,0.00000000,0.00000000,0.00000000,0.00000000,0.00000000,0.00527942,0.00000000,0.00000000,0.06069592,0.00000000,0.00474473,0.00000000,0.00643145,0.00000000,0.00769795,0.00652117,0.00000000,0.00000000,0.00000000,0.00000000,0.00000000,0.00000000,0.00000000,0.00206379,0.00000000,0.01717234,0.00000000,0.00000000,0.00000000,0.84228356,0.00000000,0.00000000,0.00000000,0.00000000,0.00000000,0.00000000,0.00000000,0.13144424,0.00000000,0.00000000,0.00000000,0.01965985,0.00000000,0.00000000,0.00000000,0.00000000,0.00000000,0.00000000
0.00000000,0.00000000,0.00000000,0.00000000,0.00000000,0.00000000,0.01826111,0.00000000,0.00336440,0.00000000,0.00000000,0.00000000,0.00000000,0.00000000,0.00000000,0.00000000,0.00000000,0.00000000,0.00000000,0.00000000,0.00000000,0.00000000,0.00000000,0.00000000,0.00000000,0.00000000,0.00000000,0.00581928,0.00000000,0.00000000,0.00000000,0.00000000,0.00999348,0.00225169,0.00000000,0.00000000,0.00000000,0.00000000,0.00000000,0.00000000,0.00000000,0.00000000,0.00000000,0.00000000,0.00000000,0.00000000,0.00000000,0.00000000,0.00000000,0.03006258,0.00000000,0.00000000,0.00000000,0.00000000,0.00000000,0.03064696,0.00000000,0.00000000,0.03375626,0.00000000,0.00000000,0.00000000,0.02100079,0.00000000,0.00000000,0.00000000,0.00000000,0.00000000,0.00000000,0.00142826,0.00000000,0.00000000,0.00000000,0.00000000,0.59946635,0.07689897,0.00000000,0.00000000,0.00000000,0.00000000,0.00239104,0.00000000,0.03607685,0.00000000,0.00000000,0.00259495,0.00000000,0.00000000,0.00000000,0.00157888,0.00000000,0.00000000,0.00000000,0.00000000,0.04278601,0.00000000,2.78578891,0.00000000,0.00000000,0.00000000,0.00000000,0.00000000,0.00000000,0.04539801,0.00000000,0.00000000,0.00000000,0.00162685,0.00000000,0.00000000,0.00000000,0.00000000,0.00134700,0.00000000,0.00000000,0.00000000,0.00000000,0.00000000,0.00000000,0.00000000,0.00000000,0.00000000,0.05230531,0.00000000,0.00000000,0.00000000,0.00000000,0.00000000,0.00000000,0.01331614,0.00000000,0.00804078,0.00000000,0.00000000,0.00000000,0.00000000,0.00000000,0.00000000,0.00000000,0.01778180,0.00170257,0.00000000,0.00245556,0.03721200,3.97754894,0.00000000,0.00000000,0.00000000,0.00000000,0.00000000
0.02898585,0.00837818,0.00000000,0.00000000,0.08759251,0.00000000,0.00000000,0.00750278,0.00000000,0.00000000,0.00000000,0.00000000,0.00976276,0.00566894,0.00000000,0.00000000,0.00000000,0.00000000,0.00000000,0.00000000,0.00000000,0.01618396,0.00000000,0.00000000,0.00000000,0.00580828,0.05484307,0.00000000,0.00000000,0.00000000,0.00000000,0.00000000,0.00000000,0.00737820,0.00350910,0.00000000,0.00402134,0.00341432,0.00000000,0.06605684,0.00000000,0.00000000,0.00000000,0.00000000,0.00000000,0.00000000,0.03363844,0.23293972,0.00000000,0.00000000,0.00000000,0.00000000,0.00000000,0.00000000,0.00000000,0.00000000,0.11377375,0.00000000,0.00000000,0.00784973,0.00000000,0.00000000,0.00000000,0.00000000,1.16637345,0.02005880,0.02756948,0.00000000,0.05713331,0.03423087,0.00000000,0.07079665,0.00000000,0.00000000,0.00000000,0.00000000,0.00688829,0.00000000,0.00000000,0.00000000,0.02539462,0.00000000,0.00000000,0.00000000,0.01009456,0.00000000,0.00000000,0.00000000,0.07270877,0.00000000,0.24356314,0.00000000,0.00000000,0.00000000,0.00000000,0.00000000,0.00748237,0.00569226,0.00000000,0.02667932,0.60065537,0.00000000,0.32114285,0.00000000,0.00000000,0.00000000,0.00000000,0.02645957,0.00000000,0.00000000,0.00467518,0.00186016,0.00267799,0.00000000,0.00000000,0.00434302,0.00000000,0.00000000,0.00000000,0.00000000,0.00000000,0.00000000,0.00000000,3.42243831,0.09399034,0.00000000,0.00000000,0.00267879,0.00000000,0.00000000,0.00000000,0.00860653,0.00000000,0.00000000,0.00000000,0.00000000,0.00150258,0.00000000,0.02418696,0.00000000,0.00000000,0.00000000,0.03758303,0.00000000,0.00000000,0.00000000,0.00000000,0.00000000,0.07592146,0.00000000
0.00000000,0.00000000,0.03890198,0.00000000,0.00000000,0.00000000,0.00000000,0.00000000,0.00000000,0.00000000,0.00000000,0.00000000,0.00000000,0.25062051,0.00000000,0.00000000,0.00000000,0.02001242,0.03560773,0.01574033,0.00000000,0.00000000,0.00000000,0.00000000,0.00000000,0.00000000,0.00000000,0.00000000,0.00000000,0.00000000,0.00999348,0.00000000,0.00000000,0.00000000,0.00000000,0.04978276,0.00000000,0.00597592,0.00000000,0.00000000,0.00000000,0.00550480,0.00000000,0.00000000,0.00000000,0.00341138,0.00000000,0.00000000,0.00000000,0.00000000,0.00000000,0.00000000,0.00000000,0.00143080,0.00000000,0.00000000,0.00000000,0.02001665,0.00874074,0.00000000,0.00550171,0.00000000,0.00000000,0.00000000,0.00000000,0.00000000,0.00000000,0.00000000,0.00000000,0.02233739,0.00000000,0.00000000,0.00000000,0.01886961,0.00000000,0.00000000,0.00000000,0.00000000,0.00000000,0.00000000,0.01094602,0.00087576,0.00000000,0.11194289,0.00000000,0.03741244,0.00190758,0.05184092,0.00000000,0.00078998,0.00000000,0.00000000,0.09166348,0.00000000,0.00000000,0.00000000,0.00000000,0.00000000,0.00000000,0.00000000,0.02557448,0.00000000,0.00000000,0.00000000,0.00000000,0.04826734,0.00000000,0.00734150,0.03218835,0.11747840,0.00000000,0.00000000,0.00000000,0.00769954,0.03489743,0.00000000,0.00000000,0.00000000,0.00000000,0.00000000,0.00000000,0.02954735,0.00000000,0.00000000,0.00353959,0.00000000,0.00000000,0.00000000,0.04591289,0.00000000,0.00000000,0.14541442,0.00000000,0.00000000,0.00078670,0.00000000,0.06068014,0.00000000,0.00000000,0.00980382,0.00000000,0.00000000,0.00000000,0.00000000,0.01493018,0.00000000,0.00000000,0.00000000,0.00000000,0.00000000
0.00046111,0.00000000,0.00989619,0.00000000,0.00000000,0.00000000,0.00000000,0.00000000,0.00000000,0.02243513,0.00000000,0.00000000,0.00000000,0.02088185,0.00000000,0.07941763,0.00000000,0.00000000,0.00000000,0.00000000,0.00000000,0.00000000,0.00000000,0.00000000,0.00000000,0.00000000,0.04788679,0.01521626,0.00000000,0.00000000,0.00225169,0.00737820,0.00000000,0.00000000,0.00000000,0.00154723,0.00995104,0.00000000,0.00000000,0.00000000,0.00000000,0.00000000,0.00000000,0.00000000,0.00000000,0.00000000,0.00000000,0.01000126,0.00000000,0.00569338,0.07529289,0.02400299,0.00000000,0.00000000,0.00000000,0.04456158,0.00898957,0.00000000,0.00000000,0.00000000,0.00000000,0.00000000,0.10111275,0.00000000,0.00000000,0.49801147,0.00000000,0.00000000,0.10814613,0.00000000,0.00000000,0.00000000,0.00000000,0.00165502,0.00000000,0.63331755,0.00160439,0.00000000,0.00000000,0.00846516,0.00000000,0.00000000,0.00000000,0.00000000,0.00000000,0.00000000,0.00000000,0.00000000,0.00000000,0.00000000,0.00000000,0.00000000,0.00000000,0.00000000,0.00000000,0.00547282,0.00000000,0.00000000,0.00000000,0.00000000,0.00551708,0.00000000,0.00000000,0.00000000,0.00000000,0.00829479,0.00000000,0.00000000,0.21536986,0.21684891,0.10201127,0.52596445,0.00000000,0.01452562,0.00000000,0.00000000,0.00000000,0.03440163,0.00000000,0.00000000,0.00000000,0.00000000,0.00000000,0.16616394,0.00000000,0.00000000,0.02049519,0.12812409,0.00000000,0.02886923,0.01495450,0.00000000,0.00000000,0.00000000,0.00000000,0.00000000,0.00000000,0.00000000,0.00000000,0.00000000,0.01998683,0.00000000,0.00000000,0.00000000,0.00000000,0.00000000,0.00000000,0.00000000,0.00000000,0.00000000
0.12177384,0.00000000,0.00000000,0.11466246,0.00932492,0.03391876,0.00375274,0.00388098,0.44462735,0.00000000,0.00000000,0.04008760,0.00000000,0.00000000,0.00261929,0.00117370,0.00518267,0.00000000,0.00000000,0.00000000,0.00076531,0.00000000,0.00000000,0.03331875,0.00000000,0.00000000,0.06159970,0.00000000,0.00350106,0.00000000,0.00000000,0.00350910,0.00000000,0.00000000,0.00000000,0.00000000,0.00000000,0.00000000,0.02744037,3.31030406,0.02892502,0.00000000,0.00000000,0.00000000,0.00000000,0.00711387,0.00000000,0.09101217,0.00000000,0.00000000,3.68576935,0.03306414,3.88814666,0.00000000,0.00936536,0.00000000,0.01364841,0.00446184,0.00000000,0.00150574,0.00000000,0.00000000,0.03100808,5.40400517,0.23257674,0.11280719,0.01080098,0.00000000,0.00000000,0.00000000,1.96875712,0.01288305,0.02283394,0.00000000,0.00000000,0.00000000,0.00000000,0.00000000,0.00000000,0.07451505,0.00000000,0.00000000,0.00227008,0.24039811,4.94892445,0.05720770,0.00502272,0.02606658,0.31872700,0.00000000,0.00000000,2.47437514,0.04664762,0.37692776,0.01558783,0.02998087,0.00000000,1.16646928,0.00728601,0.00000000,0.00000000,0.00000000,0.00000000,0.44863472,0.00000000,0.00000000,0.00485491,0.01499915,2.10408322,0.00000000,0.22880292,0.00000000,0.00000000,0.00822675,0.00000000,0.07524180,0.00340904,0.00000000,0.14003710,0.02263704,2.62765413,2.44721303,0.00000000,0.01916779,2.70098911,0.00000000,0.00000000,0.00000000,0.00868314,0.00120466,0.06687012,0.06486928,0.00000000,0.00000000,0.00096216,0.09172440,0.00000000,0.13131408,0.00000000,0.00000000,0.00000000,0.00000000,0.08132751,0.00000000,0.00000000,0.03756314,0.00407311,0.00000000,0.21472658,0.09643367
0.01534691,0.00000000,0.00000000,0.00000000,0.07794147,0.00000000,0.00000000,0.00000000,0.00000000,0.00000000,3.10429815,0.00000000,0.00000000,0.00868775,0.00000000,0.00267493,0.01397719,0.00000000,0.00000000,0.02530482,0.00000000,0.00073418,0.00000000,0.00000000,0.00859212,0.04831521,0.00000000,0.02775534,0.21620198,0.01115223,0.00000000,0.00000000,0.04978276,0.00154723,0.00000000,0.00000000,0.00391176,0.00000000,0.04923167,0.00000000,0.34445010,0.00000000,0.38194160,0.02556236,0.00000000,0.00000000,0.00000000,8.76174819,0.00000000,0.00552937,0.02415537,0.00402034,0.00000000,0.00290528,0.00000000,0.01228957,0.00000000,0.00000000,0.00000000,0.09210763,0.00000000,0.00000000,0.00000000,0.28764521,0.22776301,0.00000000,0.00000000,0.01105572,0.00000000,0.13379637,0.04956941,0.00000000,0.00000000,0.05271380,0.28754897,0.00000000,0.00000000,0.07857862,0.11618073,0.00000000,0.00000000,0.00000000,0.00351982,0.00000000,0.01005422,0.00000000,0.00413528,0.00000000,0.04442627,0.59325356,0.06104041,0.00000000,0.00000000,0.03271251,0.52165777,0.00000000,0.13502555,0.01783388,0.00000000,0.00000000,0.00000000,0.00000000,0.12761617,0.01157639,0.00000000,0.00000000,0.00000000,0.00000000,0.05937451,0.00000000,0.00000000,0.00000000,0.07822593,0.04275295,0.00000000,0.02267156,0.01174352,0.00000000,0.00000000,0.03348602,0.00000000,0.00000000,0.00000000,0.00000000,0.00366826,0.00000000,0.00000000,3.48710262,0.00000000,0.00000000,0.00000000,0.00000000,0.00000000,0.01018517,0.07260934,0.00782366,0.00000000,0.00000000,0.00000000,0.03394031,0.00000000,0.00000000,0.18858102,0.00000000,0.00000000,0.00000000,0.00000000,0.07009170,3.17980102,0.00120960
0.00000000,0.38026688,0.00000000,0.00000000,0.03840988,0.00000000,0.28081423,0.00000000,0.00000000,0.00000000,0.00000000,0.00000000,0.00000000,0.05495337,0.12302944,0.00000000,0.00000000,0.00000000,0.00950835,0.00000000,0.02942433,0.00000000,0.00000000,0.00826711,0.00000000,0.30853179,0.00000000,0.07899753,0.00000000,0.84736263,0.00000000,0.00402134,0.00000000,0.00995104,0.00000000,0.00391176,0.00000000,0.17600433,1.31432637,0.00000000,0.00000000,0.00000000,0.00000000,0.00000000,0.00000000,0.00000000,0.00000000,0.21526660,0.00000000,0.56448322,0.02422574,0.00000000,0.00000000,0.00932894,0.00000000,0.00000000,0.07152912,0.02854701,0.08628951,0.00000000,0.02028748,0.00000000,0.01091647,0.00000000,1.64138408,0.00000000,3.68025475,0.00000000,0.01673897,0.00000000,0.95164717,0.00000000,0.00000000,0.00000000,0.00000000,0.75585698,0.00614098,0.00000000,0.00000000,0.06215442,0.00000000,0.00613915,0.02283172,0.00000000,0.00000000,0.00000000,0.00000000,0.00000000,0.00521763,0.00000000,0.00206646,0.00509471,0.00000000,0.00000000,0.00000000,0.00000000,0.12984605,0.08000173,0.00000000,0.00000000,0.00000000,0.00000000,0.00000000,0.00000000,0.00000000,0.00000000,0.00000000,0.00633420,0.00654822,0.00000000,0.00000000,0.00000000,0.09576427,0.00178190,0.00000000,0.00000000,0.10586096,0.02871243,0.00000000,0.00050895,0.00166566,4.18627065,0.00000000,0.01702676,0.00000000,0.00000000,0.03771664,0.04758678,0.00000000,0.00435662,0.00000000,0.00000000,0.01830649,0.00000000,0.00000000,0.03208235,0.00000000,0.00000000,0.00000000,0.00000000,0.00000000,0.00000000,0.00000000,0.00000000,0.02289996,0.00000000,0.00000000,0.00000000,5.01377708,1.72869118
0.09383661,5.17140332,0.01567252,0.00000000,0.00000000,0.74463346,0.00000000,0.00000000,0.00000000,0.00000000,0.00000000,0.00000000,0.00000000,0.00000000,0.01957855,0.00000000,0.00000000,0.00000000,0.03425161,0.18819142,0.02635367,0.00000000,0.00000000,0.00326840,0.00000000,0.00000000,0.00000000,0.00000000,0.00000000,0.00000000,0.00000000,0.00341432,0.00597592,0.00000000,0.00000000,0.00000000,0.17600433,0.00000000,0.00000000,0.00000000,0.00000000,0.02253981,0.00000000,0.00000000,0.00000000,0.00000000,0.00000000,0.02281984,0.00975552,0.00000000,0.00000000,0.00000000,0.00000000,0.00000000,0.28300057,0.00000000,0.02300876,0.01783547,0.00000000,0.00000000,0.00000000,0.00000000,0.00000000,0.00646305,0.00000000,0.00000000,0.00000000,0.00000000,0.00000000,0.00000000,0.00000000,0.00000000,0.00000000,0.01294642,0.43139404,0.00000000,0.00000000,0.04910355,0.00000000,0.06312033,0.00365823,0.00000000,0.00000000,0.00000000,0.04564072,0.00000000,0.00000000,0.00000000,0.00000000,0.00000000,0.00000000,0.00000000,0.02518926,0.11273243,0.00000000,0.00000000,0.00000000,0.00000000,0.31128762,0.00000000,0.00000000,0.04398711,0.00000000,0.00000000,0.00000000,0.00000000,0.00000000,0.00000000,0.00101837,0.00000000,0.00000000,0.00000000,0.00000000,0.01014210,0.02298562,0.00000000,0.00000000,0.00000000,4.24371128,0.00000000,0.00000000,0.00000000,0.00905923,0.00000000,0.37454786,0.00000000,0.00000000,0.00000000,0.06077233,0.01203039,0.16272172,0.03535160,0.00000000,0.00000000,0.00000000,0.00000000,0.38418106,0.00000000,0.00000000,0.00000000,0.00000000,0.00000000,0.08553694,0.01235508,0.00000000,0.00000000,0.00000000,0.00000000,0.00000000,0.00000000
0.00000000,0.00000000,0.00000000,0.00000000,0.00516497,0.00409424,0.00422432,0.00000000,0.00555520,0.00000000,0.40569804,0.00318943,0.00000000,0.00356009,0.00934708,0.10821918,0.00000000,0.00000000,0.00840523,0.01262468,0.00000000,0.00000000,0.91609548,0.00989139,0.00000000,0.00000000,0.00000000,0.00000000,0.00000000,0.11471481,0.00000000,0.00000000,0.00000000,0.00000000,0.02744037,0.04923167,1.31432637,0.00000000,0.00000000,0.00000000,0.08890532,0.00000000,0.00000000,0.00000000,0.17881233,0.00000000,0.00000000,0.08264179,0.00000000,0.01778862,0.02054985,0.00000000,0.00000000,0.00000000,0.00000000,0.00000000,0.01237159,0.05310333,0.00000000,0.00000000,0.01130779,0.01779437,0.00000000,0.14518868,0.00000000,0.00000000,0.00312852,0.00000000,0.00000000,0.00000000,0.00000000,0.00000000,0.00000000,0.00250815,0.00628848,0.00000000,0.00000000,0.00000000,0.00000000,0.00000000,0.00000000,0.00000000,0.00000000,0.00000000,0.00000000,0.00000000,1.29016980,0.00000000,0.00000000,0.00000000,0.00000000,0.00000000,0.00000000,0.00000000,0.02775379,0.00627004,0.00000000,0.30486361,0.00000000,0.00000000,0.00000000,0.00000000,0.02749203,0.00000000,0.00000000,0.00000000,0.00000000,0.00382757,0.00182898,0.00000000,0.10547092,0.00000000,0.00000000,0.04421711,0.00000000,0.00000000,0.00000000,0.01110047,0.00000000,0.00000000,0.00000000,0.00595300,0.39133311,0.00000000,0.01320376,0.00000000,0.00000000,0.00000000,0.00000000,0.00000000,0.01176376,0.00000000,0.00000000,0.01122909,0.00000000,0.00256320,0.00000000,0.00000000,0.00000000,0.00824046,0.00000000,0.14577581,0.00000000,0.46145369,0.00000000,0.00000000,0.04831348,0.00097650,0.00000000,0.00000000
0.00000000,0.03051162,0.00000000,0.00000000,0.00000000,0.00000000,0.04227319,0.00000000,0.00000000,0.00000000,0.00000000,0.00000000,0.00000000,0.00229614,0.01109773,0.01742557,0.00000000,0.00000000,0.00000000,0.00000000,0.00287282,0.00000000,0.00000000,0.00000000,0.00000000,0.00000000,0.00000000,0.00000000,0.00000000,0.00000000,0.00000000,0.06605684,0.00000000,0.00000000,3.31030406,0.00000000,0.00000000,0.00000000,0.00000000,0.00000000,0.00000000,0.00000000,0.00000000,0.02789157,0.00000000,0.00000000,0.13096404,0.11321311,0.00000000,0.00000000,0.28173551,0.06108734,0.33989120,0.00605604,0.00000000,0.00000000,0.02496112,0.06831384,0.00000000,0.00000000,0.00000000,0.00000000,0.01190077,0.00000000,0.00000000,0.00000000,0.00000000,0.00000000,0.00000000,0.00000000,0.00000000,0.10857030,0.00628035,0.12199066,0.00803036,2.68198511,0.00000000,0.02957320,0.00781408,0.04348289,0.00000000,0.00764377,0.00000000,0.00000000,0.00000000,0.02044546,0.00000000,0.00000000,0.00000000,0.00000000,0.00000000,0.00000000,0.00519371,0.00000000,0.00835000,0.05462950,0.14618490,0.00000000,0.00000000,0.00000000,0.00972777,0.00000000,0.00000000,0.13384090,0.01580313,0.04152337,0.00000000,0.00150591,0.00000000,0.00000000,0.00000000,0.04935715,0.10564156,0.02042625,0.00000000,0.00000000,0.00000000,0.00000000,0.00000000,0.90933748,0.06041008,0.00000000,0.00000000,0.00000000,0.00000000,0.00000000,0.00000000,0.08954475,3.62429201,0.05469068,0.00000000,0.00000000,0.00000000,0.24007341,0.00000000,0.00000000,0.00000000,0.00000000,0.00000000,0.00000000,0.00000000,0.00000000,0.00000000,0.00000000,0.00000000,0.00673781,0.00000000,0.00000000,0.00000000,0.02338123
0.00597036,0.00730181,0.00000000,0.00000000,0.00102922,0.00000000,0.00000000,1.46957007,0.00000000,0.00000000,0.00000000,0.00000000,0.00000000,0.00000000,0.00000000,0.00000000,0.00000000,0.00000000,0.00000000,0.00000000,0.00000000,0.00000000,0.00000000,0.00000000,0.04458615,0.01040153,0.11521264,0.00000000,0.00000000,0.00000000,0.00000000,0.00000000,0.00000000,0.00000000,0.02892502,0.34445010,0.00000000,0.00000000,0.08890532,0.00000000,0.00000000,0.00084274,0.34224261,2.09161727,0.00000000,0.00000000,0.00000000,0.00000000,0.00000000,0.00000000,0.00000000,0.00000000,0.00000000,0.00000000,0.00595065,0.03589272,0.01252164,0.00000000,0.00000000,0.00000000,0.00000000,0.00000000,0.30803020,0.00000000,0.00000000,0.00000000,0.00000000,0.21373157,0.00000000,0.00000000,0.11718391,0.00000000,0.02631414,0.00000000,0.01880759,0.00000000,0.00000000,0.00000000,0.00000000,0.00000000,0.00000000,0.00000000,0.00000000,0.00000000,0.00000000,0.00517997,0.00000000,0.00000000,0.00000000,0.00420561,0.00000000,0.06698633,0.00000000,0.00000000,0.00000000,0.00359205,0.00000000,0.00000000,0.00000000,0.00672952,0.01245922,0.00000000,0.00083830,0.00000000,0.00000000,0.00000000,0.00660072,0.00000000,0.00489919,0.10018714,0.00000000,0.01231438,0.00000000,0.00000000,0.00000000,0.00000000,0.00000000,0.00000000,0.00939798,0.00000000,0.01322707,0.00000000,0.00000000,0.00000000,0.00198469,0.00000000,0.00000000,2.28158173,0.02371548,0.00000000,0.00000000,0.01529428,0.00000000,0.00000000,0.04461664,0.00000000,0.00000000,0.74077690,0.00516476,0.00000000,0.00000000,0.00000000,0.11492481,0.00000000,0.00840512,0.00000000,0.00000000,0.00000000,0.00000000,0.00408414
0.00000000,0.00000000,0.00000000,0.00000000,0.00000000,0.00000000,0.00000000,0.00000000,0.47372796,0.00000000,0.00000000,0.00000000,0.00000000,0.00000000,0.00000000,0.14902632,0.00554704,0.00000000,0.00000000,0.00000000,0.00000000,0.00000000,0.00000000,0.00000000,0.02357104,0.00000000,0.00000000,0.00000000,0.00491865,0.00000000,0.00000000,0.00000000,0.00550480,0.00000000,0.00000000,0.00000000,0.00000000,0.02253981,0.00000000,0.00000000,0.00084274,0.00000000,0.00000000,0.00000000,0.00713010,0.10354906,0.00000000,0.00000000,0.00101634,0.00000000,0.00000000,0.00000000,0.00000000,0.00000000,0.00665466,0.00000000,0.00000000,0.00000000,0.00000000,0.00000000,0.00000000,0.00000000,0.00000000,0.05541750,0.00000000,0.00000000,0.00000000,0.00000000,0.03732833,0.00000000,0.00236166,0.05566559,0.00000000,0.00000000,0.00000000,0.00000000,3.38390024,0.00000000,5.18900344,0.25526364,0.02586981,0.00000000,0.00000000,0.00000000,0.00000000,0.02997715,2.12294501,0.07585547,0.13723694,0.03050800,0.24545630,0.00000000,0.00000000,0.00000000,0.00260991,0.00000000,0.00000000,0.00000000,0.00000000,0.00000000,0.00000000,0.00000000,0.00000000,0.00000000,0.00000000,0.00000000,0.00000000,0.00000000,0.06274600,0.00414160,0.03807926,0.00000000,0.00000000,0.00000000,0.00000000,0.00000000,0.00000000,0.31155846,0.00000000,0.00000000,0.05981940,2.35286392,0.00000000,0.00000000,0.03359125,0.02431833,0.00000000,0.07085260,0.03478726,0.00000000,0.00000000,0.05875768,0.06286562,0.00000000,0.00000000,0.00270939,0.00000000,0.00000000,0.00000000,5.52972356,0.00000000,0.00000000,0.00000000,0.00000000,0.00000000,0.00000000,0.00000000,0.00000000,0.00199413,0.00000000
0.00000000,0.00000000,0.00000000,0.00000000,0.00000000,0.00000000,0.00000000,0.00000000,0.00000000,0.00000000,0.04798379,0.00000000,0.00000000,0.00000000,0.00000000,0.00000000,0.36475430,0.00000000,0.00000000,0.00000000,0.00000000,0.00000000,0.00000000,0.00000000,0.00000000,0.00000000,0.00178122,0.04213970,0.01580567,0.00000000,0.00000000,0.00000000,0.00000000,0.00000000,0.00000000,0.38194160,0.00000000,0.00000000,0.00000000,0.00000000,0.34224261,0.00000000,0.00000000,0.00000000,0.00000000,0.00000000,0.00000000,0.00000000,0.00000000,1.45546433,0.01018061,0.00000000,0.00000000,0.00000000,0.00340158,0.00000000,0.00000000,0.00723403,0.00000000,0.06459963,0.00000000,1.63872280,1.83062449,0.00000000,0.00000000,0.03050573,0.00000000,0.73711017,0.00000000,0.00000000,0.00000000,0.00000000,0.00000000,0.02797960,0.00000000,0.16477032,0.00000000,0.00000000,0.00000000,0.00000000,0.00353823,0.00000000,0.00957989,0.00000000,0.00000000,0.00138086,0.00000000,0.00000000,0.00000000,0.00000000,0.00000000,3.96639827,0.00000000,0.00529698,0.00000000,0.00000000,0.00000000,0.00000000,0.00000000,0.00000000,0.23620451,0.00000000,0.00000000,0.06582990,0.04235672,0.00000000,0.00000000,0.01137060,0.00094837,0.00190631,0.00000000,0.00000000,0.00000000,0.00000000,0.00000000,0.00000000,0.00000000,0.04584815,0.00531550,0.00000000,0.08232036,0.07335041,0.00000000,0.01017931,0.00000000,0.00000000,0.00000000,0.00000000,0.07571902,0.00000000,0.00000000,0.00000000,0.00000000,0.00000000,0.00000000,2.81297541,0.00561306,0.00000000,0.00000000,0.04875805,0.00000000,0.00000000,0.00000000,0.00000000,0.00841833,0.00000000,0.00000000,0.00000000,0.00000000,0.00000000
0.00000000,0.03022650,0.00000000,0.00000000,0.00000000,0.00000000,0.00000000,0.00000000,0.00000000,0.00000000,0.00000000,0.00000000,0.03964704,0.00000000,0.00000000,0.00000000,0.00727861,0.00000000,0.00000000,0.00000000,0.00000000,0.00239761,0.00000000,0.00000000,0.00000000,0.00234400,0.00000000,0.00000000,0.00000000,0.00000000,0.00000000,0.00000000,0.00000000,0.00000000,0.00000000,0.02556236,0.00000000,0.00000000,0.00000000,0.02789157,2.09161727,0.00000000,0.00000000,0.00000000,0.00000000,0.00000000,0.00000000,0.05582968,0.00000000,0.00000000,0.02031979,0.00000000,0.01310469,0.00000000,0.00286602,0.00000000,0.00000000,0.00000000,0.00000000,0.00000000,0.00736492,0.03557016,0.00000000,0.00000000,0.00000000,0.00000000,0.00000000,0.00000000,0.00000000,0.17084044,0.00000000,0.00000000,0.02040147,0.00586711,0.00000000,0.00000000,0.01677241,0.00000000,0.00000000,0.00000000,0.00475601,0.10909299,0.00000000,0.00000000,0.00109518,0.00000000,0.00000000,0.00000000,0.00000000,0.00000000,0.00000000,0.00463901,0.00000000,0.00416486,0.00000000,0.00000000,0.00000000,0.00000000,0.00331135,0.31150597,0.00000000,0.00236830,0.00000000,0.00000000,0.00000000,0.00000000,0.00000000,0.00000000,0.00000000,0.00000000,0.00000000,0.00000000,0.00000000,0.21298917,0.00000000,0.00000000,0.00000000,0.00000000,0.00000000,0.00000000,0.00000000,0.00000000,0.00000000,0.00106216,0.00000000,0.00000000,0.00000000,0.00000000,0.08120732,0.00000000,0.00000000,0.00000000,0.00000000,0.00104150,4.56141889,0.00234372,0.00000000,0.05409072,0.00000000,0.00000000,0.00000000,0.00000000,0.00000000,0.00000000,0.00000000,0.00357518,0.00000000,0.00000000,0.00000000,2.16079010
0.00000000,0.00000000,0.00000000,0.00000000,0.00000000,0.00000000,0.00000000,0.00000000,0.00000000,0.00000000,0.00000000,0.00000000,0.00000000,0.00000000,0.00000000,0.00000000,0.05754408,0.03594386,0.00000000,0.00000000,0.00000000,0.00000000,0.00000000,0.00000000,0.00000000,0.00000000,0.08976352,0.00000000,0.00205970,0.00000000,0.00000000,0.00000000,0.00000000,0.00000000,0.00000000,0.00000000,0.00000000,0.00000000,0.17881233,0.00000000,0.00000000,0.00713010,0.00000000,0.00000000,0.00000000,0.00000000,0.00000000,0.00000000,0.00000000,0.00000000,0.00000000,0.00000000,0.00000000,0.00000000,0.00000000,0.00000000,0.02592770,0.00083843,0.94886689,0.01758417,0.00000000,0.00000000,0.00000000,0.00000000,0.00000000,0.00000000,0.00000000,0.00000000,0.00000000,0.00000000,0.00000000,0.00000000,0.00000000,0.00000000,0.00000000,0.00769298,0.00361508,0.00000000,0.00000000,0.00000000,0.00000000,0.00000000,0.00260874,0.00000000,0.00000000,0.00207530,0.00238632,0.00000000,0.00000000,0.00000000,0.00758535,0.00000000,0.00000000,0.00000000,0.03521105,0.00000000,4.95307780,0.00000000,0.00000000,0.00636037,0.00000000,0.00000000,1.57124247,0.00000000,0.00000000,0.00000000,0.00000000,0.00000000,0.00000000,0.00000000,0.00000000,0.00000000,0.00000000,0.12176289,0.00000000,0.00423940,0.14089432,0.00000000,0.00000000,0.00000000,0.00000000,0.17728509,0.00000000,0.00000000,0.21872109,0.00059068,0.00000000,0.00000000,0.00000000,0.00000000,0.00000000,0.00000000,0.00000000,0.00000000,0.00000000,0.23012234,0.00000000,0.00000000,0.82798383,0.00000000,0.00000000,0.00000000,0.00000000,3.88277393,0.00000000,0.00582374,0.00000000,0.00000000,0.00000000,0.00000000
0.00000000,0.00000000,0.00000000,0.00000000,0.00000000,0.00000000,0.23092820,0.00000000,0.00000000,0.00000000,0.00000000,0.00000000,0.00577841,0.00000000,0.00000000,0.00000000,0.00000000,0.00000000,0.01784557,0.00000000,0.04789674,0.00000000,0.00000000,0.00000000,0.03934356,0.00000000,1.22103461,0.00000000,0.16745367,0.00000000,0.00000000,0.00000000,0.00341138,0.00000000,0.00711387,0.00000000,0.00000000,0.00000000,0.00000000,0.00000000,0.00000000,0.10354906,0.00000000,0.00000000,0.00000000,0.00000000,0.00000000,0.00000000,0.00516989,0.00000000,0.00000000,0.00000000,0.08994947,0.00000000,0.00000000,0.00000000,0.00000000,0.00000000,0.00000000,0.00000000,0.01570904,0.00000000,0.00000000,0.00000000,0.00000000,0.00000000,0.00000000,0.00000000,0.00000000,6.06385812,0.00000000,0.04401551,0.00000000,5.49752854,0.00000000,0.00000000,0.03125654,0.00000000,0.00000000,0.00000000,0.00000000,0.00000000,0.00000000,0.00000000,0.00000000,0.03756432,0.00000000,0.00000000,0.06718942,0.00000000,0.00000000,0.00000000,0.00000000,0.00000000,0.00000000,1.23234463,0.00000000,0.00000000,0.00000000,0.00000000,0.00000000,0.00000000,0.00000000,0.00000000,0.00000000,0.00000000,0.00000000,0.07413994,0.00000000,0.00000000,0.00000000,0.00000000,0.01912623,0.05429747,0.00000000,0.00000000,0.00000000,0.00000000,0.00000000,0.00000000,0.00000000,0.00000000,0.00000000,0.01125258,0.00000000,0.00000000,0.00000000,0.00000000,0.00000000,0.00000000,0.00890258,0.00436561,0.00000000,0.00000000,0.00000000,0.00000000,0.00000000,0.00000000,0.00000000,0.00000000,0.00000000,0.00000000,0.00000000,1.04617773,0.00000000,1.00156082,0.00000000,0.00000000,0.00000000,0.00000000
0.00000000,0.15771172,0.00000000,0.00000000,0.00000000,0.00000000,0.00000000,0.00000000,0.00470600,0.00000000,0.00000000,0.00000000,0.03216133,0.00000000,0.00000000,0.00000000,0.00000000,0.00000000,0.00000000,0.00000000,0.00000000,0.00000000,0.00000000,0.00000000,0.00000000,0.00000000,0.00000000,0.00000000,0.00000000,0.00000000,0.00000000,0.03363844,0.00000000,0.00000000,0.00000000,0.00000000,0.00000000,0.00000000,0.00000000,0.13096404,0.00000000,0.00000000,0.00000000,0.00000000,0.00000000,0.00000000,0.00000000,0.00000000,0.00000000,0.00000000,0.00000000,0.00000000,0.00000000,0.00000000,0.00000000,0.00000000,0.00000000,0.00000000,0.00000000,0.00000000,0.00175341,2.35681939,0.00000000,0.00000000,0.00000000,0.00000000,0.00000000,0.00502827,0.00000000,0.00000000,0.00000000,0.00000000,0.03005406,0.00464376,0.00000000,0.00000000,0.00000000,0.00000000,0.00000000,0.00000000,0.00000000,0.01656842,4.85007910,0.00000000,0.00000000,0.05186595,0.00000000,0.00428095,0.00000000,0.00000000,0.00000000,0.00000000,0.01191391,0.00000000,0.00000000,0.00000000,0.00000000,0.28939321,0.00000000,0.00000000,0.00000000,0.00000000,0.00000000,0.17414630,0.00000000,0.00000000,0.03835030,0.00000000,0.00000000,0.00000000,0.02587465,0.00000000,0.00000000,0.00000000,0.00000000,0.34818029,0.00000000,0.00000000,0.00000000,0.00000000,0.00000000,0.00000000,0.31411760,0.00591969,0.00000000,0.00000000,0.00000000,0.00000000,0.02323018,0.24530756,0.01044318,0.00000000,0.00000000,0.00000000,0.00000000,0.00000000,0.00000000,0.00000000,0.00000000,0.00000000,0.03654603,0.00000000,0.00000000,0.54431248,0.03609975,0.00000000,0.00000000,0.00000000,0.00000000,0.00000000
0.00000000,0.00000000,0.00000000,0.00000000,0.00000000,0.00760458,0.00000000,0.00000000,0.00000000,0.00000000,0.00259722,0.00000000,0.07908449,0.00000000,0.00000000,0.00000000,0.00000000,0.00000000,0.00000000,0.00000000,0.37632612,0.00000000,0.00000000,0.00000000,0.00000000,0.00000000,0.01001155,0.33407154,0.00000000,0.01576009,0.00000000,0.23293972,0.00000000,0.01000126,0.09101217,8.76174819,0.21526660,0.02281984,0.08264179,0.11321311,0.00000000,0.00000000,0.00000000,0.05582968,0.00000000,0.00000000,0.00000000,0.00000000,0.00000000,0.00000000,0.00000000,0.05040702,0.00000000,0.00000000,0.00000000,0.00000000,0.00000000,0.90159075,0.00000000,0.00000000,0.00000000,0.00000000,0.00000000,0.00000000,0.00000000,0.00000000,0.00000000,0.00000000,0.00000000,0.00000000,0.00000000,0.00000000,0.00000000,0.00000000,0.00000000,0.00000000,0.81302694,0.01663082,0.81119811,0.00000000,0.01824796,0.00000000,0.00000000,0.00000000,0.00316438,0.00067448,0.00000000,0.03294913,0.00000000,0.03248788,0.00000000,0.00000000,0.00000000,0.00000000,0.00000000,0.10490780,0.00123030,0.00000000,0.00000000,0.00000000,0.00000000,0.00000000,0.00000000,0.00000000,0.84162274,0.00000000,0.00000000,0.00000000,0.01215513,0.00000000,0.00000000,0.02539562,0.00000000,0.00704615,0.00521818,0.01551409,0.00000000,0.00000000,0.09848566,0.00000000,0.00000000,0.03648834,0.00000000,0.00000000,0.00000000,0.00000000,0.00000000,0.00000000,0.01063172,0.00897954,0.00000000,0.00000000,0.00000000,0.00117514,0.00000000,0.00000000,0.00000000,0.02168573,0.00000000,0.00000000,0.00617177,0.01472610,0.00000000,0.00000000,0.00000000,0.00000000,0.00000000,0.08746721,0.00000000,0.00000000
0.00000000,0.00000000,0.00000000,0.00000000,0.00000000,0.00748946,2.75249818,0.19384314,0.00000000,0.04690372,0.00000000,0.00000000,0.00000000,0.00000000,0.52704580,0.00000000,0.00000000,0.00000000,0.00000000,0.00000000,0.00618684,0.00000000,0.57936535,0.00000000,0.00000000,0.00000000,0.00000000,0.00000000,0.00000000,0.00000000,0.00000000,0.00000000,0.00000000,0.00000000,0.00000000,0.00000000,0.00000000,0.00975552,0.00000000,0.00000000,0.00000000,0.00101634,0.00000000,0.00000000,0.00000000,0.00516989,0.00000000,0.00000000,0.00000000,0.00000000,0.00000000,0.00000000,0.00000000,0.00000000,0.00000000,0.04122940,0.00000000,0.00356588,0.00000000,0.00000000,0.00000000,0.00694324,0.00000000,12.79896333,0.00000000,0.00000000,0.00000000,0.00000000,0.00000000,0.00000000,0.00000000,0.00000000,0.00000000,0.00000000,0.00000000,0.00000000,0.00000000,0.00000000,0.00000000,0.00000000,0.00000000,0.00000000,0.00000000,0.00000000,0.00000000,0.00000000,0.00000000,0.00000000,0.00000000,0.00000000,0.06678686,0.00000000,0.00000000,0.00000000,0.00000000,0.00000000,0.00000000,0.00362864,0.00000000,0.00000000,0.00000000,0.20077937,3.58108149,0.01046481,0.00902801,0.00000000,0.00000000,0.00000000,0.00000000,0.00000000,0.00000000,2.70468200,0.00000000,0.00000000,0.00000000,0.00000000,0.00000000,0.00000000,0.00000000,0.00000000,0.00000000,0.00000000,0.00000000,0.00000000,0.01614494,0.00000000,0.00000000,0.02899217,0.00000000,0.00000000,0.00562238,0.00000000,0.00000000,0.00000000,0.00356501,0.00000000,0.03093791,0.00000000,0.00000000,0.00000000,0.02937853,0.05081214,0.76712615,0.01779331,0.00000000,0.00000000,0.00000000,0.01273560,0.00000000,0.00000000
0.00000000,0.00000000,0.00000000,0.00000000,0.00000000,0.00000000,0.00000000,0.00000000,0.00000000,0.00000000,0.00000000,0.00357251,0.00000000,0.36263514,0.00232894,0.00000000,0.02025930,0.00000000,0.06665056,0.00000000,0.00000000,0.00000000,0.00000000,0.00000000,0.00000000,0.16148134,0.00000000,0.00000000,0.02984279,0.00000000,0.03006258,0.00000000,0.00000000,0.00569338,0.00000000,0.00552937,0.56448322,0.00000000,0.01778862,0.00000000,0.00000000,0.00000000,1.45546433,0.00000000,0.00000000,0.00000000,0.00000000,0.00000000,0.00000000,0.00000000,0.00000000,0.00000000,0.00375835,0.00000000,0.10203543,0.00000000,0.01431156,0.80790855,0.00000000,0.00000000,0.00000000,0.00000000,0.00000000,0.00000000,0.00000000,0.00000000,0.00000000,0.00000000,0.00000000,0.00000000,0.00000000,0.00000000,0.01741952,0.00000000,0.00681019,0.00000000,0.02476774,0.01058663,1.53493113,0.00000000,0.00000000,0.00000000,0.23516069,0.00000000,0.00000000,0.27852358,0.00000000,0.09680062,0.00000000,0.01484555,0.00000000,0.02118749,0.00000000,0.04168385,0.00000000,0.00000000,0.00000000,0.00000000,0.00000000,0.01504029,0.00000000,0.00000000,0.00000000,0.00000000,0.00000000,0.00000000,0.00000000,0.00959224,0.00000000,0.01340334,1.42589644,0.79959424,1.56009629,0.00963154,0.00000000,0.00000000,0.11337407,0.00000000,0.00000000,0.00000000,0.10398186,0.00000000,0.00000000,0.00000000,0.02353226,0.00000000,0.00000000,0.00000000,0.00000000,0.00000000,0.00000000,0.14108909,0.10011199,0.10003955,0.00000000,0.00000000,0.02419447,0.11929550,0.00926879,0.00000000,0.00000000,0.01500841,0.00000000,0.00986034,0.00000000,0.00000000,0.00000000,0.00000000,0.00643395,0.02019886
0.00000000,0.00000000,0.00000000,0.02875531,0.04071728,0.00905156,0.00186883,0.11393130,0.00000000,0.00000000,0.00000000,0.00000000,0.00000000,0.04191828,0.00000000,0.00000000,0.00000000,0.00000000,0.00000000,0.00000000,0.00000000,0.00000000,0.00000000,0.00000000,0.00000000,0.00000000,0.00000000,0.10047412,0.20020962,0.00000000,0.00000000,0.00000000,0.00000000,0.07529289,3.68576935,0.02415537,0.02422574,0.00000000,0.02054985,0.28173551,0.00000000,0.00000000,0.01018061,0.02031979,0.00000000,0.00000000,0.00000000,0.00000000,0.00000000,0.00000000,0.00000000,0.00000000,0.00000000,0.00000000,0.01292063,0.02765745,0.00000000,0.00000000,0.00000000,0.00000000,0.10280568,0.00000000,0.00000000,0.00178985,0.00000000,0.00000000,0.00000000,0.00295235,1.74258567,0.40010139,0.00000000,0.00000000,0.00000000,0.12234598,0.00000000,0.04836281,0.00000000,0.00000000,0.04510330,0.08234147,0.00000000,0.08861291,0.00000000,0.00000000,0.00000000,0.01536177,0.00000000,0.02487113,0.00000000,0.00000000,0.00000000,0.00000000,0.00559463,0.56744563,0.00000000,0.00000000,0.00000000,0.00000000,0.08428393,4.10092819,0.00000000,0.00000000,0.00000000,0.04227359,0.00211996,0.00000000,0.00000000,0.00000000,0.44600620,0.00000000,0.01697765,0.00000000,0.00000000,0.03135263,0.00000000,0.00000000,0.00000000,0.00000000,0.00000000,0.00000000,0.08133799,0.00000000,0.00000000,0.00000000,0.00000000,0.00000000,0.00000000,0.01966149,0.00000000,0.00000000,0.01217846,0.03536348,0.00000000,0.00000000,0.00000000,0.00000000,0.00000000,0.00000000,0.00000000,0.00758207,0.00346542,0.01411079,0.14117801,0.00449040,0.00000000,0.00000000,0.00000000,0.00630404,0.00000000,0.00000000
0.01105457,0.04768722,0.00000000,1.03213616,0.00000000,0.00000000,0.00000000,0.00000000,0.00000000,0.00000000,0.00844082,0.47591934,0.00000000,0.02246834,0.00000000,0.00957462,0.00000000,0.00000000,0.00000000,0.00000000,0.00000000,0.00000000,0.00000000,0.00000000,3.38490969,0.00000000,0.00000000,0.00512088,0.00000000,0.00000000,0.00000000,0.00000000,0.00000000,0.02400299,0.03306414,0.00402034,0.00000000,0.00000000,0.00000000,0.06108734,0.00000000,0.00000000,0.00000000,0.00000000,0.00000000,0.00000000,0.00000000,0.05040702,0.00000000,0.00000000,0.00000000,0.00000000,0.00000000,0.06787025,8.00504219,0.00497103,0.00000000,0.00000000,0.00584093,0.00000000,0.00000000,0.00000000,0.00000000,0.00000000,0.00188166,0.00000000,0.00000000,1.83610995,0.00000000,0.00000000,0.00000000,0.00000000,0.17177546,0.00000000,0.08412339,1.01378117,0.00000000,0.00000000,0.00000000,0.01116036,0.03964504,0.00000000,0.00000000,0.00000000,0.01572941,0.00000000,0.09903109,0.01746111,0.00000000,0.00000000,0.00000000,0.00000000,0.00984399,0.00000000,0.00000000,0.00000000,0.00000000,0.00000000,0.00000000,0.06449637,0.00000000,0.00000000,0.00000000,0.00333516,0.00000000,0.00000000,0.01807249,0.00409347,1.41926859,0.01234138,0.00000000,0.00000000,0.00000000,0.97056531,0.02531325,0.00000000,0.00000000,0.00000000,0.00000000,0.01111793,0.00000000,0.00000000,0.00118710,0.00000000,0.46391479,0.00000000,0.00000000,0.00371529,0.05199014,0.01139727,0.00000000,0.00000000,0.01107307,0.00000000,0.00000000,0.00259060,1.69462019,0.00000000,0.00000000,0.00000000,0.00146402,0.00000000,0.00595512,0.00000000,0.00945750,0.02755032,0.00000000,0.00000000,0.00000000,0.00000000
0.00000000,0.00000000,0.00000000,0.04145662,0.00000000,0.00000000,0.00000000,0.00623883,0.01390500,0.00000000,0.00000000,0.00000000,0.01025216,0.05405136,0.00000000,0.00000000,0.01191463,0.00694918,0.00613234,0.00000000,5.15620813,0.00000000,0.00000000,0.00000000,0.00000000,0.00000000,0.00000000,0.81013494,0.00000000,0.00000000,0.00000000,0.00000000,0.00000000,0.00000000,3.88814666,0.00000000,0.00000000,0.00000000,0.00000000,0.33989120,0.00000000,0.00000000,0.00000000,0.01310469,0.00000000,0.08994947,0.00000000,0.00000000,0.00000000,0.00375835,0.00000000,0.00000000,0.00000000,0.00000000,0.00000000,0.00000000,0.00000000,0.02498842,0.00000000,0.00409982,0.05296001,0.00000000,0.00000000,0.00000000,0.00000000,0.00884759,0.00544691,0.00997868,0.00553386,0.00000000,0.01086905,0.12147682,0.01421612,0.00399944,0.00000000,0.00000000,0.00000000,0.00000000,0.00000000,0.00000000,0.00000000,0.00630625,0.00000000,0.00000000,0.00000000,0.00000000,0.00000000,0.12738984,0.00000000,0.00000000,0.00360163,0.00000000,0.00000000,0.00000000,0.00000000,0.00000000,0.01039956,2.68002334,0.00000000,0.00000000,0.03786229,0.48195239,0.00000000,0.00000000,0.00000000,0.00000000,0.00000000,0.00000000,0.00000000,0.00548368,0.00000000,0.00000000,0.00431898,0.00589685,0.00000000,0.00637018,0.00000000,0.00000000,0.00000000,0.00000000,0.00000000,0.47158778,0.00000000,0.00000000,0.00000000,0.00000000,0.00000000,0.00000000,0.00000000,0.00000000,0.00000000,0.00238156,0.01204573,0.00000000,0.00000000,0.00000000,0.00000000,0.00000000,0.00350657,0.00869096,0.00149823,0.00000000,0.00000000,0.20052994,0.00000000,0.00681978,0.00705556,0.00000000,0.00000000,0.00000000
0.00000000,0.00000000,0.01444987,0.00000000,0.00000000,0.00000000,0.00000000,0.00000000,0.00000000,0.00000000,0.00000000,0.00109519,0.00000000,0.00000000,0.00000000,0.00000000,4.19820018,0.00000000,0.00000000,0.00516437,0.00000000,0.02920236,0.00000000,0.00000000,0.00000000,0.00000000,0.00000000,0.00000000,0.00000000,0.00000000,0.00000000,0.00000000,0.00143080,0.00000000,0.00000000,0.00290528,0.00932894,0.00000000,0.00000000,0.00605604,0.00000000,0.00000000,0.00000000,0.00000000,0.00000000,0.00000000,0.00000000,0.00000000,0.00000000,0.00000000,0.00000000,0.06787025,0.00000000,0.00000000,0.00000000,0.00000000,0.00404368,0.00000000,0.00000000,0.00000000,0.00000000,0.00000000,0.00000000,0.00000000,0.00000000,0.01800598,0.81184187,0.01085685,0.04615227,0.00000000,0.00000000,0.00000000,0.00000000,0.00000000,0.00000000,0.35443981,0.00000000,0.00000000,0.00000000,0.00000000,0.00944751,0.03927947,0.00000000,0.00000000,0.00225297,0.00000000,0.00000000,0.00000000,0.00000000,0.00305000,0.02890975,0.01462932,0.09018368,0.00223316,0.00000000,0.00475366,0.00000000,0.00000000,0.01142791,0.00000000,0.00506026,0.00000000,0.16213650,0.00000000,0.00000000,0.00000000,0.00000000,0.00000000,0.00000000,0.00000000,0.00000000,0.00000000,0.04513070,0.00000000,0.07046048,0.00000000,0.00000000,0.00000000,0.00000000,0.02793198,0.00000000,0.00000000,0.05737586,0.00000000,0.10408574,0.00000000,0.00000000,0.00000000,0.00000000,0.07240319,0.00000000,0.00000000,0.00000000,0.00000000,7.27504113,0.00000000,0.00121739,0.00000000,0.00559625,0.00000000,0.00000000,3.44710150,0.00000000,0.00000000,0.00854934,0.00000000,0.00000000,0.00000000,0.00421852,0.00332226
0.00000000,0.00000000,0.00000000,0.00000000,0.00000000,0.00000000,0.00000000,0.00000000,0.00252862,0.02301456,0.40677550,0.00000000,0.00000000,0.00000000,0.00335164,0.00000000,0.00000000,0.00000000,0.06916846,0.00000000,0.00000000,0.00000000,0.00000000,0.00000000,0.00000000,0.00000000,0.00000000,0.00000000,0.00000000,0.00000000,0.00000000,0.00000000,0.00000000,0.00000000,0.00936536,0.00000000,0.00000000,0.28300057,0.00000000,0.00000000,0.00595065,0.00665466,0.00340158,0.00286602,0.00000000,0.00000000,0.00000000,0.00000000,0.00000000,0.10203543,0.01292063,8.00504219,0.00000000,0.00000000,0.00000000,0.00000000,0.00000000,0.00568391,0.00000000,0.00609069,0.01631629,0.00000000,0.00407975,0.00385548,0.00000000,2.96033575,0.00000000,0.00000000,3.47193460,1.64900382,0.00000000,0.00623654,0.00000000,0.00000000,0.00000000,0.00000000,0.00000000,0.00612013,0.02681724,0.10577309,0.00000000,0.00000000,0.00000000,0.02121904,0.04600909,0.00000000,0.00000000,0.22327063,0.00480391,0.00938367,0.06827802,0.00482004,0.00000000,0.00000000,0.00000000,0.00000000,0.01554470,0.00000000,0.00000000,0.14840833,0.00000000,0.00000000,0.00531898,0.00000000,0.00000000,0.00298852,0.00000000,0.00000000,0.01172146,0.01026202,0.00000000,0.01027249,0.03120460,0.00000000,0.00000000,0.03338822,0.00210122,0.00000000,0.77778304,0.00839321,0.00000000,0.00432872,0.00000000,0.00000000,0.00000000,0.00000000,0.01166206,0.19180371,0.00000000,0.00000000,0.00000000,0.00000000,0.00000000,0.00000000,0.00000000,0.00000000,0.00000000,0.00000000,0.00000000,0.00000000,0.00000000,0.00000000,0.00000000,0.01395992,0.00000000,0.00000000,0.10294537,0.00000000,0.00000000,0.00000000
0.00000000,0.00000000,0.00000000,0.02304490,0.00238981,0.00000000,0.01083170,0.00000000,0.00000000,0.00000000,0.00000000,0.00000000,0.00000000,0.00000000,0.05572710,0.00000000,0.00000000,0.00000000,0.05043476,0.00000000,0.00000000,0.06046410,0.00000000,0.00000000,0.00000000,0.00000000,0.00000000,1.42787276,0.00000000,0.00000000,0.03064696,0.00000000,0.00000000,0.04456158,0.00000000,0.01228957,0.00000000,0.00000000,0.00000000,0.00000000,0.03589272,0.00000000,0.00000000,0.00000000,0.00000000,0.00000000,0.00000000,0.00000000,0.04122940,0.00000000,0.02765745,0.00497103,0.00000000,0.00000000,0.00000000,0.00000000,0.00000000,0.00000000,0.74884691,0.00000000,0.29073965,0.00000000,0.00000000,0.00000000,0.00000000,0.00000000,0.03896873,0.00000000,0.00000000,0.00000000,0.00000000,1.52120243,0.00000000,0.00000000,0.00000000,0.00000000,0.00000000,0.00000000,0.00000000,0.00000000,0.00000000,0.00000000,0.00000000,0.00258866,0.01548504,0.00000000,0.00000000,0.00347182,0.00787866,0.00000000,0.00000000,0.00000000,0.00000000,0.00000000,0.00000000,0.00000000,0.00000000,0.00000000,0.00212964,0.00000000,0.00000000,0.00000000,0.00000000,0.00000000,0.00000000,0.00000000,0.00000000,0.00000000,0.00386094,0.00000000,0.00000000,0.00000000,0.03285916,0.00000000,0.00000000,4.09897366,0.00000000,0.00000000,0.00000000,0.00000000,0.92898748,0.00000000,0.18254312,0.00000000,0.00000000,0.00000000,0.00000000,0.03120063,0.00000000,0.00000000,0.00000000,0.00000000,0.00000000,0.00000000,0.00000000,0.00000000,0.00000000,0.00000000,0.00000000,0.00000000,0.02774496,0.00000000,0.00000000,0.00000000,0.38906159,0.01436587,0.01955163,0.00000000,3.36524913,0.00000000
0.53634888,0.08699389,0.00000000,0.00000000,0.00000000,0.00000000,0.00000000,0.00000000,0.00000000,0.00000000,0.00000000,0.00000000,0.00309980,0.01234647,0.05490679,0.00000000,0.00000000,0.00000000,0.00000000,0.00000000,0.13086299,0.00000000,0.00000000,1.25117537,0.00000000,0.00000000,0.00000000,0.00000000,0.00000000,0.00000000,0.00000000,0.11377375,0.00000000,0.00898957,0.01364841,0.00000000,0.07152912,0.02300876,0.01237159,0.02496112,0.01252164,0.00000000,0.00000000,0.00000000,0.02592770,0.00000000,0.00000000,0.00000000,0.00000000,0.01431156,0.00000000,0.00000000,0.00000000,0.00404368,0.00000000,0.00000000,0.00000000,0.00000000,0.00000000,0.00000000,0.00421210,0.00000000,0.00000000,0.00000000,0.00000000,0.00000000,0.00000000,0.00000000,0.00000000,0.00000000,0.00282047,0.00174230,0.13323801,0.03764461,0.00000000,0.00000000,0.00000000,0.00000000,0.00000000,0.00000000,0.00000000,0.00000000,0.00000000,0.00000000,0.00000000,0.00000000,0.00000000,0.00579364,0.00000000,3.41664781,0.02835012,0.00000000,0.00000000,0.00000000,0.03072238,0.00000000,0.00000000,0.00000000,0.00000000,0.00000000,0.20195967,0.03305352,0.00248571,0.00000000,0.00000000,0.00000000,0.00969486,0.00000000,0.00000000,0.65822914,0.00000000,0.00000000,0.03103295,0.00000000,0.00000000,0.00593759,0.00000000,0.00000000,0.00000000,0.00000000,0.00000000,0.00000000,0.00420244,0.00000000,0.00000000,0.00000000,0.01010966,0.24020101,0.00812936,0.00000000,0.00000000,0.03010283,0.00000000,0.00419398,0.00000000,0.00000000,0.00000000,0.00000000,0.00000000,0.03113798,0.00000000,0.00000000,0.00853357,0.00000000,0.00000000,0.00000000,0.00000000,0.00000000,0.00575435,0.00000000
0.00000000,0.07807996,0.07681247,0.00000000,0.00000000,0.02816722,0.00000000,0.00000000,0.00000000,0.00000000,0.01368024,0.00000000,0.00000000,0.00000000,0.00000000,0.02898118,0.00688490,0.03132286,0.00000000,0.00000000,0.00000000,0.00000000,0.00000000,0.25993200,0.00000000,0.00000000,0.00000000,0.00000000,0.00000000,0.00000000,0.00000000,0.00000000,0.02001665,0.00000000,0.00446184,0.00000000,0.02854701,0.01783547,0.05310333,0.06831384,0.00000000,0.00000000,0.00723403,0.00000000,0.00083843,0.00000000,0.00000000,0.90159075,0.00356588,0.80790855,0.00000000,0.00000000,0.02498842,0.00000000,0.00568391,0.00000000,0.00000000,0.00000000,0.00000000,0.00000000,0.00000000,0.00000000,0.00000000,0.00092934,0.00000000,0.00000000,0.00000000,0.00000000,0.02483258,0.00000000,0.00336283,0.00368160,0.00000000,0.00000000,0.00000000,0.00000000,0.00000000,0.00000000,0.00220960,0.00000000,0.00000000,0.00000000,0.00000000,0.00808475,0.00000000,0.05442089,0.00647218,0.00000000,0.00000000,0.00000000,0.00000000,0.00000000,0.01995260,0.03450372,0.00000000,0.14853306,0.00000000,0.00000000,0.00000000,3.25730576,0.00000000,0.00000000,0.00000000,0.42650229,0.28679137,0.00000000,0.00000000,0.00000000,0.02104802,0.08960389,0.00000000,0.00000000,0.00000000,0.00409187,0.00000000,0.00119183,0.03766824,0.00000000,0.00000000,0.00000000,0.00000000,0.00000000,0.00000000,0.00332280,0.00000000,0.00000000,0.00000000,0.00000000,0.00000000,0.00000000,0.00000000,0.00000000,0.00000000,0.00000000,0.00000000,0.00000000,0.00000000,0.00820790,0.00000000,0.00000000,0.00000000,0.00000000,0.00000000,0.00000000,0.00000000,0.00000000,0.00000000,0.03045239,0.00000000,0.00712799
0.00000000,0.00000000,0.00000000,0.00000000,0.00000000,0.00000000,0.00652108,0.79170710,0.00000000,0.01935698,0.02609005,0.00000000,0.00000000,0.00000000,0.00343514,0.00000000,0.99259691,0.00000000,0.00000000,0.00357516,0.00322963,0.00000000,0.00000000,0.17709088,0.00000000,0.00346824,0.00000000,0.00000000,0.00000000,0.00000000,0.03375626,0.00000000,0.00874074,0.00000000,0.00000000,0.00000000,0.08628951,0.00000000,0.00000000,0.00000000,0.00000000,0.00000000,0.00000000,0.00000000,0.94886689,0.00000000,0.00000000,0.00000000,0.00000000,0.00000000,0.00000000,0.00584093,0.00000000,0.00000000,0.00000000,0.74884691,0.00000000,0.00000000,0.00000000,0.00000000,0.00000000,0.00000000,0.00000000,0.00000000,0.00000000,0.00405058,0.00000000,0.00000000,0.00000000,0.00000000,3.04020637,0.00000000,0.00000000,0.00000000,0.00000000,0.00000000,0.01341408,0.00000000,0.00000000,0.00308087,0.13331705,0.00000000,0.00000000,0.00000000,2.80327339,0.18007367,0.00000000,0.00000000,0.00000000,0.00000000,0.04439972,0.00000000,0.00000000,0.00000000,0.00913814,0.00000000,0.06051013,0.00000000,0.00000000,0.01525977,0.10890357,0.07568831,0.00000000,0.00000000,0.00000000,0.00000000,0.00000000,0.00000000,0.00000000,0.01708202,0.00000000,0.00000000,0.00000000,0.00310609,0.00185305,0.08969917,0.00000000,0.00000000,0.00000000,0.00555796,0.00000000,0.00000000,1.86749918,0.01368322,0.01342709,0.00000000,0.00000000,0.00000000,0.00000000,0.00000000,0.00000000,0.00000000,0.01186254,0.00000000,0.00000000,0.00000000,0.00000000,0.00453263,0.00255373,0.00750639,0.00000000,0.00000000,0.00000000,0.00779548,0.00000000,0.00420322,0.00000000,0.09516501,0.01385701,0.02225143
0.00000000,0.00000000,0.00000000,0.03091370,0.00000000,0.00000000,0.04545680,0.00000000,0.40554656,0.00000000,0.00000000,0.11960106,0.00148276,0.00000000,0.00000000,0.00000000,0.00000000,0.00000000,0.07440175,0.00000000,0.00000000,0.00000000,0.00000000,0.11666526,0.00000000,0.00000000,0.00588915,0.00000000,0.04145884,0.00000000,0.00000000,0.00784973,0.00000000,0.00000000,0.00150574,0.09210763,0.00000000,0.00000000,0.00000000,0.00000000,0.00000000,0.00000000,0.06459963,0.00000000,0.01758417,0.00000000,0.00000000,0.00000000,0.00000000,0.00000000,0.00000000,0.00000000,0.00409982,0.00000000,0.00609069,0.00000000,0.00000000,0.00000000,0.00000000,0.00000000,0.00000000,0.00718757,0.00000000,0.00170602,0.27332520,0.00705811,0.00000000,0.00000000,0.00000000,0.00953612,0.00000000,0.00000000,0.00000000,0.00000000,0.00000000,0.96413196,0.00000000,2.28096245,0.00000000,0.00000000,0.00000000,0.20163541,0.00000000,0.00000000,2.87944193,2.23999165,0.00000000,0.00129517,0.00118654,0.00000000,0.00621539,0.00000000,0.00000000,0.00000000,0.00000000,0.00000000,0.00000000,0.00000000,0.00000000,0.00000000,0.00000000,0.00000000,0.00000000,0.00000000,0.00000000,0.00000000,0.00000000,0.00000000,0.00362675,0.00000000,4.37625611,0.00000000,0.00496137,0.00000000,0.00723490,0.00000000,1.74706280,0.00000000,0.43421628,0.00000000,0.00000000,0.00000000,0.00000000,0.00298496,0.00000000,0.00000000,0.00000000,0.00000000,0.06574517,0.00000000,0.10541349,0.00000000,0.00000000,0.00000000,0.00000000,0.00000000,0.00000000,0.00000000,0.00800784,0.00000000,0.00000000,0.00000000,0.06274113,0.00000000,0.00000000,0.01580674,0.00000000,0.00447972,0.00000000,0.00000000
0.00000000,0.00000000,0.00000000,0.00000000,0.00000000,0.00000000,0.01877326,0.00000000,0.00000000,0.00000000,0.00000000,0.00000000,0.00000000,0.00000000,0.20363986,0.00000000,0.00000000,0.00000000,0.00000000,0.00000000,0.00000000,0.00000000,0.02584667,0.00000000,0.00000000,5.89374567,0.00000000,0.00000000,0.00000000,0.00000000,0.00000000,0.00000000,0.00550171,0.00000000,0.00000000,0.00000000,0.02028748,0.00000000,0.01130779,0.00000000,0.00000000,0.00000000,0.00000000,0.00736492,0.00000000,0.01570904,0.00175341,0.00000000,0.00000000,0.00000000,0.10280568,0.00000000,0.05296001,0.00000000,0.01631629,0.29073965,0.00421210,0.00000000,0.00000000,0.00000000,0.00000000,0.06444616,0.97187346,0.00000000,0.00000000,0.00000000,0.00000000,0.00000000,0.00000000,0.01356517,0.06737331,0.00000000,0.00000000,0.00376343,0.00000000,0.19329478,0.00000000,0.00477939,0.00000000,0.00000000,0.00000000,0.00000000,0.04849428,0.01025847,0.00000000,0.00000000,0.00000000,0.25394948,0.00000000,0.00000000,0.00000000,0.00662931,0.01470048,0.00000000,0.00000000,0.00000000,0.00000000,0.12945081,0.00000000,0.00000000,0.00000000,0.00000000,0.12044520,0.00000000,0.00000000,0.00076908,0.00000000,0.00000000,0.00000000,0.01387533,0.00000000,0.00000000,0.00000000,2.45887327,0.00000000,0.00689955,2.26453627,0.00000000,0.00000000,0.00000000,0.00000000,0.00000000,0.00000000,0.00000000,0.00000000,0.00000000,0.00000000,0.00000000,0.02161670,0.00000000,0.00424607,0.00000000,2.81463693,0.01049044,0.00000000,0.00000000,4.26832579,0.00000000,0.00000000,0.00200630,0.00540904,0.00470239,0.00000000,0.00000000,0.25394819,0.05248184,0.00000000,0.00000000,0.06345268,0.00000000
0.00000000,0.06579745,0.00000000,0.00000000,0.00000000,0.54068367,0.00000000,0.00000000,0.00000000,0.00000000,0.12523291,0.00000000,0.00000000,0.00000000,0.00000000,0.00000000,0.00000000,0.00000000,0.00000000,0.00000000,0.00000000,0.00000000,0.00000000,0.00000000,0.00000000,0.00000000,0.00000000,0.00000000,0.00000000,0.00000000,0.00000000,0.00000000,0.00000000,0.00000000,0.00000000,0.00000000,0.00000000,0.00000000,0.01779437,0.00000000,0.00000000,0.00000000,1.63872280,0.03557016,0.00000000,0.00000000,2.35681939,0.00000000,0.00694324,0.00000000,0.00000000,0.00000000,0.00000000,0.00000000,0.00000000,0.00000000,0.00000000,0.00000000,0.00000000,0.00718757,0.06444616,0.00000000,0.15211361,0.00579837,0.00000000,0.00000000,0.37044636,0.23216093,0.00000000,0.00000000,0.00000000,0.00000000,0.00000000,0.00000000,0.00000000,0.00000000,0.00000000,0.00000000,0.00000000,0.00000000,0.00000000,0.00000000,0.00134430,0.01217448,1.33650731,0.01105378,0.00000000,0.00337849,0.00212215,0.32767659,0.01195345,0.00000000,0.00000000,0.00501546,0.00000000,0.02053900,1.36603246,0.00000000,0.00000000,0.00000000,0.00000000,0.00000000,0.00000000,0.00000000,0.00000000,0.00000000,0.00000000,0.00000000,0.00000000,0.00000000,0.00000000,0.00000000,0.15598969,0.00000000,0.00000000,0.00000000,0.00000000,0.01541790,0.00000000,0.00000000,0.00000000,0.00000000,0.00000000,0.03578498,0.00000000,0.00000000,0.00517728,0.00000000,0.00000000,0.00637744,0.00000000,1.89632867,0.00000000,0.01471486,0.00000000,0.00000000,0.00000000,0.02309539,0.00000000,0.00000000,0.00000000,0.00542826,0.03783712,0.00000000,0.00000000,0.00000000,0.00000000,0.00000000,0.00000000,0.00000000
0.00000000,0.00000000,0.06026185,0.00000000,0.00000000,0.00710557,0.00000000,0.00000000,0.00000000,0.00000000,0.00000000,0.27069992,0.00000000,0.00000000,1.38497452,0.00000000,4.22942932,0.12353736,0.00000000,0.00000000,1.27964978,0.00000000,0.00000000,0.00000000,0.00000000,0.02035242,0.00000000,0.00000000,0.00000000,0.00000000,0.02100079,0.00000000,0.00000000,0.10111275,0.03100808,0.00000000,0.01091647,0.00000000,0.00000000,0.01190077,0.30803020,0.00000000,1.83062449,0.00000000,0.00000000,0.00000000,0.00000000,0.00000000,0.00000000,0.00000000,0.00000000,0.00000000,0.00000000,0.00000000,0.00407975,0.00000000,0.00000000,0.00000000,0.00000000,0.00000000,0.97187346,0.15211361,0.00000000,0.00000000,0.00000000,0.16512735,0.00000000,0.00000000,0.00000000,0.00000000,0.00000000,0.00000000,0.00000000,0.03330749,1.21523527,0.02755496,0.00000000,0.05591026,0.00000000,0.00270204,0.00000000,0.14535300,0.00000000,0.00000000,0.00000000,0.00000000,0.00000000,0.00000000,0.00000000,0.00000000,0.00000000,0.00000000,0.00701564,0.00000000,0.00000000,0.00000000,0.00000000,0.00000000,0.02180245,0.00000000,0.00000000,0.00000000,0.00000000,0.14544343,0.00592644,0.00000000,0.00000000,0.00000000,0.10189545,0.00000000,0.00000000,0.00000000,0.00000000,0.00000000,0.00000000,0.00000000,0.00130736,0.00000000,0.00000000,0.00000000,0.00000000,0.00000000,0.93746241,0.00000000,0.00000000,0.00000000,0.00000000,0.00000000,0.00386882,0.00000000,0.00000000,0.00000000,0.00000000,0.00000000,0.00000000,0.00000000,0.00000000,0.00000000,0.00000000,0.00000000,0.00000000,0.00000000,0.00000000,0.00000000,0.00696282,0.00000000,0.00000000,0.00319299,0.00000000,0.00000000
0.00000000,0.93006227,0.00000000,0.00339519,0.03347591,0.10691300,0.00000000,0.00000000,0.00000000,0.00000000,0.00000000,0.00000000,0.00143544,0.00091632,0.00000000,0.00000000,0.00700984,0.00000000,0.00245930,0.04548693,0.00109111,0.00000000,0.00000000,0.00000000,0.04634286,0.03148746,0.00000000,0.00000000,0.00000000,0.01581070,0.00000000,0.00000000,0.00000000,0.00000000,5.40400517,0.28764521,0.00000000,0.00646305,0.14518868,0.00000000,0.00000000,0.05541750,0.00000000,0.00000000,0.00000000,0.00000000,0.00000000,0.00000000,12.79896333,0.00000000,0.00178985,0.00000000,0.00000000,0.00000000,0.00385548,0.00000000,0.00000000,0.00092934,0.00000000,0.00170602,0.00000000,0.00579837,0.00000000,0.00000000,0.00000000,0.14963741,0.00000000,0.00000000,0.02992494,0.00000000,0.00000000,3.07017103,0.00000000,0.00000000,0.00000000,0.00000000,0.00000000,0.00646990,0.00000000,0.00000000,0.02059949,0.00000000,0.00000000,0.00000000,0.00000000,0.00000000,0.01098280,0.00000000,0.00000000,0.00000000,0.02538646,0.02438977,0.00590830,0.20889462,0.01898647,0.00000000,0.00000000,0.00000000,0.02658463,0.00000000,0.00000000,0.00000000,0.03421271,0.00000000,0.00000000,0.00000000,0.00000000,0.00000000,0.11391728,0.00000000,0.00000000,0.00000000,0.01480872,1.97186371,0.00000000,0.00000000,0.64707020,0.00000000,0.00000000,0.00000000,0.00000000,0.00000000,0.10500649,0.00000000,0.01635851,2.17467374,0.00000000,0.00000000,0.07603138,0.00000000,0.00000000,0.01446372,0.00000000,0.04935317,0.00000000,0.05699886,0.00000000,0.00000000,0.00872169,0.00000000,0.00000000,0.00266758,0.02379060,0.00000000,0.85990195,0.00000000,0.01074652,0.00000000,0.00000000,0.00000000
0.00000000,0.00000000,0.00000000,0.00000000,0.00000000,0.13589878,0.00000000,0.00622087,0.04510444,0.00000000,0.00000000,0.07174820,0.00000000,0.00000000,0.00000000,0.00000000,0.00000000,0.00000000,0.00000000,0.00000000,5.00765401,0.00000000,0.00000000,0.00464961,0.00000000,0.05870011,0.00000000,0.00000000,0.00000000,0.00000000,0.00000000,1.16637345,0.00000000,0.00000000,0.23257674,0.22776301,1.64138408,0.00000000,0.00000000,0.00000000,0.00000000,0.00000000,0.00000000,0.00000000,0.00000000,0.00000000,0.00000000,0.00000000,0.00000000,0.00000000,0.00000000,0.00188166,0.00000000,0.00000000,0.00000000,0.00000000,0.00000000,0.00000000,0.00000000,0.27332520,0.00000000,0.00000000,0.00000000,0.00000000,0.00000000,0.00000000,0.00673520,1.70479882,0.00000000,0.00000000,0.00971973,0.00000000,3.35413517,0.99628687,0.00000000,0.00000000,0.00000000,0.04552568,0.02842560,0.11581083,0.00000000,0.10493586,0.00653217,0.00000000,0.00000000,0.00000000,0.00000000,0.00000000,0.00000000,0.00000000,0.04007288,0.00000000,0.01958381,0.00000000,0.00000000,0.00000000,0.00000000,0.00000000,0.00000000,0.13324062,0.00000000,0.00000000,0.00000000,0.00000000,0.00861195,0.00000000,0.00000000,0.00000000,0.00000000,2.74262770,0.00000000,0.01692114,0.00412384,0.00000000,0.00000000,0.00137691,0.00000000,0.00000000,0.00000000,0.00000000,0.00000000,0.06947403,0.00000000,0.00000000,0.01105617,0.00000000,0.00000000,0.41603318,0.00202336,0.00000000,0.00000000,0.00000000,0.01616501,0.06256636,0.00000000,0.00000000,0.00000000,0.00000000,0.00000000,0.00000000,0.00000000,1.20101768,0.00186220,0.00000000,0.00000000,0.02513769,0.02251694,0.00000000,0.00000000,0.00000000
0.00000000,0.04903494,0.00000000,0.00000000,0.22214471,0.00000000,0.01761840,0.00000000,0.00000000,0.00000000,0.00000000,0.00000000,0.00000000,0.00000000,0.00000000,0.00000000,0.00000000,0.00000000,0.00000000,0.00000000,0.00000000,0.00000000,0.00000000,0.00000000,0.00000000,0.02582103,0.00000000,0.00000000,0.00361743,0.00000000,0.00000000,0.02005880,0.00000000,0.49801147,0.11280719,0.00000000,0.00000000,0.00000000,0.00000000,0.00000000,0.00000000,0.00000000,0.03050573,0.00000000,0.00000000,0.00000000,0.00000000,0.00000000,0.00000000,0.00000000,0.00000000,0.00000000,0.00884759,0.01800598,2.96033575,0.00000000,0.00000000,0.00000000,0.00405058,0.00705811,0.00000000,0.00000000,0.16512735,0.14963741,0.00000000,0.00000000,0.01483644,0.00000000,0.05673343,3.07302834,0.00000000,0.10307573,0.00000000,0.00000000,0.00000000,0.00000000,0.00000000,0.00000000,0.00000000,0.08150625,0.00000000,0.00000000,0.00000000,0.00000000,0.00567767,0.00000000,0.00000000,0.00000000,0.00000000,0.00255757,0.00000000,0.00000000,0.00000000,0.00000000,0.04400844,0.00000000,0.00771729,0.01405158,0.03243842,0.06182326,0.00000000,2.50004539,0.00000000,0.00000000,0.00000000,0.00000000,0.00000000,0.03830095,0.00000000,0.00737014,0.00000000,0.00000000,0.00000000,0.02122169,0.00000000,0.11470764,0.00319796,0.00000000,0.24432807,0.00000000,0.00000000,0.00000000,0.00000000,0.00000000,0.00000000,0.00000000,0.00000000,0.00000000,0.00000000,0.00000000,0.00000000,0.00000000,0.02607629,0.13599650,0.00000000,0.00000000,0.00000000,0.00000000,0.00000000,0.08779670,0.00072851,0.00000000,0.00000000,0.00000000,0.00000000,0.00000000,0.00000000,0.00000000,0.02151754,0.00000000
0.01582024,0.00000000,0.02744694,0.00543181,0.53548553,0.00000000,0.00000000,0.00000000,0.01101768,0.00000000,0.00000000,0.00000000,0.00000000,0.00000000,0.00000000,0.00000000,0.00247387,0.05882137,0.00000000,0.00000000,0.05864503,0.00000000,0.00000000,0.00000000,0.88532262,0.00000000,0.00000000,0.00000000,0.01487498,0.00000000,0.00000000,0.02756948,0.00000000,0.00000000,0.01080098,0.00000000,3.68025475,0.00000000,0.00312852,0.00000000,0.00000000,0.00000000,0.00000000,0.00000000,0.00000000,0.00000000,0.00000000,0.00000000,0.00000000,0.00000000,0.00000000,0.00000000,0.00544691,0.81184187,0.00000000,0.03896873,0.00000000,0.00000000,0.00000000,0.00000000,0.00000000,0.37044636,0.00000000,0.00000000,0.00673520,0.01483644,0.00000000,0.02628477,0.00000000,0.00000000,0.00000000,0.00000000,0.00000000,0.00000000,0.00000000,0.00000000,0.01872029,0.00000000,0.00000000,0.00000000,0.00000000,0.00000000,0.00363511,0.00000000,0.00000000,0.00000000,0.00682923,0.00000000,0.00000000,0.00000000,0.00000000,0.00428851,0.00000000,0.00000000,0.18910748,0.00000000,0.00000000,0.00000000,0.00000000,0.02642129,0.03798602,0.00000000,0.00584633,0.00255367,0.00000000,0.00000000,0.00000000,0.00778295,0.00000000,0.40710993,0.00000000,0.00000000,1.19907432,0.11377515,0.00000000,0.11528103,0.00000000,0.00000000,0.00790398,0.00000000,0.00000000,0.00000000,0.00449800,0.03027658,0.00000000,0.00000000,0.00000000,0.00000000,0.00176438,0.00000000,0.00000000,0.00000000,0.00000000,0.07200427,0.00000000,0.00238927,0.00000000,0.00000000,0.00000000,0.01973269,0.00000000,0.00000000,0.00000000,0.04887003,0.01502430,0.00000000,0.00000000,0.00000000,0.00000000,0.00000000
0.00000000,0.00000000,0.00000000,0.00000000,0.01079267,0.00000000,0.00000000,0.00292869,0.01018788,0.00000000,0.00000000,0.00000000,0.00000000,0.00000000,0.00000000,0.00000000,0.04963872,0.00557026,0.00000000,0.00000000,0.00000000,0.00000000,0.00000000,0.16321752,0.00000000,0.00000000,0.00000000,0.00000000,0.00000000,0.00000000,0.00000000,0.00000000,0.00000000,0.00000000,0.00000000,0.01105572,0.00000000,0.00000000,0.00000000,0.00000000,0.21373157,0.00000000,0.73711017,0.00000000,0.00000000,0.00000000,0.00502827,0.00000000,0.00000000,0.00000000,0.00295235,1.83610995,0.00997868,0.01085685,0.00000000,0.00000000,0.00000000,0.00000000,0.00000000,0.00000000,0.00000000,0.23216093,0.00000000,0.00000000,1.70479882,0.00000000,0.02628477,0.00000000,0.00000000,0.37147892,0.00205398,0.00000000,0.00000000,0.00000000,0.00000000,0.00000000,0.00000000,0.00000000,0.03083663,0.00000000,0.00000000,0.00000000,0.00000000,0.00000000,0.00306594,0.01044252,0.00000000,0.00278957,0.00000000,0.00000000,0.00274043,0.00000000,0.38724707,0.00000000,0.00559863,0.00000000,0.00000000,0.00094550,0.00000000,0.00000000,0.00000000,0.00000000,0.00000000,0.00000000,0.00000000,0.00000000,0.00000000,0.00000000,0.00000000,0.00000000,0.00000000,0.00000000,0.00000000,0.00304839,0.00000000,0.00000000,0.00000000,0.00000000,0.02318282,0.00000000,0.00000000,0.02231231,0.00000000,0.00185662,0.00000000,0.09167037,0.00000000,0.00000000,0.00000000,0.00000000,0.00000000,0.00000000,0.00000000,0.01275547,0.00000000,0.02482653,0.00000000,0.06017270,0.00000000,0.00087375,0.00343138,0.03832849,0.00000000,0.15784874,0.00000000,0.00000000,0.07954500,0.12010149,0.00000000,0.00000000
0.00000000,0.00000000,0.00000000,0.10413283,0.00000000,0.00000000,0.00000000,0.00000000,0.00000000,0.00000000,0.00000000,0.00560087,0.00000000,0.01102709,0.00000000,0.00000000,4.43335928,0.00245889,0.00000000,0.00000000,0.01373226,0.00000000,0.00000000,0.01716561,0.08823164,0.00000000,0.00000000,0.00000000,0.00000000,0.00000000,0.00000000,0.05713331,0.00000000,0.10814613,0.00000000,0.00000000,0.01673897,0.00000000,0.00000000,0.00000000,0.00000000,0.03732833,0.00000000,0.00000000,0.00000000,0.00000000,0.00000000,0.00000000,0.00000000,0.00000000,1.74258567,0.00000000,0.00553386,0.04615227,3.47193460,0.00000000,0.00000000,0.02483258,0.00000000,0.00000000,0.00000000,0.00000000,0.00000000,0.02992494,0.00000000,0.05673343,0.00000000,0.00000000,0.00000000,0.00000000,0.00000000,0.00000000,0.07905207,0.21577719,0.00969348,0.01641683,0.01068434,0.00000000,0.00000000,0.07912870,0.00000000,0.00000000,0.00000000,0.00000000,0.00000000,0.00000000,0.00000000,0.00000000,0.00000000,0.01642969,0.00000000,0.05577567,0.00000000,3.38889350,0.00000000,0.05319398,0.00000000,0.00000000,0.14609693,0.00000000,0.00000000,0.02219125,0.00000000,0.00401883,0.24002523,0.03191019,0.00000000,0.00000000,0.00000000,0.00000000,0.00000000,0.00000000,0.00497050,0.00000000,0.01714809,0.46489952,0.00783978,0.00000000,0.00000000,0.00666721,3.04203046,0.00000000,0.03298464,0.00601390,0.00000000,0.23595859,0.00000000,0.00000000,0.61819349,0.00000000,0.00357380,0.00000000,0.00000000,0.00000000,0.00000000,0.00000000,0.00000000,0.00000000,0.00000000,0.00000000,0.06545887,0.00000000,0.00000000,0.00189227,0.00000000,0.00000000,0.00000000,0.00000000,0.00000000,0.00000000
0.00000000,0.00000000,0.00000000,0.00000000,0.00000000,0.00000000,0.00000000,0.00000000,0.00000000,0.00214368,4.14439057,0.00000000,0.00000000,0.00000000,1.72340869,0.12929441,0.00000000,0.00000000,0.00000000,0.00000000,0.05805954,0.00131897,0.00000000,0.00000000,0.00000000,0.00393582,0.05370872,0.00000000,0.00000000,0.00000000,0.00142826,0.03423087,0.02233739,0.00000000,0.00000000,0.13379637,0.00000000,0.00000000,0.00000000,0.00000000,0.00000000,0.00000000,0.00000000,0.17084044,0.00000000,6.06385812,0.00000000,0.00000000,0.00000000,0.00000000,0.40010139,0.00000000,0.00000000,0.00000000,1.64900382,0.00000000,0.00000000,0.00000000,0.00000000,0.00953612,0.01356517,0.00000000,0.00000000,0.00000000,0.00000000,3.07302834,0.00000000,0.37147892,0.00000000,0.00000000,0.00000000,0.00000000,0.00943717,0.00000000,0.07656062,0.00000000,0.00323620,0.00000000,0.00000000,0.00000000,0.00000000,0.00837616,0.00000000,0.00000000,0.00406580,0.00000000,0.00000000,0.00000000,0.00000000,0.00883102,0.00612732,0.00000000,0.00000000,0.00000000,0.01436689,0.00000000,0.00179091,0.00000000,0.00815664,0.00000000,0.00000000,0.00318797,0.26477831,0.00000000,0.19284116,0.00000000,0.00000000,0.00000000,0.00000000,0.04521547,0.00000000,0.00000000,0.00000000,2.09380431,0.00000000,0.00000000,0.01830954,0.00000000,0.17366605,0.00423183,0.00000000,0.00000000,0.00133121,0.00000000,0.03370972,0.00000000,0.00000000,0.00000000,0.00000000,0.00000000,0.00000000,0.00000000,0.06127587,0.10674113,4.75972904,0.00000000,0.00000000,0.00000000,0.00000000,0.02843527,0.00000000,0.00000000,0.00000000,0.00000000,0.00000000,0.00000000,0.00000000,0.00000000,0.00000000,0.00000000
0.00000000,0.00000000,0.00000000,0.00000000,0.00000000,0.00000000,0.00000000,0.00000000,1.25647413,0.00000000,0.00000000,0.00253223,0.00392730,0.00000000,0.00000000,0.00000000,0.05703607,0.01275278,0.00000000,0.00000000,0.02057601,0.02477468,0.00000000,0.00000000,0.00000000,0.00000000,0.00000000,0.00000000,0.00000000,0.00502191,0.00000000,0.00000000,0.00000000,0.00000000,1.96875712,0.04956941,0.95164717,0.00000000,0.00000000,0.00000000,0.11718391,0.00236166,0.00000000,0.00000000,0.00000000,0.00000000,0.00000000,0.00000000,0.00000000,0.00000000,0.00000000,0.00000000,0.01086905,0.00000000,0.00000000,0.00000000,0.00282047,0.00336283,3.04020637,0.00000000,0.06737331,0.00000000,0.00000000,0.00000000,0.00971973,0.00000000,0.00000000,0.00205398,0.00000000,0.00000000,0.00000000,0.00000000,0.00000000,0.00000000,0.00000000,0.01838384,0.00000000,0.00000000,0.00000000,0.00000000,0.00000000,0.00000000,0.10727789,0.00000000,0.00000000,0.02582004,0.00000000,0.00000000,0.00000000,0.00000000,0.02185968,0.00000000,0.00000000,0.00000000,0.00000000,0.00000000,0.00000000,0.00000000,0.00000000,0.00000000,0.64098343,0.00000000,0.00000000,0.00470050,0.00000000,0.00988110,0.00000000,0.00000000,0.00760007,0.00164032,0.00000000,0.00796138,0.00000000,0.01520451,0.00000000,0.03317200,0.00299605,0.00000000,0.01382588,0.00000000,0.00000000,0.00716194,0.03570047,0.00000000,0.00000000,0.00000000,0.00000000,0.00000000,0.00000000,0.02319168,0.00000000,0.00000000,0.01386061,0.00000000,0.00000000,0.01051729,0.14569084,0.00000000,0.00796636,0.00000000,0.00000000,0.00692043,0.00000000,0.00000000,0.00000000,0.00000000,0.00000000,0.02693622,0.00000000,0.00000000
0.00000000,0.00000000,0.02828977,0.00000000,0.00000000,0.00000000,0.00000000,0.00000000,0.00000000,0.00249667,0.00909961,0.00000000,0.00000000,0.00000000,0.00000000,0.00000000,0.00000000,0.20176963,0.00000000,0.00000000,0.00000000,0.00000000,0.00000000,0.03871348,0.00367713,0.02112462,0.00000000,0.00000000,0.07026326,0.00000000,0.00000000,0.07079665,0.00000000,0.00000000,0.01288305,0.00000000,0.00000000,0.00000000,0.00000000,0.10857030,0.00000000,0.05566559,0.00000000,0.00000000,0.00000000,0.04401551,0.00000000,0.00000000,0.00000000,0.00000000,0.00000000,0.00000000,0.12147682,0.00000000,0.00623654,1.52120243,0.00174230,0.00368160,0.00000000,0.00000000,0.00000000,0.00000000,0.00000000,3.07017103,0.00000000,0.10307573,0.00000000,0.00000000,0.00000000,0.00000000,0.00000000,0.00000000,0.00000000,0.00000000,0.00000000,0.03449254,0.00000000,0.00000000,0.00000000,0.01943824,0.00000000,0.00000000,0.00000000,0.00000000,0.00886092,0.00000000,0.00000000,0.00000000,0.00121932,0.00000000,0.00000000,0.04377474,0.00000000,0.00000000,0.02027653,0.00000000,0.00000000,0.00000000,0.00000000,0.00000000,0.00000000,0.00668515,0.00000000,0.00332062,0.00000000,0.03289127,0.05740728,0.00000000,0.00000000,0.00000000,0.00000000,0.00259707,0.00000000,0.00000000,3.89185361,0.00000000,0.00000000,0.00000000,0.00000000,0.00000000,0.12346011,0.00000000,0.00000000,0.00000000,0.00000000,0.00000000,0.00000000,0.00000000,0.00000000,0.00000000,0.00000000,0.00436778,0.00000000,0.00000000,0.02364018,0.00000000,0.00925701,0.00000000,0.00000000,0.00000000,0.00000000,0.01234392,0.00709285,0.00000000,0.00000000,0.00000000,0.00000000,0.00000000,0.00000000,0.00000000
0.00000000,0.00000000,0.00947737,0.27641445,0.00000000,0.05197110,0.05299897,0.00472036,0.00231035,0.00616015,0.00000000,0.00000000,0.00000000,0.00000000,0.00000000,0.00000000,0.00262674,0.00000000,0.00984557,0.00000000,0.00000000,0.00000000,0.00000000,0.00000000,0.00000000,0.00000000,0.00000000,0.00000000,0.00000000,0.00000000,0.00000000,0.00000000,0.00000000,0.00000000,0.02283394,0.00000000,0.00000000,0.00000000,0.00000000,0.00628035,0.02631414,0.00000000,0.00000000,0.02040147,0.00000000,0.00000000,0.03005406,0.00000000,0.00000000,0.01741952,0.00000000,0.17177546,0.01421612,0.00000000,0.00000000,0.00000000,0.13323801,0.00000000,0.00000000,0.00000000,0.00000000,0.00000000,0.00000000,0.00000000,3.35413517,0.00000000,0.00000000,0.00000000,0.07905207,0.00943717,0.00000000,0.00000000,0.00000000,0.00000000,0.02052708,0.02418768,0.00331123,0.00000000,0.00000000,0.02212279,0.07407493,0.00000000,0.00000000,5.18986252,0.01105457,0.13225417,0.00000000,0.00000000,0.00000000,0.06189598,0.04225928,0.00000000,0.00000000,0.00046111,0.00000000,0.00000000,0.00000000,0.09638646,0.01257023,0.00000000,0.00000000,0.02495326,0.02647523,0.01216888,0.00000000,0.00000000,0.00000000,0.00000000,0.01025930,0.00000000,0.00000000,0.00000000,0.12177384,0.00000000,0.04904446,0.10148709,0.00000000,0.02550064,0.00000000,0.24757896,0.00000000,0.00000000,0.00000000,0.03667382,3.96895568,0.00000000,0.00000000,0.00000000,0.24779506,0.18165892,0.00000000,5.85773086,0.00000000,0.00000000,0.00000000,0.00000000,0.00000000,0.00000000,0.46763072,0.00000000,2.14497666,0.00000000,0.00000000,0.00000000,0.49739027,0.00000000,0.00000000,0.00000000,2.89953107,0.00000000
0.00000000,0.00000000,0.00000000,0.00401200,0.00000000,0.00413600,4.61287531,0.00000000,0.00000000,0.00105153,0.00000000,0.00000000,0.00000000,0.05469753,0.00442756,0.00000000,0.00807942,0.00000000,0.00000000,0.00141916,0.00000000,0.00000000,0.01879157,0.00000000,0.00000000,0.00000000,0.00000000,0.00000000,0.00000000,0.00000000,0.00000000,0.00000000,0.01886961,0.00165502,0.00000000,0.05271380,0.00000000,0.01294642,0.00250815,0.12199066,0.00000000,0.00000000,0.02797960,0.00586711,0.00000000,5.49752854,0.00464376,0.00000000,0.00000000,0.00000000,0.12234598,0.00000000,0.00399944,0.00000000,0.00000000,0.00000000,0.03764461,0.00000000,0.00000000,0.00000000,0.00376343,0.00000000,0.03330749,0.00000000,0.99628687,0.00000000,0.00000000,0.00000000,0.21577719,0.00000000,0.00000000,0.00000000,0.00000000,0.00000000,0.03454445,0.00000000,2.72209007,0.00000000,0.02328689,0.00000000,0.01534691,0.00743204,0.00000000,0.00000000,0.00000000,3.20797804,0.00229428,0.00000000,0.00000000,0.00000000,0.00000000,0.10523422,0.00000000,0.02879702,0.00137131,0.00098901,2.90308772,0.18946923,0.09383661,0.00000000,0.01277031,4.02112515,0.00000000,0.00597036,0.00000000,0.00000000,0.00000000,0.02256889,0.00191354,0.30729236,0.00000000,0.01830885,0.02232310,0.00000000,0.00000000,0.00000000,0.02898585,0.01582024,0.00000000,0.00000000,0.00000000,0.01483100,0.00000000,0.53634888,0.00369915,0.00000000,0.00000000,0.00000000,0.09392302,0.00000000,0.00000000,0.00000000,0.00000000,0.00367362,0.00197586,0.05436251,0.00000000,0.00000000,0.09451685,0.00000000,0.00000000,0.00000000,0.00000000,0.00000000,0.00000000,0.00000000,0.01104994,0.00000000,0.00000000,0.00000000
0.02647523,6.75595928,0.13649683,0.00000000,0.00000000,0.00000000,0.02305344,0.00000000,0.00394194,0.00000000,0.00471045,0.00000000,0.00000000,0.00000000,0.16081343,0.00000000,0.00000000,0.00000000,0.00000000,0.00000000,0.03068073,0.00000000,0.00000000,0.00000000,0.00320620,0.00000000,0.00696154,0.00955704,0.00000000,0.00000000,0.59946635,0.00000000,0.00000000,0.00000000,0.00000000,0.28754897,0.00000000,0.43139404,0.00628848,0.00803036,0.01880759,0.00000000,0.00000000,0.00000000,0.00000000,0.00000000,0.00000000,0.00000000,0.00000000,0.00681019,0.00000000,0.08412339,0.00000000,0.00000000,0.00000000,0.00000000,0.00000000,0.00000000,0.00000000,0.00000000,0.00000000,0.00000000,1.21523527,0.00000000,0.00000000,0.00000000,0.00000000,0.00000000,0.00969348,0.07656062,0.00000000,0.00000000,0.02052708,0.03454445,0.00000000,0.00161935,0.03691771,0.00000000,0.00000000,0.00000000,0.00000000,0.00000000,0.00000000,0.00000000,0.81729053,0.00000000,0.00000000,0.06579745,0.03022650,0.00000000,0.00000000,0.00000000,0.00000000,0.00000000,0.00000000,0.00000000,0.15771172,0.93006227,0.00000000,0.00000000,0.00000000,0.00000000,5.17140332,0.00000000,0.07807996,0.00000000,0.00000000,0.00753532,0.00000000,0.00000000,0.00000000,0.00451565,0.00000000,0.00844203,0.20205652,2.34084152,0.01045069,0.00000000,0.00000000,0.00000000,0.00000000,0.00000000,0.02627429,6.75595928,0.00000000,0.00000000,7.67135834,0.00784470,0.00000000,0.00000000,0.00000000,0.04781961,0.00837818,3.14342177,0.00000000,0.00000000,0.00000000,0.00000000,0.08699389,0.00000000,0.00000000,0.00000000,0.00553211,0.00000000,1.69819771,0.00000000,0.00000000,0.00000000,0.00000000,0.04903494
5.18986252,0.81729053,0.07895821,2.88745324,0.00089492,0.00000000,0.00000000,0.11195355,0.09178492,0.00000000,0.00000000,0.00000000,0.07635898,0.00000000,0.00143130,0.00000000,0.00000000,0.00000000,0.00916108,0.00000000,0.00000000,0.00000000,0.00000000,3.68123602,0.00000000,0.00000000,0.00000000,0.00000000,0.00000000,0.02645349,0.07689897,0.00000000,0.00000000,0.63331755,0.00000000,0.00000000,0.75585698,0.00000000,0.00000000,2.68198511,0.00000000,0.00000000,0.16477032,0.00000000,0.00769298,0.00000000,0.00000000,0.00000000,0.00000000,0.00000000,0.04836281,1.01378117,0.00000000,0.35443981,0.00000000,0.00000000,0.00000000,0.00000000,0.00000000,0.96413196,0.19329478,0.00000000,0.02755496,0.00000000,0.00000000,0.00000000,0.00000000,0.00000000,0.01641683,0.00000000,0.01838384,0.03449254,0.02418768,0.00000000,0.00161935,0.00000000,0.00000000,0.00000000,0.03073430,0.00000000,0.00000000,0.00000000,0.03051162,0.00730181,0.00000000,2.36741124,0.00000000,0.00000000,0.11673925,0.00000000,0.00000000,0.00000000,0.00000000,0.00000000,1.36722720,0.02969255,0.00000000,0.00000000,0.00000000,0.00000000,0.01444987,0.00000000,0.01797750,0.00000000,0.00000000,0.00000000,0.00000000,0.00000000,0.00308604,0.00000000,0.04768722,0.00947737,0.00000000,0.00000000,0.00000000,0.00297951,0.00000000,0.00000000,0.00000000,0.00000000,0.00000000,0.00000000,0.00000000,0.38026688,0.01191481,0.68494220,0.00000000,0.00176927,0.00000000,0.00000000,0.00000000,0.00000000,0.00000000,0.00000000,0.00000000,0.00000000,0.01222961,0.00000000,0.00000000,0.04361479,0.00000000,0.00000000,0.00000000,0.00000000,0.01340320,0.00000000,0.00000000,0.02828977,0.05186696,0.00000000
0.00000000,2.36741124,0.00000000,0.00000000,0.00819032,0.00000000,0.02558123,0.00000000,0.00000000,0.00342698,0.00000000,0.02932311,0.00258533,0.07829166,0.00000000,0.00000000,0.00000000,0.00000000,0.05933448,0.00000000,0.00211896,0.00000000,6.86962562,0.00000000,0.00000000,0.02498904,0.00974391,0.00000000,0.00000000,0.00000000,0.00000000,0.00688829,0.00000000,0.00160439,0.00000000,0.00000000,0.00614098,0.00000000,0.00000000,0.00000000,0.00000000,3.38390024,0.00000000,0.01677241,0.00361508,0.03125654,0.00000000,0.81302694,0.00000000,0.02476774,0.00000000,0.00000000,0.00000000,0.00000000,0.00000000,0.00000000,0.00000000,0.00000000,0.01341408,0.00000000,0.00000000,0.00000000,0.00000000,0.00000000,0.00000000,0.00000000,0.01872029,0.00000000,0.01068434,0.00323620,0.00000000,0.00000000,0.00331123,2.72209007,0.03691771,0.00000000,0.00000000,0.52176923,0.00000000,0.04521780,0.00313927,0.00105615,0.00285640,0.00000000,0.01294449,0.32022496,0.00000000,0.00000000,0.00055106,0.00000000,0.00703059,0.00116368,0.00000000,0.00000000,0.13649683,0.00000000,0.00000000,0.00000000,0.00000000,0.00000000,0.00000000,0.00000000,0.00989619,0.00000000,0.00000000,0.00000000,0.03865459,0.00000000,0.00000000,0.00000000,0.00000000,0.07681247,0.07895821,0.00502485,0.00000000,0.01567252,0.00050262,0.02626270,0.00000000,0.00000000,0.00000000,0.03890198,0.02744694,0.00000000,0.00000000,0.04381751,0.00000000,0.00000000,0.00000000,0.00000000,0.00000000,0.11679567,0.01065124,0.00000000,0.01315945,0.00000000,0.00000000,0.00000000,0.00000000,0.00000000,0.00000000,0.00000000,0.00000000,0.00000000,0.00000000,0.00000000,0.00000000,0.00000000,0.00000000,0.00000000
0.00000000,0.00000000,0.00000000,0.00000000,0.00290738,0.00000000,0.00000000,0.00000000,0.00000000,0.00000000,0.00000000,0.00000000,0.00000000,0.00000000,0.00000000,0.00000000,0.00000000,0.00000000,0.00782727,0.00000000,0.00000000,0.00000000,0.00931900,0.10374698,0.00000000,0.00000000,0.01375932,0.00183488,0.00000000,0.00000000,0.00000000,0.00000000,0.00000000,0.00000000,0.00000000,0.07857862,0.00000000,0.04910355,0.00000000,0.02957320,0.00000000,0.00000000,0.00000000,0.00000000,0.00000000,0.00000000,0.00000000,0.01663082,0.00000000,0.01058663,0.00000000,0.00000000,0.00000000,0.00000000,0.00612013,0.00000000,0.00000000,0.00000000,0.00000000,2.28096245,0.00477939,0.00000000,0.05591026,0.00646990,0.04552568,0.00000000,0.00000000,0.00000000,0.00000000,0.00000000,0.00000000,0.00000000,0.00000000,0.00000000,0.00000000,0.00000000,0.52176923,0.00000000,0.05014530,0.00000000,0.00000000,0.00000000,0.00000000,0.00000000,0.00000000,0.00000000,0.00632244,0.29202118,0.00192913,0.00000000,4.56469675,0.00000000,0.01319541,0.15061614,0.00000000,1.08279621,0.47217586,0.00000000,0.00000000,0.04145662,0.00000000,0.00000000,0.00870446,2.78850038,0.00000000,0.00000000,0.00000000,0.00000000,0.00339519,0.00000000,0.00000000,0.00000000,2.88745324,0.00791975,0.10413283,0.00000000,0.00000000,0.00000000,0.00000000,0.00000000,0.00000000,0.03091370,0.02395585,0.03803206,7.84770598,0.00000000,0.00000000,0.00000000,0.06026185,0.01816013,0.00000000,0.00165430,0.00000000,0.00000000,0.00000000,0.00000000,0.00000000,0.00000000,3.18795612,0.18094598,0.00000000,0.00000000,0.00000000,0.00000000,0.42199935,0.00281323,0.00000000,0.00000000,0.16622899,0.01742977
0.00000000,0.00000000,0.05186696,0.00000000,0.00000000,0.01968563,0.00000000,0.00000000,0.05935426,0.00000000,1.90030938,0.00000000,0.00000000,0.00000000,0.00000000,0.00000000,0.00218894,0.01325270,0.00000000,0.00000000,0.00503912,0.00000000,0.00000000,0.23922690,0.00000000,0.00000000,0.00000000,0.00000000,0.00000000,0.00000000,0.00000000,0.00000000,0.00000000,0.00000000,0.00000000,0.11618073,0.00000000,0.00000000,0.00000000,0.00781408,0.00000000,5.18900344,0.00000000,0.00000000,0.00000000,0.00000000,0.00000000,0.81119811,0.00000000,1.53493113,0.04510330,0.00000000,0.00000000,0.00000000,0.02681724,0.00000000,0.00000000,0.00220960,0.00000000,0.00000000,0.00000000,0.00000000,0.00000000,0.00000000,0.02842560,0.00000000,0.00000000,0.03083663,0.00000000,0.00000000,0.00000000,0.00000000,0.00000000,0.02328689,0.00000000,0.03073430,0.00000000,0.05014530,0.00000000,0.00748872,0.00000000,0.00543181,0.00000000,0.05183077,0.15928808,0.00000000,0.00000000,0.00000000,0.00000000,0.00000000,0.00401200,0.00000000,0.00000000,0.00000000,0.00071710,0.27641445,0.00663192,0.00000000,0.00000000,0.00000000,7.34494930,0.01074831,0.14014763,0.00000000,0.00000000,0.00000000,0.00000000,0.00000000,0.00000000,0.00000000,0.00000000,0.00221809,0.11466246,0.01444932,0.00000000,0.02875531,0.00000000,0.00089492,0.25197541,0.00000000,0.00122113,0.00000000,0.00000000,0.05610725,0.00000000,0.00000000,0.00000000,1.03213616,0.00000000,0.00190702,0.00000000,0.00000000,0.00000000,0.00000000,0.00000000,0.00000000,0.00000000,0.00000000,0.00382918,0.07150157,0.00000000,0.02304490,0.00000000,0.00080540,0.02400825,0.00000000,0.00000000,0.00000000,0.00000000,0.00000000
0.00000000,0.00000000,0.00000000,0.00000000,0.06297717,0.00000000,0.00000000,0.00000000,0.00000000,0.00000000,0.00000000,0.00000000,0.05777354,0.00000000,0.00792471,0.00000000,0.00000000,0.00000000,0.00000000,0.00000000,0.00000000,0.00000000,0.00000000,0.00000000,0.08010891,0.00000000,0.00000000,0.00000000,0.00365754,0.00000000,0.00000000,0.00000000,0.00000000,0.00846516,0.07451505,0.00000000,0.06215442,0.06312033,0.00000000,0.04348289,0.00000000,0.25526364,0.00000000,0.00000000,0.00000000,0.00000000,0.00000000,0.00000000,0.00000000,0.00000000,0.08234147,0.01116036,0.00000000,0.00000000,0.10577309,0.00000000,0.00000000,0.00000000,0.00308087,0.00000000,0.00000000,0.00000000,0.00270204,0.00000000,0.11581083,0.08150625,0.00000000,0.00000000,0.07912870,0.00000000,0.00000000,0.01943824,0.02212279,0.00000000,0.00000000,0.00000000,0.04521780,0.00000000,0.00748872,0.00000000,0.00000000,0.22214471,0.00000000,0.00000000,0.00000000,0.53548553,0.00000000,0.00000000,0.00840401,0.13940644,0.00305769,0.00000000,0.00000000,0.00000000,6.64300527,0.00000000,0.00000000,0.00000000,0.15763554,0.00000000,0.00000000,0.00000000,0.00000000,0.00890664,0.00000000,0.00000000,0.00000000,0.00000000,0.00819032,0.00000000,0.00000000,0.01106353,0.00000000,0.00102922,0.00645037,0.00000000,0.00845147,0.00000000,0.07825224,0.00000000,0.00000000,0.00000000,0.00000000,0.00000000,0.00000000,0.00000000,0.00238981,0.00000000,0.00000000,0.00000000,0.00000000,0.00173468,0.00000000,0.16180240,0.00000000,0.00095692,0.00516497,0.00000000,0.00932492,0.01079267,0.01245932,0.08759251,0.00000000,0.00000000,0.04547371,0.00000000,0.00237157,0.00000000,0.00000000,0.00000000
0.00000000,0.00000000,0.00000000,0.00000000,0.00000000,0.42179214,0.00000000,0.00518481,0.00000000,0.00000000,0.00000000,0.00000000,0.00000000,0.00000000,0.00000000,0.00504190,0.00000000,0.00000000,0.00000000,0.03122907,0.00000000,0.00000000,0.00000000,0.00000000,0.00000000,0.00000000,0.00000000,0.00000000,0.00000000,0.63281105,0.00239104,0.02539462,0.01094602,0.00000000,0.00000000,0.00000000,0.00000000,0.00365823,0.00000000,0.00000000,0.00000000,0.02586981,0.00353823,0.00475601,0.00000000,0.00000000,0.00000000,0.01824796,0.00000000,0.00000000,0.00000000,0.03964504,0.00000000,0.00944751,0.00000000,0.00000000,0.00000000,0.00000000,0.13331705,0.00000000,0.00000000,0.00000000,0.00000000,0.02059949,0.00000000,0.00000000,0.00000000,0.00000000,0.00000000,0.00000000,0.00000000,0.00000000,0.07407493,0.01534691,0.00000000,0.00000000,0.00313927,0.00000000,0.00000000,0.00000000,0.00000000,0.00000000,0.06297717,0.00000000,0.00290738,0.00710415,0.74463346,0.00000000,0.00000000,0.00000000,0.00108480,0.00000000,0.00000000,0.00000000,0.00075174,0.03391876,0.00000000,0.00000000,0.00000000,0.02101354,0.03360391,0.04912380,0.00000000,0.00000000,0.00000000,0.01968563,0.03840988,0.00000000,0.00214271,0.00000000,0.00000000,0.04951782,0.00000000,0.00000000,0.00000000,0.02816722,0.00000000,0.00000000,0.00000000,0.00630881,0.00000000,0.00000000,0.00000000,0.04071728,0.00000000,0.00427053,0.10691300,0.00000000,0.00000000,0.00000000,0.00511060,0.00000000,0.03347591,0.00000000,0.00000000,0.00000000,0.00000000,0.40991578,0.00000000,0.00000000,0.00000000,0.21823738,0.42179214,0.00000000,0.00000000,0.00000000,0.00573301,0.00000000,0.07794147,0.00000000
0.00197586,0.00000000,0.01294449,0.01074831,0.00710415,0.00000000,0.00000000,0.00000000,0.02748812,0.00000000,0.42727212,0.00000000,0.00000000,0.00664368,0.01852117,0.00000000,0.01601338,0.00000000,0.01728791,0.00000000,0.00000000,1.03319261,0.00000000,0.00000000,2.29916547,0.00000000,0.00000000,0.00000000,0.00000000,0.11156767,0.00000000,0.00000000,0.00087576,0.00000000,0.00000000,0.00000000,0.00613915,0.00000000,0.00000000,0.00764377,0.00000000,0.00000000,0.00000000,0.10909299,0.00000000,0.00000000,0.01656842,0.00000000,0.00000000,0.00000000,0.08861291,0.00000000,0.00630625,0.03927947,0.00000000,0.00000000,0.00000000,0.00000000,0.00000000,0.20163541,0.00000000,0.00000000,0.14535300,0.00000000,0.10493586,0.00000000,0.00000000,0.00000000,0.00000000,0.00837616,0.00000000,0.00000000,0.00000000,0.00743204,0.00000000,0.00000000,0.00105615,0.00000000,0.00543181,0.22214471,0.00000000,0.00000000,0.00000000,0.00000000,0.00000000,0.00413600,0.00000000,0.01681924,0.00000000,0.00000000,2.59823713,0.00000000,0.00905156,0.00000000,0.00603226,0.00000000,0.00000000,0.00000000,0.00000000,0.00000000,0.00000000,0.00000000,0.00000000,0.00000000,0.00000000,0.00000000,0.02066962,0.00000000,0.00000000,0.00000000,0.00000000,0.00000000,0.54068367,0.00710557,0.00000000,0.00748946,0.00000000,0.00000000,0.00000000,0.00000000,0.00000000,0.00823757,0.00000000,0.00409424,0.00000000,0.00219614,4.23560478,0.48180904,0.00000000,0.00000000,0.00630732,0.07535995,0.00000000,0.00000000,0.00000000,0.01458786,0.98448065,0.00621184,0.00853692,0.00000000,0.00000000,0.00000000,0.00000000,0.00000000,0.00000000,0.00000000,0.00000000,0.00000000,0.05337674,0.00000000
0.00137131,0.00000000,0.00000000,0.00000000,0.00000000,0.01681924,0.00000000,0.00000000,0.51994317,0.03222523,0.00000000,0.00000000,0.00000000,0.00000000,0.00327053,0.00000000,0.00000000,0.00000000,0.00000000,0.00245176,0.00000000,0.00000000,0.00000000,0.00000000,0.00000000,2.24643524,0.00000000,0.00000000,0.00000000,0.00000000,0.03607685,0.00000000,0.00000000,0.00000000,0.00227008,0.00351982,0.02283172,0.00000000,0.00000000,0.00000000,0.00000000,0.00000000,0.00957989,0.00000000,0.00260874,0.00000000,4.85007910,0.00000000,0.00000000,0.23516069,0.00000000,0.00000000,0.00000000,0.00000000,0.00000000,0.00000000,0.00000000,0.00000000,0.00000000,0.00000000,0.04849428,0.00134430,0.00000000,0.00000000,0.00653217,0.00000000,0.00363511,0.00000000,0.00000000,0.00000000,0.10727789,0.00000000,0.00000000,0.00000000,0.00000000,0.03051162,0.00285640,0.00000000,0.00000000,0.00000000,0.06297717,0.00000000,0.00000000,0.00000000,0.00000000,0.00000000,0.00000000,0.00000000,3.49758502,0.00000000,0.00000000,0.00000000,0.00000000,0.00000000,0.00000000,0.00386670,0.00554748,0.00000000,0.10626526,0.00000000,0.00000000,0.08791134,0.00000000,0.00760458,0.00000000,0.00000000,0.00000000,0.00000000,0.00000000,0.00000000,0.00000000,0.00147959,0.00000000,0.01448413,0.49941281,0.00000000,0.00000000,0.00000000,0.05567116,0.00000000,0.00000000,0.00000000,0.00000000,0.00000000,0.01877326,0.21136734,0.00000000,0.00000000,0.05197110,0.00000000,0.00000000,0.00000000,0.00000000,0.00000000,0.01761840,0.00722575,0.00339520,0.00326428,0.01678179,0.00000000,0.00000000,0.00000000,0.13589878,0.00000000,0.00000000,0.00000000,3.04992632,0.00000000,0.00000000,0.00000000
0.00000000,0.00000000,0.00000000,0.00000000,0.00000000,0.00000000,0.03787759,0.00000000,0.00000000,0.20454312,0.00166994,0.00000000,0.00000000,0.00000000,0.00000000,1.06606095,0.00000000,0.00000000,0.00000000,0.00000000,0.00000000,0.12289856,0.00000000,0.00000000,0.00629954,0.00000000,0.00000000,0.00000000,0.00000000,0.00000000,0.00000000,0.00000000,0.11194289,0.00000000,0.24039811,0.00000000,0.00000000,0.00000000,0.00000000,0.00000000,0.00000000,0.00000000,0.00000000,0.00000000,0.00000000,0.00000000,0.00000000,0.00000000,0.00000000,0.00000000,0.00000000,0.00000000,0.00000000,0.00000000,0.02121904,0.00258866,0.00000000,0.00808475,0.00000000,0.00000000,0.01025847,0.01217448,0.00000000,0.00000000,0.00000000,0.00000000,0.00000000,0.00000000,0.00000000,0.00000000,0.00000000,0.00000000,5.18986252,0.00000000,0.00000000,0.00730181,0.00000000,0.00000000,0.05183077,0.00000000,0.00000000,0.00000000,0.00000000,0.00000000,0.00000000,0.00000000,0.00000000,0.01948994,0.00000000,0.00000000,0.01213494,0.00000000,0.00000000,0.00000000,0.00591769,0.00000000,4.61287531,0.02305344,0.00000000,0.00320937,0.00000000,0.02558123,0.00000000,0.28081423,0.01038960,0.01826111,0.00000000,0.00000000,0.00000000,0.00000000,0.00000000,0.02794520,0.04545680,0.00652108,0.04133091,0.00422432,0.00000000,0.00000000,0.01376277,0.00000000,0.13000957,0.00000000,0.01083170,0.00000000,0.00000000,2.75249818,0.00000000,0.00000000,0.00000000,0.00000000,0.00375274,0.00000000,0.00000000,0.00000000,0.00000000,0.00000000,0.00000000,0.23092820,0.00350537,0.00000000,0.00000000,0.05299897,0.00000000,0.00000000,0.00000000,0.00186883,0.00000000,0.03787759,0.00000000,0.04227319
2.72209007,0.04781961,0.02626270,0.00000000,0.00108480,0.00000000,0.04133091,0.00000000,0.00000000,0.04495821,0.01819371,0.00000000,2.85396352,0.00902803,0.00000000,0.00000000,0.00000000,0.01151688,0.00000000,0.00000000,0.00588732,0.00000000,0.04416633,0.00000000,0.00632738,0.00000000,0.00000000,0.00000000,0.11400631,0.29526030,0.00000000,0.01009456,0.00000000,0.00000000,4.94892445,0.01005422,0.00000000,0.04564072,0.00000000,0.00000000,0.00000000,0.00000000,0.00000000,0.00109518,0.00000000,0.00000000,0.00000000,0.00316438,0.00000000,0.00000000,0.00000000,0.01572941,0.00000000,0.00225297,0.04600909,0.01548504,0.00000000,0.00000000,2.80327339,2.87944193,0.00000000,1.33650731,0.00000000,0.00000000,0.00000000,0.00567767,0.00000000,0.00306594,0.00000000,0.00406580,0.00000000,0.00886092,0.01105457,0.00000000,0.81729053,0.00000000,0.01294449,0.00000000,0.15928808,0.00000000,0.00290738,0.00000000,0.00000000,0.00000000,0.00000000,0.01820157,0.07338037,0.00000000,0.00000000,0.20960375,0.00000000,0.00000000,0.00000000,0.09178492,0.01101768,0.00000000,0.63313568,0.00976198,0.03926720,0.09281865,0.00000000,0.00000000,0.00326386,0.00555520,0.00000000,0.07054064,0.03583115,0.00843626,0.11393130,0.00000000,1.46957007,0.79170710,0.05031324,0.00000000,0.06244591,0.00000000,0.00000000,0.00750278,0.00000000,0.42122945,0.00882814,0.00388098,0.00622087,0.07293307,0.00472036,0.11195355,0.00000000,0.44462735,0.00518481,0.00000000,0.07330053,0.00000000,0.19384314,4.90669664,0.49422675,0.00292869,0.00135258,0.00000000,0.03118789,0.00000000,0.02008429,0.00340843,0.01168754,2.07340871,0.00000000,0.00623883,0.00000000,0.00000000,0.02395626,0.00000000
0.00000000,0.02627429,0.00000000,0.00000000,0.02101354,0.00823757,0.00000000,0.00000000,0.00000000,0.00000000,0.00000000,0.00991956,0.00000000,0.00000000,0.00000000,0.00000000,0.00000000,0.43863695,0.00000000,0.00000000,1.24645479,0.00000000,0.00000000,0.00401109,0.00928539,0.00000000,0.00000000,0.00000000,0.00000000,0.00000000,0.00259495,0.00000000,0.03741244,0.00000000,0.05720770,0.00000000,0.00000000,0.00000000,0.00000000,0.02044546,0.00517997,0.02997715,0.00138086,0.00000000,0.00207530,0.03756432,0.05186595,0.00067448,0.00000000,0.27852358,0.01536177,0.00000000,0.00000000,0.00000000,0.00000000,0.00000000,0.00000000,0.05442089,0.18007367,2.23999165,0.00000000,0.01105378,0.00000000,0.00000000,0.00000000,0.00000000,0.00000000,0.01044252,0.00000000,0.00000000,0.02582004,0.00000000,0.13225417,3.20797804,0.00000000,2.36741124,0.32022496,0.00000000,0.00000000,0.53548553,0.00710415,0.00413600,0.00000000,0.00000000,0.01820157,0.00000000,0.00000000,0.00000000,0.00231035,0.00000000,0.01018788,0.05935426,0.00000000,0.00000000,0.00000000,0.00000000,0.00000000,0.02517673,0.00000000,0.00000000,0.00106780,0.00000000,0.00637465,0.00000000,0.51994317,0.00000000,0.00000000,0.04510444,0.00000000,0.00000000,0.02312060,0.00000000,0.00252862,0.00000000,0.00000000,0.00000000,0.00000000,0.00000000,0.40554656,0.00000000,0.00000000,0.03924616,0.00000000,0.00000000,0.00000000,0.00000000,0.00000000,0.47372796,0.00000000,0.56403245,0.00000000,0.00000000,0.00000000,0.00000000,0.00000000,0.00000000,0.00000000,0.30416521,0.00000000,0.00000000,0.00000000,0.00470600,0.00000000,0.00641300,0.00000000,0.00000000,0.00000000,1.25647413,0.00000000,0.00161951
0.01483100,0.00308604,0.00105615,0.00000000,0.00000000,0.00000000,0.00000000,0.00000000,0.00000000,0.00000000,0.00190338,0.00444762,0.00000000,0.13486530,0.00000000,0.00000000,0.00000000,0.00000000,0.00000000,0.00000000,0.01979812,0.00000000,0.00000000,0.00000000,0.00724022,0.00000000,0.00000000,0.00000000,0.37870927,0.00000000,0.00000000,0.00000000,0.00190758,0.00000000,0.00502272,0.00413528,0.00000000,0.00000000,1.29016980,0.00000000,0.00000000,2.12294501,0.00000000,0.00000000,0.00238632,0.00000000,0.00000000,0.00000000,0.00000000,0.00000000,0.00000000,0.09903109,0.00000000,0.00000000,0.00000000,0.00000000,0.00000000,0.00647218,0.00000000,0.00000000,0.00000000,0.00000000,0.00000000,0.01098280,0.00000000,0.00000000,0.00682923,0.00000000,0.00000000,0.00000000,0.00000000,0.00000000,0.00000000,0.00229428,0.00000000,0.00000000,0.00000000,0.00632244,0.00000000,0.00000000,0.74463346,0.00000000,0.00000000,0.00000000,0.07338037,0.00000000,0.00000000,0.00000000,0.00000000,0.00000000,0.00000000,0.00000000,0.00000000,0.00000000,0.00000000,0.85454036,0.00249667,0.00000000,0.00000000,0.00000000,0.00000000,0.00600452,0.00000000,0.00000000,0.00000000,0.00616015,0.00000000,0.00000000,0.01935698,0.00000000,0.13030693,0.00000000,0.00000000,0.01390500,0.00115323,0.07681386,0.00000000,0.00000000,0.00000000,0.00000000,0.00000000,0.00000000,0.00000000,0.00302517,0.00000000,0.00336440,0.00000000,0.00000000,0.00000000,0.01930575,0.00000000,0.00394194,0.00000000,0.00000000,0.00000000,0.00000000,0.00000000,5.76350927,0.28816041,0.00000000,0.04495821,0.00111147,0.00000000,0.00000000,0.01384022,0.00342698,0.02748812,0.00000000,0.04690372,0.20454312
0.00000000,0.00000000,0.00000000,0.00281323,0.00000000,0.00000000,0.00554748,0.00000000,0.56403245,0.28816041,0.00000000,0.00000000,0.00000000,0.00000000,0.32936630,0.00000000,0.00000000,0.00000000,0.27108857,0.00000000,0.00000000,0.00000000,0.00000000,0.00000000,0.00000000,0.02821025,0.00000000,0.00000000,0.00324673,0.00000000,0.00000000,0.00000000,0.05184092,0.00000000,0.02606658,0.00000000,0.00000000,0.00000000,0.00000000,0.00000000,0.00000000,0.07585547,0.00000000,0.00000000,0.00000000,0.00000000,0.00428095,0.03294913,0.00000000,0.09680062,0.02487113,0.01746111,0.12738984,0.00000000,0.22327063,0.00347182,0.00579364,0.00000000,0.00000000,0.00129517,0.25394948,0.00337849,0.00000000,0.00000000,0.00000000,0.00000000,0.00000000,0.00278957,0.00000000,0.00000000,0.00000000,0.00000000,0.00000000,0.00000000,0.06579745,0.00000000,0.00000000,0.29202118,0.00000000,0.00000000,0.00000000,0.01681924,0.00000000,0.01948994,0.00000000,0.00000000,0.00000000,0.00000000,0.00000000,0.00000000,0.01487462,0.00911497,0.00000000,0.00000000,0.00214368,0.00000000,0.00000000,0.00000000,0.40120169,0.02301456,0.00000000,0.00000000,0.00190338,0.00105153,0.00000000,0.00000000,0.00000000,0.07576213,0.00776704,0.00000000,0.00000000,0.00000000,0.00000000,0.00332306,0.03326136,0.03222523,0.00272015,0.00000000,2.81814302,0.02243513,0.00000000,0.09150227,0.00000000,0.01143919,0.00000000,0.00000000,0.00000000,0.00000000,0.00000000,0.00000000,0.00000000,0.24303171,0.00000000,0.00078783,0.00000000,0.00000000,0.00000000,0.12523291,0.00000000,0.00000000,0.00000000,0.00000000,0.00099598,0.00000000,0.00000000,0.09880406,0.00000000,0.00000000,0.15271552,0.11548426
0.01830885,0.00000000,0.00000000,0.00000000,0.15763554,0.00000000,0.01948994,0.00000000,0.00000000,0.00000000,0.00000000,0.00000000,0.00000000,0.00000000,0.33539912,0.02436792,0.00000000,4.93254056,0.00000000,0.00000000,0.00889941,0.00000000,0.00000000,0.00000000,0.00000000,0.00727591,0.00000000,0.00000000,0.00000000,0.00000000,0.00000000,0.07270877,0.00000000,0.00000000,0.31872700,0.04442627,0.00521763,0.00000000,0.00000000,0.00000000,0.00000000,0.13723694,0.00000000,0.00000000,0.00000000,0.06718942,0.00000000,0.00000000,0.00000000,0.00000000,0.00000000,0.00000000,0.00000000,0.00000000,0.00480391,0.00787866,0.00000000,0.00000000,0.00000000,0.00118654,0.00000000,0.00212215,0.00000000,0.00000000,0.00000000,0.00000000,0.00000000,0.00000000,0.00000000,0.00000000,0.00000000,0.00121932,0.00000000,0.00000000,0.03022650,0.11673925,0.00055106,0.00192913,0.00000000,0.00840401,0.00000000,0.00000000,3.49758502,0.00000000,0.00000000,0.00231035,0.00000000,0.00000000,0.00000000,0.00000000,0.00000000,0.00000000,0.00000000,0.00000000,4.14439057,0.00000000,0.08048458,0.00000000,0.04798379,0.00000000,0.00000000,3.10429815,0.00000000,0.00000000,0.00166994,0.00000000,0.00000000,0.02241415,0.21080995,0.00000000,0.63760323,0.06778999,0.01368024,0.02920430,0.40677550,0.00000000,0.00000000,0.00464907,0.00259722,0.00000000,0.00000000,0.04212535,0.00000000,0.42727212,0.40569804,0.00000000,0.00000000,0.00000000,0.00371231,0.00000000,0.00000000,0.82312079,0.11051906,0.01624670,0.00000000,0.00000000,0.00909961,1.03669848,0.01819371,0.00000000,0.00000000,0.00000000,0.01851735,0.02609005,1.90030938,0.00844082,0.00471045,0.00000000,0.00000000,0.00729879
0.00000000,0.00229428,0.00000000,0.15928808,0.05183077,0.00000000,0.00000000,0.00000000,0.00000000,0.00000000,0.00000000,0.00000000,0.00000000,0.00000000,0.00000000,0.00000000,0.00000000,0.00000000,0.00545312,0.00000000,0.00885253,0.00000000,0.00000000,0.00000000,0.09712410,0.00000000,0.00714144,0.17294134,0.00000000,0.00000000,0.00157888,0.00000000,0.00078998,0.00000000,0.00000000,0.59325356,0.00000000,0.00000000,0.00000000,0.00000000,0.00420561,0.03050800,0.00000000,0.00000000,0.00000000,0.00000000,0.00000000,0.03248788,0.00000000,0.01484555,0.00000000,0.00000000,0.00000000,0.00305000,0.00938367,0.00000000,3.41664781,0.00000000,0.00000000,0.00000000,0.00000000,0.32767659,0.00000000,0.00000000,0.00000000,0.00255757,0.00000000,0.00000000,0.01642969,0.00883102,0.00000000,0.00000000,0.06189598,0.00000000,0.00000000,0.00000000,0.00000000,0.00000000,0.00000000,0.13940644,0.00000000,0.00000000,0.00000000,0.00000000,0.20960375,0.00000000,0.00000000,0.00000000,0.00000000,0.00000000,0.00000000,0.00320498,0.07174820,0.00000000,0.00000000,0.00000000,0.00188092,0.01007768,0.00000000,0.00000000,0.00000000,0.27069992,0.00075355,0.00000000,1.23931748,0.00000000,0.00919427,0.00000000,0.00000000,0.00000000,0.00000000,0.00000000,0.00068031,0.00000000,3.28876523,0.04008760,0.00253223,0.00000000,0.00000000,0.00000000,0.00000000,0.00000000,0.00000000,0.00000000,0.00000000,0.02656646,0.00000000,0.00000000,0.00000000,0.00000000,0.00000000,0.00000000,0.00000000,0.00444762,0.02932311,0.00000000,0.00000000,0.00357251,0.00000000,0.00000000,0.00719109,0.00000000,0.00000000,0.00000000,0.00109519,0.00000000,0.00000000,0.00000000,0.00000000,0.00000000
0.04225928,0.09451685,0.00502485,0.00000000,0.00173468,0.40991578,0.01678179,0.07330053,0.00000000,0.09150227,0.00000000,0.00188092,0.02136598,0.00000000,0.03906733,0.00000000,0.00000000,0.00305591,0.00000000,0.01425308,0.00000000,0.00000000,0.00776852,0.00000000,0.00000000,0.01423371,0.05884576,0.00546446,0.00000000,0.00000000,0.00000000,0.24356314,0.00000000,0.00000000,0.00000000,0.06104041,0.00206646,0.00000000,0.00000000,0.00000000,0.00000000,0.24545630,0.00000000,0.00000000,0.00758535,0.00000000,0.00000000,0.00000000,0.06678686,0.00000000,0.00000000,0.00000000,0.00360163,0.02890975,0.06827802,0.00000000,0.02835012,0.00000000,0.04439972,0.00621539,0.00000000,0.01195345,0.00000000,0.02538646,0.04007288,0.00000000,0.00000000,0.00274043,0.00000000,0.00612732,0.02185968,0.00000000,0.04225928,0.00000000,0.00000000,0.00000000,0.00703059,4.56469675,0.00401200,0.00305769,0.00108480,2.59823713,0.00000000,0.01213494,0.00000000,0.01018788,0.00000000,0.01487462,0.00000000,0.00000000,0.00000000,0.11960106,0.00000000,0.00000000,0.00258533,0.00000000,0.01905514,3.04290265,0.00000000,2.25429314,0.00976276,0.14386619,0.00000000,0.00577841,0.00000000,0.00000000,0.00000000,0.00406894,0.00000000,0.00000000,0.00000000,0.00000000,0.00000000,0.00318943,0.00000000,0.00000000,0.00000000,0.01152507,0.00000000,0.00557610,0.00560087,0.00000000,0.00478360,0.00736170,0.00991956,0.00816660,0.00000000,0.00392730,0.00000000,0.00655198,0.00000000,0.00000000,0.00000000,0.00000000,0.00000000,0.00000000,0.00000000,0.00000000,2.85396352,0.00309980,0.00143544,1.05414839,0.00000000,0.00000000,0.00000000,0.00000000,0.47591934,0.00219002,0.01786612,0.11060266
0.00000000,0.04361479,0.00000000,0.02400825,0.07825224,0.00603226,0.00000000,0.02395626,0.13030693,0.00600452,0.00000000,0.00000000,0.00000000,0.00000000,0.00000000,0.00000000,0.00350194,0.00000000,0.00000000,0.06057947,0.00000000,0.00000000,0.00000000,0.00000000,0.00000000,0.00125887,0.00000000,0.00000000,0.00000000,0.00000000,0.00000000,0.00000000,0.00000000,0.00000000,2.47437514,0.00000000,0.00509471,0.00000000,0.00000000,0.00000000,0.06698633,0.00000000,3.96639827,0.00463901,0.00000000,0.00000000,0.00000000,0.00000000,0.00000000,0.02118749,0.00000000,0.00000000,0.00000000,0.01462932,0.00482004,0.00000000,0.00000000,0.00000000,0.00000000,0.00000000,0.00662931,0.00000000,0.00000000,0.02438977,0.00000000,0.00000000,0.00428851,0.00000000,0.05577567,0.00000000,0.00000000,0.04377474,0.00000000,0.10523422,0.00000000,0.00000000,0.00116368,0.00000000,0.00000000,0.00000000,0.00000000,0.00000000,0.00000000,0.00000000,0.00000000,0.05935426,0.00000000,0.00911497,0.00000000,0.00320498,0.11960106,0.00000000,0.00000000,0.03227131,0.00000000,0.07908449,0.00000000,0.00000000,0.00000000,0.00000000,0.03216133,0.00000000,0.00000000,0.01025216,0.00000000,0.00000000,0.00000000,1.00445655,0.97909472,0.00000000,0.01079326,0.00000000,0.00391345,0.00000000,0.00000000,0.00000000,0.00112231,0.00000000,0.00000000,0.05777354,0.00000000,0.00000000,0.00144811,0.00000000,0.00000000,0.00515474,0.00000000,0.00148276,0.06493677,0.00000000,0.03443942,0.07635898,0.02136598,0.00000000,0.00000000,0.00000000,0.00000000,0.00000000,0.01665359,0.00000000,0.00000000,0.00868775,0.00000000,0.01062182,0.00104663,0.00000000,0.00000000,0.03964704,0.00664368,0.03266953
0.02879702,0.00000000,0.00000000,0.00221809,0.00000000,0.05567116,0.00000000,0.05031324,0.03926720,0.00000000,0.00000000,0.00000000,0.00000000,0.00000000,0.00700301,0.16618579,0.00000000,0.00000000,0.00000000,0.00000000,0.00870354,0.00000000,0.00000000,0.00000000,0.00000000,0.00000000,0.00274348,0.00000000,0.02529529,0.00000000,0.00000000,0.00000000,0.09166348,0.00000000,0.04664762,0.00000000,0.00000000,0.02518926,0.00000000,0.00519371,0.00000000,0.00000000,0.00000000,0.00000000,0.00000000,0.00000000,0.01191391,0.00000000,0.00000000,0.00000000,0.00559463,0.00984399,0.00000000,0.09018368,0.00000000,0.00000000,0.00000000,0.01995260,0.00000000,0.00000000,0.01470048,0.00000000,0.00701564,0.00590830,0.01958381,0.00000000,0.00000000,0.38724707,0.00000000,0.00000000,0.00000000,0.00000000,0.00000000,0.00000000,0.00000000,0.00000000,0.00000000,0.01319541,0.00000000,0.00000000,0.00000000,0.00905156,0.00000000,0.00000000,0.00000000,0.00000000,0.00000000,0.00000000,0.00000000,0.07174820,0.00000000,0.00000000,0.00000000,0.00000000,0.00000000,0.00000000,0.00000000,0.02325742,0.00000000,0.00000000,0.00000000,0.00000000,0.07021023,0.00000000,0.00000000,0.00000000,0.13486530,0.00222188,0.00000000,0.04191828,0.00481044,0.00000000,0.00566894,0.26539510,0.00000000,0.00000000,0.00000000,0.00000000,0.00000000,0.00000000,0.00000000,0.02287586,0.00000000,0.00356009,2.26174753,0.00000000,0.00000000,0.00000000,0.00000000,0.00229614,0.00000000,0.00000000,0.00000000,0.02088185,0.00000000,0.00000000,0.05469753,0.00091632,0.00680524,0.00000000,0.00000000,0.11659427,0.00000000,0.00000000,0.00000000,2.46105971,0.05405136,0.00000000,0.00000000,0.00000000
0.07407493,3.20797804,0.00000000,0.00000000,0.00000000,0.00000000,0.00000000,0.00000000,0.00000000,0.00000000,0.00000000,0.14386619,0.00000000,0.00000000,0.54485197,0.01019331,0.00571055,0.08880526,0.00354815,0.00000000,0.00000000,0.00000000,0.00000000,0.00000000,0.05080615,0.00000000,0.00000000,0.00000000,0.00000000,4.04967762,0.00000000,0.00000000,0.00000000,0.00000000,0.37692776,0.03271251,0.00000000,0.11273243,0.00000000,0.00000000,0.00000000,0.00000000,0.00529698,0.00416486,0.00000000,0.00000000,0.00000000,0.00000000,0.00000000,0.04168385,0.56744563,0.00000000,0.00000000,0.00223316,0.00000000,0.00000000,0.00000000,0.03450372,0.00000000,0.00000000,0.00000000,0.00501546,0.00000000,0.20889462,0.00000000,0.00000000,0.00000000,0.00000000,3.38889350,0.00000000,0.00000000,0.00000000,0.00046111,0.02879702,0.00000000,0.00000000,0.00000000,0.15061614,0.00000000,0.00000000,0.00000000,0.00000000,0.00000000,0.00000000,0.09178492,0.00000000,0.00000000,0.00000000,0.00000000,0.00000000,0.00000000,0.03227131,0.00000000,0.00000000,0.00000000,0.00000000,0.02246834,0.00000000,7.59309695,0.07447227,0.00000000,0.00000000,0.00000000,0.00000000,0.00000000,0.00000000,0.00000000,0.05490679,0.00143130,0.25062051,0.01328586,0.00000000,0.07829166,0.00261929,0.00000000,0.00902803,0.00000000,0.00000000,0.00000000,0.36263514,0.00000000,0.00000000,0.00000000,0.02078856,0.00000000,0.17663389,0.00000000,0.00000000,0.00000000,0.00000000,2.58089778,0.00000000,0.00000000,0.00000000,0.00000000,0.00000000,0.00000000,4.42163229,1.72340869,0.05495337,0.00000000,0.04595969,0.00000000,0.01234647,0.00000000,0.00000000,0.00000000,0.01102709,0.02823526,0.00000000
0.00000000,0.00000000,0.00000000,0.05014530,0.00000000,0.07535995,0.00339520,0.00000000,0.00637465,0.00000000,0.00000000,0.00000000,0.00000000,0.00000000,0.00000000,0.00000000,0.00000000,0.00000000,0.00000000,0.00000000,0.00000000,0.00000000,0.00000000,0.00000000,0.00000000,0.00963531,0.00000000,0.00000000,0.00000000,0.00000000,0.04278601,0.00000000,0.00000000,0.00000000,0.01558783,0.52165777,0.00000000,0.00000000,0.02775379,0.00835000,0.00000000,0.00260991,0.00000000,0.00000000,0.03521105,0.00000000,0.00000000,0.00000000,0.00000000,0.00000000,0.00000000,0.00000000,0.00000000,0.00000000,0.00000000,0.00000000,0.03072238,0.00000000,0.00913814,0.00000000,0.00000000,0.00000000,0.00000000,0.01898647,0.00000000,0.04400844,0.18910748,0.00559863,0.00000000,0.01436689,0.00000000,0.02027653,0.00000000,0.00137131,0.00000000,1.36722720,0.13649683,0.00000000,0.00071710,6.64300527,0.00075174,0.00603226,0.00000000,0.00591769,0.01101768,0.00000000,0.00000000,0.00214368,4.14439057,0.00000000,0.00258533,0.00000000,0.00000000,0.00000000,0.00000000,0.00000000,0.00000000,0.00000000,0.00000000,0.00000000,0.00000000,0.12491767,0.00000000,0.00000000,0.00000000,0.00000000,0.02076352,0.00000000,1.38497452,0.00000000,0.00000000,0.00000000,0.00000000,0.00000000,0.00000000,0.00000000,0.12307516,0.00000000,0.00000000,0.00000000,3.12954316,0.00000000,0.00000000,0.00000000,0.00000000,0.00000000,0.00000000,0.00000000,0.01109773,0.00000000,0.00000000,0.00000000,0.00000000,0.00000000,0.52704580,0.00000000,0.33539912,0.00000000,0.00000000,0.00000000,0.00000000,0.00000000,0.00000000,0.00000000,0.00442756,0.00000000,0.00000000,0.03964817,0.04777640,0.01852117
0.00000000,7.67135834,0.00000000,0.00000000,0.03360391,0.00000000,0.00000000,0.00000000,0.00000000,0.00000000,0.00000000,0.00000000,0.00000000,0.00000000,0.00000000,0.00878411,0.00000000,0.00000000,0.00000000,0.00000000,0.00000000,0.00000000,0.00000000,0.00000000,0.00000000,0.00000000,0.01011944,0.00000000,0.00000000,0.00000000,0.00000000,0.00000000,0.00000000,0.00547282,0.02998087,0.00000000,0.00000000,0.00000000,0.00627004,0.05462950,0.00359205,0.00000000,0.00000000,0.00000000,0.00000000,1.23234463,0.00000000,0.10490780,0.00000000,0.00000000,0.00000000,0.00000000,0.00000000,0.00475366,0.00000000,0.00000000,0.00000000,0.14853306,0.00000000,0.00000000,0.00000000,0.02053900,0.00000000,0.00000000,0.00000000,0.00000000,0.00000000,0.00000000,0.05319398,0.00000000,0.00000000,0.00000000,0.00000000,0.00098901,0.00000000,0.02969255,0.00000000,1.08279621,0.27641445,0.00000000,0.03391876,0.00000000,0.00386670,0.00000000,0.00000000,0.00000000,0.85454036,0.00000000,0.00000000,0.00000000,0.00000000,0.07908449,0.00000000,0.00000000,0.00000000,0.00000000,0.00000000,0.00000000,0.00934708,0.03906733,0.00232894,0.00000000,0.00000000,0.47506155,0.00000000,0.00588542,0.00000000,0.16081343,0.00000000,0.00000000,0.00792471,0.00000000,0.00000000,0.00402592,0.00000000,0.00510487,0.00000000,0.00000000,0.12302944,0.00000000,0.54485197,0.00000000,0.00335164,0.00000000,0.26292329,0.00000000,0.00000000,0.18802279,0.00000000,0.00700301,0.00000000,0.00000000,0.00000000,0.00000000,0.01957855,0.32936630,0.00900358,0.00000000,0.00000000,0.05572710,0.00000000,0.00788728,0.00000000,0.00343514,0.00000000,0.00000000,0.00000000,0.00000000,0.00000000,0.00000000
0.02232310,0.00000000,0.00000000,0.00000000,0.00000000,0.00000000,0.13000957,0.00000000,0.00161951,0.00302517,0.00000000,0.00000000,0.00104663,0.00000000,0.00000000,0.00000000,0.00000000,0.00000000,0.00000000,0.00000000,0.07642740,0.00000000,0.00000000,0.00000000,0.00000000,0.00000000,0.00000000,0.00000000,0.07732780,0.00000000,2.78578891,0.00748237,0.00000000,0.00000000,0.00000000,0.13502555,0.12984605,0.00000000,0.00000000,0.14618490,0.00000000,0.00000000,0.00000000,0.00000000,4.95307780,0.00000000,0.00000000,0.00123030,0.00000000,0.00000000,0.00000000,0.00000000,0.01039956,0.00000000,0.01554470,0.00000000,0.00000000,0.00000000,0.06051013,0.00000000,0.00000000,1.36603246,0.00000000,0.00000000,0.00000000,0.00771729,0.00000000,0.00000000,0.00000000,0.00179091,0.00000000,0.00000000,0.00000000,2.90308772,0.15771172,0.00000000,0.00000000,0.47217586,0.00663192,0.00000000,0.00000000,0.00000000,0.00554748,4.61287531,0.63313568,0.00000000,0.00249667,0.00000000,0.08048458,0.00188092,0.01905514,0.00000000,0.00000000,0.02246834,0.00000000,0.00000000,0.00000000,0.00000000,0.00000000,0.09450337,0.00000000,0.15563407,0.20363986,0.02898118,0.00000000,0.00000000,0.00000000,0.00526590,0.00267493,0.03919278,0.00000000,0.00000000,0.00878411,0.00000000,0.00000000,0.00000000,0.00000000,0.00000000,0.01742557,0.00000000,0.00000000,0.00000000,0.00000000,0.00000000,0.00000000,0.00000000,0.00000000,0.00000000,0.14902632,0.00000000,0.12929441,0.00000000,0.00000000,0.00000000,0.00000000,0.00117370,4.22293838,0.00000000,0.00000000,0.00387312,0.00000000,0.00327053,0.00000000,0.00000000,0.00000000,0.00000000,0.00000000,0.00000000,0.01056787,0.00000000
0.09392302,0.00000000,0.15061614,0.00000000,0.00000000,0.00630732,0.00000000,0.00000000,0.07681386,0.00000000,0.06778999,0.00557610,0.00000000,0.00000000,0.00000000,0.00000000,0.01306567,0.00000000,0.00000000,0.00000000,0.00000000,0.00000000,0.00000000,0.00000000,0.00000000,0.00687970,0.00000000,0.00000000,0.00000000,0.00000000,0.00000000,0.00569226,0.00000000,0.00000000,1.16646928,0.01783388,0.08000173,0.00000000,0.30486361,0.00000000,0.00000000,0.00000000,0.00000000,0.00000000,0.00000000,0.00000000,0.28939321,0.00000000,0.00362864,0.00000000,0.00000000,0.00000000,2.68002334,0.00000000,0.00000000,0.00000000,0.00000000,0.00000000,0.00000000,0.00000000,0.12945081,0.00000000,0.00000000,0.00000000,0.00000000,0.01405158,0.00000000,0.00094550,0.00000000,0.00000000,0.00000000,0.00000000,0.09638646,0.18946923,0.93006227,0.00000000,0.00000000,0.00000000,0.00000000,0.00000000,0.00000000,0.00000000,0.00000000,0.02305344,0.00976198,0.02517673,0.00000000,0.00000000,0.00000000,0.01007768,3.04290265,0.00000000,0.02325742,0.00000000,0.00000000,0.00000000,0.00000000,0.00000000,0.00000000,0.00000000,0.18862495,0.00511663,0.00000000,0.00000000,0.00000000,0.00000000,0.02762952,0.00000000,0.00000000,0.00000000,0.00000000,0.00000000,0.00290498,0.00957462,1.06606095,0.00000000,0.00000000,0.00000000,0.02436792,0.00000000,0.00000000,0.00000000,0.00000000,0.00000000,0.01808873,0.01019331,0.00000000,0.00000000,0.00000000,3.83611614,0.00000000,0.00619130,0.00000000,0.16618579,0.00504190,0.00000000,0.09822936,0.00000000,0.00000000,0.00000000,0.00000000,0.00309841,0.07941763,0.10821918,0.00000000,0.00000000,0.00000000,0.00000000,0.00000000,0.00000000
0.03454445,0.00000000,0.00000000,0.00000000,0.00000000,0.00000000,0.00000000,0.00000000,0.02008429,0.00000000,0.00000000,0.00000000,0.01079326,0.00000000,0.00588542,0.00000000,0.00000000,0.00000000,0.25286685,0.00000000,2.74878764,0.00000000,0.00000000,0.00000000,0.00000000,0.50344278,0.00000000,0.00000000,0.00000000,0.01116682,0.00000000,0.00000000,0.00000000,0.00000000,0.00728601,0.00000000,0.00000000,0.31128762,0.00000000,0.00000000,0.00000000,0.00000000,0.00000000,0.00331135,0.00000000,0.00000000,0.00000000,0.00000000,0.00000000,0.00000000,0.08428393,0.00000000,0.00000000,0.01142791,0.00000000,0.00212964,0.00000000,0.00000000,0.00000000,0.00000000,0.00000000,0.00000000,0.02180245,0.02658463,0.00000000,0.03243842,0.00000000,0.00000000,0.14609693,0.00815664,0.00000000,0.00000000,0.01257023,0.09383661,0.00000000,0.00000000,0.00000000,0.00000000,0.00000000,0.15763554,0.00000000,0.00000000,0.10626526,0.00000000,0.03926720,0.00000000,0.00000000,0.40120169,0.04798379,0.00000000,0.00000000,0.00000000,0.00000000,7.59309695,0.00000000,0.00934708,0.00000000,0.00000000,0.00000000,0.00247387,4.69614344,0.00000000,0.04963872,0.00000000,0.00554704,0.00000000,0.00000000,0.01759975,0.00000000,0.00000000,0.00350194,0.00000000,0.01306567,0.00000000,1.46649349,0.02025930,0.01436150,0.00000000,0.00000000,0.00000000,0.00000000,0.00000000,0.00000000,0.00000000,0.00000000,0.00688490,0.00000000,0.00000000,0.05703607,0.00218894,0.00000000,0.00000000,0.00000000,0.00000000,0.00000000,0.00000000,0.00000000,0.00000000,0.00000000,0.99259691,0.00000000,0.00000000,0.01397719,0.00000000,0.00262674,0.00000000,0.00000000,0.00727861,0.00000000,0.00000000
0.00000000,0.00000000,0.00000000,0.00080540,0.00000000,0.00000000,0.00000000,0.00000000,0.00000000,0.00000000,0.00000000,0.02656646,0.06493677,0.00000000,0.00510487,0.03919278,4.18092692,0.00000000,0.00000000,0.00000000,0.00000000,0.00000000,0.02853064,0.00000000,0.02321309,0.00000000,0.00000000,0.00000000,0.00000000,0.00000000,0.00000000,0.02667932,0.00000000,0.00000000,0.00000000,0.00000000,0.00000000,0.00000000,0.00000000,0.00000000,0.00672952,0.00000000,0.00000000,0.31150597,0.00636037,0.00000000,0.00000000,0.00000000,0.00000000,0.01504029,4.10092819,0.06449637,0.00000000,0.00000000,0.14840833,0.00000000,0.00000000,3.25730576,0.01525977,0.00000000,0.00000000,0.00000000,0.00000000,0.00000000,0.13324062,0.06182326,0.02642129,0.00000000,0.00000000,0.00000000,0.00000000,0.00000000,0.00000000,0.00000000,0.00000000,0.00000000,0.00000000,0.04145662,0.00000000,0.00000000,0.02101354,0.00000000,0.00000000,0.00320937,0.09281865,0.00000000,0.00000000,0.02301456,0.00000000,0.00000000,2.25429314,0.00000000,0.00000000,0.07447227,0.00000000,0.03906733,0.09450337,0.00000000,0.00247387,0.00000000,0.00427711,0.01608057,0.00000000,0.00000000,0.00000000,0.00000000,0.00000000,0.00000000,0.12583713,0.00000000,0.00000000,0.00000000,0.00000000,4.43335928,4.22942932,0.00000000,0.00000000,0.00000000,0.01182164,0.05754408,0.00000000,0.00000000,0.00000000,0.00807942,0.00000000,6.32382032,0.00000000,0.00000000,0.00000000,0.00000000,0.00571055,0.18989844,0.00000000,0.00000000,0.00000000,0.00000000,1.73573120,0.00000000,0.02864894,4.19820018,4.18092692,0.00000000,0.00000000,0.13313963,0.00000000,0.00000000,0.00000000,0.00000000,0.00000000,0.00518267
0.00098901,0.00000000,0.11679567,0.00165430,0.00000000,0.00075174,0.00000000,0.00000000,0.00000000,0.00000000,0.00000000,0.00320498,0.00000000,0.00112231,0.00000000,0.18862495,0.01436150,0.02601543,0.00000000,0.00000000,0.00000000,0.00000000,0.00000000,1.04949814,0.00223236,0.00000000,0.00000000,0.00176196,0.02350718,0.00000000,0.00000000,0.60065537,0.02557448,0.00551708,0.00000000,0.00000000,0.00000000,0.00000000,0.00000000,0.00972777,0.01245922,0.00000000,0.23620451,0.00000000,0.00000000,0.00000000,0.00000000,0.00000000,0.00000000,0.00000000,0.00000000,0.00000000,0.03786229,0.00506026,0.00000000,0.00000000,0.20195967,0.00000000,0.10890357,0.00000000,0.00000000,0.00000000,0.00000000,0.00000000,0.00000000,0.00000000,0.03798602,0.00000000,0.00000000,0.00000000,0.64098343,0.00000000,0.00000000,0.01277031,0.00000000,0.01444987,0.00000000,0.00000000,7.34494930,0.00000000,0.03360391,0.00000000,0.00000000,0.00000000,0.00000000,0.00106780,0.00000000,0.00000000,0.00000000,0.00000000,0.00976276,0.03216133,0.00000000,0.00000000,0.00000000,0.00232894,0.00000000,0.18862495,4.69614344,0.00427711,0.00000000,0.00000000,0.00000000,0.00000000,0.00000000,0.00000000,0.00000000,0.00000000,0.05882137,0.36475430,0.00000000,0.00000000,0.00424328,0.14806004,0.00000000,0.02817903,0.00000000,0.01601338,0.00000000,0.03132286,0.00000000,0.00000000,0.00000000,0.00000000,0.01151688,0.00000000,0.05817303,0.00000000,0.10325257,0.00000000,0.00000000,0.00000000,0.00000000,0.00423661,0.00000000,0.00000000,0.00000000,0.00629811,0.00000000,0.01583554,0.00000000,0.00000000,0.06623185,0.00700984,0.00000000,0.00360627,0.00000000,0.00000000,0.43863695,0.01191463
0.00000000,0.00000000,0.00000000,0.00000000,0.04547371,0.00000000,0.00000000,0.00000000,0.00000000,0.00000000,0.02241415,0.00000000,0.00219002,0.00000000,0.00000000,0.00000000,0.00000000,0.00223971,0.02614952,0.00000000,0.00000000,0.00000000,0.00000000,0.00000000,0.00000000,0.12379005,0.00000000,0.00000000,0.00000000,0.00000000,0.00000000,0.00000000,0.00000000,0.00000000,0.00000000,0.00000000,0.00000000,0.04398711,0.00000000,0.00000000,0.00000000,0.00000000,0.00000000,0.00236830,0.00000000,0.00000000,0.00000000,0.00000000,0.20077937,0.00000000,0.00000000,0.00000000,0.48195239,0.00000000,0.00000000,0.00000000,0.03305352,0.00000000,0.07568831,0.00000000,0.00000000,0.00000000,0.00000000,0.00000000,0.00000000,2.50004539,0.00000000,0.00000000,0.02219125,0.00318797,0.00000000,0.00668515,0.02495326,4.02112515,0.00000000,0.00000000,0.00000000,0.00000000,0.01074831,0.00000000,0.04912380,0.00000000,0.08791134,0.02558123,0.00000000,0.00000000,0.00600452,0.00000000,3.10429815,0.27069992,0.14386619,0.00000000,0.00000000,0.00000000,0.12491767,0.00000000,0.15563407,0.00511663,0.00000000,0.01608057,0.00000000,0.00000000,0.00000000,0.01325270,0.00000000,0.00000000,0.00000000,0.00000000,0.00305591,0.00000000,0.00000000,0.00000000,0.00000000,0.00000000,0.12353736,0.00557026,4.93254056,0.00245889,0.00000000,0.03213002,0.00000000,0.00000000,6.35995528,0.00000000,0.00000000,0.00000000,0.00000000,0.00000000,0.01137156,0.00000000,0.07456000,0.00333308,0.03594386,0.00000000,0.00000000,0.00000000,0.00694918,0.00000000,0.08880526,0.11100229,0.00000000,0.20176963,0.00000000,0.00000000,0.01752670,0.00385169,0.00000000,0.00000000,0.00000000,0.00000000
0.00000000,0.00000000,0.00000000,0.00000000,0.00000000,0.00000000,0.00000000,0.00000000,0.00000000,0.00000000,0.00000000,0.00075355,0.00000000,0.00000000,0.00000000,0.00000000,0.00000000,0.00000000,0.00000000,0.00709180,0.04265816,0.00000000,0.00000000,0.00000000,0.00000000,0.00000000,0.02093398,0.00000000,0.00000000,0.00000000,0.00000000,0.32114285,0.00000000,0.00000000,0.00000000,0.12761617,0.00000000,0.00000000,0.02749203,0.00000000,0.00083830,0.00000000,0.00000000,0.00000000,1.57124247,0.00000000,0.00000000,0.00000000,3.58108149,0.00000000,0.00000000,0.00000000,0.00000000,0.16213650,0.00531898,0.00000000,0.00248571,0.00000000,0.00000000,0.00000000,0.12044520,0.00000000,0.00000000,0.03421271,0.00000000,0.00000000,0.00584633,0.00000000,0.00000000,0.26477831,0.00000000,0.00000000,0.02647523,0.00000000,5.17140332,0.01797750,0.00989619,0.00870446,0.14014763,0.00000000,0.00000000,0.00000000,0.00000000,0.00000000,0.00326386,0.00637465,0.00000000,0.00190338,0.00000000,0.00075355,0.00000000,0.00000000,0.07021023,0.00000000,0.00000000,0.00000000,0.20363986,0.00000000,0.04963872,0.00000000,0.00000000,0.00000000,0.00000000,0.00000000,0.00000000,0.04884118,0.00000000,0.00000000,0.00000000,0.00438017,0.00000000,0.00000000,0.00000000,0.01275278,0.00000000,0.13349310,0.00000000,0.00245930,0.00000000,0.00000000,0.00000000,0.00000000,0.00000000,0.00000000,0.00000000,0.00000000,0.03560773,0.00000000,0.00389087,0.00000000,0.00000000,0.00000000,0.00000000,0.02001242,0.00000000,0.00000000,0.00000000,0.00000000,0.00000000,0.00000000,0.00223971,0.00000000,0.00000000,0.00000000,0.02601543,0.00916108,0.00000000,0.00000000,0.01446358,0.00000000
0.00000000,0.00000000,3.18795612,0.00000000,0.01106353,0.00000000,0.00000000,0.00000000,0.00000000,0.00000000,0.00000000,0.00000000,0.01905514,0.00000000,0.00000000,0.00000000,0.00000000,6.35995528,0.00000000,0.00000000,0.07905269,0.00262200,0.00000000,0.00000000,0.00000000,0.02004050,0.00000000,0.00000000,0.00000000,0.00000000,0.04539801,0.00000000,0.00000000,0.00000000,0.44863472,0.01157639,0.00000000,0.00000000,0.00000000,0.13384090,0.00000000,0.00000000,0.06582990,0.00000000,0.00000000,0.00000000,0.17414630,0.00000000,0.01046481,0.00000000,0.04227359,0.00333516,0.00000000,0.00000000,0.00000000,0.00000000,0.00000000,0.42650229,0.00000000,0.00000000,0.00000000,0.00000000,0.14544343,0.00000000,0.00000000,0.00000000,0.00255367,0.00000000,0.00401883,0.00000000,0.00470050,0.00332062,0.01216888,0.00597036,0.00000000,0.00000000,0.00000000,2.78850038,0.00000000,0.00890664,0.00000000,0.00000000,0.00760458,0.28081423,0.00555520,0.00000000,0.00000000,0.00105153,0.00000000,0.00000000,0.00577841,0.01025216,0.00000000,0.00000000,0.00000000,0.47506155,0.02898118,0.00000000,0.00000000,0.00000000,0.00000000,0.01325270,0.00000000,0.00000000,0.00000000,0.00000000,0.00000000,0.00000000,0.00000000,0.00000000,0.00000000,0.00000000,0.01784557,0.01728791,0.00000000,0.00000000,0.00000000,0.00000000,0.00000000,0.00000000,0.00463399,0.00000000,0.00000000,0.00000000,0.00000000,0.07440175,0.00000000,0.00840523,0.00613234,0.00000000,0.00000000,0.00000000,0.00000000,0.00000000,0.00000000,0.02589946,0.00000000,0.00000000,0.20057021,0.00000000,0.00354815,0.00000000,0.00000000,0.00000000,0.00000000,0.00000000,0.00000000,0.00000000,0.00000000,0.01574469
0.01104994,0.00000000,0.00000000,0.00000000,0.00000000,0.00000000,0.00000000,0.07054064,5.76350927,0.00000000,0.00000000,0.00000000,0.00000000,0.00000000,0.00000000,0.00000000,0.00000000,0.10325257,0.00000000,0.00000000,0.00000000,0.00415510,0.00000000,0.00863830,0.00000000,1.69851766,0.00000000,0.00000000,0.00000000,0.00000000,0.00000000,0.00000000,0.00000000,0.00000000,0.00000000,0.00000000,0.00000000,0.00000000,0.00000000,0.01580313,0.00000000,0.00000000,0.04235672,0.00000000,0.00000000,0.00000000,0.00000000,0.84162274,0.00902801,0.00000000,0.00211996,0.00000000,0.00000000,0.00000000,0.00000000,0.00000000,0.00000000,0.28679137,0.00000000,0.00000000,0.00000000,0.00000000,0.00592644,0.00000000,0.00861195,0.00000000,0.00000000,0.00000000,0.24002523,0.19284116,0.00000000,0.00000000,0.00000000,0.00000000,0.07807996,0.00000000,0.00000000,0.00000000,0.00000000,0.00000000,0.00000000,0.00000000,0.00000000,0.01038960,0.00000000,0.51994317,0.00000000,0.00000000,0.00166994,1.23931748,0.00000000,0.00000000,0.00000000,0.00000000,0.00000000,0.00000000,0.00000000,0.00000000,0.00554704,0.00000000,0.00000000,0.00000000,0.00000000,0.00000000,0.00000000,0.00000000,0.02124996,0.00000000,0.00000000,0.00000000,0.00000000,0.00000000,0.00984557,0.00000000,0.00000000,0.25788016,0.00545312,0.00000000,0.00000000,0.00000000,0.00000000,0.00000000,0.00000000,0.00000000,0.00000000,0.00000000,0.00000000,0.00000000,0.00000000,0.00000000,0.05933448,0.01971688,0.00000000,0.00000000,0.00000000,0.00272341,0.00000000,0.00000000,0.00782727,0.00000000,0.00000000,0.00000000,0.00000000,0.27108857,0.00000000,0.10443669,0.02614952,0.25286685,0.00000000,0.00000000
0.00000000,1.69819771,0.00000000,0.25197541,0.00000000,0.00000000,0.00000000,0.00000000,0.00000000,0.00000000,0.00000000,0.00000000,0.00000000,0.00000000,0.00000000,0.00000000,0.00000000,0.01446358,0.00000000,0.00559494,0.00000000,0.00000000,0.03438201,0.00000000,0.00000000,0.00000000,0.02827437,0.00000000,0.01060265,0.00000000,0.00000000,0.00000000,0.04826734,0.00829479,0.00000000,0.00000000,0.00000000,0.00000000,0.00000000,0.04152337,0.00000000,0.00000000,0.00000000,0.00000000,0.00000000,0.00000000,0.00000000,0.00000000,0.00000000,0.00000000,0.00000000,0.00000000,0.00000000,0.00000000,0.00298852,0.00000000,0.00000000,0.00000000,0.00000000,0.00000000,0.00076908,0.00000000,0.00000000,0.00000000,0.00000000,0.00000000,0.00000000,0.00000000,0.03191019,0.00000000,0.00988110,0.03289127,0.00000000,0.00000000,0.00000000,0.00000000,0.00000000,0.00000000,0.00000000,0.00000000,0.01968563,0.00000000,0.00000000,0.01826111,0.07054064,0.00000000,0.00616015,0.00000000,0.00000000,0.00000000,0.00000000,0.00000000,0.00000000,0.00000000,0.00000000,0.00588542,0.00000000,0.00000000,0.00000000,0.00000000,0.00000000,0.00000000,0.04884118,0.00000000,0.00000000,0.00000000,0.00000000,0.00000000,0.00000000,0.00000000,0.00000000,0.00000000,0.00308905,0.01010667,0.00000000,0.00000000,0.00000000,0.00000000,0.00950835,0.00000000,0.00000000,0.00000000,0.05043476,0.06782337,0.00713750,0.00000000,0.00000000,2.86412806,0.00000000,0.00000000,0.00000000,0.06665056,0.03425161,0.04216342,0.00000000,0.00000000,0.00000000,0.00000000,0.00000000,0.00000000,0.06916846,0.00000000,0.00000000,0.00000000,0.00000000,0.00000000,0.00000000,0.00000000,0.00000000,0.02455033
0.00367362,0.00000000,0.00000000,0.00382918,0.00000000,0.00621184,0.00000000,0.07338037,0.00000000,0.00000000,0.00000000,0.00000000,0.00000000,0.00000000,0.00000000,0.00000000,0.00000000,0.00000000,0.00000000,0.00000000,0.00000000,0.00000000,0.00000000,0.00000000,0.03487027,0.00000000,0.00000000,0.00000000,0.00000000,0.00000000,0.00000000,0.00000000,0.00000000,0.00000000,0.00485491,0.00000000,0.00000000,0.00000000,0.00000000,0.00000000,0.00660072,0.00000000,0.00000000,0.00000000,0.00000000,0.00000000,0.03835030,0.00000000,0.00000000,0.00000000,0.00000000,0.01807249,0.00000000,0.00000000,0.00000000,0.00000000,0.00969486,0.00000000,0.00000000,0.00000000,0.00000000,0.00000000,0.00000000,0.00000000,0.00000000,0.00000000,0.00000000,0.00000000,0.00000000,0.00000000,0.00000000,0.05740728,0.00000000,0.00000000,0.00000000,0.00000000,0.03865459,0.00000000,0.00000000,0.00000000,0.03840988,0.02066962,0.00000000,0.00000000,0.03583115,0.00000000,0.00000000,0.00000000,0.00000000,0.00919427,0.00000000,0.00000000,0.13486530,0.00000000,0.02076352,0.00000000,0.00000000,0.02762952,0.00000000,0.00000000,0.00000000,0.00000000,0.00000000,0.00000000,0.02124996,0.00000000,0.00000000,0.00357516,0.00000000,0.10680990,0.00000000,0.00000000,0.00000000,0.01262468,0.00000000,0.00000000,0.00000000,0.00000000,0.02530482,0.18819142,0.00000000,0.00000000,0.00000000,0.00000000,0.00000000,0.00000000,0.00141916,0.01672941,0.00000000,0.04922853,0.00000000,0.00559494,0.00000000,0.00000000,0.00516437,0.00000000,0.00000000,0.00000000,0.00000000,0.00000000,0.33614622,0.00000000,0.00000000,0.00000000,0.00000000,0.00000000,0.00000000,0.00000000,0.00000000,2.99890188
0.00000000,0.00161935,0.00000000,0.02395585,0.00305769,0.00000000,0.00000000,0.00882814,0.00000000,0.00000000,0.00000000,0.01786612,0.01152507,0.00000000,0.00000000,0.00511663,0.00000000,0.00000000,0.00000000,0.10680990,0.00000000,0.00000000,0.00000000,0.00000000,0.00000000,0.00000000,0.00000000,0.28478463,0.03442420,0.00527942,0.00162685,0.02645957,0.00734150,0.00000000,0.01499915,0.00000000,0.00633420,0.00000000,0.00382757,0.00150591,0.00000000,0.00000000,0.01137060,0.00000000,0.00000000,0.07413994,0.00000000,0.00000000,0.00000000,0.00959224,0.00000000,0.00409347,0.00000000,0.00000000,0.00000000,0.00000000,0.00000000,0.00000000,0.00000000,0.00000000,0.00000000,0.00000000,0.00000000,0.00000000,0.00000000,0.03830095,0.00778295,0.00000000,0.00000000,0.00000000,0.00000000,0.00000000,0.00000000,0.02256889,0.00753532,0.00000000,0.00000000,0.00000000,0.00000000,0.00000000,0.00000000,0.00000000,0.00000000,0.00000000,0.00843626,0.04510444,0.00000000,0.07576213,0.02241415,0.00000000,0.00406894,1.00445655,0.00222188,0.05490679,0.00000000,0.16081343,0.00526590,0.00000000,0.01759975,0.00000000,0.00000000,0.00000000,0.00000000,0.00000000,0.00000000,0.00000000,0.00357516,0.00000000,0.00000000,1.92517411,0.00183782,0.00000000,0.00000000,0.00000000,0.04548693,0.02247314,0.00000000,0.00000000,0.00000000,0.00213941,0.03122907,0.00709180,0.00969855,0.01497120,0.00000000,0.00000000,0.00000000,0.00000000,0.00000000,0.00000000,0.00101299,0.00000000,0.01425308,0.01574033,0.00881392,0.00000000,0.00314792,0.00000000,0.00000000,0.00000000,0.02947745,0.00000000,0.00000000,0.06057947,0.00000000,0.00000000,0.00000000,0.00000000,0.00000000,0.00000000
0.00000000,0.00000000,0.00000000,0.00632244,0.00427053,0.00853692,0.00000000,0.20960375,0.00000000,0.00000000,0.00000000,0.00000000,0.03443942,2.58089778,0.00000000,0.02762952,4.69614344,0.00000000,2.86412806,0.01672941,0.00000000,0.00000000,0.00000000,0.00000000,0.00000000,0.04058281,0.00000000,0.00000000,0.00000000,0.00000000,0.00000000,0.00000000,0.03218835,0.21536986,2.10408322,0.05937451,0.00654822,0.00101837,0.00182898,0.00000000,0.00489919,0.06274600,0.00094837,0.00000000,0.00000000,0.00000000,0.00000000,0.01215513,0.00000000,0.00000000,0.44600620,1.41926859,0.00000000,0.00000000,0.01172146,0.00386094,0.00000000,0.02104802,0.00000000,0.00362675,0.00000000,0.00000000,0.10189545,0.11391728,0.00000000,0.00000000,0.00000000,0.00000000,0.00000000,0.00000000,0.00760007,0.00000000,0.01025930,0.00191354,0.00000000,0.00308604,0.00000000,0.00339519,0.00000000,0.00819032,0.00214271,0.00000000,0.00000000,0.00000000,0.11393130,0.00000000,0.01935698,0.00776704,0.21080995,0.00000000,0.00000000,0.97909472,0.00000000,0.00143130,1.38497452,0.00000000,0.00267493,0.00000000,0.00000000,0.12583713,0.05882137,0.00305591,0.00000000,0.00000000,0.00000000,0.00000000,0.00000000,0.00000000,0.00000000,0.00000000,0.00000000,0.00000000,0.00000000,0.00000000,0.00000000,0.00000000,0.02635367,0.00000000,0.01979812,0.00000000,0.00000000,0.00000000,0.00000000,0.00076531,0.00245176,0.00000000,0.00000000,0.00588732,0.00000000,0.00000000,0.00334579,0.00000000,0.00000000,0.00000000,0.00000000,0.00000000,0.00000000,0.00000000,0.00000000,0.00000000,0.00000000,0.00000000,0.00000000,0.00000000,2.93183478,0.00000000,0.00000000,0.00000000,0.00000000,0.00000000
0.00000000,0.01797750,0.32022496,0.00000000,0.00000000,0.00000000,0.00000000,0.00000000,0.00000000,0.07576213,0.00078783,1.03669848,0.00000000,0.00000000,0.00788728,0.00000000,0.00000000,0.00000000,0.00272341,0.00000000,0.00000000,0.03987916,0.01551769,0.00000000,0.00000000,0.00000000,0.00226046,0.00000000,0.00000000,0.00000000,0.00000000,0.00000000,0.11747840,0.21684891,0.00000000,0.00000000,0.00000000,0.00000000,0.00000000,0.00000000,0.10018714,0.00414160,0.00190631,0.00000000,0.00000000,0.00000000,0.00000000,0.00000000,0.00000000,0.01340334,0.00000000,0.01234138,0.00548368,0.00000000,0.01026202,0.00000000,0.65822914,0.08960389,0.01708202,0.00000000,0.01387533,0.00000000,0.00000000,0.00000000,2.74262770,0.00737014,0.40710993,0.00000000,0.00000000,0.04521547,0.00164032,0.00000000,0.00000000,0.30729236,0.00000000,0.00000000,0.00000000,0.00000000,0.00000000,0.00000000,0.00000000,0.00000000,0.00000000,0.00000000,0.00000000,0.00000000,0.00000000,0.00000000,0.00000000,0.00000000,0.00000000,0.00000000,0.04191828,0.25062051,0.00000000,0.00000000,0.03919278,0.00000000,0.00000000,0.00000000,0.36475430,0.00000000,0.00438017,0.00000000,0.00000000,0.00000000,0.10680990,1.92517411,0.00000000,0.00000000,0.00000000,0.00000000,0.00000000,0.00885253,0.00151287,0.00000000,0.25925488,0.05864503,0.02562436,0.00000000,0.00000000,0.21322921,0.00000000,0.00000000,0.00000000,0.01458282,0.00223700,0.00000000,0.16803309,1.27964978,5.00765401,0.00000000,0.00000000,0.00000000,0.23955873,1.24645479,0.05805954,0.00000000,0.05683320,0.00000000,0.00000000,0.01624961,0.07642740,0.00000000,0.12875995,0.00000000,0.07905269,0.00287282,0.00000000,0.00000000
0.00000000,0.00000000,0.00000000,0.00000000,0.00000000,0.00000000,0.00000000,0.00340843,0.00000000,0.00000000,0.00000000,3.28876523,0.00000000,0.00000000,0.00000000,0.00000000,0.00000000,0.00000000,0.00000000,0.00000000,0.00223700,0.00367453,0.00000000,0.00000000,0.00000000,0.00000000,0.00000000,0.00000000,0.00000000,0.06069592,0.00000000,0.00467518,0.00000000,0.10201127,0.22880292,0.00000000,0.00000000,0.00000000,0.10547092,0.00000000,0.00000000,0.03807926,0.00000000,0.00000000,0.00000000,0.00000000,0.02587465,0.00000000,0.00000000,1.42589644,0.01697765,0.00000000,0.00000000,0.00000000,0.00000000,0.00000000,0.00000000,0.00000000,0.00000000,4.37625611,0.00000000,0.00000000,0.00000000,0.00000000,0.00000000,0.00000000,0.00000000,0.00000000,0.00000000,0.00000000,0.00000000,0.00000000,0.00000000,0.00000000,0.00000000,0.04768722,0.00000000,0.00000000,0.00000000,0.00000000,0.00000000,0.00000000,0.00000000,0.00000000,1.46957007,0.02312060,0.13030693,0.00000000,0.63760323,0.00000000,0.00000000,0.01079326,0.00481044,0.01328586,0.00000000,0.00792471,0.00000000,0.00000000,0.00350194,0.00000000,0.00000000,0.00000000,0.00000000,0.00000000,0.00000000,0.00000000,0.00000000,0.00183782,0.00000000,0.00000000,0.00000000,0.00000000,0.00000000,0.04265816,0.01046801,0.58824943,0.00889941,0.00000000,0.03601914,0.03068073,0.00000000,0.00000000,0.00000000,0.00000000,0.00000000,0.00000000,0.00000000,0.03124952,0.00000000,0.00000000,0.00000000,0.00870354,0.00000000,0.00503912,0.00000000,0.00000000,0.00000000,0.00000000,0.04789674,0.01616307,0.00000000,0.00000000,0.00000000,0.00000000,0.00000000,0.36009448,0.00000000,0.00000000,0.02942433,0.40807112
0.00000000,0.00000000,0.00000000,0.00000000,0.00000000,0.00000000,0.00000000,0.00000000,0.00000000,0.00000000,0.00000000,0.00000000,0.00000000,2.46105971,0.00000000,0.00000000,0.00000000,0.00000000,0.00000000,0.00000000,0.23955873,0.05080707,0.00091683,0.03315934,0.00000000,0.00000000,0.13609370,0.00000000,0.02276429,0.00000000,0.00000000,0.00186016,0.00000000,0.52596445,0.00000000,0.00000000,0.00000000,0.00000000,0.00000000,0.04935715,0.01231438,0.00000000,0.00000000,0.00000000,0.00000000,0.00000000,0.00000000,0.02539562,2.70468200,0.79959424,0.00000000,0.00000000,0.00000000,0.00000000,0.01027249,0.00000000,0.00000000,0.00000000,0.00000000,0.00000000,0.00000000,0.00000000,0.00000000,0.00000000,0.01692114,0.00000000,0.00000000,0.00000000,0.00000000,0.00000000,0.00796138,0.00259707,0.00000000,0.01830885,0.00451565,0.00947737,0.07681247,0.00000000,0.00221809,0.01106353,0.04951782,0.00000000,0.00147959,0.02794520,0.79170710,0.00000000,0.00000000,0.00000000,0.06778999,0.00000000,0.00000000,0.00000000,0.00000000,0.00000000,0.00000000,0.00000000,0.00000000,0.00000000,0.00000000,0.00000000,0.00000000,0.00000000,0.00000000,0.00000000,0.00000000,0.00000000,0.00000000,0.00000000,0.00000000,0.00000000,0.00000000,0.00000000,0.00211896,5.15620813,0.00000000,0.00000000,0.37632612,0.00000000,0.00000000,0.00000000,0.00000000,0.00000000,0.00000000,0.00000000,0.00000000,0.00000000,0.00000000,0.00000000,4.85928514,0.00000000,0.00000000,0.00109111,0.00000000,0.00000000,0.00000000,0.00000000,2.74878764,0.00618684,0.02057601,0.00614540,0.13086299,0.00000000,0.07318817,0.00000000,0.00000000,0.00000000,0.01373226,0.00000000,0.00000000,0.00000000
0.00331123,0.00000000,0.00192913,0.00000000,0.00000000,0.00000000,0.08791134,0.63313568,0.00000000,0.00000000,0.00000000,0.00000000,0.03227131,2.26174753,0.00000000,0.00290498,0.00000000,0.00000000,0.20057021,0.00000000,0.00000000,0.17739900,0.00000000,0.00000000,0.00000000,0.00000000,0.07977868,0.00556082,0.10811100,0.00474473,0.00134700,0.00267799,0.00000000,0.00000000,0.00000000,0.07822593,0.09576427,0.00000000,0.00000000,0.10564156,0.00000000,0.00000000,0.00000000,0.00000000,0.00000000,0.01912623,0.00000000,0.00000000,0.00000000,1.56009629,0.00000000,0.00000000,0.00431898,0.04513070,0.03120460,0.03285916,0.03103295,0.00000000,0.00000000,0.00496137,0.00000000,0.15598969,0.00000000,0.01480872,0.00412384,0.00000000,1.19907432,0.00000000,0.00497050,0.00000000,0.00000000,0.00000000,0.12177384,0.02232310,0.00000000,0.00000000,0.07895821,2.88745324,0.11466246,0.00000000,0.00000000,0.54068367,0.00000000,0.04545680,0.05031324,0.00252862,0.00000000,0.00000000,0.01368024,0.00068031,0.00000000,0.00391345,0.00566894,0.07829166,0.00000000,0.00000000,0.00878411,0.00290498,0.01306567,0.00000000,0.00424328,0.00000000,0.00000000,0.01784557,0.00984557,0.00308905,0.00000000,0.00000000,0.00000000,0.00000000,0.00000000,0.00211896,0.00000000,0.05080707,0.00000000,0.03829731,0.01618396,6.38814755,0.06046410,0.00262200,0.00000000,0.00000000,0.00000000,0.00000000,0.00000000,0.14298093,0.00131897,0.14649897,0.00000000,0.00429719,0.02920236,0.00000000,0.00531503,0.00000000,0.00073418,0.00000000,1.03319261,0.00322963,0.00685109,0.12289856,0.00000000,0.00000000,0.00000000,0.00227659,0.03703400,0.00000000,0.00534105,0.00000000,0.00000000,0.17739900
0.00000000,0.00000000,7.84770598,0.00000000,0.16180240,0.00000000,0.00000000,0.03583115,0.00000000,0.00272015,0.00000000,0.00000000,0.03266953,0.00000000,0.00000000,0.09450337,0.01759975,0.00000000,0.04884118,0.00000000,0.07318817,0.14649897,0.00962689,0.00769634,1.07457223,0.00000000,0.00000000,0.00000000,0.00000000,0.00000000,0.00000000,0.00000000,0.00769954,0.01452562,0.00822675,0.04275295,0.00178190,0.01014210,0.04421711,0.02042625,0.00000000,0.00000000,0.00000000,0.21298917,0.12176289,0.05429747,0.00000000,0.00704615,0.00000000,0.00963154,0.03135263,0.97056531,0.00589685,0.00000000,0.00000000,0.00000000,0.00000000,0.00409187,0.00310609,0.00000000,2.45887327,0.00000000,0.00000000,1.97186371,0.00000000,0.02122169,0.11377515,0.00304839,0.00000000,2.09380431,0.01520451,0.00000000,0.00000000,0.00000000,0.00844203,0.00000000,0.00502485,0.00791975,0.01444932,0.00102922,0.00000000,0.00710557,0.01448413,0.00652108,0.00000000,0.00000000,0.01390500,0.00332306,0.02920430,0.00000000,0.00318943,0.00000000,0.26539510,0.00261929,0.00000000,0.00402592,0.00000000,0.00957462,0.00000000,4.43335928,0.14806004,0.00000000,0.01275278,0.01728791,0.00000000,0.01010667,0.01262468,0.00000000,0.00000000,0.00885253,0.04265816,5.15620813,0.05080707,0.00000000,6.86962562,0.03987916,0.01176988,0.74730100,0.00000000,0.00000000,0.00000000,0.00000000,0.02853064,0.00000000,0.00000000,0.00000000,0.04007421,0.00000000,0.02477468,0.00000000,0.00692838,0.00000000,0.00000000,0.00000000,3.87001985,0.00631256,0.00239761,0.02408849,0.00367453,0.00000000,0.01551769,0.00000000,0.00000000,0.00000000,0.00415510,2.00561920,0.00000000,0.31194390,0.00000000,0.00000000
0.00000000,0.00000000,0.00000000,0.00000000,0.00237157,0.00000000,0.00350537,0.00000000,0.00000000,0.00000000,0.01851735,0.00000000,0.00000000,0.00000000,0.00000000,3.83611614,0.01608057,0.00000000,0.00000000,0.00000000,0.00000000,0.00000000,0.00000000,0.00883600,0.00000000,0.00390851,0.00000000,0.00000000,0.00000000,0.00643145,0.00000000,0.00000000,0.03489743,0.00000000,0.00000000,0.00000000,0.00000000,0.02298562,0.00000000,0.00000000,0.00000000,0.00000000,0.00000000,0.00000000,0.00000000,0.00000000,0.00000000,0.00521818,0.00000000,0.00000000,0.00000000,0.02531325,0.00000000,0.07046048,0.00000000,0.00000000,0.00000000,0.00000000,0.00185305,0.00723490,0.00000000,0.00000000,0.00000000,0.00000000,0.00000000,0.00000000,0.00000000,0.00000000,0.01714809,0.00000000,0.00000000,3.89185361,0.04904446,0.00000000,0.20205652,0.00000000,0.00000000,0.10413283,0.00000000,0.00645037,0.00000000,0.00000000,0.49941281,0.04133091,0.06244591,0.00000000,0.00115323,0.03326136,0.40677550,3.28876523,0.00000000,0.00000000,0.00000000,0.00000000,0.00000000,0.00000000,0.00000000,1.06606095,1.46649349,4.22942932,0.00000000,0.12353736,0.00000000,0.00000000,0.00000000,0.00000000,0.00000000,0.04548693,0.00000000,0.00151287,0.01046801,0.00000000,0.00000000,6.86962562,0.00000000,0.00776852,1.09703629,0.00091683,0.00000000,0.00931900,0.03838451,0.08816191,0.00000000,0.00000000,0.57936535,0.00000000,0.00000000,0.00000000,0.03438201,0.00000000,0.00000000,0.00000000,0.00962689,0.00000000,0.00000000,0.00000000,0.00000000,0.00000000,0.00000000,3.08684724,0.91609548,0.00000000,0.00000000,0.00000000,0.00000000,0.30651637,0.00000000,0.00000000,0.00435077,0.00000000
0.46763072,0.03691771,0.00000000,0.05610725,0.00000000,0.00000000,0.00000000,0.49422675,0.01384022,0.00111147,0.00000000,0.00719109,0.00000000,0.26539510,0.00402592,0.00000000,0.00000000,0.01583554,0.00000000,0.00000000,0.00000000,0.03829731,0.00000000,0.00083065,0.11493686,0.13568809,0.00000000,0.12144107,0.00397482,0.00000000,0.00000000,0.00434302,0.00000000,0.00000000,0.07524180,0.02267156,0.00000000,0.00000000,0.00000000,0.00000000,0.00000000,0.00000000,0.00000000,0.00000000,0.00423940,0.00000000,0.34818029,0.01551409,0.00000000,0.00000000,0.00000000,0.00000000,0.00637018,0.00000000,0.03338822,4.09897366,0.00593759,0.00119183,0.08969917,0.00000000,0.00689955,0.00000000,0.00000000,0.00000000,0.00137691,0.11470764,0.11528103,0.00000000,0.46489952,0.00000000,0.03317200,0.00000000,0.10148709,0.00000000,2.34084152,0.00297951,0.01567252,0.00000000,0.02875531,0.00000000,0.02816722,0.00748946,0.00000000,0.00422432,0.00000000,0.00000000,0.07681386,0.03222523,0.00000000,0.04008760,0.00000000,0.00000000,0.00000000,0.00902803,0.00000000,0.00510487,0.00000000,0.00000000,0.02025930,0.00000000,0.02817903,0.00557026,0.13349310,0.00000000,0.25788016,0.00000000,0.00000000,0.02247314,0.00000000,0.00000000,0.58824943,0.00000000,0.03829731,0.03987916,0.00776852,0.00000000,0.00083065,0.00718885,0.00000000,0.00000000,0.00000000,0.03315934,0.00000000,0.00000000,0.00000000,0.03331875,0.00000000,0.00000000,0.25993200,3.68123602,0.00000000,0.04744283,0.00000000,1.25117537,0.00000000,0.18960836,0.10374698,0.00000000,0.20377907,0.00565465,0.00000000,0.01879157,0.00000000,0.00000000,0.04416633,0.02584667,0.00000000,0.00000000,0.00000000,0.00000000
0.10523422,0.00000000,0.00000000,0.00000000,0.00000000,4.23560478,0.00000000,0.00000000,0.03924616,0.00000000,0.00000000,0.00000000,0.00000000,0.00000000,0.00000000,0.00000000,0.00000000,0.00000000,0.00000000,0.00000000,0.01046801,0.00000000,0.00000000,0.00000000,0.00000000,0.00000000,0.00622807,0.00000000,0.00000000,0.00769795,0.00000000,0.00000000,0.00000000,0.00000000,0.00340904,0.01174352,0.10586096,0.00000000,0.00000000,0.00000000,0.00000000,0.00000000,0.00000000,0.00000000,0.14089432,0.00000000,0.00000000,0.00000000,0.00000000,0.11337407,0.00000000,0.00000000,0.00000000,0.00000000,0.00210122,0.00000000,0.00000000,0.03766824,0.00000000,1.74706280,2.26453627,0.00000000,0.00130736,0.64707020,0.00000000,0.00319796,0.00000000,0.00000000,0.00783978,0.01830954,0.00299605,0.00000000,0.00000000,0.02898585,0.01045069,0.00000000,0.00050262,0.00000000,0.00000000,0.00845147,0.00000000,0.00000000,0.00000000,0.00000000,0.00000000,0.00000000,0.00000000,0.00272015,0.00000000,0.00253223,0.00000000,0.00112231,0.00000000,0.00000000,0.12307516,0.00000000,0.00000000,0.00000000,0.01436150,0.00000000,0.00000000,4.93254056,0.00000000,0.00000000,0.00545312,0.00000000,0.00000000,0.00000000,0.02635367,0.25925488,0.00889941,0.37632612,0.01618396,0.01176988,1.09703629,0.00083065,0.00000000,0.00000000,0.00000000,0.00551413,0.00000000,0.00000000,0.00000000,0.11666526,0.03871348,0.00000000,0.00000000,0.00000000,0.00000000,0.00000000,0.06196829,0.00000000,0.00000000,0.07930172,0.01040527,0.00464961,0.00000000,0.00000000,0.00000000,0.00000000,0.00000000,0.17709088,0.01057010,0.00000000,2.54111315,0.00000000,0.00000000,0.00989139,0.00000000,0.00000000
0.00000000,0.01045069,0.00000000,0.00000000,0.00000000,0.00000000,0.21136734,0.00135258,0.00000000,0.00000000,0.00000000,0.11060266,1.00445655,0.00000000,0.00000000,0.00000000,0.00000000,0.00000000,0.00000000,0.00000000,4.85928514,0.00227659,0.00631256,0.00000000,0.00000000,0.01159378,0.00000000,0.00000000,0.07433284,0.00652117,0.00000000,0.00000000,0.00000000,0.03440163,0.00000000,0.00000000,0.02871243,0.00000000,0.01110047,0.00000000,0.00000000,0.31155846,0.04584815,0.00000000,0.00000000,0.00000000,0.00000000,0.00000000,0.00000000,0.00000000,0.00000000,0.00000000,0.00000000,0.00000000,0.00000000,0.00000000,0.00000000,0.00000000,0.00000000,0.00000000,0.00000000,0.01541790,0.00000000,0.00000000,0.00000000,0.00000000,0.00000000,0.00000000,0.00000000,0.00000000,0.00000000,0.00000000,0.02550064,0.01582024,0.00000000,0.00000000,0.02626270,0.00000000,0.00089492,0.00000000,0.00000000,0.00000000,0.00000000,0.00000000,0.00750278,0.00000000,0.00000000,0.00000000,0.00464907,0.00000000,0.01152507,0.00000000,0.00000000,0.00000000,0.00000000,0.00000000,0.00000000,0.00000000,0.00000000,0.00000000,0.01601338,0.00245889,0.00245930,0.00000000,0.00000000,0.00000000,0.00000000,0.00000000,0.00000000,0.05864503,0.00000000,0.00000000,6.38814755,0.74730100,0.00091683,0.00718885,0.00000000,0.00000000,0.00000000,0.00769634,0.00000000,0.00000000,0.00000000,0.00826711,0.00863830,0.00000000,0.00000000,0.00000000,0.16321752,0.23922690,0.00859212,0.00000000,0.00000000,0.01716561,0.00000000,0.00000000,1.04949814,0.00000000,0.00000000,0.00000000,0.00401109,0.05832837,0.00000000,0.00326840,0.00517276,0.00883600,0.00000000,0.00000000,0.00000000,0.00000000
0.03667382,0.00000000,0.00313927,0.00000000,0.00000000,0.00000000,0.00000000,0.00000000,0.00000000,0.00000000,0.00000000,0.00816660,0.00000000,0.00000000,0.00000000,0.00000000,0.00000000,0.00000000,0.00000000,0.00000000,0.03601914,3.87001985,0.30651637,0.00000000,0.00000000,0.00000000,0.00000000,0.00000000,0.00000000,0.00000000,0.00000000,0.00000000,0.00000000,0.00000000,0.14003710,0.00000000,0.00000000,4.24371128,0.00000000,0.00000000,0.00939798,0.00000000,0.00531550,0.00000000,0.00000000,0.00000000,0.00000000,0.09848566,0.00000000,0.00000000,0.00000000,0.00000000,0.00000000,0.00000000,0.77778304,0.00000000,0.00000000,0.00000000,0.00000000,0.43421628,0.00000000,0.00000000,0.00000000,0.00000000,0.00000000,0.24432807,0.00790398,0.02318282,0.00000000,0.17366605,0.01382588,0.00000000,0.00000000,0.00000000,0.00000000,0.00000000,0.00000000,0.00000000,0.25197541,0.07825224,0.00000000,0.00000000,0.05567116,0.01376277,0.00000000,0.40554656,0.00000000,2.81814302,0.00259722,0.00000000,0.00000000,0.00000000,0.00000000,0.00000000,0.00000000,0.12302944,0.01742557,0.02436792,0.00000000,0.01182164,0.00000000,0.00000000,0.00000000,0.00000000,0.00000000,0.00950835,0.02530482,0.00000000,0.01979812,0.02562436,0.03601914,0.00000000,0.06046410,0.00000000,0.00000000,0.00000000,0.00000000,0.00000000,0.00000000,0.00000000,0.00724022,0.00000000,0.00000000,0.00000000,0.00000000,0.00000000,0.00000000,0.11493686,0.00000000,0.00000000,0.00000000,0.00000000,0.00000000,0.00000000,0.00000000,0.00000000,0.00000000,3.38490969,0.05080615,1.07457223,0.00367713,0.00000000,0.00000000,0.00320620,0.03487027,0.02321309,0.00000000,0.09712410,0.00000000,0.00000000
0.00743204,0.00000000,0.00000000,0.29202118,0.00000000,0.00219614,0.00000000,0.00000000,0.00000000,0.00911497,0.00000000,0.00000000,0.00000000,7.59309695,0.12307516,0.00000000,0.00000000,0.13349310,0.01574469,2.99890188,0.00000000,0.00000000,0.00000000,0.06196829,0.00000000,0.00000000,0.00000000,0.00363471,0.00000000,0.00000000,0.00000000,0.00000000,0.00000000,0.00000000,0.02263704,0.03348602,0.00050895,0.00000000,0.00000000,0.90933748,0.00000000,0.00000000,0.00000000,0.00000000,0.00000000,0.00000000,0.00000000,0.00000000,0.00000000,0.00000000,0.00000000,0.01111793,0.00000000,0.02793198,0.00839321,0.00000000,0.00000000,0.00000000,0.00555796,0.00000000,0.00000000,0.00000000,0.00000000,0.00000000,0.00000000,0.00000000,0.00000000,0.00000000,0.00666721,0.00423183,0.00000000,0.00000000,0.24757896,0.00000000,0.00000000,0.00000000,0.00000000,0.00000000,0.00000000,0.00000000,0.00630881,0.00000000,0.00000000,0.00000000,0.42122945,0.00000000,0.00000000,0.02243513,0.00000000,0.00000000,0.00557610,0.05777354,0.00000000,0.36263514,0.00000000,0.00000000,0.00000000,0.00000000,0.00000000,0.05754408,0.03132286,0.03213002,0.00000000,0.00000000,0.00000000,0.00000000,0.18819142,0.00213941,0.00000000,0.00000000,0.03068073,0.00000000,0.00262200,0.00000000,0.00931900,0.00000000,0.00551413,0.00769634,0.00000000,0.00000000,0.00000000,0.00000000,0.00000000,0.00000000,0.00000000,0.00000000,0.04458615,0.00000000,0.00000000,0.00000000,0.00000000,0.00000000,0.00000000,0.00152635,0.00223236,0.00000000,0.00000000,0.00000000,5.50336385,0.06108267,0.01043625,0.00000000,0.03934356,0.00000000,0.00000000,0.08010891,0.00000000,0.00000000,0.00000000,0.00815465
0.00000000,0.00753532,0.00000000,0.00000000,0.00000000,0.00000000,0.00000000,0.00000000,0.00000000,0.03326136,0.00000000,0.00000000,0.00000000,0.00515474,0.00000000,0.00000000,0.01182164,0.11100229,0.00000000,0.00000000,0.03124952,0.00000000,0.00000000,0.00000000,0.00000000,0.01160450,0.00000000,0.00000000,0.01016095,0.00000000,0.00000000,0.00000000,0.00000000,0.00000000,2.62765413,0.00000000,0.00166566,0.00000000,0.00000000,0.06041008,0.01322707,0.05981940,0.08232036,0.00000000,0.00000000,0.00000000,0.00000000,0.00000000,0.00000000,0.10398186,0.08133799,0.00000000,0.00000000,0.00000000,0.00000000,0.92898748,0.00000000,0.00000000,0.00000000,0.00000000,0.00000000,0.00000000,0.00000000,0.00000000,0.00000000,0.00000000,0.00000000,0.00000000,3.04203046,0.00000000,0.00000000,0.12346011,0.00000000,0.00000000,0.00000000,0.00000000,0.00000000,0.00000000,0.00122113,0.00000000,0.00000000,0.00000000,0.00000000,0.13000957,0.00882814,0.00000000,0.00000000,0.00000000,0.00000000,0.00000000,0.00560087,0.00000000,0.00000000,0.00000000,3.12954316,0.54485197,0.00000000,0.00000000,0.00000000,0.00000000,0.00000000,0.00000000,0.00000000,0.00463399,0.00000000,0.00000000,0.00000000,0.03122907,0.00000000,0.00000000,0.00000000,0.00000000,0.00000000,0.00000000,0.03838451,0.00000000,0.00000000,0.00000000,0.00724022,0.00000000,0.00000000,0.00000000,0.00000000,0.00000000,0.00000000,0.00000000,0.04194195,0.01129347,0.00000000,0.00000000,0.00000000,0.00000000,0.00000000,0.00000000,0.02357104,0.00000000,0.00000000,0.00000000,0.00632738,0.08823164,0.00269880,0.04634286,0.00000000,0.00000000,0.00000000,0.00000000,0.00000000,0.00000000,0.00000000,0.00000000
0.01257023,0.00000000,0.00000000,0.00000000,0.04951782,3.49758502,0.00000000,0.00000000,0.00000000,0.00000000,0.15271552,0.00000000,0.00000000,0.00680524,0.04777640,0.00000000,0.00423661,0.00000000,0.10443669,0.00000000,0.00000000,0.00000000,0.00000000,0.00000000,0.01129347,0.00000000,0.00000000,0.00000000,0.00000000,0.00000000,0.00000000,0.00000000,0.02954735,0.00000000,2.44721303,0.00000000,4.18627065,0.00000000,0.00595300,0.00000000,0.00000000,2.35286392,0.07335041,0.00000000,0.17728509,0.00000000,0.00000000,0.03648834,0.00000000,0.00000000,0.00000000,0.00000000,0.47158778,0.00000000,0.00432872,0.00000000,0.00000000,0.00000000,0.00000000,0.00000000,0.00000000,0.00000000,0.00000000,0.00000000,0.06947403,0.00000000,0.00000000,0.02231231,0.00000000,0.00000000,0.00716194,0.00000000,0.00000000,0.01483100,0.00000000,0.00000000,0.03890198,0.03091370,0.00000000,0.00000000,0.00000000,0.00823757,0.00000000,0.00000000,0.00388098,0.03924616,0.00000000,0.09150227,0.04212535,0.00000000,0.00000000,0.00000000,0.02287586,0.00000000,0.00000000,0.00000000,0.00000000,0.00000000,0.00000000,0.00000000,0.00000000,0.00000000,0.00000000,0.00000000,0.00000000,0.00000000,0.00000000,0.00709180,0.00000000,0.21322921,0.00000000,0.00000000,0.00000000,0.00000000,0.08816191,0.03315934,0.00000000,0.00000000,0.00000000,0.00000000,0.00000000,0.00000000,0.00000000,0.00928539,0.00000000,0.00000000,0.00000000,0.00000000,0.00000000,0.00000000,0.00000000,0.00000000,0.00456749,0.00000000,0.00000000,0.00629954,0.88532262,0.00000000,0.08872227,0.00000000,0.00000000,0.00000000,0.00000000,0.00000000,2.29916547,0.00000000,0.00000000,0.00000000,0.00000000,0.00000000
0.00000000,0.20205652,0.00055106,0.00000000,0.00000000,0.00000000,0.00000000,0.00000000,0.00000000,0.00000000,0.00000000,0.00000000,0.00000000,0.00000000,0.00000000,0.00619130,0.00000000,0.00000000,0.00713750,0.00000000,0.00000000,0.00000000,0.00000000,0.05832837,0.06108267,0.00000000,0.01348171,4.12064379,0.00000000,0.00000000,0.05230531,0.00000000,0.00000000,0.00000000,0.00000000,0.00000000,0.00000000,0.00905923,0.39133311,0.00000000,0.00000000,0.00000000,0.00000000,0.00000000,0.00000000,0.00000000,0.31411760,0.00000000,0.00000000,0.00000000,0.00000000,0.00118710,0.00000000,0.05737586,0.00000000,0.18254312,0.00420244,0.00000000,1.86749918,0.00000000,0.00000000,0.00000000,0.93746241,0.10500649,0.00000000,0.00000000,0.00449800,0.00000000,0.03298464,0.00133121,0.03570047,0.00000000,0.00000000,0.00000000,0.02627429,0.00000000,0.02744694,0.02395585,0.00000000,0.00000000,0.00000000,0.00000000,0.00000000,0.01083170,0.00622087,0.00000000,0.00000000,0.00000000,0.00000000,0.00000000,0.00478360,0.00144811,0.00000000,0.00000000,0.00000000,0.00335164,0.00000000,0.00000000,0.00000000,0.00000000,0.00000000,6.35995528,0.00000000,0.00000000,0.00000000,0.05043476,0.00000000,0.00969855,0.00000000,0.00000000,0.00000000,0.00000000,0.00000000,0.02853064,0.00000000,0.00000000,0.00000000,0.00000000,0.00000000,0.00000000,0.00000000,0.00000000,0.00000000,0.00000000,0.64419234,0.00000000,0.00000000,0.02582103,0.00000000,0.50344278,0.04058281,0.00000000,0.00000000,0.00125887,0.00000000,0.04831521,0.02498904,0.00000000,0.00393582,0.00000000,0.00000000,0.00000000,0.00000000,0.03148746,0.00000000,5.89374567,0.01423371,0.00000000,0.00000000,0.13568809
0.00000000,0.01191481,0.00000000,0.00663192,0.00095692,0.00000000,0.00000000,0.01820157,0.07293307,0.00000000,0.63760323,0.00000000,0.00000000,0.00000000,0.00000000,0.00000000,0.00000000,0.00000000,0.00000000,0.02247314,0.00334579,0.00000000,0.00000000,0.00000000,0.01043625,0.00759809,0.41207594,0.00000000,0.00000000,0.00000000,0.00000000,3.42243831,0.00000000,0.16616394,0.01916779,0.00000000,0.01702676,0.00000000,0.00000000,0.00000000,0.00000000,0.00000000,0.01017931,0.00106216,0.00000000,0.01125258,0.00591969,0.00000000,0.00000000,0.00000000,0.00000000,0.00000000,0.00000000,0.00000000,0.00000000,0.00000000,0.00000000,0.00332280,0.01368322,0.00298496,0.00000000,0.03578498,0.00000000,0.00000000,0.00000000,0.00000000,0.03027658,0.00185662,0.00601390,0.00000000,0.00000000,0.00000000,0.03667382,0.53634888,6.75595928,0.38026688,0.00000000,0.03803206,0.05610725,0.00000000,0.04071728,0.00409424,0.00000000,0.00000000,0.07293307,0.00000000,0.00302517,0.01143919,0.42727212,0.00000000,0.00736170,0.00000000,0.00356009,0.02078856,0.00000000,0.00000000,0.00000000,0.00000000,0.00000000,0.00807942,0.00000000,0.00000000,0.00000000,0.00000000,0.00000000,0.06782337,0.00000000,0.01497120,0.00076531,0.00000000,0.00000000,0.00000000,0.00000000,0.00000000,0.00000000,0.00000000,0.11666526,0.00826711,0.00000000,0.00000000,0.00000000,0.00928539,0.00000000,0.00000000,0.00000000,0.00000000,0.00000000,0.04880092,0.00759809,0.00000000,0.02035242,0.00000000,0.01159378,1.69851766,0.00000000,0.00000000,0.00000000,0.01160450,0.00000000,0.00000000,0.00000000,0.00000000,0.00687970,0.00000000,0.00000000,0.00000000,0.00000000,0.00000000,0.42802457,0.00000000
0.00000000,0.00000000,0.04521780,0.00000000,0.00000000,0.05337674,0.00000000,0.00000000,0.00000000,0.00000000,0.00000000,0.00919427,0.00000000,0.04595969,0.00000000,0.00000000,0.00000000,0.00000000,0.00000000,0.00000000,0.00000000,0.00000000,0.00000000,0.00000000,0.00000000,0.00000000,0.00000000,0.00000000,0.00000000,0.00000000,0.00000000,0.09399034,0.00353959,0.00000000,2.70098911,0.00366826,0.00000000,0.37454786,0.01320376,0.00000000,0.00198469,0.03359125,0.00000000,0.00000000,0.21872109,0.00000000,0.00000000,0.00000000,0.01614494,0.02353226,0.00000000,0.46391479,0.00000000,0.10408574,0.00000000,0.00000000,0.00000000,0.00000000,0.01342709,0.00000000,0.00000000,0.00000000,0.00000000,0.01635851,0.01105617,0.00000000,0.00000000,0.00000000,0.00000000,0.03370972,0.00000000,0.00000000,3.96895568,0.00369915,0.00000000,0.01191481,0.00000000,7.84770598,0.00000000,0.00000000,0.00000000,0.00000000,0.01877326,0.00000000,0.00472036,0.00000000,0.00000000,0.00000000,0.40569804,0.00000000,0.00991956,0.00000000,2.26174753,0.00000000,0.00000000,0.26292329,0.00000000,0.01808873,0.00000000,0.00000000,0.01151688,0.00000000,0.00000000,0.00000000,0.00000000,0.00713750,0.00000000,0.00000000,0.00245176,0.00000000,0.00000000,0.00000000,0.00000000,0.00000000,0.57936535,0.00000000,0.03871348,0.00863830,0.00000000,0.00000000,0.00000000,0.00000000,0.64419234,0.00000000,0.00000000,0.00000000,0.30853179,0.12379005,0.00000000,0.00000000,0.00000000,0.00000000,0.00234400,0.00000000,0.00120966,0.00000000,0.00963531,0.00000000,0.00000000,0.00000000,0.00000000,0.01206901,0.00598174,0.00000000,0.02821025,0.16148134,2.24643524,0.00000000,0.00390851,0.00000000
0.00000000,0.00000000,0.00116368,0.00000000,0.00000000,0.00000000,0.02794520,0.00000000,0.00000000,0.00000000,0.00000000,3.04290265,0.00000000,0.00481044,0.00000000,0.00000000,0.02864894,0.00000000,0.00000000,0.00000000,0.00000000,2.00561920,0.00000000,0.00000000,0.00000000,0.00000000,0.00000000,0.00000000,0.00000000,0.00206379,0.00000000,0.00000000,0.00000000,0.00000000,0.00000000,0.00000000,0.00000000,0.00000000,0.00000000,0.00000000,0.00000000,0.02431833,0.00000000,0.00000000,0.00059068,0.00000000,0.00000000,0.00000000,0.00000000,0.00000000,0.00000000,0.00000000,0.00000000,0.00000000,0.00000000,0.00000000,0.00000000,0.00000000,0.00000000,0.00000000,0.00000000,0.00000000,0.00000000,2.17467374,0.00000000,0.00000000,0.00000000,0.09167037,0.23595859,0.00000000,0.00000000,0.00000000,0.00000000,0.00000000,0.00000000,0.68494220,0.04381751,0.00000000,0.00000000,0.00000000,0.00427053,0.00219614,0.21136734,2.75249818,0.11195355,0.00000000,0.00336440,0.00000000,0.00000000,0.02656646,0.00816660,0.00515474,0.00000000,0.17663389,0.00000000,0.00000000,0.00000000,0.01019331,0.00688490,6.32382032,0.00000000,0.00000000,0.00000000,0.07440175,0.00000000,0.00000000,0.00000000,0.00000000,0.00000000,0.01458282,0.00000000,0.00000000,0.14298093,0.00000000,0.00000000,0.03331875,0.00000000,0.00000000,0.00000000,0.00000000,0.00000000,0.00000000,0.00000000,0.00000000,0.00000000,0.00000000,0.00000000,0.00000000,0.00000000,0.00000000,0.00580828,0.00000000,0.00000000,0.00000000,0.00000000,0.00000000,0.00000000,0.00000000,0.05870011,0.00000000,0.00000000,0.02004050,0.02112462,0.00346824,0.00000000,0.00000000,0.00000000,0.00000000,0.00000000,0.01040153
0.00000000,0.68494220,0.00000000,0.00000000,0.01245932,0.00000000,0.00000000,0.00976198,0.00000000,0.00000000,0.00000000,0.00000000,0.00000000,0.00000000,0.00000000,0.00000000,0.00000000,0.00000000,0.00000000,0.00000000,0.00000000,0.00000000,0.00000000,0.07930172,0.00000000,0.00000000,0.00000000,0.00000000,0.01564122,0.00000000,0.00000000,0.00000000,0.00000000,0.02049519,0.00000000,0.00000000,0.03771664,0.00000000,0.00000000,0.00000000,0.00000000,0.00000000,0.00000000,0.00000000,0.00000000,0.00000000,0.00000000,0.00000000,0.00000000,0.00000000,0.00000000,0.00000000,0.00000000,0.00000000,0.01166206,0.00000000,0.01010966,0.00000000,0.00000000,0.00000000,0.00000000,0.00517728,0.00000000,0.00000000,0.00000000,0.00000000,0.00000000,0.00000000,0.00000000,0.00000000,0.00000000,0.00000000,0.00000000,0.00000000,7.67135834,0.00000000,0.00000000,0.00000000,0.00000000,0.00238981,0.10691300,4.23560478,0.00000000,0.00000000,0.00000000,0.00000000,0.00000000,0.00000000,0.00000000,0.00000000,0.00000000,0.00000000,0.00000000,0.00000000,0.00000000,0.00000000,0.00000000,0.00000000,0.00000000,0.00000000,0.05817303,0.00000000,0.03560773,0.00000000,0.00000000,0.00000000,0.00141916,0.00000000,0.00000000,0.00223700,0.00000000,0.00000000,0.00131897,0.04007421,0.00000000,0.00000000,0.00000000,0.00000000,0.00000000,0.04458615,0.04194195,0.00000000,0.00000000,0.00000000,0.30853179,0.00000000,0.00000000,0.00000000,0.00000000,0.08976352,0.00727591,0.07977868,0.00000000,0.00000000,1.22103461,0.01348171,0.02827437,0.00000000,0.02093398,0.00000000,0.00000000,0.00514080,0.00000000,0.00274348,0.05370872,0.00000000,0.00000000,0.00000000,0.05884576,0.11521264
0.00000000,0.00000000,0.00000000,0.16622899,0.00000000,0.02066962,0.00591769,0.01168754,0.00000000,0.00000000,0.00000000,0.00000000,0.00144811,0.02287586,0.00000000,0.00000000,0.00000000,0.00629811,0.00000000,0.00000000,0.00000000,0.00000000,0.00000000,0.01057010,0.00000000,0.00000000,0.15047532,0.00000000,0.00000000,0.01717234,0.00000000,0.00267879,0.00000000,0.12812409,0.00000000,3.48710262,0.04758678,0.00000000,0.00000000,0.08954475,2.28158173,0.07085260,0.00000000,0.00000000,0.00000000,0.00000000,0.00000000,0.00000000,0.02899217,0.00000000,0.01966149,0.00371529,0.00000000,0.00000000,0.19180371,0.03120063,0.24020101,0.00000000,0.00000000,0.00000000,0.00000000,0.00000000,0.00000000,0.00000000,0.41603318,0.00000000,0.00000000,0.00000000,0.00000000,0.00000000,0.00000000,0.00000000,0.00000000,0.00000000,0.00784470,0.00176927,0.00000000,0.00000000,1.03213616,0.00000000,0.00000000,0.48180904,0.00000000,0.00000000,0.44462735,0.47372796,0.00000000,0.00000000,0.00000000,0.00000000,0.00392730,0.00148276,0.00000000,0.00000000,0.00000000,0.18802279,0.00000000,0.00000000,0.00000000,0.00000000,0.00000000,0.00000000,0.00000000,0.00840523,0.00000000,2.86412806,0.01672941,0.00000000,0.00588732,0.00000000,0.03124952,0.00000000,0.14649897,0.00000000,0.00000000,0.00000000,0.00000000,0.00000000,0.11493686,0.00000000,0.01129347,0.00000000,0.02582103,0.04880092,0.12379005,0.00000000,0.00000000,0.00000000,0.00000000,0.00000000,0.01011944,0.00696154,0.00974391,0.00000000,1.07566838,0.00000000,0.00000000,0.00000000,0.00714144,0.00000000,0.00000000,0.00000000,0.00226046,0.00000000,0.05484307,0.00000000,0.00000000,0.00000000,0.00000000,0.00000000
2.90308772,0.00000000,0.00000000,0.00000000,0.00890664,0.00000000,0.00000000,0.00000000,0.00000000,0.00000000,0.00000000,0.00000000,0.01665359,0.00000000,0.00000000,0.00000000,0.18989844,0.00000000,0.00000000,0.04922853,0.00000000,0.00000000,0.00692838,0.00000000,5.50336385,0.00000000,0.00000000,0.00000000,0.00216197,0.00000000,0.00000000,0.00000000,0.04591289,0.00000000,0.00868314,0.00000000,0.00000000,0.06077233,0.00000000,3.62429201,0.02371548,0.03478726,0.07571902,0.08120732,0.00000000,0.00000000,0.02323018,0.01063172,0.00000000,0.00000000,0.00000000,0.05199014,0.00000000,0.00000000,0.00000000,0.00000000,0.00812936,0.00000000,0.00000000,0.06574517,0.02161670,0.00000000,0.00386882,0.07603138,0.00202336,0.00000000,0.00176438,0.00000000,0.61819349,0.00000000,0.00000000,0.00000000,0.24779506,0.09392302,0.00000000,0.00000000,0.00000000,0.06026185,0.00000000,0.00000000,0.00000000,0.00000000,0.05197110,0.00000000,0.00518481,0.00000000,0.00000000,0.00000000,0.00371231,0.00000000,0.00000000,0.06493677,0.00000000,0.00000000,0.01109773,0.00000000,0.14902632,0.00000000,0.05703607,0.00000000,0.10325257,0.01137156,0.00389087,0.00613234,0.00000000,0.00000000,0.00000000,0.00000000,0.00000000,0.16803309,0.00000000,4.85928514,0.00000000,0.02477468,0.03438201,0.25993200,0.00000000,0.16321752,0.00000000,0.00000000,0.00000000,0.00000000,0.00000000,0.00759809,0.00000000,0.00000000,0.00000000,0.00000000,0.00000000,0.00000000,0.00000000,0.06159970,0.00000000,0.00000000,0.00000000,0.03062980,0.00588915,0.00000000,0.00000000,0.00622807,0.00000000,0.00000000,0.00000000,0.00724483,0.00000000,0.00000000,0.00000000,0.13609370,0.00000000,0.15047532
0.00000000,0.00451565,0.00000000,0.00000000,0.04912380,0.00000000,0.00000000,0.00000000,0.00000000,0.00000000,0.00000000,0.00406894,0.00000000,0.00222188,0.00000000,0.00000000,0.00000000,0.00000000,0.00000000,0.00969855,0.00000000,0.00000000,0.00000000,0.00718885,0.00000000,0.00000000,0.00000000,0.00223272,0.00000000,0.00000000,0.01331614,0.00000000,0.00000000,0.02886923,0.00120466,0.00000000,0.00435662,0.01203039,0.00000000,0.05469068,0.00000000,0.00000000,0.00000000,0.00000000,0.00000000,0.00000000,0.24530756,0.00897954,0.00000000,0.00000000,0.00000000,0.01139727,0.00000000,0.07240319,0.00000000,0.00000000,0.00000000,0.00000000,0.00000000,0.00000000,0.00000000,0.00637744,0.00000000,0.00000000,0.00000000,0.00000000,0.00000000,0.00000000,0.00000000,0.00000000,0.02319168,0.00000000,0.18165892,0.00000000,0.00000000,0.00000000,0.00000000,0.01816013,0.00190702,0.00000000,0.00000000,0.00000000,0.00000000,0.00000000,0.00000000,0.56403245,0.01930575,0.00000000,0.00000000,0.00000000,0.00655198,0.00000000,0.00229614,0.00000000,0.00000000,0.00700301,0.00000000,3.83611614,0.00218894,0.00000000,0.00000000,0.00000000,0.00000000,0.00000000,0.00000000,0.00000000,0.04922853,0.00000000,0.00000000,1.27964978,0.00000000,0.00000000,0.00429719,0.00000000,0.00000000,3.68123602,0.00000000,0.23922690,0.00000000,0.00000000,0.00000000,0.00000000,0.50344278,0.00000000,0.00000000,0.00000000,0.08976352,0.00000000,0.00000000,0.00000000,0.00000000,0.00000000,0.00000000,0.00000000,0.00000000,0.41207594,0.00000000,0.00000000,0.00000000,0.00000000,0.04788679,0.00178122,0.00000000,0.01375932,0.00000000,0.01001155,0.00000000,0.00000000,0.00000000,0.00141907
0.00000000,2.34084152,0.03865459,0.00122113,0.00000000,0.00000000,0.00000000,0.00000000,0.00000000,0.00000000,0.00000000,0.00000000,0.00000000,0.00000000,0.00000000,0.00000000,0.00000000,0.00360627,0.02124996,0.00183782,0.00000000,0.00000000,0.00000000,0.00000000,0.00000000,0.00120966,0.00000000,0.02441705,0.00611176,0.00000000,0.00000000,0.00000000,0.00000000,0.01495450,0.06687012,0.00000000,0.00000000,0.16272172,0.01176376,0.00000000,0.00000000,0.00000000,0.00000000,0.00000000,0.00000000,0.00890258,0.01044318,0.00000000,0.00562238,0.00000000,0.01217846,0.00000000,0.00000000,0.00000000,0.00000000,0.00000000,0.00000000,0.00000000,0.00000000,0.10541349,0.00424607,0.00000000,0.00000000,0.00000000,0.00000000,0.00000000,0.00000000,0.00000000,0.00357380,0.00000000,0.00000000,0.00000000,0.00000000,0.00000000,0.00000000,0.00000000,0.00000000,0.00000000,0.00000000,0.00000000,0.00511060,0.00630732,0.00000000,0.00375274,0.07330053,0.00000000,0.00000000,0.00000000,0.00000000,0.00000000,0.00000000,0.03443942,0.00000000,2.58089778,0.00000000,0.00000000,0.12929441,0.00000000,0.00000000,0.00571055,0.00000000,0.07456000,0.00000000,0.00000000,0.05933448,0.00000000,0.00000000,0.00101299,0.00334579,5.00765401,0.00000000,0.00000000,0.02920236,0.00692838,0.00000000,0.00000000,0.06196829,0.00859212,0.00000000,0.00000000,0.00000000,0.00000000,0.04058281,0.02035242,0.00000000,0.00580828,0.00727591,0.01011944,0.00000000,0.00000000,0.00000000,0.12144107,0.00000000,0.00000000,0.00000000,0.00000000,0.00000000,0.00000000,0.00000000,0.00000000,0.00000000,0.00546446,0.00000000,0.00000000,0.00581928,0.00000000,0.00000000,0.00000000,0.00000000,0.00000000
0.00000000,0.00000000,0.00000000,0.07150157,0.00000000,0.00000000,0.00386670,0.00000000,0.00000000,0.00099598,2.81814302,0.00000000,0.00000000,0.00000000,0.00000000,0.00000000,0.05817303,0.00000000,0.00000000,0.00000000,0.00000000,0.03703400,3.08684724,0.00000000,0.00456749,0.00000000,0.00000000,0.00000000,0.00000000,0.84228356,0.00804078,0.00860653,0.14541442,0.00000000,0.06486928,0.00000000,0.00000000,0.03535160,0.00000000,0.00000000,0.01529428,0.05875768,0.00000000,0.00000000,0.00000000,0.00436561,0.00000000,0.00000000,0.00000000,0.14108909,0.03536348,0.00000000,0.00238156,0.00000000,0.00000000,0.00000000,0.03010283,0.00000000,0.00000000,0.00000000,0.00000000,1.89632867,0.00000000,0.01446372,0.00000000,0.00000000,0.00000000,0.00000000,0.00000000,0.00000000,0.00000000,0.00436778,5.85773086,0.00000000,0.04781961,0.00000000,0.11679567,0.00165430,0.00000000,0.00173468,0.00000000,0.07535995,0.00000000,0.00000000,0.00000000,0.00000000,0.00394194,0.24303171,0.82312079,0.00000000,0.00000000,0.07635898,0.00000000,0.00000000,0.00000000,0.00000000,0.00000000,0.00619130,0.00000000,0.18989844,0.00000000,0.00333308,0.00000000,0.00000000,0.01971688,0.06665056,0.00559494,0.00000000,0.00000000,0.00000000,0.00870354,0.00109111,0.00000000,0.00000000,0.00000000,0.04744283,0.00000000,0.00000000,0.00000000,0.00000000,0.00000000,0.00000000,0.00000000,0.00000000,0.00000000,0.00000000,0.07977868,0.00696154,0.06159970,0.00000000,0.12144107,0.00000000,0.00000000,0.00000000,0.00000000,0.00000000,0.00000000,2.60940739,0.00000000,0.00000000,0.00512088,4.12064379,0.00000000,0.00000000,0.00000000,0.00000000,0.00000000,0.00363471,0.00000000,0.00000000
4.02112515,0.00000000,0.00000000,1.08279621,0.00000000,0.00000000,0.00000000,0.00000000,0.00115323,0.00000000,0.00000000,0.00000000,0.00000000,0.00000000,0.00000000,0.00000000,0.00000000,0.00000000,0.02455033,0.00000000,0.00000000,0.00000000,0.04007421,0.00000000,0.00000000,0.00000000,0.00000000,0.00000000,0.00000000,0.00000000,0.00000000,0.00000000,0.00000000,0.00000000,0.00000000,0.00000000,0.01830649,0.00000000,0.00000000,0.00000000,0.00000000,0.06286562,0.00000000,0.00000000,0.00000000,0.00000000,0.00000000,0.00000000,0.00000000,0.10011199,0.00000000,0.01107307,0.01204573,0.00000000,0.00000000,0.00000000,0.00000000,0.00000000,0.01186254,0.00000000,2.81463693,0.00000000,0.00000000,0.00000000,0.01616501,0.02607629,0.00000000,0.00000000,0.00000000,0.06127587,0.01386061,0.00000000,0.00000000,0.00000000,0.00837818,0.00000000,0.01065124,0.00000000,0.00000000,0.00000000,0.03347591,0.00000000,0.00000000,0.00000000,0.19384314,0.00000000,0.00000000,0.00000000,0.11051906,0.00000000,0.00000000,0.02136598,0.00000000,0.00000000,0.00000000,0.00000000,0.00000000,0.00000000,0.00000000,0.00000000,0.00000000,0.03594386,0.00000000,0.00000000,0.00000000,0.03425161,0.00000000,0.01425308,0.00000000,0.00000000,0.00000000,0.00000000,0.00531503,0.00000000,0.00962689,0.00000000,0.00000000,0.00000000,0.00000000,0.00000000,0.00000000,0.00456749,0.00000000,0.01159378,0.00234400,0.00000000,0.00000000,0.00974391,0.00000000,0.00000000,0.00000000,0.00000000,0.00000000,0.04213970,0.00000000,0.00000000,0.00000000,0.00000000,0.00000000,0.00955704,0.28478463,0.00000000,0.00000000,0.00223272,0.00000000,0.81013494,0.33407154,0.00000000,0.00556082,0.00000000
0.00000000,0.00000000,0.00000000,0.00000000,0.00630881,0.00000000,0.00722575,0.00000000,0.00641300,0.01143919,0.00000000,0.00000000,0.00000000,0.00000000,0.00000000,0.01056787,0.00000000,0.00333308,0.04216342,0.00000000,0.00151287,0.00000000,0.18960836,2.54111315,0.00000000,0.00000000,0.00000000,0.00000000,0.00000000,0.00000000,0.00000000,0.00000000,0.00000000,0.00000000,0.00000000,0.01018517,0.00000000,0.00000000,0.01122909,0.24007341,0.00000000,0.00000000,0.00000000,0.00104150,0.00000000,0.00000000,0.00000000,0.00117514,0.00000000,0.10003955,0.00000000,0.00000000,0.00000000,0.00000000,0.00000000,0.00000000,0.00419398,0.00000000,0.00000000,0.00000000,0.01049044,0.01471486,0.00000000,0.04935317,0.06256636,0.13599650,0.07200427,0.01275547,0.00000000,0.10674113,0.00000000,0.00000000,0.00000000,0.00367362,3.14342177,0.00000000,0.00000000,0.00000000,0.00000000,0.16180240,0.00000000,0.00000000,0.00000000,0.00000000,4.90669664,0.00000000,0.00000000,0.00078783,0.01624670,0.00444762,0.00000000,0.00000000,0.02088185,0.00000000,0.00000000,0.00000000,0.00000000,0.16618579,0.00000000,0.00000000,0.00423661,0.00000000,0.02001242,0.00000000,0.00000000,0.04216342,0.00000000,0.01574033,0.00000000,0.00000000,0.00503912,0.00000000,0.00000000,0.00000000,0.00000000,1.25117537,0.07930172,0.01716561,0.00000000,0.00152635,0.00000000,0.00000000,0.00125887,1.69851766,0.00000000,0.00000000,0.00000000,0.00000000,0.00000000,0.00000000,0.00000000,0.00000000,0.04213970,0.00000000,0.00000000,0.00000000,0.00000000,0.00000000,0.00000000,0.00000000,0.00000000,0.01521626,0.00000000,0.00000000,0.02796212,0.00183488,0.00000000,0.00000000,0.00000000,0.00176196
0.00000000,3.14342177,0.00000000,0.00000000,0.00000000,0.48180904,0.00000000,0.00000000,0.00000000,0.00000000,0.02920430,0.00068031,0.00000000,0.00000000,0.00000000,0.00000000,6.32382032,0.00000000,0.25788016,0.00213941,0.00000000,0.00000000,0.00000000,0.00000000,0.00000000,0.00000000,0.00000000,0.00000000,0.00000000,0.00000000,0.00000000,0.00000000,0.00078670,0.00000000,0.00096216,0.07260934,0.00000000,0.00000000,0.00000000,0.00000000,0.04461664,0.00000000,0.00000000,4.56141889,0.00000000,0.00000000,0.00000000,0.00000000,0.00356501,0.00000000,0.00000000,0.00000000,0.00000000,7.27504113,0.00000000,0.00000000,0.00000000,0.00000000,0.00000000,0.00000000,0.00000000,0.00000000,0.00000000,0.00000000,0.00000000,0.00000000,0.00000000,0.00000000,0.00000000,4.75972904,0.00000000,0.02364018,0.00000000,0.00197586,0.00000000,0.00000000,0.01315945,0.00000000,0.00000000,0.00000000,0.00000000,0.00000000,0.01761840,0.00000000,0.49422675,0.00000000,0.00000000,0.00000000,0.00000000,0.02932311,0.00000000,0.00000000,0.00000000,0.00000000,0.52704580,0.01957855,0.00000000,0.00504190,0.00000000,0.00000000,0.00000000,0.00000000,0.00000000,0.00000000,0.00000000,0.00000000,0.00516437,0.00881392,0.00000000,0.23955873,0.00000000,0.00000000,0.00073418,3.87001985,0.00000000,0.00000000,0.01040527,0.00000000,0.00000000,0.00223236,0.02357104,0.00000000,0.00000000,0.00000000,0.00120966,0.00000000,1.22103461,1.07566838,0.00000000,0.00000000,0.00000000,0.00000000,0.00000000,0.00000000,0.00000000,0.02441705,0.02775534,0.00000000,0.00000000,0.00000000,0.00000000,0.00000000,0.00000000,0.10047412,0.00000000,0.00000000,0.00000000,4.68473870,0.00000000,1.42787276
0.00000000,0.00000000,0.03803206,0.00000000,0.00000000,0.00000000,0.00000000,0.00000000,0.00000000,0.01487462,0.00000000,0.00736170,0.00000000,0.02823526,0.00000000,0.00000000,0.00427711,0.00000000,0.00000000,0.00000000,0.00000000,0.00000000,0.00000000,0.00000000,0.00000000,0.00000000,0.00000000,0.00000000,0.00000000,0.00000000,0.00000000,0.00000000,0.00000000,0.00000000,0.09172440,0.00782366,0.03208235,0.00000000,0.00256320,0.00000000,0.00000000,0.00270939,2.81297541,0.00234372,0.23012234,0.00000000,0.00000000,0.00000000,0.00000000,0.00000000,0.00000000,0.00259060,0.00000000,0.00000000,0.00000000,0.00000000,0.00000000,0.00000000,0.00000000,0.00000000,0.00000000,0.00000000,0.00000000,0.05699886,0.00000000,0.00000000,0.00238927,0.02482653,0.00000000,0.00000000,0.01051729,0.00000000,0.00000000,0.05436251,0.00000000,0.00000000,0.00000000,0.00000000,0.00000000,0.00095692,0.00000000,0.01458786,0.00722575,0.00000000,0.00292869,0.00000000,0.00000000,0.00000000,0.00000000,0.00000000,0.00000000,0.00000000,0.00000000,0.00000000,0.00000000,0.32936630,0.00117370,0.00000000,0.00000000,0.00000000,0.00000000,0.00000000,0.00000000,0.02589946,0.00272341,0.00000000,0.00000000,0.00000000,0.00000000,1.24645479,0.00000000,0.00000000,0.00000000,0.00631256,0.00000000,0.18960836,0.00464961,0.00000000,0.00000000,0.00000000,0.00000000,0.00629954,0.04831521,0.00000000,0.00000000,0.00000000,0.01348171,0.00000000,0.03062980,0.41207594,0.00000000,0.00000000,0.00000000,0.00000000,0.02441705,0.00000000,0.00000000,0.15140705,0.00000000,0.00000000,0.01580567,0.00000000,0.02529529,0.00000000,0.00000000,0.00000000,0.17294134,0.07899753,0.00000000,0.21620198
5.85773086,0.00000000,0.00285640,0.47217586,0.00511060,0.10626526,0.01038960,0.00000000,0.00000000,0.00000000,0.00000000,0.00000000,0.00000000,0.00000000,0.00000000,0.00000000,0.00000000,0.00000000,0.00000000,2.93183478,0.01616307,0.00000000,0.00000000,0.00000000,0.00000000,0.00000000,0.00000000,0.00000000,0.00000000,0.00000000,0.00000000,0.00150258,0.06068014,0.00000000,0.00000000,0.00000000,0.00000000,0.38418106,0.00000000,0.00000000,0.00000000,0.00000000,0.00561306,0.00000000,0.00000000,0.00000000,0.00000000,0.00000000,0.03093791,0.02419447,0.00000000,1.69462019,0.00000000,0.00121739,0.00000000,0.00000000,0.00000000,0.00000000,0.00000000,0.00000000,4.26832579,0.00000000,0.00000000,0.00000000,0.00000000,0.00000000,0.00000000,0.00000000,0.00000000,0.00000000,0.14569084,0.00925701,0.00000000,0.00000000,0.00000000,0.01222961,0.00000000,0.00000000,0.00000000,0.00516497,0.00000000,0.98448065,0.00339520,0.00000000,0.00135258,0.00000000,0.00000000,0.00000000,0.00909961,0.00000000,0.00000000,0.00000000,0.05469753,0.00000000,0.33539912,0.00900358,4.22293838,0.09822936,0.00000000,1.73573120,0.00000000,0.00694918,0.00000000,0.00000000,0.00000000,0.00000000,0.00000000,0.00314792,0.00000000,0.05805954,0.00000000,2.74878764,1.03319261,0.00239761,0.00000000,0.10374698,0.00000000,1.04949814,0.00000000,0.00000000,0.00000000,0.88532262,0.02498904,0.00000000,0.00963531,0.00000000,0.02827437,0.00000000,0.00588915,0.00000000,0.00000000,0.00000000,0.00000000,0.00000000,0.02775534,0.00000000,0.00000000,0.00000000,0.07026326,0.00000000,0.00000000,0.00000000,0.00000000,0.00324673,0.00365754,0.00000000,0.00000000,0.00000000,0.00000000,0.01016095
0.00000000,0.00000000,0.00000000,0.00000000,0.00000000,0.00326428,0.00000000,0.06244591,0.02312060,0.00000000,0.00000000,0.00000000,0.00000000,0.00000000,0.47506155,0.00000000,0.13313963,0.00000000,0.00000000,0.00000000,0.00000000,0.00000000,0.00000000,0.01040527,0.04194195,0.00000000,0.00000000,0.00000000,0.00000000,0.00000000,0.00000000,0.00000000,0.00000000,0.00000000,0.13131408,0.00000000,0.00000000,0.00000000,0.00000000,0.00000000,0.74077690,0.00000000,0.00000000,0.05409072,0.00000000,0.00000000,0.00000000,0.02168573,0.00000000,0.11929550,0.00000000,0.00000000,0.00000000,0.00000000,0.00000000,0.00000000,0.00000000,0.00820790,0.00453263,0.00000000,0.00000000,0.02309539,0.00000000,0.00000000,0.00000000,0.00000000,0.00000000,0.06017270,0.00000000,0.00000000,0.00000000,0.00000000,0.00000000,0.00000000,0.00000000,0.00000000,0.00000000,0.00000000,0.00000000,0.00000000,0.40991578,0.00621184,0.00326428,0.23092820,0.00000000,0.30416521,5.76350927,0.12523291,1.03669848,0.00357251,0.00000000,0.00000000,0.00091632,4.42163229,0.00000000,0.00000000,0.00000000,0.00000000,0.00000000,0.00000000,0.00629811,0.00000000,0.00000000,0.00000000,0.00000000,0.00000000,0.00000000,0.00000000,0.00000000,0.00000000,0.00000000,0.00618684,0.00322963,0.02408849,0.00000000,0.00000000,0.00000000,0.00000000,3.38490969,0.00000000,0.00000000,0.00000000,0.00000000,0.01160450,0.00000000,0.00000000,0.00000000,0.00000000,0.00000000,0.00000000,0.00000000,2.60940739,0.00000000,0.00000000,0.00000000,0.15140705,0.00000000,0.00000000,0.01487498,0.00000000,0.00000000,0.00611176,0.00000000,0.00000000,0.02350718,0.00000000,0.00000000,0.07433284,0.00000000,0.00000000
0.18165892,0.00000000,0.00000000,0.00000000,0.00000000,0.00000000,0.00000000,0.00000000,0.00000000,0.00000000,0.00000000,0.00000000,0.00000000,0.00000000,0.01328586,0.00000000,0.00000000,0.00389087,0.01971688,0.00000000,0.12875995,0.00685109,0.00000000,0.00000000,0.00000000,0.00000000,0.00000000,0.00000000,0.44667544,0.00000000,0.00000000,0.02418696,0.00000000,0.00000000,0.00000000,0.00000000,0.00000000,0.00000000,0.00000000,0.00000000,0.00516476,0.00000000,0.00000000,0.00000000,0.82798383,0.00000000,0.00000000,0.00000000,0.00000000,0.00926879,0.00000000,0.00000000,0.00350657,0.00559625,0.00000000,0.00000000,0.00000000,0.00000000,0.00255373,0.00800784,0.00000000,0.00000000,0.00000000,0.00872169,0.00000000,0.00000000,0.00000000,0.00000000,0.00000000,0.00000000,0.00796636,0.00000000,0.46763072,0.09451685,0.08699389,0.00000000,0.00000000,3.18795612,0.00382918,0.00932492,0.00000000,0.00853692,0.01678179,0.00350537,0.03118789,0.00000000,0.28816041,0.00000000,0.01819371,0.00000000,2.85396352,0.01665359,0.00680524,1.72340869,0.00000000,0.00000000,0.00000000,0.00000000,0.00000000,0.02864894,0.00000000,0.08880526,0.00000000,0.20057021,0.00782727,0.00000000,0.00000000,0.00000000,0.00000000,0.05683320,0.04789674,0.02057601,0.00685109,0.00367453,0.00000000,0.20377907,0.00000000,0.00000000,0.05080615,5.50336385,0.00632738,0.08872227,0.00393582,0.00000000,0.00000000,0.05870011,0.02093398,0.00714144,0.00000000,0.00000000,0.00000000,0.00000000,0.00000000,0.00000000,0.00000000,0.00000000,0.07026326,0.01487498,0.00000000,0.01060265,0.37870927,0.03442420,0.04145884,0.00000000,0.00000000,0.00000000,0.00491865,0.01564122,0.10811100,0.00000000
0.00000000,0.00000000,0.00000000,0.00000000,0.00000000,0.00000000,0.00000000,0.00000000,0.00000000,0.00000000,0.08048458,0.00000000,0.97909472,0.17663389,0.02076352,0.09822936,0.00000000,0.00000000,0.01010667,0.00000000,0.01458282,0.00429719,0.00000000,0.00000000,0.00815465,0.00000000,0.00000000,0.00000000,0.00000000,0.13144424,0.01778180,0.00000000,0.00980382,0.00000000,0.00000000,0.03394031,0.00000000,0.00000000,0.00824046,0.00000000,0.00000000,5.52972356,0.04875805,0.00000000,0.00000000,0.00000000,0.00000000,0.00000000,0.00000000,0.00000000,0.00758207,0.00000000,0.00869096,0.00000000,0.00000000,0.00000000,0.03113798,0.00000000,0.00750639,0.00000000,0.00200630,0.00000000,0.00000000,0.00000000,0.00000000,0.08779670,0.01973269,0.00087375,0.00000000,0.02843527,0.00000000,0.00000000,0.00000000,0.00000000,0.00000000,0.04361479,0.00000000,0.18094598,0.07150157,0.01079267,0.00000000,0.00000000,0.00000000,0.00000000,0.00000000,0.00000000,0.00000000,0.00000000,0.00000000,0.00000000,0.00309980,0.00000000,0.00000000,0.05495337,0.00000000,0.05572710,0.00387312,0.00000000,0.99259691,4.19820018,0.01583554,0.11100229,0.00000000,0.00000000,0.00000000,0.00000000,0.00000000,0.00000000,0.00000000,0.00000000,0.01616307,0.00614540,0.12289856,0.00000000,3.08684724,0.00565465,0.00000000,0.00000000,1.07457223,0.06108267,0.08823164,0.00000000,0.00000000,0.00000000,0.00000000,0.00000000,0.00000000,0.00000000,0.00622807,0.00000000,0.00000000,0.00000000,0.00955704,0.00000000,0.00000000,0.00000000,0.00000000,0.00000000,0.01060265,0.00000000,0.00000000,0.00000000,0.00075401,0.00000000,0.00000000,0.44667544,0.02276429,0.00000000,0.02984279,0.00000000
0.02328689,0.00000000,0.00000000,0.00000000,0.00000000,0.00000000,0.00000000,0.00000000,0.00000000,0.00000000,0.00000000,1.23931748,0.00000000,0.00000000,0.00000000,0.00526590,0.00000000,0.00000000,0.00000000,0.00000000,0.00614540,0.00000000,0.03838451,0.00000000,0.00000000,0.00000000,0.00000000,0.00000000,0.00000000,0.00000000,0.00170257,0.00000000,0.00000000,0.01998683,0.00000000,0.00000000,0.00000000,0.00000000,0.00000000,0.00000000,0.00000000,0.00000000,0.00000000,0.00000000,0.00000000,0.00000000,0.03654603,0.00617177,0.02937853,0.00000000,0.00346542,0.00146402,0.00149823,0.00000000,0.00000000,0.02774496,0.00000000,0.00000000,0.00000000,0.00000000,0.00540904,0.00000000,0.00000000,0.00000000,0.00000000,0.00072851,0.00000000,0.00343138,0.06545887,0.00000000,0.00000000,0.00000000,2.14497666,0.00000000,0.00000000,0.00000000,0.00000000,0.00000000,0.00000000,0.01245932,0.00000000,0.00000000,0.00000000,0.00000000,0.02008429,0.00000000,0.04495821,0.00000000,0.00000000,0.00719109,0.00143544,0.00000000,0.00000000,0.00000000,0.00000000,0.00000000,0.00000000,0.00000000,0.00000000,4.18092692,0.00000000,0.00000000,0.00223971,0.00354815,0.00000000,0.06916846,0.33614622,0.02947745,0.00000000,0.00000000,0.00000000,0.13086299,0.00000000,0.01551769,0.91609548,0.00000000,0.00000000,0.00401109,0.00367713,0.01043625,0.00269880,0.00000000,0.00000000,0.00000000,0.00000000,0.00000000,0.00000000,0.00000000,0.00000000,0.04788679,0.00000000,0.00512088,0.28478463,0.00000000,0.00000000,0.01580567,0.00000000,0.00000000,0.37870927,0.00000000,0.00000000,0.00350106,0.00361743,0.00000000,0.00216197,0.00000000,0.00000000,0.00000000,0.00000000,0.00000000
0.13225417,0.00000000,0.00000000,7.34494930,0.00000000,0.00000000,0.00000000,0.00000000,0.00000000,0.00000000,0.00000000,0.00000000,0.00000000,0.00000000,0.00000000,0.00000000,0.12583713,0.02817903,0.00463399,0.00881392,0.21322921,0.02408849,0.00000000,0.00000000,0.00000000,0.00598174,0.00000000,0.02796212,0.00000000,0.00000000,0.00000000,0.00000000,0.00000000,0.00000000,0.00000000,0.00000000,0.00000000,0.00000000,0.14577581,0.00000000,0.00000000,0.00000000,0.00000000,0.00000000,0.00000000,0.00000000,0.00000000,0.01472610,0.05081214,0.01500841,0.01411079,0.00000000,0.00000000,3.44710150,0.00000000,0.00000000,0.00000000,0.00000000,0.00000000,0.00000000,0.00470239,0.00542826,0.00000000,0.00266758,1.20101768,0.00000000,0.00000000,0.03832849,0.00000000,0.00000000,0.00692043,0.01234392,0.00000000,0.00000000,0.00000000,0.00000000,0.00000000,0.00000000,0.02304490,0.08759251,0.21823738,0.00000000,0.00000000,0.05299897,0.00340843,0.00470600,0.00111147,0.00000000,0.00000000,0.00000000,1.05414839,0.00868775,0.11659427,0.04595969,0.00000000,0.00788728,0.00327053,0.00309841,0.00000000,0.00000000,0.00000000,0.20176963,0.00000000,0.00000000,0.00000000,0.00000000,0.00000000,0.00000000,0.00000000,0.01624961,0.00000000,0.00000000,0.00000000,0.00000000,0.00000000,0.01879157,0.17709088,0.05832837,0.00000000,0.00000000,0.04634286,0.00000000,0.00000000,0.00000000,0.01206901,0.02004050,0.00514080,0.00000000,0.00000000,0.00178122,0.00546446,4.12064379,0.00000000,0.01521626,0.00000000,0.00000000,0.00000000,0.00611176,0.03442420,0.00000000,0.00350106,0.00000000,0.20020962,0.00397482,0.11400631,0.16745367,0.00000000,0.00000000,0.00000000,0.00000000
0.00000000,0.00000000,0.01065124,0.00000000,0.00000000,0.00000000,0.00000000,0.00000000,0.00000000,0.00000000,0.00000000,0.00000000,0.00000000,0.00000000,3.12954316,0.00000000,1.46649349,0.00000000,0.00000000,1.92517411,0.00000000,0.00000000,0.00000000,0.00000000,0.00000000,0.04880092,0.00000000,0.00000000,0.00075401,0.00000000,0.00245556,0.03758303,0.00000000,0.00000000,0.08132751,0.18858102,0.00000000,0.08553694,0.00000000,0.00000000,0.11492481,0.00000000,0.00000000,0.00000000,0.00000000,0.00000000,0.00000000,0.00000000,0.76712615,0.00000000,0.14117801,0.00595512,0.00000000,0.00000000,0.00000000,0.00000000,0.00853357,0.00000000,0.00000000,0.06274113,0.00000000,0.03783712,0.00000000,0.02379060,0.00186220,0.00000000,0.00000000,0.00000000,0.00000000,0.00000000,0.00000000,0.00709285,0.00000000,0.00000000,0.00553211,0.00000000,0.00000000,0.00000000,0.00000000,0.00000000,0.42179214,0.00000000,0.13589878,0.00000000,0.01168754,0.00000000,0.00000000,0.00099598,0.01851735,0.00000000,0.00000000,0.00000000,0.00000000,0.00000000,0.00000000,0.00000000,0.00000000,0.07941763,0.01397719,0.00000000,0.06623185,0.00000000,0.00000000,0.00000000,0.00000000,0.00000000,0.00000000,0.00000000,0.00000000,0.07642740,0.00000000,0.07318817,0.00000000,0.00000000,0.00000000,0.00000000,0.01057010,0.00000000,0.00000000,0.03934356,0.00000000,0.00000000,0.00000000,0.00687970,0.00598174,0.02112462,0.00000000,0.00226046,0.00000000,0.00000000,0.00000000,0.00000000,0.00000000,0.00000000,0.00000000,0.02529529,0.00000000,0.00000000,0.04145884,0.00075401,0.00361743,0.20020962,0.00000000,0.00205970,0.00000000,0.00000000,0.11471481,0.07732780,0.00000000,0.02645349
0.00000000,0.30729236,0.00050262,0.00791975,0.00000000,0.00000000,0.00000000,0.00326386,0.00000000,0.00000000,0.00000000,0.00000000,0.01062182,0.02325742,0.03964817,0.00309841,0.00000000,0.00000000,0.06782337,0.33614622,0.00000000,0.01176988,0.74730100,0.00551413,0.00152635,0.00000000,1.07566838,0.00000000,0.00000000,0.01965985,0.03721200,0.00000000,0.00000000,0.00000000,0.00000000,0.00000000,0.00000000,0.01235508,0.46145369,0.00000000,0.00000000,0.00000000,0.00000000,0.00000000,3.88277393,1.04617773,0.54431248,0.00000000,0.01779331,0.00986034,0.00449040,0.00000000,0.20052994,0.00000000,0.01395992,0.00000000,0.00000000,0.00000000,0.00779548,0.00000000,0.00000000,0.00000000,0.00000000,0.00000000,0.00000000,0.00000000,0.04887003,0.15784874,0.00189227,0.00000000,0.00000000,0.00000000,0.00000000,0.00000000,0.00000000,0.00000000,0.00000000,0.00000000,0.00080540,0.00000000,0.00000000,0.00000000,0.00000000,0.00000000,2.07340871,0.00641300,0.00000000,0.00000000,0.02609005,0.00000000,0.00000000,0.01062182,0.00000000,0.01234647,0.00000000,0.00343514,0.00000000,0.10821918,0.00000000,0.13313963,0.00700984,0.00000000,0.00000000,0.00000000,0.27108857,0.00000000,0.00000000,0.06057947,0.00000000,0.00000000,0.00000000,0.00000000,0.00227659,0.00000000,0.00000000,0.00000000,0.00000000,0.00326840,0.00320620,0.00000000,0.00000000,0.00000000,0.03148746,0.00000000,0.00000000,0.00346824,0.00274348,0.00000000,0.00724483,0.01375932,0.00000000,0.00000000,0.00223272,0.00000000,0.10047412,0.00000000,0.00324673,0.00000000,0.00000000,0.00000000,0.00000000,0.00397482,0.00205970,0.00000000,0.00652117,0.00000000,0.00000000,0.00000000,0.00000000,0.00000000
0.00000000,0.00784470,0.00000000,0.00000000,0.00000000,0.00000000,0.00000000,0.00000000,0.00106780,0.85454036,0.82312079,0.00000000,2.25429314,0.07447227,0.26292329,0.00000000,0.00000000,0.00000000,0.00000000,0.00000000,0.00000000,0.00531503,0.00435077,0.00000000,0.00269880,0.42802457,0.00000000,4.68473870,0.15140705,0.00000000,3.97754894,0.00000000,0.01493018,0.00000000,0.00000000,0.00000000,0.02289996,0.00000000,0.00000000,0.00000000,0.00840512,0.00000000,0.00841833,0.00000000,0.00000000,0.00000000,0.03609975,0.00000000,0.00000000,0.00000000,0.00000000,0.00945750,0.00000000,0.00854934,0.00000000,0.38906159,0.00000000,0.00000000,0.00000000,0.00000000,0.25394819,0.00000000,0.00696282,0.85990195,0.00000000,0.00000000,0.01502430,0.00000000,0.00000000,0.00000000,0.00000000,0.00000000,0.49739027,0.00000000,1.69819771,0.01340320,0.00000000,0.42199935,0.02400825,0.04547371,0.00000000,0.00000000,0.00000000,0.00000000,0.00000000,0.00000000,0.01384022,0.00000000,1.90030938,0.00109519,0.00000000,0.00104663,0.00000000,0.00000000,0.00442756,0.00000000,0.00000000,0.00000000,0.00262674,0.00000000,0.00000000,0.01752670,0.02601543,0.00000000,0.00000000,0.00000000,0.00000000,0.00000000,2.93183478,0.12875995,0.00000000,0.00000000,0.03703400,0.00415510,0.00000000,0.04416633,2.54111315,0.00517276,0.03487027,0.00000000,0.00000000,2.29916547,0.00000000,0.00000000,0.02821025,0.00000000,0.05370872,0.05484307,0.00000000,0.00000000,0.00581928,0.00000000,0.00000000,0.02796212,0.00000000,0.00000000,0.00365754,0.02350718,0.00000000,0.00000000,0.00216197,0.11400631,0.00000000,0.00652117,0.00000000,0.00000000,0.00000000,0.00000000,0.00000000,0.00000000
0.00000000,1.36722720,0.00000000,2.78850038,0.00000000,0.00000000,0.01376277,0.00000000,0.00000000,0.00000000,0.00000000,0.00000000,0.00000000,0.00000000,0.00000000,0.00000000,0.00000000,0.14806004,0.02589946,0.02947745,0.02562436,0.00000000,0.00000000,0.00000000,0.00000000,0.00000000,0.00000000,2.60940739,0.00000000,0.00000000,0.00000000,0.00000000,0.00000000,0.00000000,0.03756314,0.00000000,0.00000000,0.00000000,0.00000000,0.00673781,0.00000000,0.00000000,0.00000000,0.00357518,0.00582374,1.00156082,0.00000000,0.00000000,0.00000000,0.00000000,0.00000000,0.02755032,0.00681978,0.00000000,0.00000000,0.01436587,0.00000000,0.00000000,0.00420322,0.01580674,0.05248184,0.00000000,0.00000000,0.00000000,0.02513769,0.00000000,0.00000000,0.00000000,0.00000000,0.00000000,0.00000000,0.00000000,0.00000000,0.00000000,0.00000000,0.00000000,0.00000000,0.00281323,0.00000000,0.00000000,0.00000000,0.00000000,0.00000000,0.00186883,0.00623883,0.00000000,0.00342698,0.09880406,0.00844082,0.00000000,0.00000000,0.00000000,2.46105971,0.00000000,0.00000000,0.00000000,0.00000000,0.00000000,0.00000000,0.00000000,0.00360627,0.00385169,0.00916108,0.00000000,0.10443669,0.00000000,0.00000000,0.00000000,0.00000000,0.00000000,0.36009448,0.00000000,0.00000000,2.00561920,0.30651637,0.02584667,0.00000000,0.00883600,0.02321309,0.08010891,0.00000000,0.00000000,5.89374567,0.00000000,0.16148134,0.00000000,0.00000000,0.00000000,0.00000000,0.01001155,0.00000000,0.00000000,0.81013494,0.00183488,0.00000000,0.00000000,0.00000000,0.00000000,0.00000000,0.44667544,0.00000000,0.16745367,0.00000000,0.00000000,0.00000000,0.00000000,0.00000000,0.00000000,0.01116682,0.00527942
0.00000000,0.00000000,0.00000000,0.00000000,0.00000000,0.00000000,0.00000000,0.00000000,0.02517673,0.01930575,0.00000000,0.00000000,0.00000000,0.07021023,0.00000000,0.00000000,1.73573120,0.00000000,0.00000000,0.00000000,0.00000000,0.14298093,1.09703629,0.00000000,0.08872227,0.00000000,0.00724483,0.00000000,0.00000000,0.00000000,0.00000000,0.00000000,0.00000000,0.00000000,0.00407311,0.00000000,0.00000000,0.00000000,0.04831348,0.00000000,0.00000000,0.00000000,0.00000000,0.00000000,0.00000000,0.00000000,0.00000000,0.00000000,0.00000000,0.00000000,0.00000000,0.00000000,0.00705556,0.00000000,0.10294537,0.01955163,0.00000000,0.00000000,0.00000000,0.00000000,0.00000000,0.00000000,0.00000000,0.01074652,0.02251694,0.00000000,0.00000000,0.07954500,0.00000000,0.00000000,0.00000000,0.00000000,0.00000000,0.01104994,0.00000000,0.00000000,0.00000000,0.00000000,0.00000000,0.00237157,0.00573301,0.00000000,3.04992632,0.00000000,0.00000000,0.00000000,0.02748812,0.00000000,0.00471045,0.00000000,0.47591934,0.00000000,0.05405136,0.00000000,0.00000000,0.00000000,0.00000000,0.00000000,0.00000000,0.00000000,0.00000000,0.00000000,0.00000000,0.00000000,0.02614952,0.00000000,0.00000000,0.00000000,0.00000000,0.07905269,0.00000000,0.01373226,0.00534105,0.00000000,0.00000000,0.00000000,0.00000000,0.00000000,0.00000000,0.00000000,0.00000000,0.00000000,0.01423371,0.00000000,2.24643524,0.00000000,0.00000000,0.00000000,0.00000000,0.00000000,0.00000000,0.00000000,0.33407154,0.00000000,0.00000000,0.17294134,0.00000000,0.00000000,0.00491865,0.02276429,0.00000000,0.00000000,0.11471481,0.00000000,0.00000000,0.00000000,0.00000000,0.00000000,0.00769795,0.00000000
0.00191354,0.03073430,0.00000000,0.00000000,0.00000000,0.00000000,0.00000000,2.07340871,0.00000000,0.00000000,0.00000000,0.00000000,0.00000000,0.00000000,0.00000000,0.00000000,0.00000000,0.00000000,0.00000000,0.00000000,0.25925488,0.31194390,0.00000000,0.04744283,0.00000000,0.00000000,0.00000000,0.00000000,0.00000000,0.00000000,0.00000000,0.00000000,0.00000000,0.00000000,0.00000000,0.07009170,0.00000000,0.00000000,0.00097650,0.00000000,0.00000000,0.00000000,0.00000000,0.00000000,0.00000000,0.00000000,0.00000000,0.08746721,0.01273560,0.00000000,0.00630404,0.00000000,0.00000000,0.00000000,0.00000000,0.00000000,0.00000000,0.03045239,0.09516501,0.00447972,0.00000000,0.00000000,0.00319299,0.00000000,0.00000000,0.00000000,0.00000000,0.12010149,0.00000000,0.00000000,0.02693622,0.00000000,0.00000000,0.00000000,0.00000000,0.02828977,0.00000000,0.00000000,0.00000000,0.00000000,0.00000000,0.00000000,0.00000000,0.03787759,0.00000000,1.25647413,0.00000000,0.00000000,0.00000000,0.00000000,0.00219002,0.03964704,0.00000000,0.01102709,0.03964817,0.00000000,0.00000000,0.00000000,0.00727861,0.00000000,0.00000000,0.00000000,0.00000000,0.00000000,0.25286685,0.00000000,0.00000000,0.00000000,0.00000000,0.00287282,0.00000000,0.00000000,0.00000000,0.31194390,0.00000000,0.00000000,0.00989139,0.00000000,0.09712410,0.00000000,0.00000000,0.00000000,0.00000000,0.00000000,0.00000000,0.00000000,0.00000000,0.00000000,0.13609370,0.00000000,0.00000000,0.00363471,0.00000000,0.00000000,4.68473870,0.07899753,0.00000000,0.07433284,0.01564122,0.00000000,0.00000000,0.00000000,0.07732780,0.00000000,0.00000000,0.00000000,0.00000000,0.00000000,0.00474473,0.00000000
0.00000000,0.00000000,0.00000000,0.00000000,6.64300527,0.01458786,0.00000000,0.00000000,0.00000000,0.00000000,0.00000000,1.05414839,0.00000000,0.00000000,0.00000000,0.00000000,0.00000000,0.01752670,0.00000000,0.00101299,0.58824943,0.00534105,0.00000000,0.00000000,0.00000000,0.64419234,0.00514080,0.00000000,0.00000000,0.00000000,0.00000000,0.07592146,0.00000000,0.00000000,0.21472658,3.17980102,5.01377708,0.00000000,0.00000000,0.00000000,0.00000000,0.00199413,0.00000000,0.00000000,0.00000000,0.00000000,0.00000000,0.00000000,0.00000000,0.00643395,0.00000000,0.00000000,0.00000000,0.00421852,0.00000000,3.36524913,0.00575435,0.00000000,0.01385701,0.00000000,0.06345268,0.00000000,0.00000000,0.00000000,0.00000000,0.02151754,0.00000000,0.00000000,0.00000000,0.00000000,0.00000000,0.00000000,2.89953107,0.00000000,0.00000000,0.05186696,0.00000000,0.16622899,0.00000000,0.00000000,0.07794147,0.05337674,0.00000000,0.00000000,0.02395626,0.00000000,0.04690372,0.15271552,0.00000000,0.00000000,0.01786612,0.00664368,0.00000000,0.02823526,0.04777640,0.00000000,0.01056787,0.00000000,0.00000000,0.00000000,0.43863695,0.00000000,0.01446358,0.00000000,0.00000000,0.00000000,0.00000000,0.00000000,0.00000000,0.00000000,0.02942433,0.00000000,0.00000000,0.00000000,0.00435077,0.00000000,0.00000000,0.00000000,0.00000000,0.00000000,0.00000000,0.00000000,0.00000000,0.42802457,0.00390851,0.00000000,0.05884576,0.00000000,0.00000000,0.00000000,0.00000000,0.00000000,0.00556082,0.00000000,0.00000000,0.00000000,0.00000000,0.00000000,0.10811100,0.02984279,0.00000000,0.00000000,0.00000000,0.00000000,0.00000000,0.01116682,0.00769795,0.00474473,0.00000000,0.00000000
0.00000000,0.00000000,0.52176923,0.00000000,0.00000000,0.00000000,0.00000000,0.00000000,0.00000000,0.00000000,0.00000000,0.00000000,0.00000000,0.00000000,0.12491767,0.00000000,0.00000000,0.00000000,0.00438017,0.00000000,0.00000000,0.00000000,0.08816191,0.00565465,0.00000000,0.01206901,0.00141907,0.00000000,0.00000000,0.00000000,0.00000000,0.00000000,0.00000000,0.00000000,0.09643367,0.00120960,1.72869118,0.00000000,0.00000000,0.02338123,0.00408414,0.00000000,0.00000000,2.16079010,0.00000000,0.00000000,0.00000000,0.00000000,0.00000000,0.02019886,0.00000000,0.00000000,0.00000000,0.00332226,0.00000000,0.00000000,0.00000000,0.00712799,0.02225143,0.00000000,0.00000000,0.00000000,0.00000000,0.00000000,0.00000000,0.00000000,0.00000000,0.00000000,0.00000000,0.00000000,0.00000000,0.00000000,0.00000000,0.00000000,0.04903494,0.00000000,0.00000000,0.01742977,0.00000000,0.00000000,0.00000000,0.00000000,0.00000000,0.04227319,0.00000000,0.00161951,0.20454312,0.11548426,0.00729879,0.00000000,0.11060266,0.03266953,0.00000000,0.00000000,0.01852117,0.00000000,0.00000000,0.00000000,0.00000000,0.00518267,0.01191463,0.00000000,0.00000000,0.01574469,0.00000000,0.02455033,2.99890188,0.00000000,0.00000000,0.00000000,0.40807112,0.00000000,0.17739900,0.00000000,0.00000000,0.00000000,0.00000000,0.00000000,0.00000000,0.00815465,0.00000000,0.00000000,0.13568809,0.00000000,0.00000000,0.01040153,0.11521264,0.00000000,0.15047532,0.00141907,0.00000000,0.00000000,0.00000000,0.00176196,1.42787276,0.21620198,0.01016095,0.00000000,0.00000000,0.00000000,0.00000000,0.00000000,0.02645349,0.00000000,0.00000000,0.00527942,0.00000000,0.00000000,0.00000000,0.00000000
