0.00000000,0.00807158,0.00000000,0.00000000,0.00000000,3.65194751,0.00000000,0.01183315,0.01446674,0.00000000,0.00273111,0.00000000,0.00000000,0.14514984,10.07180781,0.00000000,0.00000000,0.00000000,0.00000000,0.00000000,0.00000000,0.00000000,0.00000000,0.00000000,0.00000000,0.02008067,0.00000000,0.00000000,0.00000000,0.00000000,0.00000000,0.00000000,0.00000000,0.00000000,0.00000000,4.97606206,0.00000000,0.00000000,4.34448646,0.15082696,0.00210340,0.00660602,0.14447366,0.00500100,0.02452418,0.00736610,0.00000000,0.00000000,0.00000000,0.00000000,0.14394935,0.00000000,0.00000000,0.03659371,0.00000000,0.00600925,0.00000000,0.00606768,0.00946101,0.00000000,0.00000000,0.00000000,0.00000000,0.00000000,0.00000000,0.00000000,0.12292872,0.65102123,0.00077904,0.00000000,0.00120007,0.00000000,0.00000000,0.00000000,0.12075255,0.00000000,0.00000000,0.07714469,0.22607303,0.32896870,0.00000000,0.00000000,0.00000000,0.01934624,0.00000000,0.00000000,0.00000000,0.00000000,0.00000000,0.00000000,0.04401569,0.00000000,0.00000000,0.00000000,0.00000000,0.00000000,0.00000000,0.00000000,0.02670832,0.00166692,0.00000000,0.00000000,0.00442210,0.01682008,0.00000000,0.00000000,0.00000000,0.00085374,0.15756423,0.00000000,0.21786639,0.51783955,0.00000000,0.00000000,0.00000000,0.00000000,1.65708320,0.00000000,0.00000000,0.00090960,0.08253320,0.00000000,0.00000000,0.00000000,0.00000000,0.00000000,0.00000000,0.00000000,0.00000000,0.00000000,0.33922805,0.01292589,0.00000000,0.00816844,0.00000000,0.00000000,0.00000000
0.00807158,0.00000000,0.00000000,0.04112281,0.07636958,0.00000000,0.00000000,0.00000000,0.00000000,0.00000000,0.03312563,0.01797477,0.00000000,0.00000000,0.00000000,0.06570355,0.00000000,0.00000000,0.00000000,0.11506806,0.00000000,0.00000000,1.09924600,0.00000000,0.00000000,0.00000000,0.00000000,0.00439567,0.00000000,0.06836193,0.00000000,0.33880522,0.00178600,0.00000000,0.00000000,0.69043921,0.06993945,0.00000000,0.00000000,0.00000000,0.00000000,0.00000000,1.46148487,0.00496459,0.00218670,0.00000000,0.00000000,0.00000000,0.00000000,0.00000000,0.00000000,0.01884146,0.00000000,0.02058864,0.00000000,0.00000000,0.00000000,0.00000000,0.00000000,0.60080082,0.01395592,0.00000000,0.00985624,0.00000000,0.00000000,0.01345643,0.00000000,0.00366967,0.07368674,0.00000000,0.00000000,2.91780713,0.01098987,0.14183441,0.00000000,0.01038318,0.00000000,0.00000000,0.19934322,0.00000000,0.00000000,1.39572023,0.37395659,0.00000000,0.00000000,0.00000000,0.00000000,0.01812617,0.00000000,0.00000000,0.00000000,0.00000000,0.08082735,0.00000000,4.30997187,0.00000000,0.00000000,0.07046942,0.00000000,0.18907475,0.00000000,0.00000000,0.00000000,0.00000000,0.00000000,0.00000000,0.01795741,0.00000000,0.00189929,0.05473141,0.00000000,0.14157409,0.00000000,1.97895408,0.00000000,0.32754220,0.00000000,0.00000000,0.00000000,0.00000000,0.00870796,0.00000000,0.00000000,0.04238498,0.00000000,0.00000000,0.00000000,0.00000000,0.00000000,0.00000000,0.00000000,0.00000000,0.00000000,0.00000000,0.00000000,0.00382945,0.00000000
0.00000000,0.00000000,0.00000000,0.49972407,0.00000000,0.00000000,0.00000000,0.00000000,0.00358464,0.00000000,0.00000000,0.00000000,0.00000000,0.00000000,0.00000000,0.00000000,0.06412040,0.00000000,0.09574470,0.00000000,0.06182818,0.76345649,0.00000000,0.00000000,0.09351833,0.01160046,1.38508773,0.00000000,0.00000000,0.00000000,0.00000000,0.00000000,0.00308464,0.00000000,0.00000000,0.00000000,0.00000000,0.77454857,0.01263589,0.00000000,0.04688203,0.00000000,0.10297289,3.40576671,0.00000000,0.50046739,0.00000000,0.00000000,0.00000000,0.03620786,0.15143623,0.00000000,0.00000000,0.00000000,0.03785586,0.08232999,0.01156220,0.00000000,3.56562612,0.00000000,0.10482946,0.00000000,0.00000000,0.00000000,0.03847025,0.00000000,0.00101277,0.00000000,0.00000000,0.00000000,0.00000000,0.00000000,0.00000000,0.00000000,0.00000000,0.00000000,0.00000000,0.12496231,0.00000000,0.00209749,0.00000000,0.00000000,0.00000000,0.24689172,0.00171502,0.00000000,0.00383251,0.00000000,0.00000000,0.00000000,0.11482408,0.00000000,0.00000000,0.00485939,0.00000000,0.00000000,0.01963422,0.00000000,1.64839874,0.00000000,0.00000000,0.00000000,0.00000000,0.00000000,0.00560398,0.03971595,0.00000000,0.00279943,0.00000000,0.09737831,0.02712289,0.00000000,0.00816401,0.00000000,0.33862545,0.00000000,0.00000000,0.00000000,0.02773206,0.46695220,0.00355940,0.00000000,0.00000000,0.00000000,0.00000000,0.00949851,0.00000000,0.00000000,0.00000000,0.00000000,0.00000000,0.00000000,0.00000000,0.10353243,0.00000000,0.00000000,0.00000000
0.00000000,0.04112281,0.49972407,0.00000000,0.00000000,0.00162918,0.05873418,5.49593874,0.00000000,0.21813078,0.00000000,0.03022577,0.02737754,0.03062973,0.00000000,0.00000000,0.00000000,0.00000000,0.00000000,0.00000000,0.00000000,0.00000000,0.00000000,0.00135687,0.01948477,0.00000000,0.00000000,0.19703643,0.19140052,0.00000000,0.00000000,0.00000000,0.00931318,0.00000000,0.00000000,0.10729117,0.00000000,0.00000000,0.00000000,0.02516202,0.25871947,0.00000000,0.00000000,0.00000000,0.00000000,0.25709979,0.00000000,0.20119481,0.00000000,0.00000000,0.00000000,0.00000000,0.00000000,3.56126774,0.18452314,0.00000000,0.00000000,0.00000000,0.00000000,0.00000000,0.00000000,0.00000000,0.00000000,0.29321184,0.00000000,0.00000000,0.00000000,0.02451135,0.57273480,0.00977249,0.00000000,0.00000000,0.00000000,0.00000000,0.00000000,0.00000000,0.00000000,0.00000000,0.04686817,0.00000000,0.00265971,0.00000000,0.00000000,0.00000000,0.00000000,0.00000000,0.00000000,0.00000000,0.00000000,0.16531385,0.00000000,0.00000000,0.00000000,0.00000000,0.00000000,0.00000000,0.01902774,0.12906345,0.04411719,0.00000000,0.02075233,0.00000000,0.00643825,0.00000000,0.00000000,3.58756468,0.00000000,0.00134037,0.00129738,0.14493165,0.00000000,0.00000000,0.00125553,0.00000000,0.41640530,0.00201963,0.00452942,0.00000000,0.00000000,0.00000000,0.00000000,0.00000000,0.00000000,0.00000000,0.00000000,0.00000000,1.35137736,0.01702239,0.00000000,0.00000000,0.00000000,0.15622493,0.07807714,0.00000000,0.00000000,0.00890160,0.00000000
0.00000000,0.07636958,0.00000000,0.00000000,0.00000000,6.70650112,0.00000000,0.06743606,0.00000000,0.01187643,0.00000000,0.00000000,0.00000000,0.00000000,0.00000000,0.00000000,0.00000000,0.00000000,0.00000000,0.00000000,0.00000000,0.00000000,0.00000000,0.00000000,0.00000000,0.00000000,0.73963437,0.00000000,0.00201963,0.00000000,0.00278642,0.00000000,0.00000000,0.00000000,0.00000000,0.00000000,0.00000000,0.00000000,0.00000000,0.00000000,0.01196764,0.00000000,0.00000000,0.00000000,0.00000000,0.00000000,0.00000000,0.00266036,0.00000000,2.79782393,0.00099660,0.37441618,0.00000000,0.00000000,0.06437801,0.13727367,0.00000000,0.00932378,0.07741235,0.00000000,0.01817415,0.00314421,0.03638644,0.00000000,0.00000000,0.00475993,0.27481283,0.00000000,0.00352215,0.13390961,0.18101087,0.01617318,0.00000000,0.00258490,0.00000000,0.00000000,0.00000000,4.89973868,1.12338705,0.04534696,0.00000000,0.00000000,0.00000000,0.00000000,0.08839155,0.48246548,0.00000000,0.00000000,0.00105402,0.00000000,0.00000000,0.00000000,0.00000000,0.00000000,0.00000000,0.00000000,0.02499651,0.00000000,0.00504247,0.00000000,0.00840973,0.00000000,0.00000000,0.00000000,0.00224140,0.66390357,0.00000000,0.22618532,0.01364487,0.00000000,0.00000000,0.00000000,0.00000000,0.00000000,0.00000000,1.92557878,0.00000000,0.52625936,0.00389277,0.68482003,0.01434917,0.00000000,0.00000000,0.02580147,0.00000000,0.00000000,0.00000000,0.00532264,0.00000000,0.00000000,0.00000000,0.00000000,0.00000000,0.00000000,0.00000000,0.00000000,0.00000000
3.65194751,0.00000000,0.00000000,0.00162918,6.70650112,0.00000000,0.00918202,0.00000000,0.00000000,0.00000000,0.01469005,0.00000000,0.00000000,0.00000000,0.00000000,0.00000000,0.00000000,0.00000000,0.00000000,0.00000000,0.00000000,6.19475103,0.03259478,0.00000000,0.07423428,0.41550988,0.00000000,3.50076172,0.00000000,0.00000000,0.00000000,0.01266843,0.00000000,0.00000000,0.07582435,0.24418622,0.00000000,0.00600310,0.00000000,0.00000000,0.18845938,0.00000000,0.62349552,0.00000000,0.51197528,0.00000000,0.00000000,0.00000000,0.00000000,0.00000000,0.00000000,0.00000000,0.00472169,0.85629139,0.00000000,0.00170488,0.00000000,0.00427080,0.00180901,0.02771656,0.00000000,0.00000000,0.00000000,3.01882702,0.00000000,0.00000000,0.00647386,0.00000000,0.13846373,0.00000000,0.00000000,0.00000000,0.00000000,0.00000000,4.09452003,0.00000000,0.00000000,0.18658345,0.00000000,0.18166638,0.00000000,0.00000000,0.00000000,0.46456655,0.00000000,0.00000000,0.00140745,1.95408561,0.00000000,0.00000000,0.00000000,0.00000000,0.00000000,0.05911791,0.01303312,0.00000000,0.11363031,1.97808153,0.00000000,0.00000000,0.00000000,0.00000000,0.00000000,0.00000000,0.00404983,0.00000000,2.11842653,0.00000000,0.00000000,0.00000000,0.00000000,0.02414441,0.00000000,0.00000000,0.21417835,0.00590397,0.00000000,0.00000000,0.00000000,0.00000000,0.00159057,0.00000000,0.00000000,0.00000000,0.00000000,0.11276660,0.00000000,0.00000000,0.00000000,0.00000000,0.00000000,0.00000000,0.37964569,0.00000000,0.00000000,0.70952258,0.33848509
0.00000000,0.00000000,0.00000000,0.05873418,0.00000000,0.00918202,0.00000000,0.00422526,0.01160811,0.00000000,0.00000000,0.00000000,0.00000000,0.00000000,0.00000000,0.00836157,0.00000000,0.00000000,0.00000000,0.15118471,0.50985273,0.11437439,0.00000000,0.00000000,0.00000000,4.98415400,0.00000000,0.31606789,1.11048405,0.00000000,0.00657929,0.00000000,0.00000000,0.72684074,0.00000000,0.00000000,0.00000000,0.00000000,0.00000000,0.30258662,3.88066506,0.00000000,0.01893607,0.00716006,0.00000000,0.01277851,0.00000000,0.00000000,1.38808606,0.00149220,0.00000000,0.00000000,0.03456562,0.00000000,0.00000000,0.00000000,0.05523358,0.05795551,0.00000000,0.04991438,0.00000000,0.00000000,0.00000000,0.08369272,0.00000000,0.43338545,0.00000000,0.00000000,0.00000000,0.00000000,0.00000000,0.00000000,0.00000000,0.01290647,0.00532281,1.81491745,0.00000000,3.90140718,0.00000000,0.00000000,0.07428665,0.00000000,0.00000000,0.00000000,0.00000000,0.00000000,0.00000000,0.00000000,0.00000000,0.00000000,0.00000000,0.00000000,0.00000000,0.00000000,0.03520874,0.05833759,0.00000000,0.00000000,0.00000000,0.00000000,0.00417929,0.00000000,0.31216165,0.00000000,0.05665251,1.49449250,0.02149631,0.00000000,0.11483494,0.00000000,0.00000000,0.00236465,0.01532676,0.00000000,0.00000000,0.00000000,0.00000000,0.00000000,0.00000000,0.35340777,0.00000000,0.00000000,0.00000000,0.00000000,0.00000000,0.00000000,0.00000000,0.00000000,0.15870042,0.00000000,0.00000000,0.00000000,1.47111167,0.00000000,0.05307785,0.15636655,0.00000000
0.01183315,0.00000000,0.00000000,5.49593874,0.06743606,0.00000000,0.00422526,0.00000000,0.00000000,0.00000000,0.00405301,0.00000000,0.00000000,0.00000000,0.00000000,0.00098496,0.11873972,0.12206968,0.00000000,0.00000000,0.00000000,0.75496547,0.00000000,0.00000000,0.00000000,0.00946362,0.00000000,0.00000000,0.02584068,0.00000000,2.09634766,0.00000000,0.00000000,1.45931660,0.00000000,0.00000000,0.00167969,0.00147465,0.00000000,0.00000000,0.00000000,0.23391169,0.04997782,0.05634167,0.00000000,0.00295237,0.00089605,0.02478807,0.00000000,0.00000000,0.00000000,0.00000000,0.00000000,0.00000000,0.00000000,0.00000000,0.00000000,0.00000000,0.00000000,0.00000000,0.00000000,0.00000000,0.00000000,0.00000000,0.18470189,0.00000000,0.00000000,1.49064306,0.00000000,0.00968824,0.00485144,0.00000000,0.00000000,0.00000000,0.00000000,0.00000000,0.01137450,0.30085640,0.00000000,0.00000000,0.07127621,0.00000000,0.00000000,1.73121842,0.00000000,0.01020801,0.00000000,0.00000000,0.00000000,0.18009178,0.00000000,0.00000000,0.00000000,0.00000000,0.01106593,0.03543458,0.72899464,0.00000000,0.05566690,0.36522033,0.00000000,0.02582334,0.00000000,0.00000000,0.00000000,0.00000000,0.00000000,0.00303035,0.00000000,0.00000000,0.00000000,0.00000000,5.65084629,0.00000000,0.00000000,0.00322837,0.00000000,0.00000000,0.00000000,0.00000000,0.00000000,0.00000000,0.00000000,0.03804001,0.00000000,0.00000000,0.13679554,0.00000000,0.00000000,0.03213673,0.00000000,0.00000000,0.02061178,0.00567747,0.00000000,0.00000000,1.22202991
0.01446674,0.00000000,0.00358464,0.00000000,0.00000000,0.00000000,0.01160811,0.00000000,0.00000000,0.00000000,0.00000000,0.00000000,0.00000000,1.23820000,0.00343004,0.00000000,0.00000000,0.00919005,0.17029073,0.00000000,0.00000000,0.00000000,0.00000000,0.00331835,2.09651309,0.00000000,0.00000000,0.51197528,0.00000000,0.00000000,0.00000000,0.00000000,0.00000000,0.00000000,0.01092106,0.00000000,0.00000000,0.18658345,0.00169884,0.00000000,0.00000000,0.00000000,0.44008891,0.00000000,0.00000000,0.00102109,0.01866431,0.00000000,0.00000000,0.00000000,0.05239146,0.00678445,0.85629139,0.00000000,0.00000000,0.00000000,1.95408561,0.00615150,0.00000000,0.00000000,0.00000000,0.00000000,0.00000000,0.00000000,0.00000000,0.31335923,4.09452003,0.00000000,0.00000000,8.03493808,0.01395592,0.00000000,0.00000000,0.00000000,0.00375079,0.00000000,0.00000000,0.00000000,0.00000000,0.00000000,0.00000000,0.07984039,0.01266843,0.00000000,0.00000000,0.00000000,0.00000000,0.00000000,0.15363357,0.00159057,0.00162918,0.00000000,0.00000000,0.01144593,0.00000000,0.00140745,0.00000000,0.01260919,0.51783955,0.00000000,0.01697886,0.00000000,0.06295066,0.00931318,0.00000000,6.19475103,0.00000000,0.00000000,0.00000000,0.62349552,0.00000000,0.00000000,0.20329377,0.00000000,0.00000000,0.00000000,0.00000000,0.04862037,0.00000000,0.00000000,0.00000000,0.00000000,0.00000000,0.00000000,0.07816399,0.00000000,0.04168273,0.00000000,0.00000000,0.00000000,0.00000000,0.00000000,0.03709013,0.00000000,0.07714469,0.00000000,0.00000000
0.00000000,0.00000000,0.00000000,0.21813078,0.01187643,0.00000000,0.00000000,0.00000000,0.00000000,0.00000000,0.00000000,0.00000000,0.00000000,0.17343015,0.00000000,0.00000000,0.02385048,0.00000000,0.00000000,0.01830116,0.00000000,0.00000000,1.03914009,0.00000000,0.00000000,0.73714352,0.00000000,0.00000000,0.00000000,8.52395431,0.00000000,0.00000000,0.00102990,0.00000000,0.00000000,0.00000000,0.00065043,0.00000000,0.00000000,0.00282060,0.00000000,0.00000000,0.00000000,0.00000000,0.08014194,0.00000000,0.00000000,0.00000000,0.00000000,0.00000000,0.05222883,0.00000000,0.00383407,0.00000000,0.00509779,0.01850805,0.04660892,0.00106978,0.00000000,0.07560911,0.00000000,0.00000000,0.00000000,0.00886650,0.00406296,0.00000000,0.02858147,0.00000000,0.75918716,0.00000000,0.00000000,0.02116908,0.00000000,0.00160107,0.18521085,0.00000000,0.00000000,0.00000000,0.00000000,0.00000000,1.14486180,0.00000000,0.00000000,0.00000000,0.20529795,0.03431728,0.00000000,0.29515516,0.00000000,0.00000000,0.00000000,0.00000000,0.00358007,0.00000000,0.00000000,0.00000000,0.00000000,0.03927224,0.00000000,0.00000000,0.00000000,0.00000000,0.00486982,0.00000000,0.00000000,0.11202792,0.00000000,0.00000000,0.00000000,0.00000000,0.00000000,0.00000000,0.01079634,0.00849616,1.62849444,0.00000000,0.00082023,0.00000000,0.00000000,0.03121496,0.00125635,0.00000000,0.00000000,0.00000000,0.00000000,0.04547022,0.00510559,0.00094009,0.00000000,0.00310621,0.00000000,0.00000000,4.05544040,0.00000000,0.00000000,0.50376278,0.00000000
0.00273111,0.03312563,0.00000000,0.00000000,0.00000000,0.01469005,0.00000000,0.00405301,0.00000000,0.00000000,0.00000000,0.00000000,0.00000000,0.00000000,0.00000000,0.00000000,0.00757498,0.00000000,0.01346801,0.00000000,0.02363739,0.01007863,0.00000000,0.00000000,0.00000000,0.29503044,0.00000000,0.05168717,0.00000000,0.15028419,0.04559635,0.00000000,0.00000000,0.00000000,0.01045112,0.00000000,0.03286698,0.09147939,0.00000000,0.57989880,4.17828771,0.00000000,0.02365413,0.00000000,0.20054443,0.00560911,0.00000000,0.00000000,0.40748936,0.00000000,0.00000000,0.00000000,0.00332206,0.00000000,0.00418815,0.00000000,0.00000000,0.00000000,0.03148528,0.00000000,0.00000000,0.00000000,0.00000000,0.00000000,0.08624745,2.40149407,0.00000000,0.00000000,0.00000000,0.00000000,0.04673672,0.00000000,0.00851663,0.00000000,0.00000000,0.00000000,0.08042767,0.00000000,0.00000000,0.00000000,0.04256478,0.02202494,0.00000000,0.00000000,0.00000000,0.00000000,0.00000000,0.00000000,0.16111463,0.00000000,0.00000000,0.00000000,0.00000000,0.00000000,0.00000000,0.00000000,0.07807153,0.00000000,0.00000000,0.01958204,0.00000000,0.00000000,0.07158506,0.00655534,0.00000000,0.00000000,0.00000000,0.00000000,0.00000000,0.00000000,0.00584371,0.00817717,0.00000000,0.00000000,0.11290624,0.00096980,0.00000000,0.00000000,0.10277346,0.20612652,0.00000000,0.00535840,0.00000000,0.00000000,0.00000000,0.00000000,0.00000000,1.93928708,0.00000000,0.00000000,0.00000000,0.00000000,0.00000000,1.35031531,0.00000000,0.01056719,0.00000000
0.00000000,0.01797477,0.00000000,0.03022577,0.00000000,0.00000000,0.00000000,0.00000000,0.00000000,0.00000000,0.00000000,0.00000000,0.00000000,0.00000000,0.01256336,0.00000000,0.00000000,0.00000000,0.00063391,0.00000000,0.26254069,0.00000000,0.00000000,3.29863436,0.00000000,0.41631657,1.17470707,0.00000000,0.00000000,8.87394457,0.00000000,0.00000000,0.04462474,0.00347255,0.01513405,0.00000000,0.00000000,0.00000000,0.00000000,0.00000000,0.00738837,0.00686898,0.00000000,0.00000000,0.05110075,0.00000000,0.00000000,0.00000000,0.00000000,0.00000000,0.00000000,0.00124351,0.00000000,0.00303884,0.00000000,0.00000000,0.00000000,0.00000000,0.00000000,0.00000000,0.00000000,0.01236104,0.00000000,0.00000000,0.00000000,0.00000000,0.00000000,0.16258288,0.00366324,0.26681617,0.00000000,0.00507815,0.01315201,0.14600009,0.00000000,0.00125834,1.07679671,0.00000000,0.00887579,0.00000000,0.00000000,0.00000000,0.00000000,0.00000000,0.00000000,0.15181863,0.00708370,0.00000000,0.00221220,0.00000000,0.00000000,0.01154034,0.00000000,0.02116908,0.00158976,0.00000000,0.12172374,0.00000000,0.01634503,0.00000000,0.00000000,0.00000000,0.00000000,0.00586310,0.01244260,0.00000000,0.00000000,0.01976531,0.00000000,0.00000000,0.00000000,0.01375599,0.00000000,0.00000000,0.16549629,0.01335848,0.00000000,0.01684818,0.00000000,0.00000000,0.00000000,0.00000000,0.00000000,0.00000000,0.00000000,0.18682433,0.00000000,0.00000000,0.31663687,0.00000000,0.00000000,0.23660973,0.00000000,0.00000000,0.00000000,0.06492562,0.00000000
0.00000000,0.00000000,0.00000000,0.02737754,0.00000000,0.00000000,0.00000000,0.00000000,0.00000000,0.00000000,0.00000000,0.00000000,0.00000000,0.00000000,0.05320209,0.03497175,0.00000000,0.00000000,0.00000000,0.00000000,0.86886519,0.00000000,0.00000000,0.00000000,0.00000000,0.00000000,0.00000000,0.87284409,0.00000000,0.00000000,0.00000000,0.58797834,0.00000000,0.00000000,0.00000000,0.00000000,0.00000000,0.18008022,0.09490354,0.00909761,0.03789317,0.00000000,0.00367362,0.00000000,0.00000000,0.00000000,1.43626403,0.01650847,0.00000000,0.31149437,0.00000000,0.16447398,0.03283790,0.00161839,0.20146702,0.00000000,0.00000000,0.00000000,0.00152809,0.00000000,0.06055705,0.00000000,0.00000000,0.07560911,0.00697552,0.00000000,14.40499996,0.23795764,0.00000000,0.00482037,0.00000000,0.00000000,0.00000000,0.02218660,0.00000000,0.05993983,0.00000000,0.00105583,0.00000000,0.00345307,0.00000000,0.00000000,0.00000000,0.00671422,0.01868454,0.00000000,0.00000000,0.30668490,0.00964788,0.00000000,0.00000000,0.00000000,0.00000000,0.00000000,0.00000000,0.23893180,0.00000000,0.02690753,0.00000000,0.00000000,0.00000000,0.00110791,0.00000000,0.01038043,0.00000000,0.00000000,0.00000000,0.00078553,0.00000000,0.00000000,0.00000000,0.00000000,0.00549050,0.00000000,0.00204000,0.00000000,0.00000000,0.06761108,0.00000000,0.00000000,0.00000000,0.00000000,0.00000000,0.00134037,0.00000000,0.31808692,0.00129738,0.00000000,0.00000000,0.00000000,0.00000000,0.00000000,0.00000000,0.01579539,0.00000000,0.00000000,0.08472993
0.14514984,0.00000000,0.00000000,0.03062973,0.00000000,0.00000000,0.00000000,0.00000000,1.23820000,0.17343015,0.00000000,0.00000000,0.00000000,0.00000000,0.00000000,0.00000000,0.00104634,0.00102109,0.00000000,0.00000000,0.00000000,0.00000000,0.00912467,0.00000000,0.00000000,0.00000000,0.00000000,0.00000000,0.00000000,0.00000000,0.00000000,0.00279335,0.00000000,0.01830323,0.00000000,0.00920873,0.00957924,0.13577680,0.00000000,0.00000000,0.50340225,0.00000000,0.17479680,0.14664254,0.02655260,0.00000000,0.00000000,0.00000000,0.00000000,0.17029073,0.00000000,0.00000000,0.00000000,0.00000000,0.00000000,0.00000000,0.00421655,0.00600016,0.00000000,0.15797278,0.00000000,0.00764761,0.00000000,0.44700559,0.00000000,0.00000000,0.00000000,0.00000000,0.00000000,0.00000000,0.00000000,0.00110775,0.00000000,0.00000000,0.00302452,0.00000000,0.22927131,0.09515322,1.81859891,0.00872495,0.00000000,0.00000000,0.00000000,0.00000000,0.00000000,0.00000000,0.00000000,0.25709979,0.03389075,0.00000000,0.00000000,0.00000000,0.01049283,0.00000000,0.00000000,0.05800505,0.00000000,0.00000000,0.00608121,0.00000000,0.08186665,0.00000000,0.00000000,0.46272378,22.23358109,0.00000000,0.07644930,0.00000000,0.00260399,0.00000000,0.00317372,0.00000000,0.00000000,0.00000000,0.00000000,0.00000000,0.00000000,0.00000000,0.05176327,0.00000000,0.00000000,0.00000000,0.54613524,0.00182255,0.00000000,0.00000000,1.09902760,1.01615951,0.00000000,0.00220041,0.00000000,0.00000000,0.00000000,0.00000000,0.00000000,0.96352644,0.00000000
10.07180781,0.00000000,0.00000000,0.00000000,0.00000000,0.00000000,0.00000000,0.00000000,0.00343004,0.00000000,0.00000000,0.01256336,0.05320209,0.00000000,0.00000000,0.00000000,0.16002429,0.00000000,0.00000000,0.00000000,0.00000000,0.00000000,0.00000000,3.81494491,0.03497138,0.00114397,0.00000000,0.00000000,0.00000000,0.08628841,0.00000000,0.00000000,0.00000000,0.00000000,0.03093437,0.00000000,0.00000000,0.00000000,0.00000000,0.00413657,0.00000000,0.00000000,0.00000000,0.24292123,0.00000000,0.00000000,0.00000000,0.00000000,0.00000000,0.00000000,0.04190166,0.00000000,0.00000000,0.00315423,0.00000000,0.00000000,0.03913129,0.00600437,0.00000000,0.00000000,0.00000000,0.00000000,0.00000000,0.00667987,0.00000000,0.00697507,0.00000000,0.00000000,0.01266717,0.00000000,0.00000000,0.00000000,0.08351343,0.00000000,0.00000000,0.00000000,0.00058383,0.10807032,0.00000000,0.05694895,0.00000000,0.00000000,0.00000000,3.49479056,0.00855848,0.00000000,0.04100170,3.92026448,0.00000000,0.13377108,0.00000000,0.00000000,0.00000000,0.00000000,0.00000000,0.00179003,0.00000000,0.00000000,0.15069738,0.00000000,0.00000000,0.00000000,0.15263131,0.00637240,0.00000000,0.00000000,0.00000000,0.01006878,0.10586234,0.00208131,0.00000000,0.09661299,0.00000000,0.00000000,0.00075105,0.00000000,0.01038298,0.00000000,0.00108930,7.86295668,0.00000000,0.00555719,0.09044127,0.00000000,0.00000000,0.00230516,0.00000000,0.00000000,0.38108524,0.00000000,0.00000000,0.00144698,0.00000000,0.00000000,0.00000000,3.53243885,0.00000000
0.00000000,0.06570355,0.00000000,0.00000000,0.00000000,0.00000000,0.00836157,0.00098496,0.00000000,0.00000000,0.00000000,0.00000000,0.03497175,0.00000000,0.00000000,0.00000000,0.00000000,0.11873972,0.09515322,0.00000000,1.08591916,0.00000000,0.09517227,0.41500663,0.00000000,0.00000000,0.01345643,0.00000000,0.00000000,0.01812617,0.00161591,0.01797477,0.00000000,0.00000000,0.00985624,0.00000000,0.00000000,0.00000000,0.00000000,0.00000000,0.00000000,0.00218670,0.00000000,0.00000000,0.00000000,0.00608121,0.00671215,0.00254022,0.00000000,0.06836193,0.02253216,0.00000000,0.00000000,0.00000000,0.00000000,0.00000000,0.00000000,0.00000000,0.00000000,0.86886519,0.00000000,0.00000000,0.19553997,0.00000000,0.01245919,0.00433559,0.00000000,0.00000000,0.00000000,0.00000000,0.00000000,0.00000000,0.33089840,0.01382745,0.00000000,0.00870796,0.05473141,0.06355273,0.03015973,0.00000000,0.11289757,0.10403100,0.01038318,0.00000000,0.00700004,0.00000000,0.00000000,0.00000000,0.00000000,0.00000000,0.00189929,0.00000000,0.00000000,0.00000000,0.00000000,0.00000000,0.00000000,0.00000000,0.00807158,0.00000000,0.00000000,0.00000000,0.00000000,0.00000000,0.00000000,0.11506806,1.46148487,0.00000000,0.00000000,0.00000000,0.00000000,0.00000000,0.00000000,0.03598705,0.00000000,0.00000000,0.00000000,0.00000000,0.00000000,0.00000000,0.33880522,0.00000000,0.00000000,0.35015680,0.00000000,0.09346127,0.00000000,0.00000000,0.00000000,0.00731701,0.00000000,0.00000000,3.58756468,0.00000000,0.18907475,0.00000000,1.05969697
0.00000000,0.00000000,0.06412040,0.00000000,0.00000000,0.00000000,0.00000000,0.11873972,0.00000000,0.02385048,0.00757498,0.00000000,0.00000000,0.00104634,0.16002429,0.00000000,0.00000000,0.00000000,0.00417538,0.00000000,0.00534697,0.00000000,0.00000000,0.00000000,0.00109809,0.01006554,0.00000000,0.00000000,0.15881825,0.00000000,0.00000000,0.00000000,0.06911216,0.02419665,0.00000000,0.00000000,0.00000000,0.01466773,0.00000000,0.00000000,0.00000000,0.00000000,0.00000000,0.00000000,0.00941422,0.00000000,0.00000000,0.00000000,0.00562014,0.00000000,0.00000000,0.00000000,0.00000000,0.00000000,0.00000000,0.00000000,0.09161057,4.54910133,0.00000000,0.00065043,0.00399288,0.00000000,0.00000000,0.00000000,0.00000000,0.00000000,0.00000000,0.00261258,1.33992963,0.20351883,0.00000000,0.16712791,0.00000000,0.00000000,0.00000000,0.00000000,0.00721245,0.56643182,0.00000000,0.00331574,0.00919005,0.00000000,0.01728031,0.00000000,0.00000000,0.00470899,0.00323854,0.07406470,0.00000000,0.00000000,0.00000000,0.00000000,0.01087267,9.47051298,0.00877155,0.02874587,0.00000000,0.00000000,0.00000000,0.00000000,0.00000000,0.04547022,0.00000000,0.00000000,0.03044284,0.00000000,0.00000000,0.00000000,0.46447893,0.00000000,0.00000000,0.00000000,0.00000000,0.00000000,0.00000000,0.00000000,0.00000000,0.00361380,0.00000000,0.00000000,0.09431551,0.82695047,0.00000000,0.14252514,0.00000000,0.00000000,0.00000000,0.00000000,0.00000000,0.46444823,0.01856125,0.00000000,0.00183620,0.00000000,0.00000000,0.00000000,0.00000000
0.00000000,0.00000000,0.00000000,0.00000000,0.00000000,0.00000000,0.00000000,0.12206968,0.00919005,0.00000000,0.00000000,0.00000000,0.00000000,0.00102109,0.00000000,0.11873972,0.00000000,0.00000000,0.00600016,0.02419665,0.00000000,0.00000000,0.00000000,0.00000000,0.00654171,0.00000000,0.00000000,0.00000000,0.00000000,0.00000000,0.00000000,0.00000000,0.00000000,0.02874021,0.00000000,0.00000000,0.00331574,0.00000000,0.00108833,0.00000000,0.00000000,0.46447893,0.00000000,1.33992963,0.00000000,0.00000000,0.00998900,0.00000000,0.08719648,0.00000000,2.05077118,0.01529263,0.00000000,0.00000000,0.08657801,0.00000000,0.00000000,0.01137344,0.00000000,0.00698850,0.00000000,0.37054789,0.00000000,0.00000000,0.00000000,0.00000000,0.00757498,0.00000000,0.00000000,0.00000000,0.00000000,0.00000000,0.00000000,0.10134044,0.00000000,0.00534697,0.00000000,0.00000000,0.01805268,4.54910133,0.00000000,0.00825559,0.00000000,0.00000000,4.05544040,0.00000000,0.00000000,0.00000000,0.00000000,0.00941422,0.00000000,0.00000000,0.00000000,3.25788766,0.00000000,0.00721245,1.92378618,0.00000000,0.56643182,0.00170909,0.00000000,0.00000000,0.00000000,0.37907604,0.00000000,0.00323854,0.00000000,0.00000000,0.03789317,0.82695047,0.00000000,0.00000000,0.00000000,0.00000000,0.00482447,0.00000000,0.46444823,0.00000000,0.00000000,0.00000000,0.00000000,0.00000000,0.00261258,0.00099507,0.00000000,0.00000000,0.00417538,4.00757743,0.00000000,0.00000000,0.12315033,0.00000000,0.00000000,0.00000000,0.09161057,0.00000000,0.15645687
0.00000000,0.00000000,0.09574470,0.00000000,0.00000000,0.00000000,0.00000000,0.00000000,0.17029073,0.00000000,0.01346801,0.00063391,0.00000000,0.00000000,0.00000000,0.09515322,0.00417538,0.00600016,0.00000000,0.00000000,0.00000000,0.02846409,0.00000000,0.00000000,0.06294316,0.00000000,0.00000000,22.23358109,0.06192848,0.00000000,0.00291822,0.03389075,0.00000000,0.00000000,0.00000000,0.96352644,0.15797278,0.00000000,0.00000000,0.59152492,0.00000000,0.00000000,0.00000000,0.00920873,0.00000000,0.00000000,0.00000000,0.14793103,0.00000000,0.00957924,0.00000000,0.00000000,0.00000000,0.00000000,0.00641450,0.54613524,0.00317372,0.05696540,0.00000000,0.00000000,0.00000000,0.00000000,0.05027960,0.00000000,0.00000000,0.17343015,0.00000000,0.00000000,0.00000000,0.00000000,0.00000000,0.00000000,0.00000000,0.02662392,0.00000000,0.00000000,0.00000000,0.00000000,0.13577680,0.00000000,0.00000000,0.00788988,0.00000000,0.00000000,0.00000000,0.04238498,1.81859891,0.00000000,0.00000000,0.00912467,0.00000000,0.00000000,0.01049283,0.01232348,0.40807632,0.00000000,0.00000000,0.00000000,0.00000000,0.00000000,0.00000000,0.00000000,0.00872495,0.00000000,0.00000000,0.00000000,0.00000000,0.00000000,0.00000000,0.00000000,0.00513539,0.00000000,0.00000000,0.00000000,0.01919334,0.02708913,1.01615951,0.00000000,0.00000000,0.83750384,0.11841185,0.00711707,0.00000000,0.00000000,0.00000000,0.00000000,0.00104634,0.00000000,0.00000000,0.03810463,0.00000000,0.08186665,0.00345680,0.00000000,0.00000000,0.00000000,0.00000000
0.00000000,0.11506806,0.00000000,0.00000000,0.00000000,0.00000000,0.15118471,0.00000000,0.00000000,0.01830116,0.00000000,0.00000000,0.00000000,0.00000000,0.00000000,0.00000000,0.00000000,0.02419665,0.00000000,0.00000000,0.00000000,0.00000000,0.00000000,0.26914016,0.00000000,0.00000000,0.54664244,0.00229681,0.07651625,0.00000000,0.00000000,0.00000000,0.00755290,0.00000000,0.00000000,0.00000000,0.00000000,0.00000000,0.00000000,0.00000000,0.01102568,0.00197130,0.01717604,0.00000000,1.51443800,0.00000000,0.00000000,0.05215294,0.00000000,0.03038375,0.00000000,0.00000000,0.00000000,0.00000000,0.00212944,0.00000000,0.00000000,0.00000000,0.53270490,0.00000000,0.06294316,0.00000000,0.00644718,0.00000000,0.00000000,0.01536132,0.00000000,0.00000000,0.00099507,0.00000000,2.91780713,0.00348172,0.00337391,0.00000000,0.07498019,0.00000000,0.00000000,0.58221462,0.00000000,0.00000000,0.00000000,0.80436054,0.07242484,0.00000000,0.00000000,0.01345566,0.00000000,0.00000000,0.00000000,0.00849616,0.57102970,0.01856125,4.17438322,0.01553313,0.00000000,0.00000000,0.00000000,0.00515305,0.00761877,0.00000000,0.06850252,0.00000000,0.00000000,0.00000000,0.00000000,0.00000000,0.00000000,0.02288882,0.00000000,0.00000000,0.00000000,0.10349168,0.00000000,0.46909984,0.01190342,0.00000000,0.00000000,5.11972657,0.00000000,0.00000000,0.00000000,0.12355522,0.00000000,0.06197536,0.00000000,0.00000000,0.00000000,0.00000000,0.02499651,0.00503984,0.00000000,0.00000000,0.00000000,0.00000000,0.00000000,0.00000000,0.00000000
0.00000000,0.00000000,0.06182818,0.00000000,0.00000000,0.00000000,0.50985273,0.00000000,0.00000000,0.00000000,0.02363739,0.26254069,0.86886519,0.00000000,0.00000000,1.08591916,0.00534697,0.00000000,0.00000000,0.00000000,0.00000000,0.00000000,0.00000000,0.00000000,0.71570932,0.00102990,0.09212740,0.04367544,0.00000000,0.00000000,0.00000000,0.00000000,0.00000000,0.00000000,0.00000000,1.10171065,0.00345611,0.00000000,0.00670597,0.11244089,0.00000000,0.00000000,0.24099810,0.00000000,0.04462474,0.02655260,0.00000000,0.00000000,0.00000000,4.79586809,0.00000000,0.00000000,0.00000000,0.00000000,0.00000000,0.11109435,0.00000000,0.00472500,0.00000000,0.00000000,0.10350094,0.00000000,0.00000000,0.00000000,0.12135984,0.00000000,0.00000000,0.01219158,0.00000000,0.00000000,0.00000000,0.00878422,0.00000000,0.00000000,0.00000000,0.00181801,0.01223083,0.00000000,0.09919220,0.00000000,0.00000000,0.38428189,0.00000000,0.25855655,0.00000000,0.00000000,0.24809740,0.00000000,0.00551114,0.00000000,0.00000000,0.00000000,0.06797125,0.00000000,0.00000000,0.00000000,0.00000000,0.00000000,0.00172833,0.00000000,0.01500086,0.00000000,0.00000000,0.00000000,0.00000000,0.06037320,0.35802937,0.23795764,0.00000000,0.00000000,0.00000000,0.00917806,0.96727776,0.00000000,0.00126670,0.00000000,0.00000000,0.00000000,0.00000000,0.00000000,0.00000000,0.01760043,0.00000000,0.00000000,0.00000000,0.00364102,0.00000000,0.29819180,0.00000000,0.00000000,0.00000000,0.00401539,0.06933158,0.00000000,0.00000000,0.00000000,0.00000000
0.00000000,0.00000000,0.76345649,0.00000000,0.00000000,6.19475103,0.11437439,0.75496547,0.00000000,0.00000000,0.01007863,0.00000000,0.00000000,0.00000000,0.00000000,0.00000000,0.00000000,0.00000000,0.02846409,0.00000000,0.00000000,0.00000000,0.00000000,0.41186928,0.00000000,0.00000000,0.00372989,0.00000000,0.01020122,0.00000000,0.00000000,0.66930321,0.15521419,0.02386745,0.00000000,0.00000000,0.18741917,0.09434841,0.00000000,0.00000000,1.43411052,0.00000000,0.00000000,0.00000000,0.00000000,0.00000000,0.00000000,0.00000000,0.24851631,0.00211483,0.00000000,0.00921704,0.34002328,0.07725966,0.04598571,0.00000000,0.21449978,0.00000000,0.00000000,0.00000000,0.00000000,0.00000000,0.00922320,0.00000000,0.04213438,0.00000000,0.08389641,0.00000000,0.00000000,0.00000000,0.00000000,0.00000000,0.08840492,0.00000000,0.00000000,0.00000000,0.00000000,0.00000000,0.00818256,0.00000000,0.00000000,0.00000000,0.06276815,0.00905336,0.00000000,0.00448128,0.00000000,0.00000000,0.00000000,0.49629286,0.00000000,0.00000000,0.07544641,0.00000000,0.00000000,0.00000000,0.00000000,0.00000000,0.00000000,0.00000000,0.00000000,0.00000000,0.00000000,0.00642592,0.00000000,0.00000000,0.00000000,1.07675955,0.00000000,0.01972403,0.00000000,0.17561630,0.00852713,4.17438322,0.00000000,0.00917618,0.01800479,0.00000000,0.03542308,0.00000000,0.00000000,0.00000000,0.00000000,0.00698850,0.01893997,0.00000000,0.00000000,0.00000000,1.12717779,0.00000000,0.00000000,0.00000000,0.00000000,0.00000000,0.14935769,0.00000000,0.00452493
0.00000000,1.09924600,0.00000000,0.00000000,0.00000000,0.03259478,0.00000000,0.00000000,0.00000000,1.03914009,0.00000000,0.00000000,0.00000000,0.00912467,0.00000000,0.09517227,0.00000000,0.00000000,0.00000000,0.00000000,0.00000000,0.00000000,0.00000000,0.00000000,0.00000000,2.10176866,0.00000000,0.00000000,0.00832570,0.00000000,0.00000000,0.00000000,0.00528424,4.92937300,0.01936250,0.11700453,0.00000000,0.31785550,0.00000000,0.00423947,0.00000000,0.00518095,0.00000000,0.02226061,0.00000000,0.00000000,0.00000000,0.00000000,5.32296301,0.00000000,0.00000000,0.02650802,0.00000000,0.00000000,0.00000000,0.08384686,0.00000000,0.00000000,0.00000000,0.00000000,0.00000000,0.00000000,0.00000000,0.00073626,0.00000000,0.00000000,0.01036199,0.00000000,0.00000000,0.00000000,0.00000000,0.58728978,0.00000000,0.00000000,0.00000000,0.06520107,0.00000000,0.00000000,0.00529870,0.00000000,0.00000000,0.00110270,0.00000000,0.00000000,0.00000000,0.00355502,0.00000000,0.00000000,0.07440737,0.00000000,0.00000000,0.00000000,0.00000000,0.00000000,34.96962877,0.00000000,0.00000000,0.02874021,0.00995169,0.00000000,0.00165741,0.00000000,0.00000000,0.00000000,0.74048798,0.00000000,0.00107366,0.01000620,0.00000000,0.00000000,0.01097601,0.00000000,0.02864263,0.00000000,0.01836890,0.00000000,0.00000000,0.55899225,0.00000000,0.53270490,0.00225519,0.00175517,0.07228406,0.00446075,0.00000000,0.00000000,0.00000000,0.00000000,0.48021975,0.00000000,0.47678997,0.00000000,0.00486982,0.00000000,0.03626390,0.00000000,0.00000000
0.00000000,0.00000000,0.00000000,0.00135687,0.00000000,0.00000000,0.00000000,0.00000000,0.00331835,0.00000000,0.00000000,3.29863436,0.00000000,0.00000000,3.81494491,0.41500663,0.00000000,0.00000000,0.00000000,0.26914016,0.00000000,0.41186928,0.00000000,0.00000000,2.70003680,0.00000000,0.00000000,0.00000000,0.04403804,0.00000000,0.00000000,0.29188449,0.00000000,0.00000000,0.00000000,0.00000000,0.03933986,0.00000000,0.00000000,0.00000000,0.00924914,0.00000000,0.00585163,0.10144958,0.00000000,0.00000000,0.36343186,0.73074433,0.00000000,0.00000000,0.00000000,0.00000000,0.08802792,0.00977180,0.09203202,0.00000000,0.02685720,0.00000000,0.00000000,0.00971472,0.00000000,0.00000000,0.00000000,0.02238161,0.00000000,0.00000000,0.00000000,0.00000000,0.00000000,0.55347572,0.00000000,0.00000000,0.78072523,0.00072681,0.00000000,0.00000000,0.00000000,0.15015280,0.00000000,0.00000000,0.06447494,0.05073137,0.04068288,0.00000000,0.00000000,0.00000000,0.14540143,0.00000000,0.00000000,6.82993342,0.22123672,0.00678445,0.00000000,0.00000000,0.00000000,0.00000000,0.00000000,0.00000000,0.00672332,0.01419225,0.00164665,0.00129332,1.81053347,0.00000000,0.01701911,0.00000000,0.00000000,0.00000000,0.00000000,0.00000000,0.00000000,0.00000000,0.00000000,0.00000000,0.00000000,0.00000000,0.00000000,0.00000000,0.00000000,0.00000000,0.00000000,0.00000000,0.90086075,0.00000000,0.00000000,0.00000000,0.01529263,0.00000000,0.00000000,0.00000000,0.04595725,0.00000000,4.11112371,0.03686110,0.00000000,0.69482961,0.00552655
0.00000000,0.00000000,0.09351833,0.01948477,0.00000000,0.07423428,0.00000000,0.00000000,2.09651309,0.00000000,0.00000000,0.00000000,0.00000000,0.00000000,0.03497138,0.00000000,0.00109809,0.00654171,0.06294316,0.00000000,0.71570932,0.00000000,0.00000000,2.70003680,0.00000000,0.00000000,0.00000000,0.00000000,4.46729864,0.00934357,0.46525003,0.00000000,0.00000000,0.00000000,0.00000000,0.00000000,0.00000000,0.08597085,0.02128003,0.00000000,0.00000000,0.00000000,0.00000000,0.00000000,0.00000000,0.00000000,0.01039348,0.01735593,0.00000000,0.00000000,0.04603866,0.07002903,0.04099477,0.00000000,0.00000000,0.00000000,0.00000000,0.00000000,0.05183980,0.00000000,0.00000000,0.00000000,0.00000000,0.00000000,0.01750392,0.00000000,0.01582738,0.00000000,1.51891703,0.00000000,0.00000000,0.00000000,1.03573483,0.00000000,0.00897680,0.00000000,0.01715164,0.33538721,0.00000000,0.00000000,3.27891245,0.00000000,0.00000000,0.00000000,0.09860862,0.00000000,0.00000000,0.00000000,0.00000000,0.00000000,0.00000000,0.00000000,0.00000000,0.00000000,0.66345236,0.04475459,0.03420075,0.02451135,0.00000000,0.18876911,0.00000000,0.00000000,0.05545052,0.00000000,0.00000000,0.00000000,0.00211356,0.00000000,0.00000000,0.00000000,0.00000000,0.00000000,0.00000000,0.00000000,0.00000000,0.00000000,0.01010055,0.00699447,0.18191144,0.00000000,0.00000000,0.00380325,0.00190086,0.00000000,0.00000000,0.00000000,0.00000000,0.16828404,0.00000000,0.00258382,0.00000000,0.00000000,0.71943726,0.00000000,0.00000000,0.00000000,0.13487107
0.02008067,0.00000000,0.01160046,0.00000000,0.00000000,0.41550988,4.98415400,0.00946362,0.00000000,0.73714352,0.29503044,0.41631657,0.00000000,0.00000000,0.00114397,0.00000000,0.01006554,0.00000000,0.00000000,0.00000000,0.00102990,0.00000000,2.10176866,0.00000000,0.00000000,0.00000000,0.00330786,0.02582334,0.00000000,0.05002148,0.00000000,0.00241050,0.00401539,0.11757903,0.00000000,0.00000000,0.00000000,0.00000000,0.00000000,0.00000000,0.07816201,0.01374576,0.04115818,0.00000000,0.00000000,0.14664254,0.00000000,0.00677461,0.00000000,0.51558796,0.00000000,0.00000000,0.04052262,0.00000000,0.00000000,0.00000000,1.10520316,0.00000000,0.00000000,0.00000000,0.00000000,0.00000000,0.07404457,0.00000000,3.31141480,0.00000000,0.00000000,0.00000000,0.15685525,0.00000000,0.46634993,0.00000000,0.00000000,0.00000000,0.00449716,0.00000000,0.00000000,0.00000000,0.76521630,0.14353970,0.00000000,0.00000000,0.00000000,0.00000000,0.00000000,0.00000000,0.00000000,0.03512494,0.09589668,0.00000000,0.00000000,0.05843968,0.00000000,0.00000000,0.00948230,0.00000000,0.00000000,0.00000000,0.00000000,0.00000000,0.03136480,0.00000000,0.00575528,0.01491725,0.00000000,0.00000000,0.00000000,0.00000000,0.00367362,0.66950946,0.00000000,0.00000000,0.00000000,0.01345566,0.00000000,0.00000000,0.00000000,0.00000000,0.00000000,2.94725142,0.00000000,0.00000000,0.00000000,0.00000000,0.00000000,0.00000000,0.00000000,0.00000000,0.00000000,0.00000000,0.00000000,0.00000000,0.00452942,0.00000000,0.00129332,0.00000000,0.00000000
0.00000000,0.00000000,1.38508773,0.00000000,0.73963437,0.00000000,0.00000000,0.00000000,0.00000000,0.00000000,0.00000000,1.17470707,0.00000000,0.00000000,0.00000000,0.01345643,0.00000000,0.00000000,0.00000000,0.54664244,0.09212740,0.00372989,0.00000000,0.00000000,0.00000000,0.00330786,0.00000000,0.00000000,0.00000000,0.00000000,0.00000000,0.00000000,0.00172833,0.00757878,0.00000000,0.00000000,0.00000000,0.00000000,0.00985276,0.01705857,0.00000000,0.00000000,0.03121496,0.00000000,0.09035208,0.00000000,0.00000000,0.00000000,0.25448669,0.00595561,0.00000000,0.00000000,0.00000000,0.00000000,0.00000000,0.00000000,0.00000000,0.01153848,0.00279790,0.00497387,0.00000000,0.00000000,0.00000000,0.00000000,0.00000000,0.00000000,0.01700450,1.03573483,0.00000000,0.00000000,0.00000000,0.00000000,0.00000000,0.07255343,0.00000000,0.00000000,0.00000000,0.00000000,0.24134143,0.00000000,0.00000000,0.62331331,0.00000000,0.05938007,0.01797352,0.03864069,0.03686110,0.00000000,0.57414093,0.37258463,0.00000000,0.22855621,0.00000000,2.52174265,0.40471954,0.00000000,0.00000000,0.02805915,0.00000000,0.00000000,0.00000000,0.05843968,0.00000000,0.00000000,0.00000000,0.00000000,1.32186592,0.00000000,0.06761108,0.00000000,0.07263565,0.00000000,0.00000000,0.00000000,0.00000000,0.00000000,0.09142463,0.00000000,0.03648995,0.00000000,0.00000000,0.06650312,0.00000000,0.00000000,0.12655890,0.00000000,0.00000000,4.45452653,0.00840973,0.00000000,0.30288321,0.03259478,0.00000000,0.00000000,0.00000000,0.00000000,0.00000000
0.00000000,0.00439567,0.00000000,0.19703643,0.00000000,3.50076172,0.31606789,0.00000000,0.51197528,0.00000000,0.05168717,0.00000000,0.87284409,0.00000000,0.00000000,0.00000000,0.00000000,0.00000000,22.23358109,0.00229681,0.04367544,0.00000000,0.00000000,0.00000000,0.00000000,0.02582334,0.00000000,0.00000000,0.00000000,0.00000000,0.00955890,0.00000000,0.00000000,0.03365633,0.10857051,0.01715164,0.01553313,0.00000000,0.00000000,0.00000000,0.00000000,0.00000000,0.00000000,0.00000000,0.01150843,0.00000000,0.00341803,0.00000000,0.00000000,0.00000000,0.00000000,3.81494491,0.00000000,0.00000000,0.01065720,0.02414441,0.00000000,0.00000000,0.00000000,0.00204720,0.04603866,0.03763508,0.00363054,0.00000000,0.00000000,0.00000000,0.00000000,0.00000000,0.14083119,0.00000000,0.00000000,0.00000000,0.00000000,0.00000000,0.00000000,0.00000000,0.00000000,0.00000000,0.01273031,0.00000000,0.00000000,0.00069356,0.00000000,0.00000000,0.00000000,0.00000000,0.73074433,0.00000000,0.01536132,0.01469005,0.11363031,0.00000000,0.00170488,0.00000000,0.00000000,0.00000000,0.00000000,0.00000000,0.00736610,0.00000000,0.00000000,0.04052262,0.00000000,0.00000000,0.00933932,0.13846373,0.00000000,0.00000000,0.00000000,0.00647386,4.33880668,0.00000000,0.00000000,0.00000000,0.00000000,0.00000000,0.00000000,0.03352434,0.00000000,0.00000000,0.00000000,0.00000000,0.00485939,0.01406089,0.00000000,0.00000000,0.00000000,0.00000000,0.00000000,0.01897357,0.00000000,0.00000000,0.00000000,0.00000000,0.21786639,0.06487714,1.16947385
0.00000000,0.00000000,0.00000000,0.19140052,0.00201963,0.00000000,1.11048405,0.02584068,0.00000000,0.00000000,0.00000000,0.00000000,0.00000000,0.00000000,0.00000000,0.00000000,0.15881825,0.00000000,0.06192848,0.07651625,0.00000000,0.01020122,0.00832570,0.04403804,4.46729864,0.00000000,0.00000000,0.00000000,0.00000000,0.07202558,0.00000000,0.00000000,0.00000000,0.00000000,0.00000000,0.00000000,0.00222366,0.00540117,0.03950593,0.00000000,0.00000000,0.34882691,0.00000000,0.00000000,0.00000000,0.00000000,0.00000000,0.00000000,0.00000000,0.00000000,0.00000000,4.34518215,0.00000000,0.00000000,0.56250390,0.00000000,0.00000000,0.00000000,0.06369822,0.58351974,0.00117477,0.02577248,0.00000000,0.00000000,0.00000000,0.00000000,0.00000000,0.00000000,0.04682501,0.00000000,0.00000000,0.22223975,0.00000000,0.00262858,0.00000000,0.00000000,0.00000000,0.00000000,0.00000000,0.00000000,0.06696568,0.00000000,0.00000000,0.00000000,0.00000000,0.00000000,0.06257955,0.06644984,0.06656510,0.00000000,0.04104264,0.78392623,0.00000000,0.00000000,0.00095375,0.00000000,0.00000000,0.00000000,0.00000000,0.35975569,0.00000000,0.00000000,0.00000000,0.00000000,0.12821718,0.00000000,0.00000000,0.00109888,0.22037621,0.00686223,0.00000000,0.00092549,0.00000000,0.00000000,0.20844932,0.00000000,0.60432989,0.00000000,0.00837540,0.14091370,0.00000000,0.00000000,0.19330559,0.00000000,0.00000000,0.00000000,0.00000000,0.00000000,0.25270423,0.01113451,0.23013488,0.00000000,0.00000000,0.00000000,0.00000000,0.00000000,0.00000000
0.00000000,0.06836193,0.00000000,0.00000000,0.00000000,0.00000000,0.00000000,0.00000000,0.00000000,8.52395431,0.15028419,8.87394457,0.00000000,0.00000000,0.08628841,0.01812617,0.00000000,0.00000000,0.00000000,0.00000000,0.00000000,0.00000000,0.00000000,0.00000000,0.00934357,0.05002148,0.00000000,0.00000000,0.07202558,0.00000000,0.45892080,0.00000000,0.00000000,0.00000000,0.00000000,0.00000000,0.03044284,0.00000000,0.00000000,0.03147159,0.00000000,0.00000000,0.00000000,0.00000000,0.00712795,0.00000000,0.00000000,0.00000000,0.30306098,0.00000000,0.04255376,0.00000000,0.00943071,1.65708320,0.04256377,0.34124686,0.03974124,0.00298019,0.00000000,0.00000000,0.00211356,0.00000000,0.00000000,0.00254930,0.00000000,0.00000000,0.00000000,0.46525003,0.00000000,0.00000000,0.08082735,0.00000000,0.00000000,0.00000000,0.00324412,0.00000000,0.00000000,0.03669514,0.00000000,0.00000000,0.00000000,0.00000000,0.00478932,0.01298470,0.21219331,0.00000000,0.00000000,0.00000000,0.00211856,0.00000000,0.00000000,0.01728031,0.00000000,0.00000000,0.00000000,0.00000000,0.00000000,0.00000000,0.00000000,0.00000000,0.00000000,0.00000000,0.00000000,0.00000000,0.34457893,0.00000000,0.00000000,0.00000000,0.00000000,0.00000000,0.16724938,0.00000000,0.00000000,0.00000000,0.00000000,0.00000000,0.00000000,0.01443146,0.00000000,0.24134143,0.00837540,0.02608215,0.00000000,0.00000000,0.00000000,0.01505306,0.00000000,0.00000000,0.00504247,0.01445523,0.00977112,0.00000000,3.56126774,0.02822447,10.07180781,0.00000000,0.00709283
0.00000000,0.00000000,0.00000000,0.00000000,0.00278642,0.00000000,0.00657929,2.09634766,0.00000000,0.00000000,0.04559635,0.00000000,0.00000000,0.00000000,0.00000000,0.00161591,0.00000000,0.00000000,0.00291822,0.00000000,0.00000000,0.00000000,0.00000000,0.00000000,0.46525003,0.00000000,0.00000000,0.00955890,0.00000000,0.45892080,0.00000000,0.00000000,0.00152940,3.39180411,0.00000000,0.00000000,0.95077054,0.00000000,0.00000000,0.00000000,0.00000000,0.00418530,0.03359477,0.00000000,0.00891387,0.11696083,0.00000000,0.00000000,0.00000000,0.00000000,0.00000000,0.00000000,0.00000000,0.00000000,0.00000000,0.78082127,0.00000000,0.28860116,0.00000000,0.00000000,0.08941792,0.01749711,0.00000000,0.00000000,0.00000000,0.00000000,0.04639894,0.00000000,0.00000000,0.00199811,0.00000000,0.06461041,0.00000000,0.00000000,0.00000000,0.00000000,0.00492589,0.00000000,0.00684516,0.04187282,0.01737541,0.00000000,0.00000000,0.00153899,0.00000000,0.00000000,0.00000000,0.00000000,0.00917806,0.00000000,0.00000000,0.32972941,0.00000000,0.00000000,0.00000000,0.57244314,0.00000000,0.00000000,0.03331013,0.00000000,0.00000000,0.00000000,0.00000000,0.00000000,0.00000000,0.00000000,0.00000000,0.00000000,0.40602195,0.00193767,0.37686126,0.00000000,0.27755953,0.00384190,0.01646682,0.00000000,0.00000000,0.00000000,0.19152790,0.00000000,0.00000000,0.00000000,0.59697063,0.00000000,0.02538735,0.00250952,0.00000000,0.00000000,0.00000000,0.00376970,1.03463697,0.00000000,0.00000000,0.00000000,1.47329884,0.00000000,0.02917293
0.00000000,0.33880522,0.00000000,0.00000000,0.00000000,0.01266843,0.00000000,0.00000000,0.00000000,0.00000000,0.00000000,0.00000000,0.58797834,0.00279335,0.00000000,0.01797477,0.00000000,0.00000000,0.03389075,0.00000000,0.00000000,0.66930321,0.00000000,0.29188449,0.00000000,0.00241050,0.00000000,0.00000000,0.00000000,0.00000000,0.00000000,0.00000000,0.32716926,5.53385703,0.00000000,0.00000000,0.06412040,0.00000000,0.00000000,0.00000000,0.00000000,0.03659371,0.00000000,0.00273111,0.00000000,0.00000000,12.65732925,0.05589608,0.04266850,0.00000000,0.03392327,0.04403804,0.00166692,3.65194751,0.00000000,0.15756423,0.00000000,0.00000000,0.00000000,0.00000000,0.00000000,0.00000000,0.00000000,0.01446674,0.00000000,0.14343471,0.00000000,0.00000000,0.23379572,0.09431199,0.00382945,0.00000000,0.00000000,0.00000000,0.00000000,0.00000000,0.12292872,0.00000000,0.00000000,0.00000000,0.07329300,0.00206373,0.00000000,0.00000000,0.00000000,0.00000000,0.00000000,0.00000000,3.16079555,0.00500100,0.00000000,0.00000000,0.12075255,0.00082023,6.93667513,0.00000000,0.00000000,0.01789117,0.01292589,0.00054596,0.00000000,0.00000000,0.07807714,0.00000000,0.00000000,0.00000000,0.00660602,0.00000000,0.00000000,0.00000000,0.08876109,0.00000000,0.00467054,0.00000000,0.00000000,0.00000000,0.00000000,0.00000000,0.00000000,0.00000000,0.00000000,1.12630106,0.00000000,0.11841185,0.00000000,0.00000000,0.00000000,0.29939142,0.00000000,0.00000000,0.00000000,0.00000000,0.00000000,0.00000000,0.00000000,0.00000000,0.86477230
0.00000000,0.00178600,0.00308464,0.00931318,0.00000000,0.00000000,0.00000000,0.00000000,0.00000000,0.00102990,0.00000000,0.04462474,0.00000000,0.00000000,0.00000000,0.00000000,0.06911216,0.00000000,0.00000000,0.00755290,0.00000000,0.15521419,0.00528424,0.00000000,0.00000000,0.00401539,0.00172833,0.00000000,0.00000000,0.00000000,0.00152940,0.32716926,0.00000000,0.00000000,0.09919220,0.00000000,0.00000000,0.00000000,0.01491725,0.00000000,0.00000000,0.04367544,0.00000000,0.00000000,0.00181801,0.00000000,0.00000000,0.00000000,0.00000000,0.02687099,5.16468520,0.00000000,0.00000000,0.11109435,0.06037320,0.00000000,0.00000000,0.00000000,0.00000000,0.00000000,0.00000000,0.00545406,0.00000000,0.00000000,0.10350094,0.00000000,1.10171065,2.73294128,0.00000000,0.03015973,0.00888513,0.00645463,0.00000000,0.00000000,0.00000000,0.00000000,0.00000000,0.00000000,0.00000000,0.76521630,0.01805268,0.00000000,0.00000000,0.02102122,0.00000000,0.46886463,0.00000000,0.35802937,0.00000000,0.00000000,0.00000000,0.04686817,0.00000000,0.00000000,0.00000000,0.00000000,0.00000000,0.00878422,0.01219158,0.01223083,0.00000000,0.00635495,0.00000000,0.00000000,0.00000000,0.00000000,0.00000000,0.00000000,0.00000000,0.00000000,0.00000000,1.08591916,0.00000000,0.03747199,0.37907604,0.00000000,0.00000000,0.00000000,0.06268292,0.00000000,0.01144784,0.00000000,0.24809740,0.00000000,0.00000000,0.00000000,0.17547487,0.00000000,0.00000000,0.00000000,0.00000000,0.00000000,0.00000000,0.00388104,0.00000000,0.00000000,0.00000000
0.00000000,0.00000000,0.00000000,0.00000000,0.00000000,0.00000000,0.72684074,1.45931660,0.00000000,0.00000000,0.00000000,0.00347255,0.00000000,0.01830323,0.00000000,0.00000000,0.02419665,0.02874021,0.00000000,0.00000000,0.00000000,0.02386745,4.92937300,0.00000000,0.00000000,0.11757903,0.00757878,0.03365633,0.00000000,0.00000000,3.39180411,5.53385703,0.00000000,0.00000000,0.19860628,0.00000000,0.00335742,0.00000000,0.00000000,0.00000000,0.00000000,0.89137424,0.00000000,0.00000000,0.00000000,0.00279335,0.00000000,0.00000000,0.01762863,0.03456521,0.00000000,0.00000000,0.00000000,0.00515305,0.00000000,3.63371260,0.00000000,0.00000000,0.26485775,0.07364669,0.09351833,0.00000000,0.05321404,0.00000000,0.10092172,0.00000000,0.00000000,0.00000000,0.52707551,0.00000000,0.00000000,0.00000000,0.00000000,0.00000000,0.00000000,0.00000000,0.00000000,0.00000000,0.00388104,0.00452068,5.73438795,0.00477824,0.00000000,0.03475175,0.00000000,1.97808153,0.00000000,1.32536353,0.00000000,0.00000000,0.12906345,0.00000000,0.00691116,0.00000000,0.00000000,0.00000000,0.00000000,0.00000000,0.00000000,0.00000000,0.00000000,0.14615017,0.00000000,0.00000000,0.02271280,0.01292577,0.00000000,0.00000000,0.00000000,0.00000000,0.00000000,0.00000000,0.00000000,0.00000000,0.00000000,6.70650112,0.00000000,0.00000000,0.00000000,0.00000000,0.00000000,0.14702450,0.00135390,0.00924699,0.02173964,0.00000000,0.00000000,0.00000000,0.00000000,0.00000000,0.00000000,0.00000000,0.00000000,0.00000000,0.00000000,0.18611691,0.00630494
0.00000000,0.00000000,0.00000000,0.00000000,0.00000000,0.07582435,0.00000000,0.00000000,0.01092106,0.00000000,0.01045112,0.01513405,0.00000000,0.00000000,0.03093437,0.00985624,0.00000000,0.00000000,0.00000000,0.00000000,0.00000000,0.00000000,0.01936250,0.00000000,0.00000000,0.00000000,0.00000000,0.10857051,0.00000000,0.00000000,0.00000000,0.00000000,0.09919220,0.19860628,0.00000000,2.09651309,0.00000000,0.00000000,0.00000000,0.00000000,0.00000000,0.00000000,0.00000000,0.00000000,0.00000000,0.00220041,0.00000000,0.13375745,0.00000000,0.00000000,0.00000000,0.00000000,5.17122428,0.00000000,1.22052335,0.00000000,0.00000000,3.37543547,0.01684881,0.10662859,0.00000000,0.00000000,0.00000000,0.00000000,0.00000000,0.00000000,0.00000000,0.00000000,0.00000000,0.11195101,0.01098987,0.00316059,0.00000000,0.02696370,0.00000000,3.40105923,0.21988959,0.00000000,0.00000000,0.00000000,0.00000000,0.00000000,0.00000000,0.00000000,0.00000000,0.00170627,0.36343186,0.00000000,0.02612100,0.03648995,0.00000000,0.06941083,0.10277346,0.00000000,0.01167554,0.00000000,0.00000000,0.00000000,0.00000000,0.04901783,0.00000000,0.00000000,0.00000000,0.00000000,0.00000000,0.03794577,0.00000000,0.00000000,0.00000000,0.00000000,0.01337472,0.09589668,0.00180017,0.00000000,0.17175252,0.00000000,0.14544028,0.00742474,0.00000000,0.00000000,0.00108930,0.00000000,0.00000000,0.00000000,0.00000000,0.00000000,0.19934322,0.00000000,0.00000000,0.00000000,0.24541992,0.00000000,0.02388346,0.00000000,0.01997464,0.05895214,0.01042941
4.97606206,0.69043921,0.00000000,0.10729117,0.00000000,0.24418622,0.00000000,0.00000000,0.00000000,0.00000000,0.00000000,0.00000000,0.00000000,0.00920873,0.00000000,0.00000000,0.00000000,0.00000000,0.96352644,0.00000000,1.10171065,0.00000000,0.11700453,0.00000000,0.00000000,0.00000000,0.00000000,0.01715164,0.00000000,0.00000000,0.00000000,0.00000000,0.00000000,0.00000000,2.09651309,0.00000000,0.01039348,0.00190086,0.00000000,0.00000000,0.00000000,0.00000000,0.00000000,0.00000000,0.00000000,0.17479680,0.00000000,0.00000000,0.22050182,0.00000000,0.00121651,0.41500663,0.00000000,0.00000000,0.00000000,0.00000000,3.27891245,0.00000000,0.00000000,0.00755706,0.03497138,0.00000000,0.25618667,0.00897680,0.00000000,0.00000000,0.33538721,0.00000000,0.00000000,0.00000000,0.08597085,0.00000000,0.00000000,0.00000000,0.00000000,0.00258382,0.00380325,0.00000000,0.00000000,0.00000000,0.06068884,0.00000000,0.00000000,0.00000000,0.00000000,0.01750392,0.00000000,0.12291236,0.11942851,1.51891703,0.00000000,0.00000000,0.05545052,4.12891654,0.00440529,0.00000000,0.00000000,0.89137424,0.00000000,0.01555337,0.68673120,0.03669514,0.11406167,0.00000000,0.00000000,0.00000000,0.00000000,0.00000000,0.00000000,0.01582738,0.00000000,0.00000000,0.10287725,0.00000000,0.00000000,0.00000000,0.16828404,0.09911972,4.45926285,0.00000000,0.18876911,0.00000000,0.00000000,0.00000000,0.00000000,0.00000000,0.00000000,0.00000000,0.68482003,0.00000000,0.00000000,0.01735593,0.00000000,0.00000000,0.00000000,0.00000000,0.00000000
0.00000000,0.06993945,0.00000000,0.00000000,0.00000000,0.00000000,0.00000000,0.00167969,0.00000000,0.00065043,0.03286698,0.00000000,0.00000000,0.00957924,0.00000000,0.00000000,0.00000000,0.00331574,0.15797278,0.00000000,0.00345611,0.18741917,0.00000000,0.03933986,0.00000000,0.00000000,0.00000000,0.01553313,0.00222366,0.03044284,0.95077054,0.06412040,0.00000000,0.00335742,0.00000000,0.01039348,0.00000000,0.00000000,0.00000000,0.00000000,0.20351883,0.00000000,0.00000000,0.01006554,0.00000000,0.00000000,0.00000000,22.83216919,0.00000000,0.00247453,0.01154714,0.26914016,0.00000000,0.00000000,0.00000000,0.00000000,0.00000000,0.00786949,0.02736718,0.00000000,0.00000000,0.15280986,0.00000000,0.00000000,0.00000000,0.00000000,0.00000000,0.00088981,0.00000000,0.00000000,3.25788766,0.00000000,0.01828978,0.00000000,0.00000000,0.00000000,0.00000000,0.00000000,0.00000000,0.00000000,0.00000000,0.00000000,0.00000000,0.00000000,0.00000000,0.00000000,0.55347572,0.00000000,0.04336524,0.00562014,0.84210960,0.00000000,0.00000000,0.01072572,0.00000000,0.00000000,0.00000000,5.53385703,1.14418046,0.00000000,0.00000000,0.00000000,0.00000000,0.32716926,0.00000000,0.00000000,0.01087267,0.00000000,0.00000000,0.00877155,0.00000000,0.00000000,0.00000000,0.00000000,0.00000000,0.00000000,0.00000000,0.00333131,0.00000000,0.00121127,0.00000000,0.00000000,0.16712791,2.02337535,0.00000000,0.00000000,0.00000000,0.06717584,0.00000000,0.00000000,0.00000000,0.15881825,0.00000000,0.00000000,0.01072572,0.00000000,0.00000000
0.00000000,0.00000000,0.77454857,0.00000000,0.00000000,0.00600310,0.00000000,0.00147465,0.18658345,0.00000000,0.09147939,0.00000000,0.18008022,0.13577680,0.00000000,0.00000000,0.01466773,0.00000000,0.00000000,0.00000000,0.00000000,0.09434841,0.31785550,0.00000000,0.08597085,0.00000000,0.00000000,0.00000000,0.00540117,0.00000000,0.00000000,0.00000000,0.00000000,0.00000000,0.00000000,0.00190086,0.00000000,0.00000000,0.00000000,0.12425734,0.00418430,0.00000000,0.00000000,0.00590397,0.00000000,0.44700559,0.02261093,0.00000000,0.00000000,0.02771656,0.00000000,0.00000000,0.00000000,0.00000000,0.01159049,0.00000000,0.00000000,0.00000000,0.00000000,0.32014805,0.00000000,0.00000000,0.02609024,0.00000000,0.00000000,0.00000000,0.00000000,0.00000000,0.00505878,0.00805366,4.30997187,0.00000000,0.00000000,0.00000000,0.00000000,0.00000000,0.18166638,0.00000000,0.00120534,0.00000000,0.00000000,0.00000000,0.00000000,0.00000000,0.00000000,0.00000000,0.00164665,0.00000000,0.00000000,0.00000000,0.00000000,0.00000000,0.00000000,0.00086216,0.00000000,0.00000000,0.00000000,0.00000000,0.00000000,0.00000000,0.49749136,0.00000000,0.00000000,0.00000000,0.00667510,0.21417835,0.00000000,0.00204000,0.00000000,0.00000000,0.17457665,0.00000000,0.09609676,0.00197130,0.00000000,0.00000000,0.00000000,3.30459738,0.00000000,0.00000000,0.00000000,0.04722166,0.00000000,0.00000000,0.02224625,0.00000000,0.00717616,0.05689096,0.00932378,0.00000000,2.12041075,0.00180901,0.00000000,0.00000000,0.65102123,0.05183467,0.00000000
4.34448646,0.00000000,0.01263589,0.00000000,0.00000000,0.00000000,0.00000000,0.00000000,0.00169884,0.00000000,0.00000000,0.00000000,0.09490354,0.00000000,0.00000000,0.00000000,0.00000000,0.00108833,0.00000000,0.00000000,0.00670597,0.00000000,0.00000000,0.00000000,0.02128003,0.00000000,0.00985276,0.00000000,0.03950593,0.00000000,0.00000000,0.00000000,0.01491725,0.00000000,0.00000000,0.00000000,0.00000000,0.00000000,0.00000000,0.00000000,0.00000000,0.00000000,0.00000000,0.00000000,0.00425138,0.00000000,0.00000000,0.00557254,2.76659746,0.00084576,0.00000000,0.00000000,0.00000000,0.25103753,0.00000000,0.00000000,0.00000000,0.00059344,0.00000000,0.00000000,0.24199044,0.00000000,0.00000000,0.00000000,0.00000000,0.00000000,0.00000000,0.00000000,0.00000000,0.09277214,0.00000000,0.00000000,0.00000000,0.07315962,0.00000000,0.00000000,0.00000000,0.00000000,0.03321527,0.03736566,0.00000000,0.21697603,0.00744420,0.00000000,0.02240364,0.00000000,1.03872981,0.00345240,0.00000000,0.00000000,0.00000000,0.04163870,0.08210100,0.00712795,0.34047687,0.00631205,0.00000000,0.00000000,0.00000000,0.00000000,0.00300294,0.05002148,0.17280708,0.00000000,0.00000000,0.00676297,4.15494794,0.00000000,0.00000000,0.00000000,0.00000000,0.00000000,0.00000000,0.00000000,0.29678619,0.00000000,0.00000000,0.00141878,0.01355748,0.00000000,0.01676483,0.12868061,0.00000000,0.01468259,0.00000000,0.00000000,0.00000000,0.41183736,0.00000000,0.11676905,0.00000000,0.00000000,0.00000000,0.29943276,0.00000000,0.00000000,0.23233890
0.15082696,0.00000000,0.00000000,0.02516202,0.00000000,0.00000000,0.30258662,0.00000000,0.00000000,0.00282060,0.57989880,0.00000000,0.00909761,0.00000000,0.00413657,0.00000000,0.00000000,0.00000000,0.59152492,0.00000000,0.11244089,0.00000000,0.00423947,0.00000000,0.00000000,0.00000000,0.01705857,0.00000000,0.00000000,0.03147159,0.00000000,0.00000000,0.00000000,0.00000000,0.00000000,0.00000000,0.00000000,0.12425734,0.00000000,0.00000000,0.00000000,0.00000000,0.00000000,0.00000000,0.00000000,0.00000000,0.08383251,0.00747473,5.13761436,0.00000000,0.16197520,0.00000000,0.00000000,0.00000000,0.00000000,0.00000000,0.00000000,0.00000000,0.00000000,1.12128729,0.15084767,0.06430332,0.00000000,0.00000000,0.00000000,0.00000000,0.00000000,0.06165997,0.00000000,4.79210137,0.00000000,0.00000000,0.00000000,0.00000000,0.28663058,0.00000000,0.00459781,0.00000000,0.00000000,0.00000000,0.00000000,0.17859747,0.00000000,0.00000000,0.00000000,2.03964566,0.03340117,0.00000000,0.00296020,0.00000000,0.00000000,0.05846299,0.00229164,0.00247453,0.22277949,1.30911322,0.02081655,0.00691116,0.05537159,0.00000000,0.00364378,0.05233092,0.00000000,0.11488010,0.00000000,0.00000000,0.15648512,0.00000000,0.00000000,0.00000000,0.00000000,0.00000000,0.00000000,0.00000000,0.06085583,0.00000000,0.09620264,0.00000000,0.00000000,0.24099810,0.00000000,0.00000000,4.90537393,0.00000000,0.00000000,0.01064346,0.00000000,0.00000000,0.00000000,0.00000000,0.00000000,0.00000000,0.00000000,0.00000000,0.00000000,0.00000000,0.00118424
0.00210340,0.00000000,0.04688203,0.25871947,0.01196764,0.18845938,3.88066506,0.00000000,0.00000000,0.00000000,4.17828771,0.00738837,0.03789317,0.50340225,0.00000000,0.00000000,0.00000000,0.00000000,0.00000000,0.01102568,0.00000000,1.43411052,0.00000000,0.00924914,0.00000000,0.07816201,0.00000000,0.00000000,0.00000000,0.00000000,0.00000000,0.00000000,0.00000000,0.00000000,0.00000000,0.00000000,0.20351883,0.00418430,0.00000000,0.00000000,0.00000000,0.00000000,0.00000000,0.00000000,0.00000000,0.00000000,2.77625530,0.00000000,0.08002625,0.00316001,0.19814814,0.00000000,0.00000000,0.00000000,0.00000000,0.00448686,0.00000000,0.00199644,0.00000000,4.06925901,0.00000000,0.00000000,0.17963759,0.00000000,0.24651179,0.00105402,0.00000000,0.04099477,0.11520083,0.05417643,0.00000000,0.17979532,0.00000000,0.00000000,0.00000000,0.00000000,0.05109345,0.00000000,0.00000000,0.00000000,0.00000000,0.00000000,0.00000000,0.05428131,0.00000000,0.00000000,0.00000000,0.09718577,0.00000000,0.21388608,0.00000000,0.00470899,0.00000000,0.00000000,0.70495925,0.00000000,0.00000000,0.00000000,0.00000000,0.00000000,0.00000000,0.00000000,0.32095452,0.00000000,0.00000000,0.00000000,0.00000000,0.00000000,0.02737754,0.00000000,2.67074171,0.01802220,0.00000000,0.00000000,0.08310557,0.01196764,0.07545695,0.00000000,0.00000000,0.00000000,0.00000000,0.00000000,0.00000000,0.00000000,0.00000000,0.00000000,0.02564127,0.00000000,0.04534696,0.00000000,0.00000000,0.00000000,0.00000000,0.00000000,0.00000000,0.04113358,0.00000000
0.00660602,0.00000000,0.00000000,0.00000000,0.00000000,0.00000000,0.00000000,0.23391169,0.00000000,0.00000000,0.00000000,0.00686898,0.00000000,0.00000000,0.00000000,0.00218670,0.00000000,0.46447893,0.00000000,0.00197130,0.00000000,0.00000000,0.00518095,0.00000000,0.00000000,0.01374576,0.00000000,0.00000000,0.34882691,0.00000000,0.00418530,0.03659371,0.04367544,0.89137424,0.00000000,0.00000000,0.00000000,0.00000000,0.00000000,0.00000000,0.00000000,0.00000000,0.00000000,0.00000000,6.66126391,1.23820000,0.00000000,0.00000000,0.00000000,0.00000000,0.00000000,0.00000000,0.00000000,0.03542308,0.00000000,0.00000000,0.02669175,0.07846199,0.00000000,0.00000000,0.00000000,0.00000000,0.00000000,0.01202994,0.00000000,0.00000000,0.00492461,0.00335050,0.00446075,0.00000000,1.39572023,0.15082696,0.01180836,0.00000000,0.00000000,0.11370319,0.01557259,0.02252314,0.00000000,0.00000000,2.02763658,0.00000000,0.29939142,0.00000000,0.00000000,0.04112499,0.00000000,0.43878342,0.00000000,0.04217300,3.50076172,0.16002429,0.00000000,0.00000000,0.00000000,0.00000000,0.37253692,0.00000000,0.00000000,0.00000000,0.04824836,0.00000000,0.00000000,0.00000000,3.35638772,0.00000000,0.00000000,1.69565846,0.00697552,0.00000000,0.00000000,0.00000000,0.00000000,0.00000000,0.00000000,0.00000000,0.33169344,0.00000000,0.00000000,0.00000000,0.00955914,0.01804156,0.00000000,0.00000000,0.01168890,0.00000000,0.00122986,0.19823736,0.00000000,0.00000000,0.00000000,0.00000000,0.00000000,0.00000000,0.00000000,0.00000000,0.00000000
0.14447366,1.46148487,0.10297289,0.00000000,0.00000000,0.62349552,0.01893607,0.04997782,0.44008891,0.00000000,0.02365413,0.00000000,0.00367362,0.17479680,0.00000000,0.00000000,0.00000000,0.00000000,0.00000000,0.01717604,0.24099810,0.00000000,0.00000000,0.00585163,0.00000000,0.04115818,0.03121496,0.00000000,0.00000000,0.00000000,0.03359477,0.00000000,0.00000000,0.00000000,0.00000000,0.00000000,0.00000000,0.00000000,0.00000000,0.00000000,0.00000000,0.00000000,0.00000000,0.14091370,0.35340777,0.01830323,0.00000000,0.00000000,0.20165265,0.00000000,0.00000000,0.00000000,0.00000000,0.00000000,0.00000000,0.00000000,0.00000000,0.00000000,0.05839591,14.40499996,0.00000000,0.00000000,0.00480616,0.06164338,0.00000000,0.00000000,0.00000000,0.04228014,0.13122599,0.00000000,0.00000000,0.00000000,0.00502358,0.00000000,0.00000000,7.86295668,0.00000000,0.00000000,0.00000000,0.00121127,0.00000000,0.00000000,0.25243573,0.00000000,0.00000000,0.00000000,0.00000000,0.00000000,0.00000000,0.00000000,0.00000000,0.00278786,0.00000000,0.00000000,0.00000000,0.00000000,0.00000000,0.86477230,0.08302919,0.00000000,1.32118528,0.00000000,0.00000000,0.00000000,0.66389020,0.00000000,0.00000000,0.00000000,0.00000000,2.94725142,0.01042602,0.00000000,0.00000000,0.00000000,0.00000000,0.00000000,0.00000000,0.00000000,1.86455876,0.00000000,0.00000000,0.00000000,0.00000000,0.00000000,0.30182154,0.00000000,0.00000000,0.32736145,0.00000000,0.06295354,0.00334668,0.95028296,0.25871947,0.04469060,0.00000000,0.00000000,0.00385802
0.00500100,0.00496459,3.40576671,0.00000000,0.00000000,0.00000000,0.00716006,0.05634167,0.00000000,0.00000000,0.00000000,0.00000000,0.00000000,0.14664254,0.24292123,0.00000000,0.00000000,1.33992963,0.00920873,0.00000000,0.00000000,0.00000000,0.02226061,0.10144958,0.00000000,0.00000000,0.00000000,0.00000000,0.00000000,0.00000000,0.00000000,0.00273111,0.00000000,0.00000000,0.00000000,0.00000000,0.01006554,0.00590397,0.00000000,0.00000000,0.00000000,0.00000000,0.14091370,0.00000000,0.00000000,0.00000000,0.00000000,0.02121691,0.08716701,0.00000000,0.09168961,0.78072523,0.00000000,0.00000000,0.00000000,0.00000000,0.00000000,0.00249199,0.00000000,0.00000000,0.00000000,2.43787113,0.00000000,0.00000000,0.00000000,0.11942851,0.00000000,0.00000000,0.00000000,4.23740000,0.00000000,0.00000000,0.00000000,0.00000000,0.00000000,0.00000000,0.00000000,0.00000000,0.00216181,0.00000000,0.00000000,0.04832908,0.00000000,0.00000000,0.00488070,0.00000000,0.22123672,0.00000000,0.00000000,0.00000000,0.46456655,0.00000000,0.00000000,0.00000000,0.84664253,0.01958204,0.09039172,0.00000000,0.00000000,0.13247964,0.18997341,0.00000000,0.00000000,0.00000000,0.00000000,0.01303312,0.00337151,0.00000000,0.02690753,0.01555337,0.00000000,0.00000000,0.00000000,0.07242484,0.00000000,0.06743606,0.08755276,1.60719923,0.00000000,0.00279790,0.00000000,0.00000000,0.01232348,0.00000000,0.00000000,4.11112371,0.00000000,0.04678696,0.00000000,0.00000000,0.00000000,0.00000000,0.00000000,0.00000000,0.00000000,0.00000000,0.01013315
0.02452418,0.00218670,0.00000000,0.00000000,0.00000000,0.51197528,0.00000000,0.00000000,0.00000000,0.08014194,0.20054443,0.05110075,0.00000000,0.02655260,0.00000000,0.00000000,0.00941422,0.00000000,0.00000000,1.51443800,0.04462474,0.00000000,0.00000000,0.00000000,0.00000000,0.00000000,0.09035208,0.01150843,0.00000000,0.00712795,0.00891387,0.00000000,0.00181801,0.00000000,0.00000000,0.00000000,0.00000000,0.00000000,0.00425138,0.00000000,0.00000000,6.66126391,0.35340777,0.00000000,0.00000000,0.00000000,0.00000000,0.00000000,0.00000000,0.00521335,0.00000000,0.00000000,0.00000000,0.07181203,0.00000000,0.00331807,0.00000000,0.00000000,0.00000000,0.00000000,0.13487107,0.01867422,0.00000000,0.00263960,0.00000000,0.00000000,0.00000000,0.00000000,0.00954431,0.00000000,0.00000000,0.00000000,0.00000000,0.00000000,0.38140742,0.01144593,0.00000000,0.00000000,0.00000000,2.52174265,0.00000000,0.01358044,0.00086216,0.19661059,0.60789415,0.00000000,0.00000000,0.00606410,0.00000000,0.00000000,0.00000000,0.00000000,0.00000000,0.00000000,0.00000000,0.00000000,0.00000000,0.00000000,0.00000000,0.00000000,0.00000000,0.02235261,0.00000000,0.00000000,0.00000000,0.00000000,0.00000000,0.00345307,0.00000000,0.00000000,0.00000000,3.16079555,0.00000000,0.00000000,0.00738684,0.01617318,0.00000000,0.00000000,0.00000000,0.00000000,0.00000000,0.00272001,0.02037894,0.00954431,0.00000000,0.00000000,0.00000000,0.00492461,0.00000000,0.00000000,0.71232752,0.00000000,0.00000000,0.03360902,0.04704852,0.00000000,0.01076916
0.00736610,0.00000000,0.50046739,0.25709979,0.00000000,0.00000000,0.01277851,0.00295237,0.00102109,0.00000000,0.00560911,0.00000000,0.00000000,0.00000000,0.00000000,0.00608121,0.00000000,0.00000000,0.00000000,0.00000000,0.02655260,0.00000000,0.00000000,0.00000000,0.00000000,0.14664254,0.00000000,0.00000000,0.00000000,0.00000000,0.11696083,0.00000000,0.00000000,0.00279335,0.00220041,0.17479680,0.00000000,0.44700559,0.00000000,0.00000000,0.00000000,1.23820000,0.01830323,0.00000000,0.00000000,0.00000000,0.00000000,0.00000000,0.75303665,0.00000000,0.00457261,0.00000000,0.00000000,0.00000000,0.00000000,0.00000000,0.00000000,0.00000000,0.00000000,0.00110791,0.00000000,0.04365812,0.00000000,0.05800505,0.00000000,0.00000000,0.22927131,0.00000000,0.00000000,0.00000000,0.00000000,0.00000000,0.00000000,0.02484049,0.07479962,0.00000000,0.03062973,0.00000000,0.00000000,1.09902760,0.00000000,0.00000000,0.07644930,0.00000000,0.00000000,0.00302452,0.00000000,0.00000000,0.00000000,0.00000000,0.00000000,0.50340225,0.46272378,0.00000000,0.00000000,0.00000000,0.00000000,0.00000000,0.00421655,0.00000000,0.00000000,0.01505306,0.00000000,0.00110775,0.01137094,0.00000000,0.00000000,0.00000000,0.02218660,0.00000000,0.57137091,0.00000000,0.00000000,0.00000000,0.01536419,0.00000000,0.00000000,0.00000000,0.00000000,0.44008891,0.00000000,0.00000000,0.14514984,0.00000000,0.00000000,0.00764761,0.05176327,0.00000000,0.00260399,0.06898369,0.01102150,0.00000000,0.00000000,0.06736153,0.00000000,0.00000000,0.00000000
0.00000000,0.00000000,0.00000000,0.00000000,0.00000000,0.00000000,0.00000000,0.00089605,0.01866431,0.00000000,0.00000000,0.00000000,1.43626403,0.00000000,0.00000000,0.00671215,0.00000000,0.00998900,0.00000000,0.00000000,0.00000000,0.00000000,0.00000000,0.36343186,0.01039348,0.00000000,0.00000000,0.00341803,0.00000000,0.00000000,0.00000000,12.65732925,0.00000000,0.00000000,0.00000000,0.00000000,0.00000000,0.02261093,0.00000000,0.08383251,2.77625530,0.00000000,0.00000000,0.00000000,0.00000000,0.00000000,0.00000000,0.00000000,0.00000000,0.00000000,0.00000000,0.00000000,0.00000000,0.00000000,0.00000000,0.00000000,0.28268129,0.00000000,0.01175980,0.00911804,0.31894086,0.00000000,0.00000000,0.00000000,0.00000000,0.08199844,0.00000000,6.59508820,0.04697567,0.00000000,0.00000000,0.00000000,0.00350849,0.00000000,0.02524948,0.00000000,0.00000000,0.00000000,0.00000000,0.00000000,0.07573384,0.00000000,0.04539303,0.00787540,0.11613379,0.01916269,0.00686643,0.00000000,0.00000000,0.00000000,0.00307419,0.32743779,0.00000000,0.00000000,0.00000000,0.00073041,4.97104570,0.14105347,0.00000000,0.00000000,0.00770057,0.00000000,0.00000000,4.26812092,0.00000000,0.00000000,0.00000000,0.04018026,0.00000000,0.00000000,0.00218709,0.00000000,0.00000000,0.04168273,0.00000000,0.00648739,0.00000000,0.09581813,0.00000000,0.37923961,0.00000000,0.42323476,0.00000000,0.00000000,0.11323290,0.05991706,0.02691335,0.00000000,0.00000000,0.00000000,0.14800092,0.00000000,0.15622493,0.00000000,0.00000000,0.00000000,0.00000000
0.00000000,0.00000000,0.00000000,0.20119481,0.00266036,0.00000000,0.00000000,0.02478807,0.00000000,0.00000000,0.00000000,0.00000000,0.01650847,0.00000000,0.00000000,0.00254022,0.00000000,0.00000000,0.14793103,0.05215294,0.00000000,0.00000000,0.00000000,0.73074433,0.01735593,0.00677461,0.00000000,0.00000000,0.00000000,0.00000000,0.00000000,0.05589608,0.00000000,0.00000000,0.13375745,0.00000000,22.83216919,0.00000000,0.00557254,0.00747473,0.00000000,0.00000000,0.00000000,0.02121691,0.00000000,0.00000000,0.00000000,0.00000000,0.00000000,0.00000000,0.00000000,0.00170462,2.68818752,0.00413724,0.00000000,0.00000000,0.02272720,0.00075608,0.00000000,0.00000000,0.06828454,0.00000000,0.00109912,0.59415596,1.49656469,0.02281652,0.01733762,0.00000000,0.00000000,0.00000000,0.01614464,0.18403391,0.00000000,0.00000000,0.00000000,0.00000000,0.00000000,0.00000000,0.00000000,0.00000000,0.00000000,0.00000000,2.45930930,0.00000000,0.00000000,0.00000000,0.00000000,0.00000000,0.00000000,0.00000000,0.00000000,0.00000000,0.00000000,0.00000000,0.00000000,0.00000000,0.01401361,0.01042941,0.00000000,0.03864069,0.00000000,0.00000000,0.00000000,0.03876167,0.00000000,0.01137498,0.00000000,0.00000000,0.00000000,0.24525130,0.00000000,0.00000000,0.00000000,0.11370319,0.28917225,0.00000000,0.00044757,0.00000000,0.00000000,0.00000000,0.00000000,0.00899700,0.00000000,0.13122599,0.04300222,0.00847745,0.00000000,0.00000000,0.00000000,0.00000000,0.46758016,0.04069565,0.19703643,0.00000000,0.00000000,0.00000000,0.00000000
0.00000000,0.00000000,0.00000000,0.00000000,0.00000000,0.00000000,1.38808606,0.00000000,0.00000000,0.00000000,0.40748936,0.00000000,0.00000000,0.00000000,0.00000000,0.00000000,0.00562014,0.08719648,0.00000000,0.00000000,0.00000000,0.24851631,5.32296301,0.00000000,0.00000000,0.00000000,0.25448669,0.00000000,0.00000000,0.30306098,0.00000000,0.04266850,0.00000000,0.01762863,0.00000000,0.22050182,0.00000000,0.00000000,2.76659746,5.13761436,0.08002625,0.00000000,0.20165265,0.08716701,0.00000000,0.75303665,0.00000000,0.00000000,0.00000000,0.00000000,0.37605104,0.00000000,0.38828682,0.00000000,0.00000000,0.00301433,0.00000000,0.00000000,0.00000000,0.00000000,0.00000000,0.00000000,0.82876431,0.00000000,0.00000000,0.62674093,0.00000000,0.00079481,0.00000000,0.02110023,0.00000000,0.00000000,0.00127621,0.00000000,0.00000000,0.07634006,5.36444235,0.00000000,0.00000000,0.53140587,0.00000000,0.00000000,0.00518810,0.00000000,0.20129825,0.00000000,0.12994907,0.00000000,0.00262621,0.00000000,0.00000000,0.00000000,0.00000000,0.00000000,0.00000000,0.02206366,0.00000000,1.05969697,0.00000000,0.00000000,0.00000000,0.00000000,0.00000000,0.05564673,0.00000000,0.00000000,0.00000000,0.00000000,0.00225408,0.00000000,0.06100432,0.00000000,0.00000000,0.00000000,0.13288170,1.10544598,0.00910656,0.00000000,0.00000000,0.00000000,0.00000000,0.00000000,0.00000000,0.00000000,0.00000000,0.23876589,0.00000000,0.00000000,0.00000000,0.00000000,0.07920007,0.00146412,0.00000000,0.00000000,0.04005002,3.01245059,0.02998709
0.00000000,0.00000000,0.03620786,0.00000000,2.79782393,0.00000000,0.00149220,0.00000000,0.00000000,0.00000000,0.00000000,0.00000000,0.31149437,0.17029073,0.00000000,0.06836193,0.00000000,0.00000000,0.00957924,0.03038375,4.79586809,0.00211483,0.00000000,0.00000000,0.00000000,0.51558796,0.00595561,0.00000000,0.00000000,0.00000000,0.00000000,0.00000000,0.02687099,0.03456521,0.00000000,0.00000000,0.00247453,0.02771656,0.00084576,0.00000000,0.00316001,0.00000000,0.00000000,0.00000000,0.00521335,0.00000000,0.00000000,0.00000000,0.00000000,0.00000000,0.00000000,0.00000000,0.00000000,0.00000000,0.00000000,0.00696130,0.01234393,0.00000000,0.00000000,0.02580147,0.05183980,0.01471546,0.00000000,0.00000000,0.00000000,0.00000000,0.01299590,0.00000000,0.00537609,0.00000000,0.00000000,0.00000000,0.00000000,0.24175094,0.00000000,0.10242876,0.00170909,0.00000000,0.00000000,0.00000000,0.00000000,0.00000000,0.02802740,0.00000000,0.00000000,0.64975658,1.81053347,0.02317019,0.05642123,0.00000000,0.00000000,0.00000000,0.00000000,0.00000000,0.00000000,2.11842653,0.00123066,0.00000000,0.00000000,0.00000000,0.00000000,0.02252314,0.00000000,0.00000000,0.00000000,0.00000000,1.32543533,0.00000000,0.00000000,0.00000000,0.41853908,0.00000000,0.15022980,0.00000000,0.00000000,0.00532264,0.00000000,0.00000000,0.00000000,0.00000000,0.00000000,0.10301019,1.97895408,0.00000000,5.09862137,6.82993342,0.00000000,0.00000000,0.00000000,0.00000000,0.00000000,0.41550988,0.00000000,0.00000000,0.00000000,0.00000000,0.00000000
0.14394935,0.00000000,0.15143623,0.00000000,0.00099660,0.00000000,0.00000000,0.00000000,0.05239146,0.05222883,0.00000000,0.00000000,0.00000000,0.00000000,0.04190166,0.02253216,0.00000000,2.05077118,0.00000000,0.00000000,0.00000000,0.00000000,0.00000000,0.00000000,0.04603866,0.00000000,0.00000000,0.00000000,0.00000000,0.04255376,0.00000000,0.03392327,5.16468520,0.00000000,0.00000000,0.00121651,0.01154714,0.00000000,0.00000000,0.16197520,0.19814814,0.00000000,0.00000000,0.09168961,0.00000000,0.00457261,0.00000000,0.00000000,0.37605104,0.00000000,0.00000000,0.00000000,0.00000000,0.00000000,0.09226694,0.00000000,0.01099049,0.00000000,0.00000000,0.00000000,0.00000000,0.00000000,0.00517339,1.00577990,0.00000000,0.07898562,0.00000000,0.00000000,0.02277322,0.00354898,0.00000000,0.59940891,0.00209489,0.00000000,0.11198943,0.00000000,0.00000000,0.00000000,0.00572482,0.00000000,0.40993618,0.01233834,0.00000000,0.00000000,1.59059038,0.00000000,0.00000000,0.00949782,0.00000000,0.00000000,0.00000000,0.00000000,0.00000000,0.08014194,0.00000000,0.00000000,0.00000000,0.00000000,0.00000000,0.00000000,0.00000000,0.00000000,0.00000000,0.00000000,0.00000000,0.32210795,0.00000000,0.00000000,0.00000000,0.00000000,0.00000000,0.00000000,0.20928420,0.00000000,0.00000000,0.05245933,0.00092279,0.00000000,0.00000000,0.00000000,0.00000000,0.00000000,0.00000000,0.00000000,0.07802200,0.00101857,0.00895552,0.16896984,0.00000000,0.21267596,0.00151158,0.00000000,0.11406167,0.00000000,0.00000000,0.00000000,0.00000000
0.00000000,0.01884146,0.00000000,0.00000000,0.37441618,0.00000000,0.00000000,0.00000000,0.00678445,0.00000000,0.00000000,0.00124351,0.16447398,0.00000000,0.00000000,0.00000000,0.00000000,0.01529263,0.00000000,0.00000000,0.00000000,0.00921704,0.02650802,0.00000000,0.07002903,0.00000000,0.00000000,3.81494491,4.34518215,0.00000000,0.00000000,0.04403804,0.00000000,0.00000000,0.00000000,0.41500663,0.26914016,0.00000000,0.00000000,0.00000000,0.00000000,0.00000000,0.00000000,0.78072523,0.00000000,0.00000000,0.00000000,0.00170462,0.00000000,0.00000000,0.00000000,0.00000000,0.00000000,0.00924914,0.78904501,0.00000000,0.00000000,0.00000000,0.00000000,0.00000000,0.00000000,0.00734590,0.00000000,0.00000000,0.35195967,0.28920708,0.04595725,0.00000000,0.01468259,0.00000000,0.00000000,0.00000000,0.45800626,0.00000000,0.46861900,0.00000000,0.00000000,0.00000000,0.00000000,0.00000000,2.34548535,0.00000000,0.00552655,0.00000000,0.00072681,0.00000000,0.00000000,0.00000000,0.00000000,0.00000000,0.01701911,0.00000000,0.00000000,0.00000000,0.00000000,0.00000000,0.00000000,0.00000000,3.29863436,0.00000000,0.00000000,0.00000000,0.05073137,0.00645463,0.00960436,0.00135687,0.02238161,0.00000000,0.23893180,0.00000000,0.00000000,0.00262621,1.87929206,0.02564127,0.12940058,0.00000000,0.00000000,0.00000000,0.00000000,0.00000000,0.08802792,0.00000000,0.00585163,0.00000000,0.35034465,0.00000000,0.00000000,0.00000000,0.00475993,0.00000000,0.01819386,0.00000000,0.00000000,0.00000000,0.09203202,0.00000000,0.00000000
0.00000000,0.00000000,0.00000000,0.00000000,0.00000000,0.00472169,0.03456562,0.00000000,0.85629139,0.00383407,0.00332206,0.00000000,0.03283790,0.00000000,0.00000000,0.00000000,0.00000000,0.00000000,0.00000000,0.00000000,0.00000000,0.34002328,0.00000000,0.08802792,0.04099477,0.04052262,0.00000000,0.00000000,0.00000000,0.00943071,0.00000000,0.00166692,0.00000000,0.00000000,5.17122428,0.00000000,0.00000000,0.00000000,0.00000000,0.00000000,0.00000000,0.00000000,0.00000000,0.00000000,0.00000000,0.00000000,0.00000000,2.68818752,0.38828682,0.00000000,0.00000000,0.00000000,0.00000000,0.00554818,0.00000000,0.00000000,2.57182125,0.00000000,0.05845882,0.00000000,0.66345236,0.00000000,0.00492134,0.35975569,0.00000000,0.00000000,0.00000000,0.00000000,0.00000000,0.00000000,0.01884146,0.00085374,0.03435299,0.00000000,0.00000000,0.00000000,0.00000000,0.00000000,0.00635495,0.00000000,0.04225209,0.00000000,0.29174709,0.00000000,0.00000000,0.00000000,0.00000000,0.19615544,0.00000000,0.00000000,3.01882702,0.00000000,0.00387353,0.00000000,0.00000000,0.00000000,0.00000000,0.00000000,0.00000000,0.00369211,0.00000000,0.00000000,0.02388346,0.00000000,0.00000000,0.00918202,0.00000000,0.00437222,0.00000000,0.00000000,0.00000000,0.00000000,0.00000000,0.00000000,0.00000000,0.52625936,0.00000000,0.00125645,0.00000000,0.26485775,1.16678878,0.00000000,4.12891654,0.00000000,0.00000000,0.00000000,0.00000000,0.03846845,0.00278642,0.00400083,0.03399449,0.00427080,0.00000000,0.00000000,0.02452418,0.00182413,0.00000000
0.03659371,0.02058864,0.00000000,3.56126774,0.00000000,0.85629139,0.00000000,0.00000000,0.00000000,0.00000000,0.00000000,0.00303884,0.00161839,0.00000000,0.00315423,0.00000000,0.00000000,0.00000000,0.00000000,0.00000000,0.00000000,0.07725966,0.00000000,0.00977180,0.00000000,0.00000000,0.00000000,0.00000000,0.00000000,1.65708320,0.00000000,3.65194751,0.11109435,0.00515305,0.00000000,0.00000000,0.00000000,0.00000000,0.25103753,0.00000000,0.00000000,0.03542308,0.00000000,0.00000000,0.07181203,0.00000000,0.00000000,0.00413724,0.00000000,0.00000000,0.00000000,0.00924914,0.00554818,0.00000000,0.00000000,0.00000000,0.00000000,0.00000000,0.46695220,0.00000000,0.00000000,0.00000000,0.30991935,0.02960585,0.00000000,0.24751387,0.00000000,0.00000000,0.00000000,0.01419306,0.14183441,0.00824411,0.00000000,0.00000000,0.00000000,0.00000000,0.01355748,27.26624073,0.00888513,0.00000000,0.00000000,0.00000000,0.00120007,0.37837057,0.00000000,0.00000000,0.00000000,0.00000000,0.00000000,0.00000000,0.01682008,0.00361380,0.00000000,0.00000000,0.00000000,0.00000000,0.00000000,0.00000000,0.05605436,0.00000000,0.00000000,4.05349829,0.00000000,0.00000000,0.00000000,0.00000000,0.00000000,0.00000000,0.00000000,0.00000000,0.00000000,0.00000000,0.22215855,0.00000000,0.00000000,0.00000000,0.00000000,0.00000000,0.00000000,0.00385802,0.19152790,0.00306106,0.00000000,0.00156242,0.03017142,0.00672332,0.14157409,0.00337151,0.00000000,0.42702522,0.00000000,0.00000000,0.00000000,0.00000000,0.43104522,0.00000000,0.00000000
0.00000000,0.00000000,0.03785586,0.18452314,0.06437801,0.00000000,0.00000000,0.00000000,0.00000000,0.00509779,0.00418815,0.00000000,0.20146702,0.00000000,0.00000000,0.00000000,0.00000000,0.08657801,0.00641450,0.00212944,0.00000000,0.04598571,0.00000000,0.09203202,0.00000000,0.00000000,0.00000000,0.01065720,0.56250390,0.04256377,0.00000000,0.00000000,0.06037320,0.00000000,1.22052335,0.00000000,0.00000000,0.01159049,0.00000000,0.00000000,0.00000000,0.00000000,0.00000000,0.00000000,0.00000000,0.00000000,0.00000000,0.00000000,0.00000000,0.00000000,0.09226694,0.78904501,0.00000000,0.00000000,0.00000000,0.00000000,0.00000000,0.00000000,0.00000000,0.00000000,0.00000000,0.03476087,0.00000000,0.00000000,0.10985616,0.00535825,0.00422828,0.00000000,0.00000000,0.00000000,0.00000000,0.00203317,0.00000000,0.00000000,0.00000000,0.00000000,0.00000000,0.00000000,0.09422778,0.00000000,0.00370302,0.00000000,0.00000000,0.00161967,0.00000000,0.00000000,0.00000000,0.00000000,0.00000000,0.00000000,0.00000000,2.26685756,0.00000000,0.00000000,0.00000000,0.50609192,0.00498717,0.00335050,0.17703105,0.00000000,0.00323235,0.00000000,0.34769230,0.01544354,0.02417008,0.00000000,0.00000000,0.00000000,0.00000000,0.02715898,0.00000000,0.00000000,0.00120677,0.00000000,0.00000000,0.00000000,0.00000000,0.21794392,0.00000000,0.00000000,0.06090313,0.01465919,0.00800782,0.00000000,0.00000000,0.00000000,0.00000000,0.00000000,0.24647112,0.01096298,0.00000000,2.14025915,0.00000000,0.00000000,0.00000000,0.00000000,0.01136882
0.00600925,0.00000000,0.08232999,0.00000000,0.13727367,0.00170488,0.00000000,0.00000000,0.00000000,0.01850805,0.00000000,0.00000000,0.00000000,0.00000000,0.00000000,0.00000000,0.00000000,0.00000000,0.54613524,0.00000000,0.11109435,0.00000000,0.08384686,0.00000000,0.00000000,0.00000000,0.00000000,0.02414441,0.00000000,0.34124686,0.78082127,0.15756423,0.00000000,3.63371260,0.00000000,0.00000000,0.00000000,0.00000000,0.00000000,0.00000000,0.00448686,0.00000000,0.00000000,0.00000000,0.00331807,0.00000000,0.00000000,0.00000000,0.00301433,0.00696130,0.00000000,0.00000000,0.00000000,0.00000000,0.00000000,0.00000000,0.00000000,0.00511580,0.83750384,0.00000000,0.00000000,0.00000000,0.00000000,0.00000000,0.00587427,0.00000000,1.12408762,0.00699447,0.00000000,0.03232238,0.01795741,0.00000000,0.00544825,0.00000000,0.00000000,0.00000000,0.00000000,1.34290846,0.00000000,0.32896870,0.00522338,0.00000000,0.00000000,0.00000000,0.00000000,0.19682309,0.06447494,0.00000000,0.00000000,0.00000000,0.00000000,0.00000000,0.01327798,0.00000000,0.00000000,0.00000000,0.00000000,0.00000000,0.00000000,0.00000000,0.00000000,0.00000000,1.20858978,0.00178600,0.04864758,0.33848509,0.00000000,0.00000000,0.00000000,0.00000000,0.00000000,0.00000000,0.35622027,1.13248476,0.00000000,0.22618532,0.00000000,0.00000000,0.00000000,0.04228014,0.26826522,0.00126155,0.00000000,0.00000000,0.07048753,0.00000000,0.02058864,0.00000000,0.00000000,0.04945333,0.00000000,0.00000000,0.65142482,0.00000000,0.00000000,0.00115861,0.00000000
0.00000000,0.00000000,0.01156220,0.00000000,0.00000000,0.00000000,0.05523358,0.00000000,1.95408561,0.04660892,0.00000000,0.00000000,0.00000000,0.00421655,0.03913129,0.00000000,0.09161057,0.00000000,0.00317372,0.00000000,0.00000000,0.21449978,0.00000000,0.02685720,0.00000000,1.10520316,0.00000000,0.00000000,0.00000000,0.03974124,0.00000000,0.00000000,0.00000000,0.00000000,0.00000000,3.27891245,0.00000000,0.00000000,0.00000000,0.00000000,0.00000000,0.02669175,0.00000000,0.00000000,0.00000000,0.00000000,0.28268129,0.02272720,0.00000000,0.01234393,0.01099049,0.00000000,2.57182125,0.00000000,0.00000000,0.00000000,0.00000000,0.00000000,0.00000000,0.00000000,0.00000000,0.00000000,0.51950797,0.00000000,0.00000000,0.00000000,0.00000000,0.00000000,1.18134222,0.00000000,0.06993945,0.00000000,0.00000000,0.00000000,0.00000000,0.00000000,0.00000000,0.00000000,0.00000000,0.00000000,0.04188762,0.00000000,0.00000000,0.14245315,0.00360650,0.00000000,0.00331835,0.08078886,0.00000000,0.00000000,0.02008067,0.02874587,0.00000000,0.01150843,0.00000000,0.00000000,0.00000000,0.06941083,0.00000000,0.00566770,0.00000000,0.73714352,0.00000000,0.00000000,0.00000000,0.00000000,0.11291007,0.00000000,0.00078553,0.13247964,0.00000000,0.05642123,0.00117930,0.00000000,0.00000000,0.00000000,0.00000000,0.00000000,0.01997464,0.00000000,0.00000000,0.00000000,0.00000000,0.07364669,0.00000000,0.00000000,0.06865879,0.06426369,4.89973868,0.00000000,0.00000000,0.00000000,0.00000000,0.37949186,0.08253320,0.02696238,0.00000000
0.00606768,0.00000000,0.00000000,0.00000000,0.00932378,0.00427080,0.05795551,0.00000000,0.00615150,0.00106978,0.00000000,0.00000000,0.00000000,0.00600016,0.00600437,0.00000000,4.54910133,0.01137344,0.05696540,0.00000000,0.00472500,0.00000000,0.00000000,0.00000000,0.00000000,0.00000000,0.01153848,0.00000000,0.00000000,0.00298019,0.28860116,0.00000000,0.00000000,0.00000000,3.37543547,0.00000000,0.00786949,0.00000000,0.00059344,0.00000000,0.00199644,0.07846199,0.00000000,0.00249199,0.00000000,0.00000000,0.00000000,0.00075608,0.00000000,0.00000000,0.00000000,0.00000000,0.00000000,0.00000000,0.00000000,0.00511580,0.00000000,0.00000000,0.00000000,0.00000000,0.02630536,0.06398304,0.00000000,0.00000000,0.00000000,0.00915602,0.00000000,0.06190864,0.00000000,0.00000000,0.02414126,0.00000000,0.00000000,1.07000736,0.00000000,0.11066741,0.00000000,0.89105132,0.00000000,0.13260029,0.00984618,0.00000000,0.00000000,0.00000000,0.13235554,0.00000000,0.00000000,0.00000000,0.14343471,0.00913127,0.00000000,0.00000000,2.36304542,0.00000000,0.00000000,0.51050059,0.00000000,0.00000000,0.00000000,0.00000000,0.00000000,0.00000000,0.00000000,0.00000000,0.00000000,0.00114807,0.00000000,0.00157810,0.03328414,0.00000000,0.00000000,0.00000000,0.00000000,0.00000000,3.32591560,0.00000000,42.41739863,0.28257512,0.00000000,0.00000000,0.00000000,0.00000000,0.00000000,0.00000000,0.00000000,0.00000000,0.06830416,0.00000000,0.00000000,0.00000000,0.00000000,0.00000000,0.00000000,0.00000000,0.00000000,0.00164805,0.00000000
0.00946101,0.00000000,3.56562612,0.00000000,0.07741235,0.00180901,0.00000000,0.00000000,0.00000000,0.00000000,0.03148528,0.00000000,0.00152809,0.00000000,0.00000000,0.00000000,0.00000000,0.00000000,0.00000000,0.53270490,0.00000000,0.00000000,0.00000000,0.00000000,0.05183980,0.00000000,0.00279790,0.00000000,0.06369822,0.00000000,0.00000000,0.00000000,0.00000000,0.26485775,0.01684881,0.00000000,0.02736718,0.00000000,0.00000000,0.00000000,0.00000000,0.00000000,0.05839591,0.00000000,0.00000000,0.00000000,0.01175980,0.00000000,0.00000000,0.00000000,0.00000000,0.00000000,0.05845882,0.46695220,0.00000000,0.83750384,0.00000000,0.00000000,0.00000000,0.00000000,0.00090960,0.01295959,0.01683707,0.00000000,0.00000000,0.30613223,0.00000000,0.00000000,0.00924699,0.00000000,0.00000000,2.23416263,0.00000000,0.13935485,1.87419161,0.20612652,0.00000000,0.00000000,0.00257526,0.00000000,0.88977824,0.00000000,0.00000000,0.00052913,0.02503273,0.00000000,0.00759719,0.00000000,0.01295422,1.35423125,0.00000000,0.00000000,0.00000000,0.00000000,0.00000000,0.00000000,0.00000000,0.00000000,0.00000000,0.00000000,0.00000000,0.00000000,0.00000000,0.00000000,0.00000000,0.00815325,0.00000000,0.01330354,0.03497175,0.01000852,0.00000000,0.00000000,0.04566582,0.00000000,0.00000000,0.48246548,0.00000000,0.02278428,0.00000000,0.05845882,0.00000000,0.00000000,0.00000000,0.00505878,0.00000000,0.00000000,0.00000000,0.00329610,0.00000000,0.00000000,0.00000000,0.00000000,0.00700004,0.08742583,0.00000000,0.00000000,0.00000000
0.00000000,0.60080082,0.00000000,0.00000000,0.00000000,0.02771656,0.04991438,0.00000000,0.00000000,0.07560911,0.00000000,0.00000000,0.00000000,0.15797278,0.00000000,0.86886519,0.00065043,0.00698850,0.00000000,0.00000000,0.00000000,0.00000000,0.00000000,0.00971472,0.00000000,0.00000000,0.00497387,0.00204720,0.58351974,0.00000000,0.00000000,0.00000000,0.00000000,0.07364669,0.10662859,0.00755706,0.00000000,0.32014805,0.00000000,1.12128729,4.06925901,0.00000000,14.40499996,0.00000000,0.00000000,0.00110791,0.00911804,0.00000000,0.00000000,0.02580147,0.00000000,0.00000000,0.00000000,0.00000000,0.00000000,0.00000000,0.00000000,0.00000000,0.00000000,0.00000000,0.00000000,0.17379661,0.00000000,0.00182255,0.00000000,0.00000000,0.03839893,0.00000000,0.58797834,0.03079283,0.00000000,0.00000000,0.00000000,0.16146328,0.00000000,0.01700417,0.00000000,0.00000000,0.01406089,0.01579539,0.00000000,0.43905582,0.00000000,0.00000000,0.00000000,0.00000000,0.00000000,0.53262753,0.05744427,0.03804001,0.00000000,0.00000000,0.00000000,0.00000000,0.00000000,0.00000000,0.40585918,0.00000000,0.00000000,0.01202994,0.00000000,0.00000000,0.00964788,0.00000000,0.42987026,0.00000000,0.00000000,0.00000000,0.00000000,0.00000000,0.00000000,0.00000000,0.00666130,0.00000000,0.00000000,0.00000000,0.35015680,0.00000000,0.00170627,0.00120534,0.02082672,0.03444103,0.00161839,0.00000000,0.00000000,0.00000000,0.00000000,0.00000000,0.00000000,0.00000000,0.00000000,0.00000000,0.00000000,0.00000000,0.00000000,0.00000000,0.00000000
0.00000000,0.01395592,0.10482946,0.00000000,0.01817415,0.00000000,0.00000000,0.00000000,0.00000000,0.00000000,0.00000000,0.00000000,0.06055705,0.00000000,0.00000000,0.00000000,0.00399288,0.00000000,0.00000000,0.06294316,0.10350094,0.00000000,0.00000000,0.00000000,0.00000000,0.00000000,0.00000000,0.04603866,0.00117477,0.00211356,0.08941792,0.00000000,0.00000000,0.09351833,0.00000000,0.03497138,0.00000000,0.00000000,0.24199044,0.15084767,0.00000000,0.00000000,0.00000000,0.00000000,0.13487107,0.00000000,0.31894086,0.06828454,0.00000000,0.05183980,0.00000000,0.00000000,0.66345236,0.00000000,0.00000000,0.00000000,0.00000000,0.02630536,0.00090960,0.00000000,0.00000000,0.00000000,0.00000000,0.00000000,0.00000000,0.00000000,0.00000000,0.02128003,0.06197536,0.00000000,0.01010055,0.00000000,0.00000000,0.01499149,0.00000000,0.00000000,0.00000000,0.00000000,0.00000000,0.00000000,0.00000000,0.00000000,0.00000000,0.00000000,0.37964569,0.00000000,0.00000000,0.00000000,0.00000000,0.00000000,0.00109809,0.07002903,0.01948477,0.00000000,2.22622143,0.00654171,0.00247090,0.00000000,0.71570932,0.00000000,0.00000000,0.01374576,0.00525604,0.02102122,0.00000000,0.00000000,0.00000000,0.00000000,0.00000000,0.00000000,0.00197521,0.00000000,1.39141395,0.54664244,0.00000000,0.00000000,0.03420075,0.00000000,0.00000000,0.00000000,0.00000000,0.47680919,0.07423428,0.00000000,0.00000000,0.00000000,0.00000000,0.00000000,0.00000000,0.00000000,0.06075103,0.00000000,0.60789415,0.00000000,0.00000000,0.00000000,4.46729864
0.00000000,0.00000000,0.00000000,0.00000000,0.00314421,0.00000000,0.00000000,0.00000000,0.00000000,0.00000000,0.00000000,0.01236104,0.00000000,0.00764761,0.00000000,0.00000000,0.00000000,0.37054789,0.00000000,0.00000000,0.00000000,0.00000000,0.00000000,0.00000000,0.00000000,0.00000000,0.00000000,0.03763508,0.02577248,0.00000000,0.01749711,0.00000000,0.00545406,0.00000000,0.00000000,0.00000000,0.15280986,0.00000000,0.00000000,0.06430332,0.00000000,0.00000000,0.00000000,2.43787113,0.01867422,0.04365812,0.00000000,0.00000000,0.00000000,0.01471546,0.00000000,0.00734590,0.00000000,0.00000000,0.03476087,0.00000000,0.00000000,0.06398304,0.01295959,0.17379661,0.00000000,0.00000000,0.00000000,0.00000000,0.00000000,0.00713692,0.00000000,0.00000000,0.00000000,0.00000000,0.01834404,0.00465380,0.00000000,0.18723264,0.04345020,0.00000000,0.00000000,0.00000000,0.00000000,0.00000000,0.00000000,0.00000000,0.00000000,0.01418579,0.07466922,0.00000000,0.00000000,0.00000000,0.00000000,0.31902327,0.00000000,0.06891157,0.00000000,0.11202792,0.00000000,1.79414503,0.27906678,0.01076916,0.00000000,0.00000000,0.65928459,0.00000000,0.03356991,0.00000000,0.00000000,0.01512263,0.00000000,0.00000000,0.01487985,0.16320637,0.00000000,0.66909811,0.04823019,0.00000000,0.00000000,0.00000000,0.00000000,0.55130742,0.00000000,0.00000000,0.00000000,0.00000000,0.08255624,0.00000000,0.00968193,0.00000000,0.00000000,0.00000000,0.00615020,0.00427289,0.00224580,0.00000000,0.00000000,0.00000000,0.20013590,0.00000000,0.00000000
0.00000000,0.00985624,0.00000000,0.00000000,0.03638644,0.00000000,0.00000000,0.00000000,0.00000000,0.00000000,0.00000000,0.00000000,0.00000000,0.00000000,0.00000000,0.19553997,0.00000000,0.00000000,0.05027960,0.00644718,0.00000000,0.00922320,0.00000000,0.00000000,0.00000000,0.07404457,0.00000000,0.00363054,0.00000000,0.00000000,0.00000000,0.00000000,0.00000000,0.05321404,0.00000000,0.25618667,0.00000000,0.02609024,0.00000000,0.00000000,0.17963759,0.00000000,0.00480616,0.00000000,0.00000000,0.00000000,0.00000000,0.00109912,0.82876431,0.00000000,0.00517339,0.00000000,0.00492134,0.30991935,0.00000000,0.00000000,0.51950797,0.00000000,0.01683707,0.00000000,0.00000000,0.00000000,0.00000000,0.00000000,0.00000000,0.00000000,0.00000000,0.00000000,0.00000000,0.00000000,0.01402467,0.00000000,0.00000000,0.00000000,0.00000000,0.00000000,0.00509047,0.00000000,0.05884968,0.01461817,0.00000000,0.00000000,0.00000000,0.00000000,0.00000000,0.00000000,0.00000000,0.00000000,0.00000000,0.00000000,1.02170913,0.00000000,0.00000000,0.01830116,0.01775661,0.00000000,0.14526280,0.00000000,0.01757384,0.01299590,0.00000000,0.00364102,0.00000000,0.00000000,0.00000000,0.00000000,0.01588533,0.00000000,0.00000000,0.01564657,0.00000000,0.00431441,0.00000000,0.01663830,0.28034112,0.00000000,0.00322913,0.02194767,0.00000000,1.25189894,0.99289690,0.00000000,0.00000000,0.00000000,0.00000000,2.24617628,0.00000000,0.00000000,0.22048582,0.00000000,0.07443483,0.00805095,0.00000000,0.06918957,0.01496863,0.00000000,0.00000000
0.00000000,0.00000000,0.00000000,0.29321184,0.00000000,3.01882702,0.08369272,0.00000000,0.00000000,0.00886650,0.00000000,0.00000000,0.07560911,0.44700559,0.00667987,0.00000000,0.00000000,0.00000000,0.00000000,0.00000000,0.00000000,0.00000000,0.00073626,0.02238161,0.00000000,0.00000000,0.00000000,0.00000000,0.00000000,0.00254930,0.00000000,0.01446674,0.00000000,0.00000000,0.00000000,0.00897680,0.00000000,0.00000000,0.00000000,0.00000000,0.00000000,0.01202994,0.06164338,0.00000000,0.00263960,0.05800505,0.00000000,0.59415596,0.00000000,0.00000000,1.00577990,0.00000000,0.35975569,0.02960585,0.00000000,0.00000000,0.00000000,0.00000000,0.00000000,0.00182255,0.00000000,0.00000000,0.00000000,0.00000000,0.00000000,0.00000000,0.00054596,0.00000000,0.00000000,0.00000000,0.00000000,0.00000000,0.00000000,1.17819596,0.00000000,0.23917499,0.00000000,0.12455253,0.03747199,0.00000000,0.00000000,0.21046304,0.00000000,0.01258378,0.00000000,0.00000000,0.00000000,0.00000000,0.00000000,0.00000000,0.00000000,0.00000000,0.00000000,0.00000000,0.00000000,0.16628202,0.00000000,0.00135390,0.00000000,0.01557259,0.00490429,0.00000000,0.15445483,0.00000000,0.09611159,0.00000000,0.00000000,0.00105583,0.00000000,0.00000000,0.00000000,0.02612100,0.00000000,0.00000000,0.00000000,0.00000000,0.00000000,1.09207753,0.00000000,0.00815325,0.00000000,0.00000000,0.00000000,4.03847242,0.00000000,0.02685720,0.00000000,0.00000000,0.27481283,0.02990680,0.00000000,0.07582435,0.00269219,0.00767459,0.00000000,0.00830989,0.00000000
0.00000000,0.00000000,0.03847025,0.00000000,0.00000000,0.00000000,0.00000000,0.18470189,0.00000000,0.00406296,0.08624745,0.00000000,0.00697552,0.00000000,0.00000000,0.01245919,0.00000000,0.00000000,0.00000000,0.00000000,0.12135984,0.04213438,0.00000000,0.00000000,0.01750392,3.31141480,0.00000000,0.00000000,0.00000000,0.00000000,0.00000000,0.00000000,0.10350094,0.10092172,0.00000000,0.00000000,0.00000000,0.00000000,0.00000000,0.00000000,0.24651179,0.00000000,0.00000000,0.00000000,0.00000000,0.00000000,0.00000000,1.49656469,0.00000000,0.00000000,0.00000000,0.35195967,0.00000000,0.00000000,0.10985616,0.00587427,0.00000000,0.00000000,0.00000000,0.00000000,0.00000000,0.00000000,0.00000000,0.00000000,0.00000000,0.00635768,0.00438383,0.00000000,0.11387205,0.00000000,1.20959226,0.00000000,0.00000000,0.00000000,0.00000000,0.00000000,0.00000000,0.00000000,0.00000000,0.03670980,0.17400866,0.02289378,0.00000000,0.01531663,0.05167906,0.00000000,0.00000000,0.03782821,0.00000000,0.00000000,0.00000000,0.13910700,0.21968529,0.00000000,0.05604949,0.23349929,0.00797530,0.01013315,0.00000000,0.00000000,0.58397354,0.00000000,0.00000000,0.00081001,0.08844840,0.03533427,3.42649229,0.01585698,0.00000000,0.00000000,0.01623240,0.00000000,0.00000000,0.00000000,0.00000000,0.00000000,0.00000000,0.00000000,0.00000000,0.00000000,0.00000000,0.00817119,0.00000000,0.00000000,0.01883587,0.00000000,0.00000000,0.04112499,0.03433534,0.00000000,0.00000000,1.49773877,0.00000000,0.00000000,0.22504721,0.00000000,0.00000000
0.00000000,0.01345643,0.00000000,0.00000000,0.00475993,0.00000000,0.43338545,0.00000000,0.31335923,0.00000000,2.40149407,0.00000000,0.00000000,0.00000000,0.00697507,0.00433559,0.00000000,0.00000000,0.17343015,0.01536132,0.00000000,0.00000000,0.00000000,0.00000000,0.00000000,0.00000000,0.00000000,0.00000000,0.00000000,0.00000000,0.00000000,0.14343471,0.00000000,0.00000000,0.00000000,0.00000000,0.00000000,0.00000000,0.00000000,0.00000000,0.00105402,0.00000000,0.00000000,0.11942851,0.00000000,0.00000000,0.08199844,0.02281652,0.62674093,0.00000000,0.07898562,0.28920708,0.00000000,0.24751387,0.00535825,0.00000000,0.00000000,0.00915602,0.30613223,0.00000000,0.00000000,0.00713692,0.00000000,0.00000000,0.00635768,0.00000000,0.00408956,0.00000000,0.00000000,0.01273030,0.00000000,0.00000000,0.00000000,0.00000000,0.00000000,0.00000000,0.00417495,0.00000000,0.00000000,0.03032026,0.00000000,0.00000000,0.00000000,0.00000000,0.76384915,0.00144929,0.00000000,0.00633358,0.00000000,0.00000000,0.00000000,0.00000000,0.00000000,0.00000000,0.00000000,0.15363357,0.10363924,0.00709283,0.00000000,0.02802740,0.00000000,0.00345611,0.00000000,0.00000000,0.24642151,0.16111463,0.00000000,0.00482037,0.05993983,0.17218962,0.00000000,1.10728798,0.00000000,0.00000000,0.00000000,0.00000000,0.00000000,4.48774365,0.00000000,0.00000000,0.00000000,0.00000000,0.01295422,0.00000000,0.04053440,0.57414093,0.00000000,0.00000000,0.00000000,0.00000000,0.00000000,0.00398037,0.00000000,0.00000000,0.00000000,0.00000000,0.00000000
0.12292872,0.00000000,0.00101277,0.00000000,0.27481283,0.00647386,0.00000000,0.00000000,4.09452003,0.02858147,0.00000000,0.00000000,14.40499996,0.00000000,0.00000000,0.00000000,0.00000000,0.00757498,0.00000000,0.00000000,0.00000000,0.08389641,0.01036199,0.00000000,0.01582738,0.00000000,0.01700450,0.00000000,0.00000000,0.00000000,0.04639894,0.00000000,1.10171065,0.00000000,0.00000000,0.33538721,0.00000000,0.00000000,0.00000000,0.00000000,0.00000000,0.00492461,0.00000000,0.00000000,0.00000000,0.22927131,0.00000000,0.01733762,0.00000000,0.01299590,0.00000000,0.04595725,0.00000000,0.00000000,0.00422828,1.12408762,0.00000000,0.00000000,0.00000000,0.03839893,0.00000000,0.00000000,0.00000000,0.00054596,0.00438383,0.00408956,0.00000000,0.00000000,0.19218948,0.00000000,0.00000000,0.00000000,0.00000000,0.00000000,0.00000000,0.00000000,0.00000000,0.00000000,0.00000000,0.00000000,0.02226904,0.01010733,0.00000000,0.00000000,0.00000000,0.00000000,0.00000000,0.00000000,0.00000000,0.00000000,0.18845938,0.07406470,0.00000000,0.84210960,0.00000000,0.00566770,0.24631613,0.00452068,0.00000000,0.00000000,0.00000000,0.00000000,0.00000000,0.00000000,0.00000000,0.00000000,0.00101868,0.00000000,0.00000000,0.00369211,0.00000000,0.15564463,0.01447944,0.23917499,0.00000000,0.00000000,0.00000000,0.68540809,0.00000000,0.00000000,0.00000000,1.21041360,0.00000000,0.00000000,0.00000000,0.00000000,0.03312563,0.00000000,0.00000000,0.00000000,0.00000000,0.00600310,0.06295066,0.77411818,0.00000000,0.00000000,0.00000000
0.65102123,0.00366967,0.00000000,0.02451135,0.00000000,0.00000000,0.00000000,1.49064306,0.00000000,0.00000000,0.00000000,0.16258288,0.23795764,0.00000000,0.00000000,0.00000000,0.00261258,0.00000000,0.00000000,0.00000000,0.01219158,0.00000000,0.00000000,0.00000000,0.00000000,0.00000000,1.03573483,0.00000000,0.00000000,0.46525003,0.00000000,0.00000000,2.73294128,0.00000000,0.00000000,0.00000000,0.00088981,0.00000000,0.00000000,0.06165997,0.04099477,0.00335050,0.04228014,0.00000000,0.00000000,0.00000000,6.59508820,0.00000000,0.00079481,0.00000000,0.00000000,0.00000000,0.00000000,0.00000000,0.00000000,0.00699447,0.00000000,0.06190864,0.00000000,0.00000000,0.02128003,0.00000000,0.00000000,0.00000000,0.00000000,0.00000000,0.00000000,0.00000000,0.14281928,0.00000000,0.00000000,0.18191144,0.00000000,0.00000000,0.00000000,0.00934357,0.00000000,0.00000000,0.00000000,0.00000000,0.00000000,0.00432656,0.58068586,0.57468725,0.00000000,0.00000000,0.00000000,0.39231457,0.00000000,0.00000000,0.00000000,0.00000000,0.00000000,0.00000000,0.01656905,0.00000000,0.00000000,0.00000000,0.00000000,0.01700450,0.00137763,0.58221462,0.00000000,0.00000000,0.00000000,0.00000000,0.00000000,0.18008022,0.00671422,0.01260919,0.00412960,0.06656510,0.00000000,3.35924180,0.00000000,0.06437801,0.04475459,0.00000000,0.00000000,0.00000000,0.09860862,0.00000000,0.00000000,0.19218948,0.00000000,0.00000000,0.00000000,0.00000000,0.00000000,0.05793623,0.00000000,0.07884145,0.00000000,0.00000000,0.02808375,0.00330589,0.00000000
0.00077904,0.07368674,0.00000000,0.57273480,0.00352215,0.13846373,0.00000000,0.00000000,0.00000000,0.75918716,0.00000000,0.00366324,0.00000000,0.00000000,0.01266717,0.00000000,1.33992963,0.00000000,0.00000000,0.00099507,0.00000000,0.00000000,0.00000000,0.00000000,1.51891703,0.15685525,0.00000000,0.14083119,0.04682501,0.00000000,0.00000000,0.23379572,0.00000000,0.52707551,0.00000000,0.00000000,0.00000000,0.00505878,0.00000000,0.00000000,0.11520083,0.00446075,0.13122599,0.00000000,0.00954431,0.00000000,0.04697567,0.00000000,0.00000000,0.00537609,0.02277322,0.01468259,0.00000000,0.00000000,0.00000000,0.00000000,1.18134222,0.00000000,0.00924699,0.58797834,0.06197536,0.00000000,0.00000000,0.00000000,0.11387205,0.00000000,0.19218948,0.14281928,0.00000000,0.00000000,0.00000000,0.00000000,0.00000000,0.00000000,0.00000000,0.00000000,0.00000000,0.14252514,2.02337535,0.00000000,0.00000000,0.00000000,0.00000000,0.00000000,0.00000000,0.00000000,0.00000000,0.13980006,0.02984084,0.00000000,0.00000000,0.01229053,0.00000000,0.00000000,0.00000000,0.00959263,0.00000000,0.00000000,0.00000000,0.00000000,0.00000000,0.00000000,0.00000000,0.17382703,0.00000000,0.00000000,0.00000000,0.00000000,0.00000000,0.00000000,0.00000000,0.00000000,0.00000000,0.00000000,0.00000000,0.00000000,0.00000000,0.00000000,0.00120559,0.00000000,0.00000000,0.00944403,0.00000000,0.00000000,0.00000000,0.00000000,0.00000000,0.00000000,0.00000000,0.00770913,0.10152569,0.00000000,0.00000000,0.00000000,4.03847242,0.06583201,0.00156242
0.00000000,0.00000000,0.00000000,0.00977249,0.13390961,0.00000000,0.00000000,0.00968824,8.03493808,0.00000000,0.00000000,0.26681617,0.00482037,0.00000000,0.00000000,0.00000000,0.20351883,0.00000000,0.00000000,0.00000000,0.00000000,0.00000000,0.00000000,0.55347572,0.00000000,0.00000000,0.00000000,0.00000000,0.00000000,0.00000000,0.00199811,0.09431199,0.03015973,0.00000000,0.11195101,0.00000000,0.00000000,0.00805366,0.09277214,4.79210137,0.05417643,0.00000000,0.00000000,4.23740000,0.00000000,0.00000000,0.00000000,0.00000000,0.02110023,0.00000000,0.00354898,0.00000000,0.00000000,0.01419306,0.00000000,0.03232238,0.00000000,0.00000000,0.00000000,0.03079283,0.00000000,0.00000000,0.00000000,0.00000000,0.00000000,0.01273030,0.00000000,0.00000000,0.00000000,0.00000000,0.00000000,0.02698066,0.00000000,5.96121981,0.21556338,3.51650984,0.00000000,0.00000000,0.00000000,0.00657417,0.06767822,0.00000000,0.00000000,0.48997301,0.00000000,0.15477741,0.00000000,0.00000000,0.00398740,0.00000000,0.00000000,0.00000000,0.00000000,0.00000000,2.47823540,0.00738954,0.00000000,0.00335742,0.00410678,0.00000000,0.64259580,0.00000000,0.00000000,0.00000000,0.74854273,0.00000000,0.00455481,0.00000000,0.00000000,0.00000000,0.00000000,0.00000000,0.00000000,3.40105923,0.00000000,0.00000000,0.00000000,0.00000000,0.08202914,0.00000000,0.00000000,0.00000000,0.00000000,0.00000000,0.00000000,0.00000000,0.01937508,0.00000000,0.00000000,3.33421229,0.00000000,0.00000000,0.00000000,0.07615022,0.04798287,0.02400188,0.00000000
0.00120007,0.00000000,0.00000000,0.00000000,0.18101087,0.00000000,0.00000000,0.00485144,0.01395592,0.00000000,0.04673672,0.00000000,0.00000000,0.00000000,0.00000000,0.00000000,0.00000000,0.00000000,0.00000000,2.91780713,0.00000000,0.00000000,0.00000000,0.00000000,0.00000000,0.46634993,0.00000000,0.00000000,0.00000000,0.08082735,0.00000000,0.00382945,0.00888513,0.00000000,0.01098987,0.08597085,3.25788766,4.30997187,0.00000000,0.00000000,0.00000000,1.39572023,0.00000000,0.00000000,0.00000000,0.00000000,0.00000000,0.01614464,0.00000000,0.00000000,0.00000000,0.00000000,0.01884146,0.14183441,0.00000000,0.01795741,0.06993945,0.02414126,0.00000000,0.00000000,0.01010055,0.01834404,0.01402467,0.00000000,1.20959226,0.00000000,0.00000000,0.00000000,0.00000000,0.00000000,0.00000000,0.00000000,0.00000000,0.00000000,0.00000000,0.00000000,0.00000000,0.00000000,1.25189894,0.00000000,0.13024315,0.59490698,0.00000000,0.00000000,0.00000000,0.00000000,0.15015280,0.00000000,0.00000000,0.32754220,0.00000000,0.00000000,0.04112281,0.00521335,0.00000000,0.00439567,0.15711972,0.00000000,0.37395659,0.00000000,0.00000000,0.00000000,0.00000000,0.00000000,0.00000000,0.00000000,0.06570355,0.00152809,0.00000000,0.00000000,0.02163680,0.00000000,0.00000000,0.57102970,0.01083459,0.00000000,0.00000000,0.00000000,0.00824411,0.00000000,0.00000000,0.00000000,0.00000000,0.03839893,0.00736577,0.00000000,0.00000000,0.00000000,0.00000000,0.01145263,0.00000000,0.00000000,0.00000000,0.00000000,0.60080082,0.02009827,0.00000000
0.00000000,2.91780713,0.00000000,0.00000000,0.01617318,0.00000000,0.00000000,0.00000000,0.00000000,0.02116908,0.00000000,0.00507815,0.00000000,0.00110775,0.00000000,0.00000000,0.16712791,0.00000000,0.00000000,0.00348172,0.00878422,0.00000000,0.58728978,0.00000000,0.00000000,0.00000000,0.00000000,0.00000000,0.22223975,0.00000000,0.06461041,0.00000000,0.00645463,0.00000000,0.00316059,0.00000000,0.00000000,0.00000000,0.00000000,0.00000000,0.17979532,0.15082696,0.00000000,0.00000000,0.00000000,0.00000000,0.00000000,0.18403391,0.00000000,0.00000000,0.59940891,0.00000000,0.00085374,0.00824411,0.00203317,0.00000000,0.00000000,0.00000000,2.23416263,0.00000000,0.00000000,0.00465380,0.00000000,0.00000000,0.00000000,0.00000000,0.00000000,0.18191144,0.00000000,0.02698066,0.00000000,0.00000000,0.00000000,0.00000000,0.00000000,0.00000000,0.00000000,0.00000000,0.00000000,0.14394935,0.00000000,0.00000000,0.01183315,0.00000000,0.00000000,0.33922805,0.00000000,0.00000000,0.00398037,0.00000000,0.01934624,0.00000000,0.00210340,0.00331807,0.00000000,0.14447366,0.00000000,0.02808375,0.00000000,0.03974124,22.01687981,0.00000000,0.06933158,0.00000000,0.08427432,0.00000000,0.00000000,0.00000000,0.20146702,0.00000000,0.00000000,0.00000000,0.00561788,0.00348172,0.00000000,0.00000000,0.00000000,0.00000000,0.00000000,0.00000000,0.10856155,0.00000000,0.00000000,0.00000000,0.05906464,0.00977180,0.00000000,0.00000000,0.73963437,0.00000000,0.00000000,0.00000000,0.00000000,0.07626627,0.00000000,0.00000000,0.02802155
0.00000000,0.01098987,0.00000000,0.00000000,0.00000000,0.00000000,0.00000000,0.00000000,0.00000000,0.00000000,0.00851663,0.01315201,0.00000000,0.00000000,0.08351343,0.33089840,0.00000000,0.00000000,0.00000000,0.00337391,0.00000000,0.08840492,0.00000000,0.78072523,1.03573483,0.00000000,0.00000000,0.00000000,0.00000000,0.00000000,0.00000000,0.00000000,0.00000000,0.00000000,0.00000000,0.00000000,0.01828978,0.00000000,0.00000000,0.00000000,0.00000000,0.01180836,0.00502358,0.00000000,0.00000000,0.00000000,0.00350849,0.00000000,0.00127621,0.00000000,0.00209489,0.45800626,0.03435299,0.00000000,0.00000000,0.00544825,0.00000000,0.00000000,0.00000000,0.00000000,0.00000000,0.00000000,0.00000000,0.00000000,0.00000000,0.00000000,0.00000000,0.00000000,0.00000000,0.00000000,0.00000000,0.00000000,0.00000000,0.00357695,0.00133315,0.00883716,0.00000000,1.44868587,0.00000000,0.00000000,0.00000000,0.00000000,0.06704354,0.00000000,0.00000000,0.52584931,0.00000000,0.01222639,0.00000000,0.02844564,0.00000000,0.00000000,0.01729153,0.00000000,0.00000000,0.00000000,0.13361248,0.00000000,0.00000000,0.00000000,0.00000000,0.00000000,0.00000000,0.00000000,0.00000000,0.00000000,0.00000000,0.62093333,0.00000000,10.40387943,0.00000000,0.00000000,0.01558415,0.00560458,0.00453715,0.00000000,0.04418587,0.00000000,0.00919274,0.01000852,1.07135452,0.00000000,0.05094693,0.57273480,0.00364252,0.00000000,0.21722846,0.00586714,0.00000000,0.00464759,1.70358260,0.00000000,0.00000000,0.14126754,0.00000000,0.00000000,0.02867129
0.00000000,0.14183441,0.00000000,0.00000000,0.00258490,0.00000000,0.01290647,0.00000000,0.00000000,0.00160107,0.00000000,0.14600009,0.02218660,0.00000000,0.00000000,0.01382745,0.00000000,0.10134044,0.02662392,0.00000000,0.00000000,0.00000000,0.00000000,0.00072681,0.00000000,0.00000000,0.07255343,0.00000000,0.00262858,0.00000000,0.00000000,0.00000000,0.00000000,0.00000000,0.02696370,0.00000000,0.00000000,0.00000000,0.07315962,0.00000000,0.00000000,0.00000000,0.00000000,0.00000000,0.00000000,0.02484049,0.00000000,0.00000000,0.00000000,0.24175094,0.00000000,0.00000000,0.00000000,0.00000000,0.00000000,0.00000000,0.00000000,1.07000736,0.13935485,0.16146328,0.01499149,0.18723264,0.00000000,1.17819596,0.00000000,0.00000000,0.00000000,0.00000000,0.00000000,5.96121981,0.00000000,0.00000000,0.00357695,0.00000000,0.04136284,1.67608611,0.02734332,4.44835399,0.00000000,0.00000000,0.00000000,0.00000000,0.00000000,0.00000000,0.00296144,0.00000000,0.00000000,0.00000000,0.00000000,0.00830517,0.00000000,0.00000000,0.00000000,1.51443800,0.00000000,0.00889102,0.00000000,0.22855621,0.00000000,0.02669175,0.00000000,0.00000000,0.11670427,0.00000000,0.00000000,0.10570895,0.00000000,0.00000000,0.00000000,0.00000000,0.07612013,0.00866221,0.00000000,0.00000000,0.01071797,0.00000000,0.00000000,0.46822543,0.02960585,0.00000000,0.00000000,0.00000000,0.20766682,0.10662859,0.00000000,0.00000000,0.00000000,0.00000000,0.00000000,0.00000000,0.00000000,0.00000000,0.00000000,0.00000000,3.76226304,0.01290280,0.15418168
0.12075255,0.00000000,0.00000000,0.00000000,0.00000000,4.09452003,0.00532281,0.00000000,0.00375079,0.18521085,0.00000000,0.00000000,0.00000000,0.00302452,0.00000000,0.00000000,0.00000000,0.00000000,0.00000000,0.07498019,0.00000000,0.00000000,0.00000000,0.00000000,0.00897680,0.00449716,0.00000000,0.00000000,0.00000000,0.00324412,0.00000000,0.00000000,0.00000000,0.00000000,0.00000000,0.00000000,0.00000000,0.00000000,0.00000000,0.28663058,0.00000000,0.00000000,0.00000000,0.00000000,0.38140742,0.07479962,0.02524948,0.00000000,0.00000000,0.00000000,0.11198943,0.46861900,0.00000000,0.00000000,0.00000000,0.00000000,0.00000000,0.00000000,1.87419161,0.00000000,0.00000000,0.04345020,0.00000000,0.00000000,0.00000000,0.00000000,0.00000000,0.00000000,0.00000000,0.21556338,0.00000000,0.00000000,0.00133315,0.04136284,0.00000000,0.00000000,0.00389788,0.04113913,0.00780966,0.00000000,0.00000000,0.00000000,0.00817422,0.00000000,0.00000000,0.00411948,0.16766105,0.00000000,0.00000000,0.01333491,0.00000000,0.00000000,0.00304826,0.00000000,0.00000000,0.00000000,0.00000000,0.00000000,0.00000000,0.00000000,0.00000000,0.66950946,0.01647891,0.00669714,0.00571869,0.00000000,0.00000000,4.17690721,0.00000000,0.00000000,0.00491399,0.00000000,0.00000000,0.05109345,0.00000000,0.00000000,0.00273340,0.00000000,0.00000000,1.35423125,0.62283366,0.00000000,0.88939427,0.15685525,0.00000000,0.00000000,0.00510821,0.04069911,0.00000000,0.00000000,0.00000000,0.00000000,0.00000000,0.13887693,0.00000000,0.15645423,0.08742338
0.00000000,0.01038318,0.00000000,0.00000000,0.00000000,0.00000000,1.81491745,0.00000000,0.00000000,0.00000000,0.00000000,0.00125834,0.05993983,0.00000000,0.00000000,0.00870796,0.00000000,0.00534697,0.00000000,0.00000000,0.00181801,0.00000000,0.06520107,0.00000000,0.00000000,0.00000000,0.00000000,0.00000000,0.00000000,0.00000000,0.00000000,0.00000000,0.00000000,0.00000000,3.40105923,0.00258382,0.00000000,0.00000000,0.00000000,0.00000000,0.00000000,0.11370319,7.86295668,0.00000000,0.01144593,0.00000000,0.00000000,0.00000000,0.07634006,0.10242876,0.00000000,0.00000000,0.00000000,0.00000000,0.00000000,0.00000000,0.00000000,0.11066741,0.20612652,0.01700417,0.00000000,0.00000000,0.00000000,0.23917499,0.00000000,0.00000000,0.00000000,0.00934357,0.00000000,3.51650984,0.00000000,0.00000000,0.00883716,1.67608611,0.00000000,0.00000000,0.00167082,0.00000000,0.00000000,0.46909984,0.00365921,0.00000000,1.13248476,0.00000000,0.00000000,0.00000000,0.00000000,0.02830271,0.00000000,0.00000000,0.00000000,0.00399288,0.00000000,0.03431728,0.10268160,3.35924180,0.00000000,0.00000000,0.00000000,0.00000000,0.00000000,0.00000000,0.00000000,0.00000000,0.13740706,0.00560458,0.00524906,0.00000000,0.87284409,0.00384190,0.13076938,0.00000000,0.00262100,0.06865879,0.00000000,0.18101087,0.00208138,0.00000000,0.00316059,0.00000000,0.00000000,0.00000000,0.00000000,0.00497387,0.18493931,0.00000000,0.00000000,0.00000000,0.00000000,0.00000000,0.00000000,0.00000000,0.14493165,0.00000000,0.00000000,0.00000000,0.00000000
0.00000000,0.00000000,0.00000000,0.00000000,0.00000000,0.00000000,0.00000000,0.01137450,0.00000000,0.00000000,0.08042767,1.07679671,0.00000000,0.22927131,0.00058383,0.05473141,0.00721245,0.00000000,0.00000000,0.00000000,0.01223083,0.00000000,0.00000000,0.00000000,0.01715164,0.00000000,0.00000000,0.00000000,0.00000000,0.00000000,0.00492589,0.12292872,0.00000000,0.00000000,0.21988959,0.00380325,0.00000000,0.18166638,0.00000000,0.00459781,0.05109345,0.01557259,0.00000000,0.00000000,0.00000000,0.03062973,0.00000000,0.00000000,5.36444235,0.00170909,0.00000000,0.00000000,0.00000000,0.01355748,0.00000000,0.00000000,0.00000000,0.00000000,0.00000000,0.00000000,0.00000000,0.00000000,0.00509047,0.00000000,0.00000000,0.00417495,0.00000000,0.00000000,0.00000000,0.00000000,0.00000000,0.00000000,0.00000000,0.02734332,0.00389788,0.00167082,0.00000000,0.00974029,0.00000000,0.00000000,0.06956117,0.00000000,0.00000000,0.02170694,0.00000000,0.04901783,0.00000000,0.00118096,0.00000000,0.00000000,0.00000000,0.01466773,0.00000000,0.00000000,0.00322066,0.00386715,0.05663191,0.00000000,0.00000000,2.57182125,0.02577867,0.51558796,0.00000000,0.00000000,0.00000000,0.00000000,0.00000000,0.00000000,0.16447398,0.00000000,0.00000000,0.00000000,0.00000000,0.00000000,0.00000000,0.66390357,0.00000000,0.00000000,0.00554818,0.00000000,0.00000000,0.00000000,0.14321993,0.00000000,0.00000000,0.00000000,0.01663830,0.00000000,0.00000000,0.00000000,1.24855444,0.00000000,0.00000000,0.00049557,0.00000000,0.01416650,0.00000000
0.07714469,0.00000000,0.12496231,0.00000000,4.89973868,0.18658345,3.90140718,0.30085640,0.00000000,0.00000000,0.00000000,0.00000000,0.00105583,0.09515322,0.10807032,0.06355273,0.56643182,0.00000000,0.00000000,0.58221462,0.00000000,0.00000000,0.00000000,0.15015280,0.33538721,0.00000000,0.00000000,0.00000000,0.00000000,0.03669514,0.00000000,0.00000000,0.00000000,0.00000000,0.00000000,0.00000000,0.00000000,0.00000000,0.00000000,0.00000000,0.00000000,0.02252314,0.00000000,0.00000000,0.00000000,0.00000000,0.00000000,0.00000000,0.00000000,0.00000000,0.00000000,0.00000000,0.00000000,27.26624073,0.00000000,1.34290846,0.00000000,0.89105132,0.00000000,0.00000000,0.00000000,0.00000000,0.00000000,0.12455253,0.00000000,0.00000000,0.00000000,0.00000000,0.14252514,0.00000000,0.00000000,0.00000000,1.44868587,4.44835399,0.04113913,0.00000000,0.00974029,0.00000000,0.00000000,0.00000000,0.00000000,0.00000000,4.05349829,0.00000000,0.00000000,0.00000000,0.03903381,0.04070419,0.00000000,0.73676574,0.00000000,0.05233092,0.00000000,0.00000000,0.00000000,0.00000000,0.00000000,0.58068586,0.00000000,0.00000000,0.00000000,0.00000000,0.00000000,0.00000000,0.00000000,0.00000000,0.07696712,1.43626403,0.00000000,0.00000000,0.05317089,0.00398740,0.00000000,0.00000000,0.00000000,2.79782393,0.00000000,0.00000000,0.00000000,0.00000000,0.00000000,0.00000000,0.00000000,0.00000000,0.03996776,0.00000000,0.00000000,0.00000000,0.00352215,0.01435510,0.05591322,0.02235261,0.20529795,0.01381010,0.14615017,0.09258505,0.11569633
0.22607303,0.19934322,0.00000000,0.04686817,1.12338705,0.00000000,0.00000000,0.00000000,0.00000000,0.00000000,0.00000000,0.00887579,0.00000000,1.81859891,0.00000000,0.03015973,0.00000000,0.01805268,0.13577680,0.00000000,0.09919220,0.00818256,0.00529870,0.00000000,0.00000000,0.76521630,0.24134143,0.01273031,0.00000000,0.00000000,0.00684516,0.00000000,0.00000000,0.00388104,0.00000000,0.00000000,0.00000000,0.00120534,0.03321527,0.00000000,0.00000000,0.00000000,0.00000000,0.00216181,0.00000000,0.00000000,0.00000000,0.00000000,0.00000000,0.00000000,0.00572482,0.00000000,0.00635495,0.00888513,0.09422778,0.00000000,0.00000000,0.00000000,0.00257526,0.01406089,0.00000000,0.00000000,0.05884968,0.03747199,0.00000000,0.00000000,0.00000000,0.00000000,2.02337535,0.00000000,1.25189894,0.00000000,0.00000000,0.00000000,0.00780966,0.00000000,0.00000000,0.00000000,0.00000000,0.00000000,0.14256372,0.00372898,0.00000000,0.00000000,0.37923961,0.00000000,0.00000000,0.00000000,0.00000000,0.00000000,0.00000000,0.00528424,0.00000000,0.00383407,0.00000000,0.12139425,0.00000000,1.16947385,2.73294128,0.00254930,0.00000000,0.00000000,0.00000000,0.00000000,0.00000000,0.00000000,0.00000000,0.00000000,0.00000000,0.00000000,0.00000000,0.00000000,0.00000000,0.00000000,0.00000000,0.00000000,0.00000000,0.00000000,0.00000000,0.00000000,0.00000000,0.13693561,0.00000000,0.00000000,0.01023244,0.22017152,0.00963050,0.00000000,0.01364487,0.00000000,0.00000000,0.00000000,0.00000000,0.00000000,0.15521419,0.00000000,0.00000000
0.32896870,0.00000000,0.00209749,0.00000000,0.04534696,0.18166638,0.00000000,0.00000000,0.00000000,0.00000000,0.00000000,0.00000000,0.00345307,0.00872495,0.05694895,0.00000000,0.00331574,4.54910133,0.00000000,0.00000000,0.00000000,0.00000000,0.00000000,0.00000000,0.00000000,0.14353970,0.00000000,0.00000000,0.00000000,0.00000000,0.04187282,0.00000000,0.76521630,0.00452068,0.00000000,0.00000000,0.00000000,0.00000000,0.03736566,0.00000000,0.00000000,0.00000000,0.00121127,0.00000000,2.52174265,1.09902760,0.00000000,0.00000000,0.53140587,0.00000000,0.00000000,0.00000000,0.00000000,0.00000000,0.00000000,0.32896870,0.00000000,0.13260029,0.00000000,0.01579539,0.00000000,0.00000000,0.01461817,0.00000000,0.03670980,0.03032026,0.00000000,0.00000000,0.00000000,0.00657417,0.00000000,0.14394935,0.00000000,0.00000000,0.00000000,0.46909984,0.00000000,0.00000000,0.00000000,0.00000000,0.00000000,0.00000000,0.00000000,0.00000000,0.03709013,0.00000000,0.00000000,0.03476942,0.00000000,0.00000000,0.00000000,0.00000000,0.00000000,0.01850805,0.00000000,0.00000000,0.05624732,0.00478233,0.00000000,0.00101868,0.00000000,0.14353970,0.00000000,0.00545406,0.06098636,0.00000000,0.00000000,0.00000000,0.00000000,0.00946101,0.00000000,0.00000000,0.00000000,0.00229681,0.00789679,0.00000000,0.00000000,0.00000000,0.00000000,0.00000000,0.00000000,0.00000000,0.00366967,0.00000000,0.16619423,0.02476132,0.03598705,0.29174709,0.00000000,0.00000000,0.00000000,0.00000000,0.04411719,0.00000000,0.00000000,0.00000000,0.07046942
0.00000000,0.00000000,0.00000000,0.00265971,0.00000000,0.00000000,0.07428665,0.07127621,0.00000000,1.14486180,0.04256478,0.00000000,0.00000000,0.00000000,0.00000000,0.11289757,0.00919005,0.00000000,0.00000000,0.00000000,0.00000000,0.00000000,0.00000000,0.06447494,3.27891245,0.00000000,0.00000000,0.00000000,0.06696568,0.00000000,0.01737541,0.07329300,0.01805268,5.73438795,0.00000000,0.06068884,0.00000000,0.00000000,0.00000000,0.00000000,0.00000000,2.02763658,0.00000000,0.00000000,0.00000000,0.00000000,0.07573384,0.00000000,0.00000000,0.00000000,0.40993618,2.34548535,0.04225209,0.00000000,0.00370302,0.00522338,0.04188762,0.00984618,0.88977824,0.00000000,0.00000000,0.00000000,0.00000000,0.00000000,0.17400866,0.00000000,0.02226904,0.00000000,0.00000000,0.06767822,0.13024315,0.00000000,0.00000000,0.00000000,0.00000000,0.00365921,0.06956117,0.00000000,0.14256372,0.00000000,0.00000000,0.00000000,0.00000000,0.00000000,0.00000000,0.00000000,0.00000000,0.00951506,0.00000000,0.00000000,0.00000000,0.00000000,0.16399183,0.00000000,0.00000000,0.00000000,0.00000000,0.00000000,0.00000000,0.00000000,2.00047448,0.09346127,0.00000000,0.00000000,0.00000000,0.00000000,0.04098220,0.00000000,0.00000000,0.00000000,0.00000000,0.00000000,0.00000000,0.00362495,0.00342023,0.00000000,0.00000000,0.00239886,0.00363669,0.00000000,0.00000000,0.00000000,0.00429640,0.00000000,0.98959747,0.00000000,0.00000000,0.00000000,0.25260483,0.01335779,0.00000000,0.00000000,0.00000000,0.02866624,0.00000000,0.00000000,0.00000000
0.00000000,1.39572023,0.00000000,0.00000000,0.00000000,0.00000000,0.00000000,0.00000000,0.07984039,0.00000000,0.02202494,0.00000000,0.00000000,0.00000000,0.00000000,0.10403100,0.00000000,0.00825559,0.00788988,0.80436054,0.38428189,0.00000000,0.00110270,0.05073137,0.00000000,0.00000000,0.62331331,0.00069356,0.00000000,0.00000000,0.00000000,0.00206373,0.00000000,0.00477824,0.00000000,0.00000000,0.00000000,0.00000000,0.21697603,0.17859747,0.00000000,0.00000000,0.00000000,0.04832908,0.01358044,0.00000000,0.00000000,0.00000000,0.00000000,0.00000000,0.01233834,0.00000000,0.00000000,0.00000000,0.00000000,0.00000000,0.00000000,0.00000000,0.00000000,0.43905582,0.00000000,0.00000000,0.00000000,0.21046304,0.02289378,0.00000000,0.01010733,0.00432656,0.00000000,0.00000000,0.59490698,0.00000000,0.00000000,0.00000000,0.00000000,0.00000000,0.00000000,0.00000000,0.00372898,0.00000000,0.00000000,0.00000000,0.00000000,0.00000000,0.01149366,0.00000000,0.00433536,0.00000000,0.00000000,0.00000000,0.00000000,0.00000000,0.05039792,0.00000000,0.00000000,0.00000000,0.00000000,0.00000000,0.00000000,1.32543533,0.00000000,0.02476132,0.00000000,7.21358124,0.00000000,0.16079011,0.21002883,0.00000000,0.00000000,0.00000000,0.00000000,0.00000000,0.00000000,0.00000000,0.00000000,0.00000000,0.00702460,5.05886044,5.17122428,0.00000000,0.15042508,0.00000000,0.12971421,0.00000000,0.03393254,0.00000000,0.00000000,0.00000000,0.01215440,0.01348898,0.00000000,0.00000000,0.00000000,0.04630676,0.00539367,0.01107060,0.94687187
0.00000000,0.37395659,0.00000000,0.00000000,0.00000000,0.00000000,0.00000000,0.00000000,0.01266843,0.00000000,0.00000000,0.00000000,0.00000000,0.00000000,0.00000000,0.01038318,0.01728031,0.00000000,0.00000000,0.07242484,0.00000000,0.06276815,0.00000000,0.04068288,0.00000000,0.00000000,0.00000000,0.00000000,0.00000000,0.00478932,0.00000000,0.00000000,0.00000000,0.00000000,0.00000000,0.00000000,0.00000000,0.00000000,0.00744420,0.00000000,0.00000000,0.29939142,0.25243573,0.00000000,0.00086216,0.07644930,0.04539303,2.45930930,0.00518810,0.02802740,0.00000000,0.00552655,0.29174709,0.00120007,0.00000000,0.00000000,0.00000000,0.00000000,0.00000000,0.00000000,0.00000000,0.00000000,0.00000000,0.00000000,0.00000000,0.00000000,0.00000000,0.58068586,0.00000000,0.00000000,0.00000000,0.01183315,0.06704354,0.00000000,0.00817422,1.13248476,0.00000000,4.05349829,0.00000000,0.00000000,0.00000000,0.00000000,0.00000000,0.48506972,0.00000000,0.00000000,0.00000000,0.00000000,0.01802220,0.10601538,0.00000000,0.00000000,1.08556471,1.14418046,0.00000000,0.36070981,0.00000000,0.19860628,0.00000000,0.00775170,0.00000000,0.00000000,0.00000000,0.00755290,0.00000000,0.00404983,0.00000000,0.00000000,0.00000000,0.00237778,0.00000000,0.00000000,0.00000000,0.10242876,0.00000000,0.00000000,0.00000000,0.05585423,0.09142463,0.00000000,0.00265406,0.00000000,0.00000000,0.00000000,0.00000000,0.10144958,0.00000000,0.03756742,0.00000000,0.02655417,0.00000000,0.00000000,0.00000000,0.00870174,0.00000000,0.01213228,0.00000000
0.01934624,0.00000000,0.24689172,0.00000000,0.00000000,0.46456655,0.00000000,1.73121842,0.00000000,0.00000000,0.00000000,0.00000000,0.00671422,0.00000000,3.49479056,0.00000000,0.00000000,0.00000000,0.00000000,0.00000000,0.25855655,0.00905336,0.00000000,0.00000000,0.00000000,0.00000000,0.05938007,0.00000000,0.00000000,0.01298470,0.00153899,0.00000000,0.02102122,0.03475175,0.00000000,0.00000000,0.00000000,0.00000000,0.00000000,0.00000000,0.05428131,0.00000000,0.00000000,0.00000000,0.19661059,0.00000000,0.00787540,0.00000000,0.00000000,0.00000000,0.00000000,0.00000000,0.00000000,0.37837057,0.00161967,0.00000000,0.14245315,0.00000000,0.00052913,0.00000000,0.00000000,0.01418579,0.00000000,0.01258378,0.01531663,0.00000000,0.00000000,0.57468725,0.00000000,0.48997301,0.00000000,0.00000000,0.00000000,0.00000000,0.00000000,0.00000000,0.02170694,0.00000000,0.00000000,0.00000000,0.00000000,0.00000000,0.48506972,0.00000000,0.00000000,0.00000000,0.38597478,0.00000000,0.10349168,0.09877396,0.21844756,0.00000000,0.02988341,0.04660892,3.99333328,0.00000000,0.00000000,0.00000000,0.00000000,0.00000000,0.00363011,0.00000000,0.00000000,0.00000000,0.00000000,0.00000000,0.00000000,0.00000000,0.98815959,0.00000000,0.00000000,0.00154113,0.00000000,0.00000000,0.01914562,0.05495412,0.00228090,0.00000000,0.00000000,0.00000000,0.00000000,0.00000000,0.00000000,0.00000000,0.00157379,0.07190713,0.00000000,0.00000000,0.01641901,2.21942449,0.00000000,0.00000000,0.00000000,0.00000000,0.00000000,0.28020509,0.00251009
0.00000000,0.00000000,0.00171502,0.00000000,0.08839155,0.00000000,0.00000000,0.00000000,0.00000000,0.20529795,0.00000000,0.00000000,0.01868454,0.00000000,0.00855848,0.00700004,0.00000000,4.05544040,0.00000000,0.00000000,0.00000000,0.00000000,0.00000000,0.00000000,0.09860862,0.00000000,0.01797352,0.00000000,0.00000000,0.21219331,0.00000000,0.00000000,0.00000000,0.00000000,0.00000000,0.00000000,0.00000000,0.00000000,0.02240364,0.00000000,0.00000000,0.00000000,0.00000000,0.00488070,0.60789415,0.00000000,0.11613379,0.00000000,0.20129825,0.00000000,1.59059038,0.00072681,0.00000000,0.00000000,0.00000000,0.00000000,0.00360650,0.13235554,0.02503273,0.00000000,0.37964569,0.07466922,0.00000000,0.00000000,0.05167906,0.76384915,0.00000000,0.00000000,0.00000000,0.00000000,0.00000000,0.00000000,0.00000000,0.00296144,0.00000000,0.00000000,0.00000000,0.00000000,0.37923961,0.03709013,0.00000000,0.01149366,0.00000000,0.00000000,0.00000000,0.71943726,0.00000000,0.00000000,0.00000000,0.00345680,0.00000000,0.00000000,0.00000000,0.00000000,0.00000000,0.00000000,0.04854521,0.00000000,0.03735369,0.00000000,0.21755626,0.00000000,0.29188449,0.00000000,0.00000000,0.00000000,0.02061178,0.00549050,0.00000000,0.00000000,0.00000000,0.00000000,0.00000000,0.00000000,0.00000000,0.00224140,0.00000000,0.00000000,0.12115659,0.00000000,0.00000000,0.02828659,0.00000000,0.14281928,0.00000000,0.00000000,0.00000000,0.34124686,0.00000000,0.00000000,0.04936908,0.00183620,1.20858978,0.03802862,0.00000000,0.07021653,0.00000000
0.00000000,0.00000000,0.00000000,0.00000000,0.48246548,0.00000000,0.00000000,0.01020801,0.00000000,0.03431728,0.00000000,0.15181863,0.00000000,0.00000000,0.00000000,0.00000000,0.00470899,0.00000000,0.04238498,0.01345566,0.00000000,0.00448128,0.00355502,0.00000000,0.00000000,0.00000000,0.03864069,0.00000000,0.00000000,0.00000000,0.00000000,0.00000000,0.46886463,1.97808153,0.00170627,0.01750392,0.00000000,0.00000000,0.00000000,2.03964566,0.00000000,0.04112499,0.00000000,0.00000000,0.00000000,0.00302452,0.01916269,0.00000000,0.00000000,0.64975658,0.00000000,0.00000000,0.00000000,0.00000000,0.00000000,0.19682309,0.00000000,0.00000000,0.00000000,0.00000000,0.00000000,0.00000000,0.00000000,0.00000000,0.00000000,0.00144929,0.00000000,0.00000000,0.00000000,0.15477741,0.00000000,0.33922805,0.52584931,0.00000000,0.00411948,0.00000000,0.04901783,0.00000000,0.00000000,0.00000000,0.00000000,0.00000000,0.00000000,0.00000000,0.71943726,0.00000000,0.00000000,0.00000000,0.00000000,0.00000000,0.00000000,0.00000000,0.00000000,0.00000000,0.00000000,0.00000000,0.00000000,0.00000000,0.00000000,0.00000000,0.00000000,1.34290846,0.00000000,0.00000000,0.01697187,0.00000000,0.00000000,0.00000000,0.01038043,0.00782093,0.00000000,0.06183696,0.00000000,0.00000000,0.00000000,0.08839155,0.00000000,0.26713003,0.08755276,0.00000000,0.12115659,0.00000000,0.00000000,0.00000000,0.00804544,0.00000000,0.00496459,0.09406167,0.07636958,0.20270058,0.10226780,0.24418622,0.00396649,0.02141266,0.00606768,0.00000000,0.00000000
0.00000000,0.00000000,0.00383251,0.00000000,0.00000000,0.00140745,0.00000000,0.00000000,0.00000000,0.00000000,0.00000000,0.00708370,0.00000000,0.00000000,0.04100170,0.00000000,0.00323854,0.00000000,1.81859891,0.00000000,0.24809740,0.00000000,0.00000000,0.14540143,0.00000000,0.00000000,0.03686110,0.73074433,0.06257955,0.00000000,0.00000000,0.00000000,0.00000000,0.00000000,0.36343186,0.00000000,0.55347572,0.00164665,1.03872981,0.03340117,0.00000000,0.00000000,0.00000000,0.22123672,0.00000000,0.00000000,0.00686643,0.00000000,0.12994907,1.81053347,0.00000000,0.00000000,0.00000000,0.00000000,0.00000000,0.06447494,0.00331835,0.00000000,0.00759719,0.00000000,0.00000000,0.00000000,0.00000000,0.00000000,0.00000000,0.00000000,0.00000000,0.00000000,0.00000000,0.00000000,0.15015280,0.00000000,0.00000000,0.00000000,0.16766105,0.00000000,0.00000000,0.03903381,0.00000000,0.00000000,0.00000000,0.00433536,0.00000000,0.38597478,0.00000000,0.00000000,0.00000000,0.00000000,0.00000000,0.00000000,0.04068288,0.00000000,0.03933986,0.01908322,0.00000000,0.00000000,0.08360381,0.00000000,0.69482961,0.37258463,0.00000000,0.00000000,0.00971472,0.46886463,7.41146954,0.00000000,0.00000000,0.01650847,0.00000000,0.00000000,0.00000000,0.00000000,0.07201009,0.00000000,0.00000000,0.37441618,2.70003680,0.00000000,0.00000000,0.00257526,0.00000000,0.00218474,0.00000000,0.00000000,0.00796705,0.00000000,0.00000000,0.00000000,0.00000000,0.00000000,0.25803575,0.90086075,0.00000000,0.00000000,0.00000000,0.00000000,0.00000000
0.00000000,0.01812617,0.00000000,0.00000000,0.00000000,1.95408561,0.00000000,0.00000000,0.00000000,0.29515516,0.00000000,0.00000000,0.30668490,0.25709979,3.92026448,0.00000000,0.07406470,0.00000000,0.00000000,0.00000000,0.00000000,0.00000000,0.00000000,0.00000000,0.00000000,0.03512494,0.00000000,0.00000000,0.06644984,0.00000000,0.00000000,0.00000000,0.35802937,1.32536353,0.00000000,0.12291236,0.00000000,0.00000000,0.00345240,0.00000000,0.09718577,0.43878342,0.00000000,0.00000000,0.00606410,0.00000000,0.00000000,0.00000000,0.00000000,0.02317019,0.00949782,0.00000000,0.19615544,0.00000000,0.00000000,0.00000000,0.08078886,0.00000000,0.00000000,0.53262753,0.00000000,0.00000000,0.00000000,0.00000000,0.03782821,0.00633358,0.00000000,0.39231457,0.13980006,0.00000000,0.00000000,0.00000000,0.01222639,0.00000000,0.00000000,0.02830271,0.00118096,0.04070419,0.00000000,0.03476942,0.00951506,0.00000000,0.00000000,0.00000000,0.00000000,0.00000000,0.00000000,0.00000000,0.00000000,0.00000000,0.00000000,0.00873821,0.00000000,0.07181203,0.00000000,0.05989545,0.07090106,0.00000000,0.00000000,0.00000000,0.12393042,0.00000000,0.00000000,0.04345228,4.87712665,0.00750778,0.00000000,0.00000000,0.00000000,0.29427264,0.00000000,0.02854498,0.00000000,0.00000000,0.26419745,0.00000000,0.00000000,0.00000000,0.00000000,0.00000000,0.03306805,0.00000000,0.00000000,0.00000000,0.00000000,0.00000000,0.00000000,0.00175057,0.00000000,0.00000000,0.86130319,0.00000000,0.00000000,0.00000000,0.00685663,0.00000000,0.00000000
0.00000000,0.00000000,0.00000000,0.00000000,0.00105402,0.00000000,0.00000000,0.00000000,0.15363357,0.00000000,0.16111463,0.00221220,0.00964788,0.03389075,0.00000000,0.00000000,0.00000000,0.00000000,0.00000000,0.00000000,0.00551114,0.00000000,0.07440737,0.00000000,0.00000000,0.09589668,0.57414093,0.01536132,0.06656510,0.00211856,0.00917806,3.16079555,0.00000000,0.00000000,0.02612100,0.11942851,0.04336524,0.00000000,0.00000000,0.00296020,0.00000000,0.00000000,0.00000000,0.00000000,0.00000000,0.00000000,0.00000000,0.00000000,0.00262621,0.05642123,0.00000000,0.00000000,0.00000000,0.00000000,0.00000000,0.00000000,0.00000000,0.14343471,0.01295422,0.05744427,0.00000000,0.00000000,0.00000000,0.00000000,0.00000000,0.00000000,0.00000000,0.00000000,0.02984084,0.00398740,0.00000000,0.00398037,0.00000000,0.00000000,0.00000000,0.00000000,0.00000000,0.00000000,0.00000000,0.00000000,0.00000000,0.00000000,0.01802220,0.10349168,0.00000000,0.00000000,0.00000000,0.00000000,0.00000000,0.00000000,0.03032026,0.00417495,0.00000000,0.00000000,0.16023042,0.00000000,0.00000000,0.00000000,0.00000000,0.00000000,0.00408956,0.00000000,0.01854543,0.00000000,0.00000000,0.00000000,0.00000000,0.00000000,0.00000000,0.24751387,0.00000000,0.17218962,0.00000000,0.00433559,0.06183696,0.00000000,0.00000000,0.15564463,1.10728798,0.31335923,0.00000000,0.00144929,0.76384915,0.00000000,0.00000000,0.00000000,0.00000000,0.00000000,0.00000000,0.01873283,0.30613223,0.28920708,0.00000000,0.00000000,0.00000000,0.00000000,0.00000000
0.00000000,0.00000000,0.00000000,0.16531385,0.00000000,0.00000000,0.00000000,0.18009178,0.00159057,0.00000000,0.00000000,0.00000000,0.00000000,0.00000000,0.13377108,0.00000000,0.00000000,0.00941422,0.00912467,0.00849616,0.00000000,0.49629286,0.00000000,6.82993342,0.00000000,0.00000000,0.37258463,0.01469005,0.00000000,0.00000000,0.00000000,0.00500100,0.00000000,0.00000000,0.03648995,1.51891703,0.00562014,0.00000000,0.00000000,0.00000000,0.21388608,0.04217300,0.00000000,0.00000000,0.00000000,0.00000000,0.00000000,0.00000000,0.00000000,0.00000000,0.00000000,0.00000000,0.00000000,0.00000000,0.00000000,0.00000000,0.00000000,0.00913127,1.35423125,0.03804001,0.00000000,0.31902327,0.00000000,0.00000000,0.00000000,0.00000000,0.00000000,0.00000000,0.00000000,0.00000000,0.32754220,0.00000000,0.02844564,0.00830517,0.01333491,0.00000000,0.00000000,0.73676574,0.00000000,0.00000000,0.00000000,0.00000000,0.10601538,0.09877396,0.00345680,0.00000000,0.00000000,0.00000000,0.00000000,0.00000000,4.34448646,0.00000000,0.00000000,6.66126391,0.00309334,0.00000000,0.00000000,0.00000000,0.00000000,0.00000000,0.00000000,0.07816201,0.00000000,0.17547487,0.00000000,0.00000000,0.00586714,0.00000000,0.00000000,0.00148868,0.00000000,0.07440737,0.47376700,0.00761877,0.00000000,0.00099660,0.00000000,0.00000000,0.00000000,0.00000000,0.00616055,0.00000000,0.01908322,0.00000000,0.00000000,0.00000000,0.00000000,0.00000000,0.00266036,0.04082665,0.00000000,0.00000000,0.00000000,0.00000000,0.00816844,0.16998910,0.00000000
0.04401569,0.00000000,0.11482408,0.00000000,0.00000000,0.00000000,0.00000000,0.00000000,0.00162918,0.00000000,0.00000000,0.00000000,0.00000000,0.00000000,0.00000000,0.00189929,0.00000000,0.00000000,0.00000000,0.57102970,0.00000000,0.00000000,0.00000000,0.22123672,0.00000000,0.00000000,0.00000000,0.11363031,0.04104264,0.00000000,0.00000000,0.00000000,0.00000000,0.12906345,0.00000000,0.00000000,0.84210960,0.00000000,0.00000000,0.00000000,0.00000000,3.50076172,0.00000000,0.46456655,0.00000000,0.00000000,0.00307419,0.00000000,0.00000000,0.00000000,0.00000000,0.01701911,3.01882702,0.01682008,0.00000000,0.00000000,0.02008067,0.00000000,0.00000000,0.00000000,0.00109809,0.00000000,1.02170913,0.00000000,0.00000000,0.00000000,0.18845938,0.00000000,0.00000000,0.00000000,0.00000000,0.01934624,0.00000000,0.00000000,0.00000000,0.00000000,0.00000000,0.00000000,0.00000000,0.00000000,0.00000000,0.00000000,0.00000000,0.21844756,0.00000000,0.00000000,0.04068288,0.00000000,0.03032026,4.34448646,0.00000000,0.00000000,0.00000000,0.04704852,0.65878125,0.00000000,0.06147867,0.07884145,0.00000000,0.11291007,5.84019600,0.00000000,0.00000000,0.00308464,0.00000000,0.00000000,0.00472169,0.22685995,0.30668490,0.00000000,0.07152203,0.00000000,0.08511613,0.00000000,0.00000000,0.00000000,0.00000000,0.04805533,0.00000000,0.00000000,0.00919274,0.00271287,0.00000000,0.00000000,0.16995752,0.00000000,0.00000000,0.00611430,0.00000000,0.00000000,0.01004470,0.00000000,0.01797352,0.00000000,0.04401569,0.00000000,0.14105347
0.00000000,0.00000000,0.00000000,0.00000000,0.00000000,0.00000000,0.00000000,0.00000000,0.00000000,0.00000000,0.00000000,0.01154034,0.00000000,0.00000000,0.00000000,0.00000000,0.00000000,0.00000000,0.00000000,0.01856125,0.00000000,0.00000000,0.00000000,0.00678445,0.00000000,0.05843968,0.22855621,0.00000000,0.78392623,0.01728031,0.32972941,0.00000000,0.04686817,0.00000000,0.06941083,0.00000000,0.00000000,0.00000000,0.04163870,0.05846299,0.00470899,0.16002429,0.00278786,0.00000000,0.00000000,0.50340225,0.32743779,0.00000000,0.00000000,0.00000000,0.00000000,0.00000000,0.00000000,0.00361380,2.26685756,0.00000000,0.02874587,0.00000000,0.00000000,0.00000000,0.07002903,0.06891157,0.00000000,0.00000000,0.13910700,0.00000000,0.07406470,0.00000000,0.01229053,0.00000000,0.00000000,0.00000000,0.00000000,0.00000000,0.00000000,0.00399288,0.01466773,0.05233092,0.00528424,0.00000000,0.00000000,0.00000000,0.00000000,0.00000000,0.00000000,0.00000000,0.00000000,0.00873821,0.00417495,0.00000000,0.00000000,0.00000000,0.00000000,0.02037894,0.67644347,0.00000000,0.00000000,0.00000000,0.00000000,0.00148868,0.00000000,0.00000000,0.00000000,0.00000000,0.00000000,0.02385048,0.00000000,0.01821696,0.00000000,0.00000000,0.01758585,0.00551114,0.08004023,0.00000000,0.00000000,0.00000000,0.09431551,0.00000000,0.00000000,0.00963050,0.00000000,0.00000000,9.47051298,0.75918716,0.00244536,0.00000000,0.00000000,0.00000000,0.00000000,0.00000000,0.00000000,0.02805915,0.00000000,2.79567677,0.00000000,0.00000000,0.00000000
0.00000000,0.08082735,0.00000000,0.00000000,0.00000000,0.00000000,0.00000000,0.00000000,0.00000000,0.00358007,0.00000000,0.00000000,0.00000000,0.01049283,0.00000000,0.00000000,0.01087267,0.00000000,0.01049283,4.17438322,0.06797125,0.07544641,0.00000000,0.00000000,0.00000000,0.00000000,0.00000000,0.00170488,0.00000000,0.00000000,0.00000000,0.12075255,0.00000000,0.00691116,0.10277346,0.05545052,0.00000000,0.00000000,0.08210100,0.00229164,0.00000000,0.00000000,0.00000000,0.00000000,0.00000000,0.46272378,0.00000000,0.00000000,0.00000000,0.00000000,0.00000000,0.00000000,0.00387353,0.00000000,0.00000000,0.01327798,0.00000000,2.36304542,0.00000000,0.00000000,0.01948477,0.00000000,0.00000000,0.00000000,0.21968529,0.00000000,0.00000000,0.00000000,0.00000000,0.00000000,0.04112281,0.00210340,0.01729153,0.00000000,0.00304826,0.00000000,0.00000000,0.00000000,0.00000000,0.00000000,0.16399183,0.05039792,1.08556471,0.02988341,0.00000000,0.00000000,0.03933986,0.00000000,0.00000000,0.00000000,0.00000000,0.00000000,0.00000000,0.00886650,0.00000000,0.00000000,0.00000000,0.00000000,0.00000000,0.00696130,0.02266564,0.00000000,0.00000000,0.00000000,0.00000000,0.00000000,0.16896984,0.00000000,0.00909761,0.00775170,0.00000000,0.05744427,0.30345797,0.00129436,0.00000000,0.00000000,0.00000000,0.00000000,0.00000000,0.00000000,0.00363669,0.01476430,0.00000000,0.00204720,0.00000000,0.00000000,0.69043921,0.19682309,1.12338705,0.00000000,0.00000000,0.00000000,0.00000000,0.00000000,0.00442210,0.00000000,0.00000000
0.00000000,0.00000000,0.00485939,0.00000000,0.00000000,0.05911791,0.00000000,0.00000000,0.01144593,0.00000000,0.00000000,0.02116908,0.00000000,0.00000000,0.00000000,0.00000000,9.47051298,3.25788766,0.01232348,0.01553313,0.00000000,0.00000000,0.00000000,0.00000000,0.00000000,0.00000000,2.52174265,0.00000000,0.00000000,0.00000000,0.00000000,0.00082023,0.00000000,0.00000000,0.00000000,4.12891654,0.01072572,0.00086216,0.00712795,0.00247453,0.00000000,0.00000000,0.00000000,0.00000000,0.00000000,0.00000000,0.00000000,0.00000000,0.00000000,0.00000000,0.08014194,0.00000000,0.00000000,0.00000000,0.00000000,0.00000000,0.01150843,0.00000000,0.00000000,0.00000000,0.00000000,0.11202792,0.01830116,0.00000000,0.00000000,0.00000000,0.84210960,0.00000000,0.00000000,0.00000000,0.00521335,0.00331807,0.00000000,1.51443800,0.00000000,0.03431728,0.00000000,0.00000000,0.00383407,0.01850805,0.00000000,0.00000000,1.14418046,0.04660892,0.00000000,0.00000000,0.01908322,0.07181203,0.00000000,6.66126391,0.04704852,0.02037894,0.00886650,0.00000000,0.00000000,0.00000000,0.00000000,0.00000000,0.00727943,0.00000000,0.00000000,0.00241050,0.00000000,8.52395431,0.00000000,0.00000000,0.09035208,0.00263960,0.00000000,0.00000000,0.00000000,0.00510559,0.00358007,0.00000000,0.00000000,0.00000000,0.00000000,0.00000000,0.00000000,0.00000000,0.00000000,0.00000000,0.00000000,0.00959263,0.00000000,0.00125635,0.00000000,0.00000000,0.14321993,0.00000000,0.00000000,0.00000000,0.00360650,0.00000000,0.00000000,0.02858147,0.00000000
0.00000000,4.30997187,0.00000000,0.00000000,0.00000000,0.01303312,0.03520874,0.01106593,0.00000000,0.00000000,0.00000000,0.00158976,0.00000000,0.00000000,0.00000000,0.00000000,0.00877155,0.00000000,0.40807632,0.00000000,0.00000000,0.00000000,34.96962877,0.00000000,0.66345236,0.00948230,0.40471954,0.00000000,0.00095375,0.00000000,0.00000000,6.93667513,0.00000000,0.00000000,0.01167554,0.00440529,0.00000000,0.00000000,0.34047687,0.22277949,0.70495925,0.00000000,0.00000000,0.84664253,0.00000000,0.00000000,0.00000000,0.00000000,0.00000000,0.00000000,0.00000000,0.00000000,0.00000000,0.00000000,0.00000000,0.00000000,0.00000000,0.00000000,0.00000000,0.00000000,2.22622143,0.00000000,0.01775661,0.00000000,0.05604949,0.00000000,0.00000000,0.01656905,0.00000000,2.47823540,0.00000000,0.00000000,0.00000000,0.00000000,0.00000000,0.10268160,0.00322066,0.00000000,0.00000000,0.00000000,0.00000000,0.00000000,0.00000000,3.99333328,0.00000000,0.00000000,0.00000000,0.00000000,0.16023042,0.00309334,0.65878125,0.67644347,0.00000000,0.00000000,0.00000000,0.00000000,0.00000000,0.00000000,0.00000000,0.00000000,0.00000000,0.00000000,0.00000000,0.22550629,0.35644773,0.00000000,0.03144093,0.00000000,0.00000000,0.06422764,0.00000000,0.31457995,0.00000000,0.00000000,0.00000000,0.01525646,0.00000000,0.00000000,0.00616055,0.00000000,0.20436938,0.00248014,0.00000000,0.00000000,0.00000000,0.00000000,0.01019511,0.00000000,4.29253257,0.00000000,0.14208024,0.17146307,0.00000000,0.11663353,0.22126170,0.00000000,0.00000000
0.00000000,0.00000000,0.00000000,0.00000000,0.00000000,0.00000000,0.05833759,0.03543458,0.00140745,0.00000000,0.00000000,0.00000000,0.23893180,0.05800505,0.00179003,0.00000000,0.02874587,0.00721245,0.00000000,0.00000000,0.00000000,0.00000000,0.00000000,0.00000000,0.04475459,0.00000000,0.00000000,0.00000000,0.00000000,0.00000000,0.57244314,0.00000000,0.00000000,0.00000000,0.00000000,0.00000000,0.00000000,0.00000000,0.00631205,1.30911322,0.00000000,0.00000000,0.00000000,0.01958204,0.00000000,0.00000000,0.00073041,0.00000000,0.02206366,2.11842653,0.00000000,0.00000000,0.00000000,0.00000000,0.50609192,0.00000000,0.00000000,0.51050059,0.00000000,0.00000000,0.00654171,1.79414503,0.00000000,0.16628202,0.23349929,0.15363357,0.00566770,0.00000000,0.00959263,0.00738954,0.00439567,0.14447366,0.00000000,0.00889102,0.00000000,3.35924180,0.00386715,0.00000000,0.12139425,0.00000000,0.00000000,0.00000000,0.36070981,0.00000000,0.00000000,0.00000000,0.00000000,0.05989545,0.00000000,0.00000000,0.00000000,0.00000000,0.00000000,0.00000000,0.00000000,0.00000000,0.00000000,0.00000000,0.00000000,0.00000000,0.10031703,4.79586809,0.65142482,0.00000000,0.00000000,0.00000000,0.36522033,0.00000000,0.00000000,0.00000000,0.00000000,0.00000000,0.00000000,0.00000000,0.00000000,0.00000000,0.00000000,0.15619025,0.00000000,0.00000000,1.86455876,0.00000000,0.00000000,0.02082672,0.00000000,0.00000000,0.00362495,0.01327798,0.00000000,0.00000000,0.04548719,0.70952258,0.00000000,0.00000000,0.00000000,0.00000000,0.03927224
0.00000000,0.00000000,0.01963422,0.01902774,0.02499651,0.11363031,0.00000000,0.72899464,0.00000000,0.00000000,0.07807153,0.12172374,0.00000000,0.00000000,0.00000000,0.00000000,0.00000000,1.92378618,0.00000000,0.00000000,0.00000000,0.00000000,0.00000000,0.00000000,0.03420075,0.00000000,0.00000000,0.00000000,0.00000000,0.00000000,0.00000000,0.00000000,0.00000000,0.00000000,0.00000000,0.00000000,0.00000000,0.00000000,0.00000000,0.02081655,0.00000000,0.37253692,0.00000000,0.09039172,0.00000000,0.00000000,4.97104570,0.01401361,0.00000000,0.00123066,0.00000000,0.00000000,0.00000000,0.00000000,0.00498717,0.00000000,0.00000000,0.00000000,0.00000000,0.40585918,0.00247090,0.27906678,0.14526280,0.00000000,0.00797530,0.10363924,0.24631613,0.00000000,0.00000000,0.00000000,0.15711972,0.00000000,0.13361248,0.00000000,0.00000000,0.00000000,0.05663191,0.00000000,0.00000000,0.05624732,0.00000000,0.00000000,0.00000000,0.00000000,0.04854521,0.00000000,0.08360381,0.07090106,0.00000000,0.00000000,0.06147867,0.00000000,0.00000000,0.00000000,0.00000000,0.00000000,0.00000000,0.00715049,0.00000000,0.16628202,0.12619803,0.00000000,2.04856434,0.00000000,0.10064899,0.00000000,0.00000000,0.00000000,4.68048080,0.00000000,0.00000000,0.00000000,0.00000000,0.00000000,0.25556232,0.00145972,0.49252483,0.00000000,0.00000000,0.04115818,0.00000000,0.00000000,0.00000000,0.00000000,0.00000000,0.00000000,0.00000000,1.08556471,0.00000000,0.00000000,0.00000000,0.00000000,0.10729117,0.00604730,0.00000000,1.07998727,0.14221514
0.00000000,0.07046942,0.00000000,0.12906345,0.00000000,1.97808153,0.00000000,0.00000000,0.01260919,0.03927224,0.00000000,0.00000000,0.02690753,0.00000000,0.00000000,0.00000000,0.00000000,0.00000000,0.00000000,0.00515305,0.00000000,0.00000000,0.02874021,0.00000000,0.02451135,0.00000000,0.02805915,0.00000000,0.00000000,0.00000000,0.00000000,0.01789117,0.00878422,0.00000000,0.00000000,0.89137424,5.53385703,0.00000000,0.00000000,0.00691116,0.00000000,0.00000000,0.86477230,0.00000000,0.00000000,0.00000000,0.14105347,0.01042941,1.05969697,0.00000000,0.00000000,0.00000000,0.00000000,0.00000000,0.00335050,0.00000000,0.06941083,0.00000000,0.00000000,0.00000000,0.00000000,0.01076916,0.00000000,0.00135390,0.01013315,0.00709283,0.00452068,0.00000000,0.00000000,0.00335742,0.00000000,0.02808375,0.00000000,0.22855621,0.00000000,0.00000000,0.00000000,0.58068586,1.16947385,0.00478233,0.00000000,0.00000000,0.19860628,0.00000000,0.00000000,0.00000000,0.00000000,0.00000000,0.00000000,0.00000000,0.07884145,0.00000000,0.00000000,0.00000000,0.00000000,0.00000000,0.00715049,0.00000000,0.00000000,0.02802155,0.10691372,0.00000000,0.00757878,0.00088981,3.63371260,0.03365633,0.00000000,0.00000000,0.00000000,0.00000000,0.00000000,0.00000000,0.00000000,0.00000000,0.00000000,0.01292577,0.03456521,0.00000000,0.15645687,0.00278786,0.00000000,0.00000000,0.00000000,0.00000000,0.00000000,0.00000000,0.00000000,0.00000000,0.00000000,0.00000000,0.00000000,0.00000000,0.00000000,0.00000000,0.00000000,0.00630494,0.00000000
0.02670832,0.00000000,1.64839874,0.04411719,0.00504247,0.00000000,0.00000000,0.05566690,0.51783955,0.00000000,0.00000000,0.01634503,0.00000000,0.00608121,0.15069738,0.00807158,0.00000000,0.56643182,0.00000000,0.00761877,0.00172833,0.00000000,0.00995169,0.00672332,0.00000000,0.00000000,0.00000000,0.00736610,0.00000000,0.00000000,0.03331013,0.01292589,0.01219158,0.00000000,0.00000000,0.00000000,1.14418046,0.00000000,0.00000000,0.05537159,0.00000000,0.00000000,0.08302919,0.00000000,0.00000000,0.00421655,0.00000000,0.00000000,0.00000000,0.00000000,0.00000000,3.29863436,0.00000000,0.05605436,0.17703105,0.00000000,0.00000000,0.00000000,0.00000000,0.00000000,0.71570932,0.00000000,0.01757384,0.00000000,0.00000000,0.00000000,0.00000000,0.00000000,0.00000000,0.00410678,0.37395659,0.00000000,0.00000000,0.00000000,0.00000000,0.00000000,0.00000000,0.00000000,2.73294128,0.00000000,0.00000000,0.00000000,0.00000000,0.00000000,0.03735369,0.00000000,0.69482961,0.00000000,0.00000000,0.00000000,0.00000000,0.00000000,0.00000000,0.00727943,0.00000000,0.00000000,0.00000000,0.00000000,0.00000000,0.00000000,0.01084546,0.00000000,0.00000000,0.00000000,0.00000000,0.22607303,0.00600925,0.00000000,0.00000000,0.00077904,4.23853242,0.00000000,0.00627440,0.00000000,0.00000000,0.00000000,4.45926285,0.00000000,0.01092106,0.00000000,0.00000000,0.00000000,0.00000000,0.00000000,0.00000000,0.00435422,1.09924600,0.00000000,0.00000000,0.00000000,0.00000000,0.00000000,0.00000000,0.00000000,0.02670832,0.00192059,0.00000000
0.00166692,0.18907475,0.00000000,0.00000000,0.00000000,0.00000000,0.00000000,0.36522033,0.00000000,0.00000000,0.01958204,0.00000000,0.00000000,0.00000000,0.00000000,0.00000000,0.00000000,0.00170909,0.00000000,0.00000000,0.00000000,0.00000000,0.00000000,0.01419225,0.18876911,0.00000000,0.00000000,0.00000000,0.35975569,0.00000000,0.00000000,0.00054596,0.01223083,0.00000000,0.04901783,0.01555337,0.00000000,0.00000000,0.00000000,0.00000000,0.00000000,0.00000000,0.00000000,0.13247964,0.00000000,0.00000000,0.00000000,0.03864069,0.00000000,0.00000000,0.00000000,0.00000000,0.00369211,0.00000000,0.00000000,0.00000000,0.00566770,0.00000000,0.00000000,0.01202994,0.00000000,0.00000000,0.01299590,0.01557259,0.00000000,0.02802740,0.00000000,0.01700450,0.00000000,0.00000000,0.00000000,0.03974124,0.00000000,0.02669175,0.00000000,0.00000000,2.57182125,0.00000000,0.00254930,0.00101868,0.00000000,1.32543533,0.00775170,0.00000000,0.00000000,0.00000000,0.37258463,0.00000000,0.00000000,0.00000000,0.11291007,0.00148868,0.00696130,0.00000000,0.00000000,0.00000000,0.16628202,0.02802155,0.00000000,0.00000000,0.00000000,0.11569633,0.00000000,0.00000000,0.00000000,0.00000000,0.00000000,0.00000000,0.00000000,0.00000000,0.00782093,1.32186592,0.00000000,0.00208138,0.00000000,0.00000000,0.00000000,0.00000000,0.00000000,0.00000000,0.00237778,0.00595561,0.00000000,0.00537609,0.00000000,0.64975658,0.00386715,0.36070981,0.00000000,0.01234393,0.00000000,0.00000000,0.01875296,0.00000000,0.00000000,0.00000000,0.00000000
0.00000000,0.00000000,0.00000000,0.02075233,0.00840973,0.00000000,0.00417929,0.00000000,0.01697886,0.00000000,0.00000000,0.00000000,0.00000000,0.08186665,0.00000000,0.00000000,0.00000000,0.00000000,0.00000000,0.06850252,0.01500086,0.00000000,0.00165741,0.00164665,0.00000000,0.03136480,0.00000000,0.00000000,0.00000000,0.00000000,0.00000000,0.00000000,0.00000000,0.00000000,0.00000000,0.68673120,0.00000000,0.49749136,0.00300294,0.00364378,0.00000000,0.04824836,1.32118528,0.18997341,0.00000000,0.00000000,0.00770057,0.00000000,0.00000000,0.00000000,0.00000000,0.00000000,0.00000000,0.00000000,0.00323235,0.00000000,0.00000000,0.00000000,0.00000000,0.00000000,0.00000000,0.65928459,0.00000000,0.00490429,0.58397354,0.00000000,0.00000000,0.00137763,0.00000000,0.64259580,0.00000000,22.01687981,0.00000000,0.00000000,0.00000000,0.00000000,0.02577867,0.00000000,0.00000000,0.00000000,2.00047448,0.00000000,0.00000000,0.00363011,0.21755626,0.00000000,0.00000000,0.12393042,0.00408956,0.00000000,5.84019600,0.00000000,0.02266564,0.00000000,0.00000000,0.10031703,0.12619803,0.10691372,0.01084546,0.00000000,0.00000000,0.12455253,0.01383449,0.09446801,0.00000000,0.00000000,0.00000000,0.00000000,0.00000000,0.00000000,0.00000000,0.00000000,0.00000000,0.00000000,0.00596756,0.00000000,0.00000000,0.00000000,0.00000000,0.00000000,0.00000000,0.34305930,0.00000000,0.17382703,0.00000000,0.00000000,0.00000000,0.00943071,0.01508182,0.00000000,0.00000000,0.00000000,0.00000000,0.00000000,0.06269162,0.00000000,0.00000000
0.00000000,0.00000000,0.00000000,0.00000000,0.00000000,0.00000000,0.00000000,0.02582334,0.00000000,0.00000000,0.00000000,0.00000000,0.00110791,0.00000000,0.00000000,0.00000000,0.04547022,0.00000000,0.00000000,0.00000000,0.00000000,0.00000000,0.00000000,0.00129332,0.00000000,0.00000000,0.05843968,0.04052262,0.00000000,0.00000000,0.00000000,0.00000000,0.00635495,0.14615017,0.00000000,0.03669514,0.00000000,0.00000000,0.05002148,0.05233092,0.00000000,0.00000000,0.00000000,0.00000000,0.02235261,0.01505306,0.00000000,0.00000000,0.00000000,0.02252314,0.00000000,0.00000000,0.00000000,4.05349829,0.00000000,0.00000000,0.73714352,0.00000000,0.00000000,0.00000000,0.01374576,0.00000000,0.00364102,0.00000000,0.00000000,0.00345611,0.00000000,0.58221462,0.00000000,0.00000000,0.00000000,0.00000000,0.00000000,0.00000000,0.66950946,0.00000000,0.51558796,0.00000000,0.00000000,0.14353970,0.09346127,0.02476132,0.00000000,0.00000000,0.00000000,1.34290846,0.00000000,0.00000000,0.00000000,0.07816201,0.00000000,0.00000000,0.00000000,0.00241050,0.00000000,4.79586809,0.00000000,0.00000000,0.00000000,0.11569633,0.12455253,0.00000000,0.07696712,0.00000000,0.00000000,0.03903381,0.00000000,0.00000000,0.46634993,0.11757903,0.00000000,0.00000000,0.00974029,0.00000000,0.00000000,0.00000000,0.09212740,0.00435422,0.00330786,0.01684881,0.00000000,0.00000000,0.00000000,0.00000000,0.73676574,0.06355273,0.06797125,0.00000000,1.10520316,0.00575528,0.00000000,0.00000000,0.00000000,27.26624073,0.00000000,0.00000000,0.00000000
0.00442210,0.00000000,0.00000000,0.00643825,0.00000000,0.00000000,0.31216165,0.00000000,0.06295066,0.00486982,0.07158506,0.00000000,0.00000000,0.00000000,0.15263131,0.00000000,0.00000000,0.00000000,0.00872495,0.00000000,0.00000000,0.00000000,0.00000000,1.81053347,0.05545052,0.00575528,0.00000000,0.00000000,0.00000000,0.00000000,0.00000000,0.07807714,0.00000000,0.00000000,0.00000000,0.11406167,0.00000000,0.00000000,0.17280708,0.00000000,0.32095452,0.00000000,0.00000000,0.00000000,0.00000000,0.00000000,0.00000000,0.00000000,0.00000000,0.00000000,0.00000000,0.05073137,0.02388346,0.00000000,0.34769230,1.20858978,0.00000000,0.00000000,0.00000000,0.00964788,0.00525604,0.03356991,0.00000000,0.15445483,0.00000000,0.00000000,0.00000000,0.00000000,0.00000000,0.00000000,0.00000000,0.06933158,0.00000000,0.11670427,0.01647891,0.00000000,0.00000000,0.00000000,0.00000000,0.00000000,0.00000000,0.00000000,0.00000000,0.00000000,0.29188449,0.00000000,0.00971472,0.00000000,0.01854543,0.00000000,0.00000000,0.00000000,0.00000000,0.00000000,0.00000000,0.65142482,2.04856434,0.00757878,0.00000000,0.00000000,0.01383449,0.07696712,0.00000000,0.00000000,0.00000000,0.00000000,0.00000000,0.00000000,0.00000000,0.00000000,0.00349266,0.00221220,0.00000000,0.00000000,0.00000000,0.00000000,0.00269219,0.00000000,0.00000000,0.00759719,0.00396649,0.04330247,0.00000000,0.52707551,0.00000000,0.00000000,0.00000000,0.00000000,0.00000000,0.00000000,0.00000000,1.47111167,0.05178061,0.00000000,0.01875296,0.00737961,0.05178061
0.01682008,0.00000000,0.00000000,0.00000000,0.00000000,0.00000000,0.00000000,0.00000000,0.00931318,0.00000000,0.00655534,0.00586310,0.01038043,0.46272378,0.00637240,0.00000000,0.00000000,0.37907604,0.00000000,0.00000000,0.00000000,0.00642592,0.00000000,0.00000000,0.00000000,0.01491725,0.00000000,0.00000000,0.00000000,0.00000000,0.00000000,0.00000000,0.00000000,0.00000000,0.00000000,0.00000000,0.32716926,0.00000000,0.00000000,0.11488010,0.00000000,0.00000000,0.00000000,0.00000000,0.00000000,0.00110775,4.26812092,0.03876167,0.05564673,0.00000000,0.00000000,0.00645463,0.00000000,0.00000000,0.01544354,0.00178600,0.00000000,0.00000000,0.00000000,0.00000000,0.02102122,0.00000000,0.00000000,0.00000000,0.00081001,0.00000000,0.00000000,0.00000000,0.17382703,0.00000000,0.00000000,0.00000000,0.00000000,0.00000000,0.00669714,0.00000000,0.00000000,0.00000000,0.00000000,0.00545406,0.00000000,7.21358124,0.00755290,0.00000000,0.00000000,0.00000000,0.46886463,0.04345228,0.00000000,0.17547487,0.00308464,0.00000000,0.00000000,8.52395431,0.22550629,0.00000000,0.00000000,0.00088981,0.00000000,0.00000000,0.09446801,0.00000000,0.00000000,0.00000000,0.00000000,0.02687099,0.00000000,0.00000000,0.06055705,0.00000000,0.04157503,0.00000000,0.02791136,0.00000000,0.00000000,0.00000000,0.00000000,0.00000000,0.00265406,0.00000000,5.16468520,0.00000000,0.06911216,0.00000000,0.00000000,0.01144784,0.00000000,0.00000000,0.00000000,0.00000000,4.44823271,0.00152940,0.15445483,0.00000000,0.06268292,0.00000000,0.00000000
0.00000000,0.00000000,0.00560398,0.00000000,0.00224140,0.00404983,0.05665251,0.00000000,0.00000000,0.00000000,0.00000000,0.01244260,0.00000000,22.23358109,0.00000000,0.00000000,0.03044284,0.00000000,0.00000000,0.00000000,0.00000000,0.00000000,0.74048798,0.01701911,0.00000000,0.00000000,0.00000000,0.00933932,0.12821718,0.34457893,0.00000000,0.00000000,0.00000000,0.02271280,0.00000000,0.00000000,0.00000000,0.00667510,0.00000000,0.00000000,0.00000000,3.35638772,0.66389020,0.00000000,0.00000000,0.01137094,0.00000000,0.00000000,0.00000000,0.00000000,0.00000000,0.00960436,0.00000000,0.00000000,0.02417008,0.04864758,0.00000000,0.00000000,0.00000000,0.42987026,0.00000000,0.00000000,0.00000000,0.09611159,0.08844840,0.24642151,0.00000000,0.00000000,0.00000000,0.74854273,0.00000000,0.08427432,0.00000000,0.00000000,0.00571869,0.13740706,0.00000000,0.00000000,0.00000000,0.06098636,0.00000000,0.00000000,0.00000000,0.00000000,0.00000000,0.01697187,7.41146954,4.87712665,0.00000000,0.00000000,0.00000000,0.00000000,0.00000000,0.00000000,0.35644773,0.00000000,0.10064899,3.63371260,0.00000000,0.00000000,0.00000000,0.00000000,0.00000000,0.00000000,0.00000000,0.00115010,0.05110776,0.00000000,0.00000000,0.00000000,0.01694336,0.00000000,0.00000000,0.21388608,0.00000000,0.00000000,0.00000000,0.00000000,0.00000000,0.05839591,0.00000000,0.00000000,0.07356365,0.00000000,0.00000000,0.16374086,0.02604394,0.00573763,0.00000000,0.00000000,2.68291283,0.00676348,0.00000000,0.00000000,0.00000000,0.00000000,0.00000000
0.00000000,0.00000000,0.03971595,3.58756468,0.66390357,0.00000000,1.49449250,0.00000000,6.19475103,0.11202792,0.00000000,0.00000000,0.00000000,0.00000000,0.00000000,0.11506806,0.00000000,0.00323854,0.00000000,0.00000000,0.06037320,0.00000000,0.00000000,0.00000000,0.00000000,0.00000000,0.00000000,0.13846373,0.00000000,0.00000000,0.00000000,0.00000000,0.00000000,0.01292577,0.03794577,0.00000000,0.00000000,0.21417835,0.00676297,0.00000000,0.00000000,0.00000000,0.00000000,0.01303312,0.00000000,0.00000000,0.00000000,0.01137498,0.00000000,0.00000000,0.32210795,0.00135687,0.00918202,0.00000000,0.00000000,0.33848509,0.00000000,0.00114807,0.00815325,0.00000000,0.00000000,0.01512263,0.00000000,0.00000000,0.03533427,0.16111463,0.00000000,0.00000000,0.00000000,0.00000000,0.00000000,0.00000000,0.00000000,0.10570895,0.00000000,0.00560458,0.00000000,0.00000000,0.00000000,0.00000000,0.00000000,0.16079011,0.00404983,0.00000000,0.00000000,0.00000000,0.00000000,0.00750778,0.00000000,0.00000000,0.00000000,0.02385048,0.00000000,0.00000000,0.00000000,0.00000000,0.00000000,0.03365633,0.22607303,0.00000000,0.00000000,0.03903381,0.00000000,0.02687099,0.00115010,0.00000000,0.00000000,0.00000000,0.08472993,0.00000000,0.00000000,0.00000000,0.00000000,0.07545695,0.00000000,0.03638644,0.08202914,0.49122133,0.00000000,0.02736718,0.00000000,0.00000000,0.05911791,0.14083119,0.09050046,0.00000000,0.00000000,0.00000000,0.00000000,0.56043421,0.00000000,0.00000000,0.00000000,0.00000000,0.00000000,0.00000000,0.00000000
0.00000000,0.01795741,0.00000000,0.00000000,0.00000000,2.11842653,0.02149631,0.00000000,0.00000000,0.00000000,0.00000000,0.00000000,0.00000000,0.07644930,0.00000000,1.46148487,0.00000000,0.00000000,0.00000000,0.00000000,0.35802937,0.00000000,0.00107366,0.00000000,0.00211356,0.00000000,1.32186592,0.00000000,0.00000000,0.00000000,0.00000000,0.00660602,0.00000000,0.00000000,0.00000000,0.00000000,0.01087267,0.00000000,4.15494794,0.15648512,0.00000000,0.00000000,0.00000000,0.00337151,0.00000000,0.00000000,0.00000000,0.00000000,0.00000000,1.32543533,0.00000000,0.02238161,0.00000000,0.00000000,0.00000000,0.00000000,0.11291007,0.00000000,0.00000000,0.00000000,0.00000000,0.00000000,0.01588533,0.00000000,3.42649229,0.00000000,0.00101868,0.00000000,0.00000000,0.00455481,0.06570355,0.00000000,0.00000000,0.00000000,0.00000000,0.00524906,0.00000000,0.07696712,0.00000000,0.00000000,0.04098220,0.21002883,0.00000000,0.00000000,0.02061178,0.00000000,0.00000000,0.00000000,0.00000000,0.00586714,0.00472169,0.00000000,0.16896984,0.09035208,0.03144093,0.36522033,0.00000000,0.00000000,0.00600925,0.00000000,0.00000000,0.00000000,0.00000000,0.00000000,0.05110776,0.00000000,0.00000000,0.00000000,0.00000000,0.00000000,0.00000000,0.01854543,0.00000000,0.03038375,0.96569896,0.00389277,0.00000000,0.00000000,0.00000000,0.00000000,0.00000000,0.00000000,0.00000000,0.00000000,0.00000000,0.01419225,0.00129436,0.00000000,0.13390961,0.00000000,0.00000000,0.11276660,0.03735369,0.00000000,0.00000000,3.54770553,0.10691372
0.00085374,0.00000000,0.00279943,0.00134037,0.22618532,0.00000000,0.00000000,0.00303035,0.00000000,0.00000000,0.00000000,0.01976531,0.00078553,0.00000000,0.01006878,0.00000000,0.00000000,0.00000000,0.00000000,0.02288882,0.23795764,1.07675955,0.01000620,0.00000000,0.00000000,0.00000000,0.00000000,0.00000000,0.00109888,0.00000000,0.00000000,0.00000000,0.00000000,0.00000000,0.00000000,0.00000000,0.00000000,0.00204000,0.00000000,0.00000000,0.00000000,1.69565846,0.00000000,0.00000000,0.00345307,0.00000000,0.04018026,0.00000000,0.00000000,0.00000000,0.00000000,0.00000000,0.00437222,0.00000000,0.00000000,0.00000000,0.00000000,0.00157810,0.01330354,0.00000000,0.00000000,0.00000000,0.00000000,0.00105583,0.01585698,0.00482037,0.00000000,0.18008022,0.00000000,0.00000000,0.00152809,0.00000000,0.62093333,0.00000000,4.17690721,0.00000000,0.00000000,1.43626403,0.00000000,0.00000000,0.00000000,0.00000000,0.00000000,0.00000000,0.00549050,0.00000000,0.01650847,0.00000000,0.00000000,0.00000000,0.22685995,0.01821696,0.00000000,0.00263960,0.00000000,0.00000000,0.00000000,0.00000000,0.00000000,0.00000000,0.00000000,0.00000000,0.00000000,0.00000000,0.00000000,0.00000000,0.00000000,0.00000000,0.06025334,0.33183046,0.00000000,0.00000000,0.00000000,0.00448686,0.00000000,0.00000000,0.31149437,0.00000000,0.00000000,0.00000000,0.04525292,0.00000000,0.01761081,1.18134222,0.00000000,0.00000000,0.31808692,0.00000000,0.09490354,0.00000000,0.02284902,0.00000000,0.00488070,0.00532855,0.00000000,0.00000000,0.05320209
0.15756423,0.00189929,0.00000000,0.00129738,0.01364487,0.00000000,0.11483494,0.00000000,0.00000000,0.00000000,0.00000000,0.00000000,0.00000000,0.00260399,0.10586234,0.00000000,0.46447893,0.03789317,0.00000000,0.00000000,0.00000000,0.00000000,0.00000000,0.00000000,0.00000000,0.00367362,0.06761108,0.00000000,0.22037621,0.00000000,0.40602195,0.00000000,0.00000000,0.00000000,0.00000000,0.00000000,0.00000000,0.00000000,0.00000000,0.00000000,0.02737754,0.00697552,0.00000000,0.02690753,0.00000000,0.02218660,0.00000000,0.00000000,0.00225408,0.00000000,0.00000000,0.23893180,0.00000000,0.00000000,0.00000000,0.00000000,0.00078553,0.03328414,0.03497175,0.00000000,0.00000000,0.01487985,0.00000000,0.00000000,0.00000000,0.05993983,0.00000000,0.00671422,0.00000000,0.00000000,0.00000000,0.20146702,0.00000000,0.00000000,0.00000000,0.87284409,0.16447398,0.00000000,0.00000000,0.00000000,0.00000000,0.00000000,0.00000000,0.98815959,0.00000000,0.01038043,0.00000000,0.00000000,0.00000000,0.00000000,0.30668490,0.00000000,0.00909761,0.00000000,0.00000000,0.00000000,4.68048080,0.00000000,0.00000000,0.00000000,0.00000000,0.46634993,0.00000000,0.06055705,0.00000000,0.08472993,0.00000000,0.06025334,0.00000000,0.00000000,0.02820991,0.00000000,0.00000000,0.00000000,0.00000000,0.00000000,0.00000000,0.00000000,0.03794577,0.22017152,0.03283790,0.00000000,0.01868454,0.32014805,0.00000000,0.00000000,0.00000000,0.10601538,0.00000000,0.00000000,0.00000000,0.00000000,0.16531385,0.45703160,0.00000000,0.00000000,0.00000000
0.00000000,0.05473141,0.09737831,0.14493165,0.00000000,0.00000000,0.00000000,0.00000000,0.62349552,0.00000000,0.00000000,0.00000000,0.00000000,0.00000000,0.00208131,0.00000000,0.00000000,0.82695047,0.00000000,0.00000000,0.00000000,0.01972403,0.00000000,0.00000000,0.00000000,0.66950946,0.00000000,0.00647386,0.00686223,0.00000000,0.00193767,0.00000000,0.00000000,0.00000000,0.00000000,0.01582738,0.00877155,0.00000000,0.00000000,0.00000000,0.00000000,0.00000000,2.94725142,0.01555337,0.00000000,0.00000000,0.00000000,0.24525130,0.00000000,0.00000000,0.00000000,0.00000000,0.00000000,0.00000000,0.02715898,0.00000000,0.13247964,0.00000000,0.01000852,0.00000000,0.00000000,0.16320637,0.01564657,0.00000000,0.00000000,0.17218962,0.00369211,0.01260919,0.00000000,0.00000000,0.00000000,0.00000000,10.40387943,0.00000000,0.00000000,0.00384190,0.00000000,0.00000000,0.00000000,0.00946101,0.00000000,0.00000000,0.00237778,0.00000000,0.00000000,0.00782093,0.00000000,0.29427264,0.24751387,0.00148868,0.00000000,0.00000000,0.00775170,0.00000000,0.06422764,0.00000000,0.00000000,0.00000000,0.00077904,0.00000000,0.00000000,0.11757903,0.00000000,0.00000000,0.00000000,0.00000000,0.00000000,0.33183046,0.00000000,0.00000000,0.00000000,0.02984084,0.00000000,0.01102568,0.00000000,0.01817415,0.00120559,0.00000000,0.00000000,0.00000000,0.00000000,0.00000000,0.00000000,0.00755706,0.00000000,0.00000000,0.04947454,0.00000000,0.00000000,2.29192167,0.00000000,0.00000000,0.00000000,0.00517413,4.97606206,0.00000000,0.00000000
0.21786639,0.00000000,0.02712289,0.00000000,0.00000000,0.00000000,0.00000000,0.00000000,0.00000000,0.00000000,0.00584371,0.00000000,0.00000000,0.00317372,0.00000000,0.00000000,0.00000000,0.00000000,0.00513539,0.00000000,0.00000000,0.00000000,0.01097601,0.00000000,0.00000000,0.00000000,0.07263565,4.33880668,0.00000000,0.16724938,0.37686126,0.08876109,0.00000000,0.00000000,0.01337472,0.00000000,0.00000000,0.17457665,0.00000000,0.00000000,2.67074171,0.00000000,0.01042602,0.00000000,0.00000000,0.57137091,0.00218709,0.00000000,0.06100432,0.41853908,0.00000000,0.00000000,0.00000000,0.00000000,0.00000000,0.00000000,0.00000000,0.00000000,0.00000000,0.00000000,0.00197521,0.00000000,0.00000000,0.00000000,0.01623240,0.00000000,0.00000000,0.00412960,0.00000000,0.00000000,0.02163680,0.00000000,0.00000000,0.07612013,0.00491399,0.13076938,0.00000000,0.05317089,0.00000000,0.00000000,0.00000000,0.00000000,0.00000000,0.00000000,0.00000000,0.00000000,0.00000000,0.00000000,0.00000000,0.00000000,0.07152203,0.01758585,0.00000000,0.00000000,0.00000000,0.00000000,0.00000000,0.00000000,4.23853242,0.00782093,0.00000000,0.00000000,0.00349266,0.04157503,0.01694336,0.00000000,0.00000000,0.00000000,0.02820991,0.00000000,0.00000000,0.00995759,0.07987746,0.00316001,0.00000000,0.00000000,0.00000000,0.00000000,0.14544028,0.00000000,0.00000000,0.00000000,0.02863514,0.00000000,0.01298635,4.90435283,0.00000000,0.00000000,0.00000000,0.04294133,0.05564819,0.00000000,0.00000000,0.00000000,0.00000000,0.66840114,0.03816953
0.51783955,0.14157409,0.00000000,0.00000000,0.00000000,0.02414441,0.00236465,0.00000000,0.00000000,0.00000000,0.00817717,0.01375599,0.00000000,0.00000000,0.09661299,0.00000000,0.00000000,0.00000000,0.00000000,0.10349168,0.00917806,0.17561630,0.00000000,0.00000000,0.00000000,0.00000000,0.00000000,0.00000000,0.00092549,0.00000000,0.00000000,0.00000000,1.08591916,0.00000000,0.09589668,0.00000000,0.00000000,0.00000000,0.00000000,0.00000000,0.01802220,0.00000000,0.00000000,0.00000000,3.16079555,0.00000000,0.00000000,0.00000000,0.00000000,0.00000000,0.00000000,0.00262621,0.00000000,0.00000000,0.00000000,0.00000000,0.05642123,0.00000000,0.00000000,0.00000000,0.00000000,0.66909811,0.00431441,0.02612100,0.00000000,1.10728798,0.15564463,0.06656510,0.00000000,0.00000000,0.00000000,0.00000000,0.00000000,0.00866221,0.00000000,0.00000000,0.00000000,0.00398740,0.00000000,0.00000000,0.00000000,0.00000000,0.00000000,0.00154113,0.00000000,0.06183696,0.00000000,0.02854498,0.17218962,0.07440737,0.00000000,0.00551114,0.05744427,0.00510559,0.31457995,0.00000000,0.00000000,0.00000000,0.00000000,1.32186592,0.00000000,0.00000000,0.00221220,0.00000000,0.00000000,0.00000000,0.01854543,0.00000000,0.00000000,0.02984084,0.00995759,0.00000000,0.00000000,0.00000000,0.00000000,0.00296020,0.00000000,0.00000000,0.00000000,0.00000000,0.01873283,0.00000000,0.00000000,4.06925901,0.00000000,0.04336524,0.00000000,0.00000000,0.00000000,0.00571036,0.00000000,0.16023042,0.00000000,0.00000000,0.00211856,0.00000000,0.00000000
0.00000000,0.00000000,0.00816401,0.00125553,0.00000000,0.00000000,0.01532676,5.65084629,0.20329377,0.01079634,0.00000000,0.00000000,0.00549050,0.00000000,0.00000000,0.00000000,0.00000000,0.00000000,0.00000000,0.00000000,0.96727776,0.00852713,0.02864263,0.00000000,0.00000000,0.00000000,0.00000000,0.00000000,0.00000000,0.00000000,0.27755953,0.00467054,0.00000000,0.00000000,0.00180017,0.10287725,0.00000000,0.09609676,0.00000000,0.00000000,0.00000000,0.00000000,0.00000000,0.00000000,0.00000000,0.00000000,0.00000000,0.00000000,0.00000000,0.15022980,0.20928420,1.87929206,0.00000000,0.22215855,0.00120677,0.35622027,0.00117930,0.00000000,0.04566582,0.00666130,1.39141395,0.04823019,0.00000000,0.00000000,0.00000000,0.00000000,0.01447944,0.00000000,0.00000000,0.00000000,0.00000000,0.00561788,0.01558415,0.00000000,0.00000000,0.00262100,0.00000000,0.00000000,0.00000000,0.00000000,0.00000000,0.00000000,0.00000000,0.00000000,0.00000000,0.00000000,0.07201009,0.00000000,0.00000000,0.47376700,0.08511613,0.08004023,0.30345797,0.00358007,0.00000000,0.00000000,0.00000000,0.00000000,0.00627440,0.00000000,0.00000000,0.00974029,0.00000000,0.02791136,0.00000000,0.00000000,0.00000000,0.00000000,0.00000000,0.00000000,0.07987746,0.00000000,0.00000000,0.00000000,0.06128869,0.00000000,0.00000000,0.00000000,0.21988959,0.00000000,0.00000000,0.00000000,0.00000000,0.00000000,0.00521193,0.00000000,0.06569986,0.00000000,0.06310258,0.00000000,0.00000000,0.03695569,0.00000000,0.00000000,0.00000000,0.00000000,0.00000000
0.00000000,1.97895408,0.00000000,0.00000000,0.00000000,0.00000000,0.00000000,0.00000000,0.00000000,0.00849616,0.00000000,0.00000000,0.00000000,0.00000000,0.00000000,0.03598705,0.00000000,0.00000000,0.00000000,0.46909984,0.00000000,4.17438322,0.00000000,0.00000000,0.00000000,0.01345566,0.00000000,0.00000000,0.00000000,0.00000000,0.00384190,0.00000000,0.03747199,0.00000000,0.00000000,0.00000000,0.00000000,0.00197130,0.00000000,0.00000000,0.00000000,0.00000000,0.00000000,0.07242484,0.00000000,0.00000000,0.04168273,0.11370319,0.00000000,0.00000000,0.00000000,0.02564127,0.00000000,0.00000000,0.00000000,1.13248476,0.00000000,0.00000000,0.00000000,0.00000000,0.54664244,0.00000000,0.01663830,0.00000000,0.00000000,0.00000000,0.23917499,3.35924180,0.00000000,3.40105923,0.57102970,0.00348172,0.00560458,0.00000000,0.05109345,0.06865879,0.00000000,0.00000000,0.00000000,0.00229681,0.00362495,0.00000000,0.10242876,0.00000000,0.00000000,0.00000000,0.00000000,0.00000000,0.00433559,0.00761877,0.00000000,0.00000000,0.00129436,0.00000000,0.00000000,0.00000000,0.00000000,0.00000000,0.00000000,0.00208138,0.00000000,0.00000000,0.00000000,0.00000000,0.21388608,0.07545695,0.03038375,0.00448686,0.00000000,0.01102568,0.00316001,0.00000000,0.00000000,0.00000000,0.00000000,0.00000000,0.00000000,0.00717616,0.00000000,0.25243573,0.00000000,0.00000000,0.17979532,0.00000000,0.00000000,0.00167082,0.00000000,0.04947454,0.00000000,0.00122986,0.00000000,0.00418430,0.00643825,0.00524906,0.00000000,0.00000000,0.00000000
0.00000000,0.00000000,0.33862545,0.41640530,0.00000000,0.21417835,0.00000000,0.00000000,0.00000000,1.62849444,0.11290624,0.16549629,0.00204000,0.00000000,0.00075105,0.00000000,0.00000000,0.00482447,0.01919334,0.01190342,0.00126670,0.00000000,0.01836890,0.00000000,0.00000000,0.00000000,0.00000000,0.00000000,0.20844932,0.00000000,0.01646682,0.00000000,0.37907604,0.00000000,0.17175252,0.00000000,0.00000000,0.00000000,0.29678619,0.06085583,0.08310557,0.00000000,0.00000000,0.00000000,0.00738684,0.01536419,0.00000000,0.28917225,0.13288170,0.00000000,0.00000000,0.12940058,0.00000000,0.00000000,0.00000000,0.00000000,0.00000000,3.32591560,0.00000000,0.00000000,0.00000000,0.00000000,0.28034112,0.00000000,0.00000000,0.00000000,0.00000000,0.00000000,0.00000000,0.00000000,0.01083459,0.00000000,0.00453715,0.01071797,0.00000000,0.00000000,0.00000000,0.00000000,0.00000000,0.00789679,0.00342023,0.00000000,0.00000000,0.01914562,0.00000000,0.00000000,0.00000000,0.26419745,0.06183696,0.00000000,0.00000000,0.00000000,0.00000000,0.00000000,0.00000000,0.00000000,0.25556232,0.00000000,0.00000000,0.00000000,0.00596756,0.00000000,0.00000000,0.00000000,0.00000000,0.00000000,0.96569896,0.00000000,0.00000000,0.00000000,0.00000000,0.00000000,0.06128869,0.00000000,0.00000000,0.00000000,0.00000000,0.00000000,0.00000000,0.00000000,0.03339036,0.00000000,0.00000000,0.01700417,0.00000000,0.00529265,0.00000000,1.12408762,0.01656821,0.00000000,2.28172480,0.00000000,0.00000000,2.52147230,0.00000000,0.00000000,0.00000000
0.00000000,0.32754220,0.00000000,0.00201963,1.92557878,0.00590397,0.00000000,0.00322837,0.00000000,0.00000000,0.00096980,0.01335848,0.00000000,0.00000000,0.00000000,0.00000000,0.00000000,0.00000000,0.02708913,0.00000000,0.00000000,0.00917618,0.00000000,0.00000000,0.00000000,0.00000000,0.00000000,0.00000000,0.00000000,0.00000000,0.00000000,0.00000000,0.00000000,6.70650112,0.00000000,0.00000000,0.00000000,0.00000000,0.00000000,0.00000000,0.01196764,0.00000000,0.00000000,0.06743606,0.01617318,0.00000000,0.00648739,0.00000000,1.10544598,0.00532264,0.05245933,0.00000000,0.52625936,0.00000000,0.00000000,0.22618532,0.00000000,0.00000000,0.48246548,0.00000000,0.00000000,0.00000000,0.00000000,0.00000000,0.00000000,0.00000000,0.00000000,0.06437801,0.00000000,0.00000000,0.00000000,0.00000000,0.00000000,0.00000000,0.00000000,0.18101087,0.66390357,2.79782393,0.00000000,0.00000000,0.00000000,0.00000000,0.00000000,0.05495412,0.00224140,0.08839155,0.37441618,0.00000000,0.00000000,0.00099660,0.00000000,0.00000000,0.00000000,0.00000000,0.01525646,0.00000000,0.00145972,0.01292577,0.00000000,0.00000000,0.00000000,0.00000000,0.00000000,0.00000000,0.00000000,0.03638644,0.00389277,0.00000000,0.00000000,0.01817415,0.00000000,0.00296020,0.00000000,0.00000000,0.00000000,0.00000000,0.00314421,0.00000000,0.00000000,0.00000000,0.00258490,0.15876953,1.92557878,0.01229053,0.00000000,0.01187643,0.07741235,0.00000000,0.00000000,0.00117936,0.00000000,0.00000000,0.32095452,0.55538213,0.00000000,0.00000000,0.00000000
1.65708320,0.00000000,0.00000000,0.00452942,0.00000000,0.00000000,0.00000000,0.00000000,0.00000000,0.00082023,0.00000000,0.00000000,0.00000000,0.00000000,0.01038298,0.00000000,0.00000000,0.46444823,1.01615951,0.00000000,0.00000000,0.01800479,0.00000000,0.00000000,0.01010055,0.00000000,0.09142463,0.00000000,0.60432989,0.00000000,0.00000000,0.00000000,0.00000000,0.00000000,0.14544028,0.16828404,0.00000000,0.00000000,0.00000000,0.09620264,0.07545695,0.33169344,0.00000000,0.08755276,0.00000000,0.00000000,0.00000000,0.00044757,0.00910656,0.00000000,0.00092279,0.00000000,0.00000000,0.00000000,0.00000000,0.00000000,0.00000000,42.41739863,0.00000000,0.35015680,0.03420075,0.00000000,0.00322913,0.00000000,0.00000000,0.00000000,0.00000000,0.04475459,0.00000000,0.00000000,0.00000000,0.00000000,0.04418587,0.00000000,0.00273340,0.00208138,0.00000000,0.00000000,0.00000000,0.00000000,0.00000000,0.00702460,0.00000000,0.00228090,0.00000000,0.00000000,2.70003680,0.00000000,0.00000000,0.00000000,0.00000000,0.09431551,0.00000000,0.00000000,0.00000000,0.00000000,0.49252483,0.03456521,4.45926285,0.00000000,0.00000000,0.09212740,0.00269219,0.00000000,0.00000000,0.08202914,0.00000000,0.31149437,0.00000000,0.00120559,0.00000000,0.00000000,0.00000000,0.00000000,0.00000000,0.00314421,0.00000000,0.00000000,0.00955914,0.00000000,0.00000000,0.00000000,0.00000000,0.00000000,0.05342374,0.00000000,0.07368674,0.00000000,0.00000000,0.00000000,0.00000000,0.02773206,0.00000000,0.00206708,0.00000000,0.00936384,0.00000000
0.00000000,0.00000000,0.00000000,0.00000000,0.52625936,0.00000000,0.00000000,0.00000000,0.04862037,0.00000000,0.00000000,0.01684818,0.06761108,0.00000000,0.00000000,0.00000000,0.00361380,0.00000000,0.00000000,5.11972657,0.00000000,0.00000000,0.55899225,0.00000000,0.00699447,0.00000000,0.00000000,0.03352434,0.00000000,0.01443146,0.00000000,0.00000000,0.00000000,0.00000000,0.00742474,0.09911972,0.00333131,3.30459738,0.00141878,0.00000000,0.00000000,0.00000000,0.00000000,1.60719923,0.00000000,0.00000000,0.09581813,0.00000000,0.00000000,0.00000000,0.00000000,0.00000000,0.00125645,0.00000000,0.21794392,0.00000000,0.00000000,0.28257512,0.02278428,0.00000000,0.00000000,0.55130742,0.02194767,1.09207753,0.00000000,4.48774365,0.68540809,0.00000000,0.00000000,0.00000000,0.00000000,0.00000000,0.00000000,0.46822543,0.00000000,0.00000000,0.00000000,0.00000000,0.00000000,0.00000000,0.00239886,5.05886044,0.05585423,0.00000000,0.00000000,0.26713003,0.00000000,0.00000000,0.15564463,0.00000000,0.04805533,0.00000000,0.00000000,0.00000000,0.00000000,0.15619025,0.00000000,0.00000000,0.00000000,0.00000000,0.00000000,0.00435422,0.00000000,0.00000000,0.00000000,0.49122133,0.00000000,0.00000000,0.00000000,0.00000000,0.00000000,0.00000000,0.00000000,0.00717616,0.00000000,0.00000000,0.00000000,0.00000000,0.00000000,2.23416263,0.00000000,0.00327655,0.00000000,0.00000000,0.00840051,0.00000000,0.00000000,0.04217300,0.00302860,0.01948728,0.00000000,0.05990708,1.35137736,0.00000000,0.00783958,0.00000000,0.00000000
0.00000000,0.00000000,0.02773206,0.00000000,0.00389277,0.00000000,0.00000000,0.00000000,0.00000000,0.00000000,0.10277346,0.00000000,0.00000000,0.05176327,0.00108930,0.00000000,0.00000000,0.00000000,0.00000000,0.00000000,0.00000000,0.03542308,0.00000000,0.00000000,0.18191144,0.00000000,0.03648995,0.00000000,0.00837540,0.00000000,0.19152790,0.00000000,0.06268292,0.00000000,0.00000000,4.45926285,0.00000000,0.00000000,0.01355748,0.00000000,0.00000000,0.00000000,1.86455876,0.00000000,0.00000000,0.00000000,0.00000000,0.00000000,0.00000000,0.00000000,0.00000000,0.00000000,0.00000000,0.00000000,0.00000000,0.00000000,0.01997464,0.00000000,0.00000000,0.00170627,0.00000000,0.00000000,0.00000000,0.00000000,0.00000000,0.00000000,0.00000000,0.00000000,0.00120559,0.08202914,0.00824411,0.00000000,0.00919274,0.02960585,0.00000000,0.00316059,0.00554818,0.00000000,0.00000000,0.00000000,0.00363669,5.17122428,0.09142463,0.00000000,0.12115659,0.08755276,0.00000000,0.00000000,1.10728798,0.00000000,0.00000000,0.00000000,0.00000000,0.00000000,0.00616055,0.00000000,0.00000000,0.15645687,0.01092106,0.00000000,0.00000000,0.00330786,0.00000000,0.00265406,0.00000000,0.00000000,0.00000000,0.00000000,0.03794577,0.00000000,0.14544028,0.00000000,0.21988959,0.00000000,0.00000000,0.00000000,0.00955914,0.00000000,0.00000000,0.00000000,1.16678878,0.00000000,0.00000000,0.00000000,0.00000000,0.05605436,0.00000000,0.43104522,0.33169344,0.00000000,0.10856155,0.00000000,0.00525604,0.26826522,0.10857051,0.00000000,0.00000000
0.00090960,0.00000000,0.46695220,0.00000000,0.68482003,0.00000000,0.35340777,0.00000000,0.00000000,0.03121496,0.20612652,0.00000000,0.00000000,0.00000000,7.86295668,0.00000000,0.00000000,0.00000000,0.83750384,0.00000000,0.00000000,0.00000000,0.53270490,0.00000000,0.00000000,2.94725142,0.00000000,0.00000000,0.14091370,0.24134143,0.00000000,0.00000000,0.00000000,0.00000000,0.00000000,0.00000000,0.00121127,0.00000000,0.00000000,0.24099810,0.00000000,0.00000000,0.00000000,0.00279790,0.00000000,0.44008891,0.37923961,0.00000000,0.00000000,0.00000000,0.00000000,0.00000000,0.26485775,0.00385802,0.00000000,0.04228014,0.00000000,0.00000000,0.05845882,0.00120534,0.00000000,0.00000000,1.25189894,0.00815325,0.00000000,0.00000000,0.00000000,0.00000000,0.00000000,0.00000000,0.00000000,0.00000000,0.01000852,0.00000000,1.35423125,0.00000000,0.00000000,0.00000000,0.00000000,0.00000000,0.00000000,0.00000000,0.00000000,0.00000000,0.00000000,0.00000000,0.00257526,0.00000000,0.31335923,0.00000000,0.00000000,0.00963050,0.00000000,0.00000000,0.00000000,0.00000000,0.04115818,0.00278786,0.00000000,0.00000000,0.00000000,0.01684881,0.00759719,0.00000000,0.05839591,0.02736718,0.00000000,0.00000000,0.22017152,0.00000000,0.00000000,0.00000000,0.00000000,0.25243573,0.00000000,0.00000000,0.00000000,2.23416263,0.00000000,0.00000000,0.00000000,0.06164338,0.00000000,0.00000000,0.08302919,0.00000000,0.01273031,0.00000000,0.00000000,0.00000000,0.01717604,0.02503273,0.00000000,0.00000000,0.95028296,0.12139425,0.00216181
0.08253320,0.00870796,0.00355940,0.00000000,0.01434917,0.00159057,0.00000000,0.00000000,0.00000000,0.00125635,0.00000000,0.00000000,0.00000000,0.00000000,0.00000000,0.33880522,0.09431551,0.00000000,0.11841185,0.00000000,0.00000000,0.00000000,0.00225519,0.00000000,0.00000000,0.00000000,0.00000000,0.00000000,0.00000000,0.00837540,0.00000000,0.00000000,0.01144784,0.00000000,0.00108930,0.18876911,0.00000000,0.00000000,0.01676483,0.00000000,0.00000000,0.00955914,0.00000000,0.00000000,0.00000000,0.00000000,0.00000000,0.00000000,0.00000000,0.00000000,0.00000000,0.08802792,1.16678878,0.19152790,0.06090313,0.26826522,0.00000000,0.00000000,0.00000000,0.02082672,0.00000000,0.00000000,0.99289690,0.00000000,0.00000000,0.00000000,0.00000000,0.09860862,0.00000000,0.00000000,0.00000000,0.10856155,1.07135452,0.00000000,0.62283366,0.00000000,0.00000000,0.00000000,0.00000000,0.00000000,0.00000000,0.15042508,0.00265406,0.00000000,0.00000000,0.12115659,0.00000000,0.03306805,0.00000000,0.00616055,0.00919274,0.00000000,0.00363669,0.00000000,0.20436938,1.86455876,0.00000000,0.00000000,0.00000000,0.00237778,0.00000000,0.00000000,0.00396649,5.16468520,0.00000000,0.00000000,0.00000000,0.04525292,0.03283790,0.00000000,0.00000000,0.01873283,0.00000000,0.00000000,0.03339036,0.00258490,0.00000000,0.00000000,1.16678878,0.00000000,0.00000000,0.00000000,0.00000000,0.00000000,0.06083064,0.00000000,0.00000000,0.00000000,0.00000000,0.00000000,0.00000000,0.00000000,0.00000000,0.00000000,0.00000000,0.00000000,0.00000000
0.00000000,0.00000000,0.00000000,0.00000000,0.00000000,0.00000000,0.00000000,0.00000000,0.00000000,0.00000000,0.00535840,0.00000000,0.00000000,0.00000000,0.00555719,0.00000000,0.82695047,0.00000000,0.00711707,0.12355522,0.01760043,0.00000000,0.00175517,0.00000000,0.00380325,0.00000000,0.06650312,0.00000000,0.00000000,0.02608215,0.00000000,1.12630106,0.00000000,0.14702450,0.00000000,0.00000000,0.00000000,0.04722166,0.12868061,0.00000000,0.00000000,0.01804156,0.00000000,0.00000000,0.00272001,0.00000000,0.42323476,0.00899700,0.00000000,0.10301019,0.00000000,0.00000000,0.00000000,0.00306106,0.01465919,0.00126155,0.00000000,0.00000000,0.00000000,0.03444103,0.47680919,0.00000000,0.00000000,0.00000000,0.00817119,0.00000000,1.21041360,0.00000000,0.00944403,0.00000000,0.00000000,0.00000000,0.00000000,0.00000000,0.00000000,0.00000000,0.00000000,0.00000000,0.13693561,0.00000000,0.00000000,0.00000000,0.00000000,0.00000000,0.02828659,0.00000000,0.00218474,0.00000000,0.00144929,0.00000000,0.00271287,0.00000000,0.01476430,0.00000000,0.00248014,0.00000000,0.00000000,0.00000000,0.00000000,0.00595561,0.34305930,0.00000000,0.04330247,0.00000000,0.00000000,0.00000000,0.00000000,0.00000000,0.00000000,0.00000000,0.00000000,0.00000000,0.00000000,0.00000000,0.00000000,0.15876953,0.00000000,0.00327655,0.00000000,0.06164338,0.00000000,0.00000000,0.00000000,0.11520083,0.02708553,0.00000000,0.03041074,0.00810448,0.08594616,0.00000000,0.00000000,0.00000000,0.00000000,0.00000000,0.00000000,0.00000000,0.00955535
0.00000000,0.00000000,0.00000000,0.00000000,0.00000000,0.00000000,0.00000000,0.00000000,0.00000000,0.00000000,0.00000000,0.00000000,0.00000000,0.54613524,0.09044127,0.00000000,0.00000000,0.00261258,0.00000000,0.00000000,0.00000000,0.00000000,0.07228406,0.90086075,0.00190086,0.00000000,0.00000000,0.00485939,0.19330559,0.00000000,0.59697063,0.00000000,0.24809740,0.00135390,0.00000000,0.00000000,0.16712791,0.00000000,0.00000000,4.90537393,0.00000000,0.00000000,0.00000000,0.01232348,0.02037894,0.14514984,0.00000000,0.00000000,0.00000000,1.97895408,0.00000000,0.00585163,4.12891654,0.00000000,0.00800782,0.00000000,0.00000000,0.00000000,0.00000000,0.00161839,0.07423428,0.08255624,0.00000000,0.00000000,0.00000000,0.01295422,0.00000000,0.00000000,0.00000000,0.00000000,0.00000000,0.00000000,0.05094693,0.20766682,0.88939427,0.00000000,0.14321993,0.00000000,0.00000000,0.00366967,0.00429640,0.12971421,0.00000000,0.00000000,0.00000000,0.00000000,0.00000000,0.00000000,0.76384915,0.01908322,0.00000000,9.47051298,0.00000000,0.00000000,0.00000000,0.00000000,0.00000000,0.00000000,0.00000000,0.00000000,0.00000000,0.00000000,0.00000000,0.06911216,0.07356365,0.05911791,0.00000000,0.01761081,0.01868454,0.00000000,0.02863514,0.00000000,0.00000000,0.17979532,0.00000000,1.92557878,0.00000000,0.00000000,0.00000000,0.00000000,0.00000000,0.00000000,0.00000000,0.00000000,0.00000000,0.41186928,0.00000000,0.00000000,0.00000000,0.00000000,0.01282894,0.00727943,0.00000000,0.00000000,0.00000000,0.00000000,0.00715049
0.00000000,0.04238498,0.00000000,0.00000000,0.02580147,0.00000000,0.00000000,0.03804001,0.00000000,0.00000000,0.00000000,0.00000000,0.00134037,0.00182255,0.00000000,0.35015680,0.14252514,0.00099507,0.00000000,0.06197536,0.00000000,0.00698850,0.00446075,0.00000000,0.00000000,0.00000000,0.00000000,0.01406089,0.00000000,0.00000000,0.00000000,0.11841185,0.00000000,0.00924699,0.00000000,0.00000000,2.02337535,0.00000000,0.01468259,0.00000000,0.00000000,0.00000000,0.00000000,0.00000000,0.00954431,0.00000000,0.00000000,0.13122599,0.00000000,0.00000000,0.00000000,0.00000000,0.00000000,0.00156242,0.00000000,0.00000000,0.07364669,0.00000000,0.00505878,0.00000000,0.00000000,0.00000000,0.00000000,4.03847242,0.00000000,0.00000000,0.00000000,0.19218948,0.00000000,0.00000000,0.03839893,0.00000000,0.57273480,0.10662859,0.15685525,0.00497387,0.00000000,0.00000000,0.00000000,0.00000000,0.00000000,0.00000000,0.00000000,0.00000000,0.14281928,0.00000000,0.00000000,0.00000000,0.00000000,0.00000000,0.00000000,0.75918716,0.00204720,0.00959263,0.00000000,0.02082672,0.00000000,0.00000000,0.00000000,0.00537609,0.17382703,0.00000000,0.52707551,0.00000000,0.00000000,0.14083119,0.00000000,1.18134222,0.32014805,0.00755706,0.00000000,4.06925901,0.00000000,0.00000000,0.01700417,0.01229053,0.00000000,0.00000000,0.00000000,0.00000000,0.00000000,0.11520083,0.00000000,0.00000000,0.00000000,0.00000000,0.00000000,0.00000000,0.23379572,0.00000000,0.00000000,0.02708913,0.00000000,0.00000000,0.00000000,0.00000000,0.00000000
0.00000000,0.00000000,0.00000000,0.00000000,0.00000000,0.00000000,0.00000000,0.00000000,0.07816399,0.00000000,0.00000000,0.00000000,0.00000000,0.00000000,0.00000000,0.00000000,0.00000000,0.00000000,0.00000000,0.00000000,0.00000000,0.01893997,0.00000000,0.00000000,0.00000000,0.00000000,0.12655890,0.00000000,0.00000000,0.00000000,0.02538735,0.00000000,0.00000000,0.02173964,0.00000000,0.00000000,0.00000000,0.02224625,0.00000000,0.00000000,0.00000000,0.01168890,0.30182154,0.00000000,0.00000000,0.00000000,0.11323290,0.04300222,0.00000000,5.09862137,0.07802200,0.35034465,0.00000000,0.03017142,0.00000000,0.07048753,0.00000000,0.00000000,0.00000000,0.00000000,0.00000000,0.00968193,0.00000000,0.00000000,0.01883587,0.04053440,0.00000000,0.00000000,0.00000000,0.00000000,0.00736577,0.05906464,0.00364252,0.00000000,0.00000000,0.18493931,0.00000000,0.03996776,0.01023244,0.16619423,0.98959747,0.03393254,0.00000000,0.00157379,0.00000000,0.00804544,0.00796705,0.00000000,0.00000000,0.00000000,0.16995752,0.00244536,0.00000000,0.00000000,0.00000000,0.00000000,0.00000000,0.00000000,0.00000000,0.00000000,0.00000000,0.73676574,0.00000000,0.00000000,0.00000000,0.09050046,0.00000000,0.00000000,0.00000000,0.00000000,0.01298635,0.00000000,0.00521193,0.00000000,0.00000000,0.00000000,0.05342374,0.00840051,0.00000000,0.08302919,0.06083064,0.02708553,0.00000000,0.00000000,0.00000000,4.41785393,0.00000000,0.00000000,0.00606390,0.00000000,0.20740642,0.02524717,0.21219331,0.00000000,0.00000000,0.00000000,0.00000000
0.00000000,0.00000000,0.00949851,0.00000000,0.00000000,0.11276660,0.00000000,0.00000000,0.00000000,0.04547022,0.00000000,0.18682433,0.31808692,0.00000000,0.00230516,0.09346127,0.00000000,0.00000000,0.00000000,0.00000000,0.00364102,0.00000000,0.00000000,0.00000000,0.00000000,0.00000000,0.00000000,0.00000000,0.00000000,0.01505306,0.00250952,0.00000000,0.00000000,0.00000000,0.00000000,0.00000000,0.00000000,0.00000000,0.00000000,0.01064346,0.00000000,0.00000000,0.00000000,4.11112371,0.00000000,0.00764761,0.05991706,0.00847745,0.23876589,6.82993342,0.00101857,0.00000000,0.00000000,0.00672332,0.00000000,0.00000000,0.00000000,0.00000000,0.00000000,0.00000000,0.00000000,0.00000000,2.24617628,0.02685720,0.00000000,0.57414093,0.00000000,0.00000000,0.00000000,0.00000000,0.00000000,0.00977180,0.00000000,0.00000000,0.00000000,0.00000000,0.00000000,0.00000000,0.22017152,0.02476132,0.00000000,0.00000000,0.10144958,0.07190713,0.00000000,0.00000000,0.00000000,0.00000000,0.00000000,0.00000000,0.00000000,0.00000000,0.00000000,0.00125635,0.00000000,0.00000000,0.00000000,0.00000000,0.00435422,0.64975658,0.00000000,0.06355273,0.00000000,0.01144784,0.16374086,0.00000000,0.01419225,0.00000000,0.00000000,0.00000000,4.90435283,0.04336524,0.00000000,0.00167082,0.00529265,0.01187643,0.00000000,0.00000000,0.05605436,0.00000000,0.00000000,0.00000000,0.41186928,0.00000000,4.41785393,0.00000000,0.14540143,0.00387353,0.00000000,0.00554899,0.00000000,0.00000000,0.00000000,0.00326960,0.00000000,0.00000000,0.00000000
0.00000000,0.00000000,0.00000000,1.35137736,0.00000000,0.00000000,0.00000000,0.13679554,0.04168273,0.00510559,0.00000000,0.00000000,0.00129738,1.09902760,0.00000000,0.00000000,0.00000000,0.00417538,0.00104634,0.00000000,0.00000000,0.00000000,0.00000000,0.01529263,0.00000000,0.00000000,0.00000000,0.00000000,0.00000000,0.00000000,0.00000000,0.00000000,0.17547487,0.00000000,0.19934322,0.00000000,0.00000000,0.00717616,0.00000000,0.00000000,0.02564127,0.00122986,0.00000000,0.00000000,0.00000000,0.05176327,0.02691335,0.00000000,0.00000000,0.00000000,0.00895552,0.00000000,0.00000000,0.14157409,0.00000000,0.02058864,0.06865879,0.06830416,0.00000000,0.00000000,0.00000000,0.00000000,0.00000000,0.00000000,0.00000000,0.00000000,0.03312563,0.00000000,0.00000000,0.01937508,0.00000000,0.00000000,0.21722846,0.00000000,0.00510821,0.00000000,0.01663830,0.00000000,0.00963050,0.03598705,0.00000000,0.00000000,0.00000000,0.00000000,0.00000000,0.00496459,0.00000000,0.00000000,0.00000000,0.00000000,0.00000000,0.00000000,0.69043921,0.00000000,0.01019511,0.00362495,0.00000000,0.00000000,1.09924600,0.00386715,0.00000000,0.06797125,0.00000000,0.00000000,0.02604394,0.00000000,0.00129436,0.31808692,0.00000000,0.04947454,0.00000000,0.00000000,0.06569986,0.00000000,0.00000000,0.07741235,0.07368674,0.00000000,0.00000000,0.01273031,0.00000000,0.03041074,0.00000000,0.00000000,0.00000000,0.14540143,0.00000000,0.00000000,0.13727367,0.00000000,0.00000000,0.00000000,0.00000000,0.00000000,0.00000000,0.00000000,0.00000000
0.00000000,0.00000000,0.00000000,0.01702239,0.00532264,0.00000000,0.00000000,0.00000000,0.00000000,0.00094009,1.93928708,0.00000000,0.00000000,1.01615951,0.00000000,0.00000000,0.00000000,4.00757743,0.00000000,0.00000000,0.29819180,0.00000000,0.00000000,0.00000000,0.16828404,0.00000000,4.45452653,0.00000000,0.00000000,0.00000000,0.00000000,0.29939142,0.00000000,0.00000000,0.00000000,0.00000000,0.06717584,0.05689096,0.41183736,0.00000000,0.00000000,0.19823736,0.32736145,0.04678696,0.00492461,0.00000000,0.00000000,0.00000000,0.00000000,0.00000000,0.16896984,0.00000000,0.03846845,0.00337151,0.00000000,0.00000000,0.06426369,0.00000000,0.00329610,0.00000000,0.00000000,0.00000000,0.00000000,0.00000000,0.04112499,0.00000000,0.00000000,0.00000000,0.00000000,0.00000000,0.00000000,0.00000000,0.00586714,0.00000000,0.04069911,0.00000000,0.00000000,0.00000000,0.00000000,0.29174709,0.00000000,0.00000000,0.03756742,0.00000000,0.34124686,0.09406167,0.00000000,0.00175057,0.00000000,0.00000000,0.00611430,0.00000000,0.19682309,0.00000000,0.00000000,0.01327798,1.08556471,0.00000000,0.00000000,0.36070981,0.00943071,0.00000000,0.00000000,0.00000000,0.00573763,0.00000000,0.00000000,0.00000000,0.10601538,0.00000000,0.00000000,0.00000000,0.00000000,0.04947454,1.12408762,0.00000000,0.00000000,0.04217300,0.43104522,0.00000000,0.00000000,0.00810448,0.00000000,0.00000000,0.00000000,0.00387353,0.00000000,0.00000000,0.00000000,0.00000000,0.00000000,0.00103838,0.00000000,0.00478932,0.00000000,0.00000000,0.00000000
0.00000000,0.00000000,0.00000000,0.00000000,0.00000000,0.00000000,0.15870042,0.00000000,0.00000000,0.00000000,0.00000000,0.31663687,0.00000000,0.00000000,0.38108524,0.00000000,0.00000000,0.00000000,0.00000000,0.02499651,0.00000000,1.12717779,0.48021975,0.00000000,0.00000000,0.00000000,0.00840973,0.00000000,0.25270423,0.00504247,0.00000000,0.00000000,0.00000000,0.00000000,0.00000000,0.68482003,0.00000000,0.00932378,0.00000000,0.00000000,0.04534696,0.00000000,0.00000000,0.00000000,0.00000000,0.00260399,0.00000000,0.00000000,0.00000000,0.00000000,0.00000000,0.00475993,0.00278642,0.00000000,0.24647112,0.00000000,4.89973868,0.00000000,0.00000000,0.00000000,0.00000000,0.00615020,0.22048582,0.27481283,0.03433534,0.00000000,0.00000000,0.00000000,0.00000000,0.00000000,0.00000000,0.73963437,0.00000000,0.00000000,0.00000000,0.00000000,0.00000000,0.00352215,0.01364487,0.00000000,0.25260483,0.01215440,0.00000000,0.01641901,0.00000000,0.07636958,0.00000000,0.00000000,0.00000000,0.00266036,0.00000000,0.00000000,1.12338705,0.14321993,4.29253257,0.00000000,0.00000000,0.00000000,0.00000000,0.00000000,0.01508182,1.10520316,0.00000000,0.00000000,0.00000000,0.00000000,0.13390961,0.09490354,0.00000000,0.00000000,0.00000000,0.00000000,0.06310258,0.00000000,0.01656821,0.00000000,0.00000000,0.00302860,0.33169344,0.00000000,0.00000000,0.08594616,0.00000000,0.23379572,0.00606390,0.00000000,0.13727367,0.00000000,0.00000000,0.00000000,0.02025576,0.01434917,0.00000000,0.00000000,0.00000000,0.00000000,0.00000000
0.00000000,0.00000000,0.00000000,0.00000000,0.00000000,0.00000000,0.00000000,0.03213673,0.00000000,0.00310621,0.00000000,0.00000000,0.00000000,0.00220041,0.00000000,0.00731701,0.46444823,0.00000000,0.03810463,0.00503984,0.00000000,0.00000000,0.00000000,0.00000000,0.00258382,0.00000000,0.00000000,0.01897357,0.01113451,0.01445523,0.00376970,0.00000000,0.00000000,0.00000000,0.00000000,0.00000000,0.00000000,0.00000000,0.11676905,0.00000000,0.00000000,0.00000000,0.06295354,0.00000000,0.00000000,0.06898369,0.00000000,0.00000000,0.00000000,0.00000000,0.21267596,0.00000000,0.00400083,0.42702522,0.01096298,0.04945333,0.00000000,0.00000000,0.00000000,0.00000000,0.00000000,0.00427289,0.00000000,0.02990680,0.00000000,0.00000000,0.00000000,0.05793623,0.00770913,3.33421229,0.01145263,0.00000000,0.00464759,0.00000000,0.00000000,0.00000000,0.00000000,0.01435510,0.00000000,0.00000000,0.01335779,0.01348898,0.02655417,2.21942449,0.00000000,0.20270058,0.00000000,0.00000000,0.01873283,0.04082665,0.00000000,0.00000000,0.00000000,0.00000000,0.00000000,0.00000000,0.00000000,0.00000000,0.00000000,0.01234393,0.00000000,0.00575528,0.00000000,0.00000000,0.00000000,0.56043421,0.00000000,0.00000000,0.00000000,2.29192167,0.04294133,0.00571036,0.00000000,0.00122986,0.00000000,0.00117936,0.00000000,0.01948728,0.00000000,0.00000000,0.00000000,0.00000000,0.00000000,0.00000000,0.00000000,0.00554899,0.00000000,0.00000000,0.00000000,0.00000000,0.00000000,0.00000000,0.00000000,0.00927814,0.00000000,0.00000000,0.00000000
0.33922805,0.00000000,0.00000000,0.00000000,0.00000000,0.00000000,0.00000000,0.00000000,0.00000000,0.00000000,0.00000000,0.00000000,0.00000000,0.00000000,0.00000000,0.00000000,0.01856125,0.12315033,0.00000000,0.00000000,0.00000000,0.00000000,0.47678997,0.04595725,0.00000000,0.00000000,0.30288321,0.00000000,0.23013488,0.00977112,1.03463697,0.00000000,0.00000000,0.00000000,0.24541992,0.00000000,0.00000000,2.12041075,0.00000000,0.00000000,0.00000000,0.00000000,0.00334668,0.00000000,0.71232752,0.01102150,0.14800092,0.46758016,0.07920007,0.00000000,0.00151158,0.01819386,0.03399449,0.00000000,0.00000000,0.00000000,0.00000000,0.00000000,0.00000000,0.00000000,0.06075103,0.00224580,0.07443483,0.00000000,0.00000000,0.00000000,0.00000000,0.00000000,0.10152569,0.00000000,0.00000000,0.00000000,1.70358260,0.00000000,0.00000000,0.00000000,1.24855444,0.05591322,0.00000000,0.00000000,0.00000000,0.00000000,0.00000000,0.00000000,0.04936908,0.10226780,0.25803575,0.86130319,0.30613223,0.00000000,0.01004470,0.00000000,0.00000000,0.00000000,0.14208024,0.04548719,0.00000000,0.00000000,0.00000000,0.00000000,0.00000000,0.00000000,0.00000000,4.44823271,2.68291283,0.00000000,0.00000000,0.02284902,0.00000000,0.00000000,0.05564819,0.00000000,0.00000000,0.00000000,2.28172480,0.00000000,0.00000000,0.00000000,0.10856155,0.01717604,0.00000000,0.00000000,0.01282894,0.00000000,0.20740642,0.00000000,0.00000000,0.00000000,0.02025576,0.00000000,0.00000000,0.00000000,0.00000000,0.00000000,0.00000000,0.66397683,0.00000000
0.01292589,0.00000000,0.00000000,0.15622493,0.00000000,0.00000000,0.00000000,0.00000000,0.00000000,0.00000000,0.00000000,0.23660973,0.00000000,0.00000000,0.00144698,0.00000000,0.00000000,0.00000000,0.08186665,0.00000000,0.00401539,0.00000000,0.00000000,0.00000000,0.00000000,0.00000000,0.03259478,0.00000000,0.00000000,0.00000000,0.00000000,0.00000000,0.00000000,0.00000000,0.00000000,0.01735593,0.15881825,0.00180901,0.00000000,0.00000000,0.00000000,0.00000000,0.95028296,0.00000000,0.00000000,0.00000000,0.00000000,0.04069565,0.00146412,0.41550988,0.00000000,0.00000000,0.00427080,0.00000000,2.14025915,0.00000000,0.00000000,0.00000000,0.00000000,0.00000000,0.00000000,0.00000000,0.00805095,0.07582435,1.49773877,0.00398037,0.00600310,0.07884145,0.00000000,0.00000000,0.00000000,0.00000000,0.00000000,0.00000000,0.00000000,0.00000000,0.00000000,0.02235261,0.00000000,0.00000000,0.00000000,0.00000000,0.00000000,0.00000000,0.00183620,0.24418622,0.90086075,0.00000000,0.28920708,0.00000000,0.00000000,0.02805915,0.00000000,0.00000000,0.17146307,0.70952258,0.00000000,0.00000000,0.00000000,0.00000000,0.00000000,0.00000000,1.47111167,0.00152940,0.00676348,0.00000000,0.11276660,0.00000000,0.00000000,0.00000000,0.00000000,0.16023042,0.03695569,0.00418430,0.00000000,0.00000000,0.02773206,0.05990708,0.00000000,0.02503273,0.00000000,0.00000000,0.00727943,0.02708913,0.02524717,0.00000000,0.00000000,0.00103838,0.01434917,0.00000000,0.00000000,0.00000000,0.00000000,0.00000000,0.00000000,0.00000000,0.01789117
0.00000000,0.00000000,0.00000000,0.07807714,0.00000000,0.37964569,1.47111167,0.02061178,0.03709013,4.05544040,0.00000000,0.00000000,0.00000000,0.00000000,0.00000000,3.58756468,0.00183620,0.00000000,0.00345680,0.00000000,0.06933158,0.00000000,0.00486982,4.11112371,0.71943726,0.00452942,0.00000000,0.00000000,0.00000000,3.56126774,0.00000000,0.00000000,0.00000000,0.00000000,0.02388346,0.00000000,0.00000000,0.00000000,0.00000000,0.00000000,0.00000000,0.00000000,0.25871947,0.00000000,0.00000000,0.00000000,0.15622493,0.19703643,0.00000000,0.00000000,0.11406167,0.00000000,0.00000000,0.00000000,0.00000000,0.65142482,0.00000000,0.00000000,0.00700004,0.00000000,0.60789415,0.00000000,0.00000000,0.00269219,0.00000000,0.00000000,0.06295066,0.00000000,0.00000000,0.00000000,0.00000000,0.00000000,0.00000000,0.00000000,0.00000000,0.14493165,0.00000000,0.20529795,0.00000000,0.04411719,0.00000000,0.00000000,0.00000000,0.00000000,1.20858978,0.00396649,0.00000000,0.00000000,0.00000000,0.00000000,0.01797352,0.00000000,0.00000000,0.00360650,0.00000000,0.00000000,0.10729117,0.00000000,0.00000000,0.01875296,0.00000000,0.00000000,0.05178061,0.15445483,0.00000000,0.00000000,0.03735369,0.00488070,0.16531385,0.00000000,0.00000000,0.00000000,0.00000000,0.00643825,0.00000000,0.32095452,0.00000000,1.35137736,0.00525604,0.00000000,0.00000000,0.00000000,0.00000000,0.00000000,0.21219331,0.00000000,0.00000000,0.00000000,0.00000000,0.00000000,0.00000000,0.00000000,0.00000000,0.29321184,0.00000000,0.00000000,0.21813078
0.00816844,0.00000000,0.10353243,0.00000000,0.00000000,0.00000000,0.00000000,0.00567747,0.00000000,0.00000000,1.35031531,0.00000000,0.01579539,0.00000000,0.00000000,0.00000000,0.00000000,0.00000000,0.00000000,0.00000000,0.00000000,0.00000000,0.00000000,0.03686110,0.00000000,0.00000000,0.00000000,0.00000000,0.00000000,0.02822447,0.00000000,0.00000000,0.00388104,0.00000000,0.00000000,0.00000000,0.00000000,0.00000000,0.29943276,0.00000000,0.00000000,0.00000000,0.04469060,0.00000000,0.03360902,0.06736153,0.00000000,0.00000000,0.00000000,0.00000000,0.00000000,0.00000000,0.00000000,0.00000000,0.00000000,0.00000000,0.37949186,0.00000000,0.08742583,0.00000000,0.00000000,0.00000000,0.06918957,0.00767459,0.00000000,0.00000000,0.77411818,0.00000000,0.00000000,0.07615022,0.00000000,0.07626627,0.14126754,0.00000000,0.13887693,0.00000000,0.00049557,0.01381010,0.00000000,0.00000000,0.02866624,0.04630676,0.00870174,0.00000000,0.03802862,0.02141266,0.00000000,0.00000000,0.00000000,0.00000000,0.00000000,2.79567677,0.00000000,0.00000000,0.11663353,0.00000000,0.00604730,0.00000000,0.00000000,0.00000000,0.00000000,27.26624073,0.00000000,0.00000000,0.00000000,0.00000000,0.00000000,0.00532855,0.45703160,0.00517413,0.00000000,0.00000000,0.00000000,0.00524906,2.52147230,0.55538213,0.00206708,0.00000000,0.26826522,0.00000000,0.00000000,0.00000000,0.00000000,0.00000000,0.00000000,0.00326960,0.00000000,0.00478932,0.00000000,0.00927814,0.00000000,0.00000000,0.29321184,0.00000000,0.00000000,0.00103506,0.21318903
0.00000000,0.00000000,0.00000000,0.00000000,0.00000000,0.00000000,0.05307785,0.00000000,0.07714469,0.00000000,0.00000000,0.00000000,0.00000000,0.00000000,0.00000000,0.18907475,0.00000000,0.09161057,0.00000000,0.00000000,0.00000000,0.14935769,0.03626390,0.00000000,0.00000000,0.00129332,0.00000000,0.21786639,0.00000000,10.07180781,1.47329884,0.00000000,0.00000000,0.00000000,0.01997464,0.00000000,0.01072572,0.65102123,0.00000000,0.00000000,0.00000000,0.00000000,0.00000000,0.00000000,0.04704852,0.00000000,0.00000000,0.00000000,0.04005002,0.00000000,0.00000000,0.09203202,0.02452418,0.43104522,0.00000000,0.00000000,0.08253320,0.00000000,0.00000000,0.00000000,0.00000000,0.20013590,0.01496863,0.00000000,0.22504721,0.00000000,0.00000000,0.02808375,4.03847242,0.04798287,0.60080082,0.00000000,0.00000000,3.76226304,0.00000000,0.00000000,0.00000000,0.14615017,0.15521419,0.00000000,0.00000000,0.00539367,0.00000000,0.00000000,0.00000000,0.00606768,0.00000000,0.00685663,0.00000000,0.00816844,0.04401569,0.00000000,0.00442210,0.00000000,0.22126170,0.00000000,0.00000000,0.00000000,0.02670832,0.00000000,0.06269162,0.00000000,0.01875296,0.06268292,0.00000000,0.00000000,0.00000000,0.00000000,0.00000000,4.97606206,0.00000000,0.00211856,0.00000000,0.00000000,0.00000000,0.00000000,0.00000000,0.00783958,0.10857051,0.95028296,0.00000000,0.00000000,0.00000000,0.00000000,0.00000000,0.00000000,0.00000000,0.00000000,0.00000000,0.00000000,0.00000000,0.00000000,0.00000000,0.00000000,0.00000000,0.00000000,0.00478233
0.00000000,0.00382945,0.00000000,0.00890160,0.00000000,0.70952258,0.15636655,0.00000000,0.00000000,0.50376278,0.01056719,0.06492562,0.00000000,0.96352644,3.53243885,0.00000000,0.00000000,0.00000000,0.00000000,0.00000000,0.00000000,0.00000000,0.00000000,0.69482961,0.00000000,0.00000000,0.00000000,0.06487714,0.00000000,0.00000000,0.00000000,0.00000000,0.00000000,0.18611691,0.05895214,0.00000000,0.00000000,0.05183467,0.00000000,0.00000000,0.04113358,0.00000000,0.00000000,0.00000000,0.00000000,0.00000000,0.00000000,0.00000000,3.01245059,0.00000000,0.00000000,0.00000000,0.00182413,0.00000000,0.00000000,0.00115861,0.02696238,0.00164805,0.00000000,0.00000000,0.00000000,0.00000000,0.00000000,0.00830989,0.00000000,0.00000000,0.00000000,0.00330589,0.06583201,0.02400188,0.02009827,0.00000000,0.00000000,0.01290280,0.15645423,0.00000000,0.01416650,0.09258505,0.00000000,0.00000000,0.00000000,0.01107060,0.01213228,0.28020509,0.07021653,0.00000000,0.00000000,0.00000000,0.00000000,0.16998910,0.00000000,0.00000000,0.00000000,0.02858147,0.00000000,0.00000000,1.07998727,0.00630494,0.00192059,0.00000000,0.00000000,0.00000000,0.00737961,0.00000000,0.00000000,0.00000000,3.54770553,0.00000000,0.00000000,0.00000000,0.66840114,0.00000000,0.00000000,0.00000000,0.00000000,0.00000000,0.00936384,0.00000000,0.00000000,0.12139425,0.00000000,0.00000000,0.00000000,0.00000000,0.00000000,0.00000000,0.00000000,0.00000000,0.00000000,0.00000000,0.66397683,0.00000000,0.00000000,0.00103506,0.00000000,0.00000000,0.00116451
0.00000000,0.00000000,0.00000000,0.00000000,0.00000000,0.33848509,0.00000000,1.22202991,0.00000000,0.00000000,0.00000000,0.00000000,0.08472993,0.00000000,0.00000000,1.05969697,0.00000000,0.15645687,0.00000000,0.00000000,0.00000000,0.00452493,0.00000000,0.00552655,0.13487107,0.00000000,0.00000000,1.16947385,0.00000000,0.00709283,0.02917293,0.86477230,0.00000000,0.00630494,0.01042941,0.00000000,0.00000000,0.00000000,0.23233890,0.00118424,0.00000000,0.00000000,0.00385802,0.01013315,0.01076916,0.00000000,0.00000000,0.00000000,0.02998709,0.00000000,0.00000000,0.00000000,0.00000000,0.00000000,0.01136882,0.00000000,0.00000000,0.00000000,0.00000000,0.00000000,4.46729864,0.00000000,0.00000000,0.00000000,0.00000000,0.00000000,0.00000000,0.00000000,0.00156242,0.00000000,0.00000000,0.02802155,0.02867129,0.15418168,0.08742338,0.00000000,0.00000000,0.11569633,0.00000000,0.07046942,0.00000000,0.94687187,0.00000000,0.00251009,0.00000000,0.00000000,0.00000000,0.00000000,0.00000000,0.00000000,0.14105347,0.00000000,0.00000000,0.00000000,0.00000000,0.03927224,0.14221514,0.00000000,0.00000000,0.00000000,0.00000000,0.00000000,0.05178061,0.00000000,0.00000000,0.00000000,0.10691372,0.05320209,0.00000000,0.00000000,0.03816953,0.00000000,0.00000000,0.00000000,0.00000000,0.00000000,0.00000000,0.00000000,0.00000000,0.00216181,0.00000000,0.00955535,0.00715049,0.00000000,0.00000000,0.00000000,0.00000000,0.00000000,0.00000000,0.00000000,0.00000000,0.01789117,0.21813078,0.21318903,0.00478233,0.00116451,0.00000000
